id,time,longitude,latitude,depth,magnitude,mag_type,place
cent19010107002900000,1901-01-07 00:29:00+00:00,-82.0,-2.0,,7.2,mw,Near the coast of Ecuador
official19060131153610_30,1906-01-31 15:36:10+00:00,-79.369,0.955,20.0,8.8,mw,1906 Ecuador-Colombia Earthquake
iscgemsup16957922,1906-09-28 15:24:36.940000+00:00,-76.82,-4.808,100.0,7.5,mB,"16 km W of Barranca, Peru"
iscgem16957960,1907-06-01 08:40:37.290000+00:00,-79.952,1.494,15.0,6.62,mw,"67 km NNW of Esmeraldas, Ecuador"
iscgem16957961,1907-06-05 03:21:52.300000+00:00,-78.328,2.094,35.0,6.47,mw,"37 km SSW of La Tola, Colombia"
iscgem16958203,1912-07-24 11:59:18.950000+00:00,-80.491,-4.896,35.0,6.8,mw,"13 km ESE of Huangala, Peru"
iscgem914006,1914-09-25 10:30:44.680000+00:00,-80.424,-4.615,35.0,6.17,mw,"20 km WNW of Las Lomas, Peru"
iscgem914019,1914-11-18 09:38:00.190000+00:00,-81.951,0.32,15.0,6.53,mw,"197 km NW of Manta, Ecuador"
iscgem913821,1916-06-30 03:00:27.350000+00:00,-80.013,0.733,15.0,6.75,mw,"13 km N of Muisne, Ecuador"
iscgemsup913436,1917-03-29 02:01:30.990000+00:00,-80.688,-2.395,15.0,6.22,mw,"26 km SE of Santa Elena, Ecuador"
iscgem911774,1923-12-14 10:31:19.960000+00:00,-78.19,0.691,10.0,6.26,mw,"28 km WNW of El Ángel, Ecuador"
iscgem910863,1924-03-11 22:44:25.790000+00:00,-81.7,-3.277,15.0,6.04,mw,"117 km NW of Máncora, Peru"
iscgem911038,1924-07-22 04:04:00.740000+00:00,-78.917,-1.248,15.0,6.23,mw,"33 km W of Ambato, Ecuador"
iscgemsup909793,1926-03-27 06:23:29.330000+00:00,-80.099,0.406,11.0,5.51,mw,"24 km SSW of Muisne, Ecuador"
iscgem909329,1927-06-10 17:08:17.420000+00:00,-78.072,-0.695,15.0,5.99,mw,"37 km NW of Archidona, Ecuador"
iscgem908668,1928-05-14 22:14:48.040000+00:00,-78.658,-5.449,10.0,7.28,mw,"23 km N of Bellavista, Peru"
iscgem908669,1928-05-15 02:36:18.790000+00:00,-78.733,-5.344,35.0,6.27,mw,"34 km NNE of Las Pirias, Peru"
iscgem908673,1928-05-16 07:56:44.340000+00:00,-79.6,-5.327,35.0,5.96,mw,"5 km NNE of Canchaque, Peru"
iscgem908687,1928-05-21 17:02:13.520000+00:00,-81.025,-4.824,35.0,5.52,mw,"10 km NNE of San Lucas ( Pueblo Nuevo de Colan), Peru"
iscgem908696,1928-05-26 14:03:28.790000+00:00,-77.716,-4.544,15.0,5.96,mw,"119 km WNW of Barranca, Peru"
iscgem905851,1933-10-02 15:29:27.890000+00:00,-80.747,-1.82,15.0,6.79,mw,"46 km SW of Paján, Ecuador"
iscgem905856,1933-10-03 10:21:24.480000+00:00,-80.917,-1.78,15.0,5.95,mw,"48 km N of Salinas, Ecuador"
iscgem904456,1935-08-07 09:02:15.880000+00:00,-77.461,0.921,15.0,5.95,mw,"8 km SE of Iles, Colombia"
iscgem902365,1938-02-08 07:16:14.110000+00:00,-80.82,-1.402,15.0,6.29,mw,"27 km WSW of Jipijapa, Ecuador"
iscgem902368,1938-02-08 14:21:28.850000+00:00,-81.226,-1.527,15.0,6.29,mw,"74 km WSW of Jipijapa, Ecuador"
iscgem900274,1942-05-14 02:13:27.010000+00:00,-79.982,-0.014,20.0,7.8,mw,"12 km SE of Pedernales, Ecuador"
iscgem900280,1942-05-15 11:51:25.980000+00:00,-80.045,0.556,15.0,6.29,mw,"6 km SSW of Muisne, Ecuador"
iscgem900289,1942-05-17 15:14:21.640000+00:00,-80.249,0.532,15.0,6.43,mw,"27 km WSW of Muisne, Ecuador"
iscgem900327,1942-06-12 10:21:34.950000+00:00,-76.877,-2.083,15.0,6.25,mw,"128 km ESE of Palora, Ecuador"
iscgem900340,1942-06-16 21:05:18.690000+00:00,-80.655,0.569,15.0,6.23,mw,"70 km W of Muisne, Ecuador"
iscgem900364,1942-07-04 01:53:10.940000+00:00,-80.462,0.612,15.0,6.07,mw,"49 km W of Muisne, Ecuador"
iscgem900366,1942-07-04 06:08:39.650000+00:00,-80.692,0.724,15.0,5.98,mw,"75 km W of Muisne, Ecuador"
iscgem900378,1942-07-07 12:37:50.150000+00:00,-80.193,0.785,15.0,6.2,mw,"27 km NW of Muisne, Ecuador"
iscgem900383,1942-07-08 22:31:00.440000+00:00,-80.169,0.755,15.0,6.3,mw,"23 km NW of Muisne, Ecuador"
iscgem900388,1942-07-12 05:05:20.630000+00:00,-79.878,-0.134,15.0,6.56,mw,"29 km SE of Pedernales, Ecuador"
iscgem900541,1942-11-12 15:26:22.820000+00:00,-80.667,0.011,15.0,6.4,mw,"68 km W of Pedernales, Ecuador"
iscgem900557,1942-11-19 08:51:58.380000+00:00,-81.6,-0.464,15.0,6.46,mw,"113 km WNW of Manta, Ecuador"
iscgem900558,1942-11-19 09:08:51.750000+00:00,-81.856,-0.733,15.0,6.39,mw,"129 km WNW of Manta, Ecuador"
iscgem900586,1942-12-15 09:09:09.470000+00:00,-81.33,-0.112,15.0,6.31,mw,off the coast of Ecuador
iscgem899707,1943-01-30 05:33:04.420000+00:00,-80.147,-2.051,58.7,6.22,mw,"19 km SSW of Lomas de Sargentillo, Ecuador"
iscgem899592,1944-10-23 23:40:10.560000+00:00,-79.297,0.767,20.0,6.6,mw,"45 km ESE of Esmeraldas, Ecuador"
iscgem898307,1946-03-29 07:26:07.900000+00:00,-81.068,-1.6,15.0,6.56,mw,"61 km WSW of Jipijapa, Ecuador"
iscgem896736,1949-08-05 19:08:51.660000+00:00,-78.305,-1.237,15.0,6.45,mw,"22 km NE of Baños, Ecuador"
iscgem895892,1950-10-05 23:07:48.730000+00:00,-81.641,-4.072,15.0,5.9,mw,"51 km WNW of El Alto, Peru"
iscgemsup892386,1952-01-15 07:00:57.790000+00:00,-81.143,-4.207,35.0,6.3,mw,"10 km NE of El Alto, Peru"
iscgem891597,1953-04-01 10:49:44.780000+00:00,-80.804,-0.254,10.0,6.1,mw,"56 km NW of Bahía de Caráquez, Ecuador"
iscgem891598,1953-04-01 11:21:27.540000+00:00,-80.685,-0.344,20.0,6.16,mw,"40 km NW of Bahía de Caráquez, Ecuador"
iscgemsup891625,1953-04-17 00:02:54.560000+00:00,-77.12,-5.008,15.0,6.12,mw,"52 km WSW of Barranca, Peru"
iscgem892281,1953-12-12 17:31:29.840000+00:00,-80.636,-3.552,25.0,7.32,mw,"14 km NNE of Zorritos, Peru"
iscgemsup889513,1955-05-11 11:04:04.380000+00:00,-77.878,-0.23,15.0,6.48,mw,"42 km SE of Cayambe, Ecuador"
iscgem889774,1955-07-20 21:00:47.500000+00:00,-78.394,0.303,15.0,6.0,mw,"14 km W of Cotacachi, Ecuador"
iscgem887842,1956-01-16 23:37:45.120000+00:00,-80.213,-0.727,20.0,6.95,mw,"7 km NNE of Tosagua, Ecuador"
iscgem887096,1957-08-26 13:58:50.400000+00:00,-80.99,-1.925,15.0,6.34,mw,"32 km N of Salinas, Ecuador"
iscgem883713,1958-01-19 14:07:28.470000+00:00,-79.489,1.011,27.5,7.6,mw,near the coast of Ecuador
iscgem883714,1958-01-19 14:43:30.300000+00:00,-79.543,1.153,27.5,6.85,mw,"24 km NNE of Esmeraldas, Ecuador"
iscgem883765,1958-02-01 16:10:16.510000+00:00,-79.338,1.541,15.0,6.9,mw,"51 km NW of Valdez, Ecuador"
iscgem883766,1958-02-01 18:02:42.740000+00:00,-79.305,1.55,25.0,6.26,mw,"48 km NW of Valdez, Ecuador"
iscgem883768,1958-02-01 20:45:49.960000+00:00,-79.146,1.446,25.0,6.34,mw,"28 km NW of Valdez, Ecuador"
iscgem884108,1958-04-03 08:25:49.260000+00:00,-79.547,1.406,25.0,5.73,mw,"50 km NNE of Esmeraldas, Ecuador"
iscgem884193,1958-04-14 21:32:34.350000+00:00,-79.428,0.801,25.0,6.8,mw,"30 km SE of Esmeraldas, Ecuador"
iscgem884195,1958-04-15 01:30:49.750000+00:00,-79.581,0.907,25.0,6.12,mw,"9 km SE of Esmeraldas, Ecuador"
iscgem884447,1958-05-25 21:11:45.800000+00:00,-77.877,-3.235,45.8,6.19,mw,"80 km ENE of Gualaquiza, Ecuador"
iscgem881364,1959-02-07 09:36:57.210000+00:00,-81.686,-3.831,30.0,6.91,mw,"71 km NW of El Alto, Peru"
iscgem881407,1959-02-16 00:39:36.030000+00:00,-81.204,-1.088,15.0,5.96,mw,"56 km WSW of Manta, Ecuador"
iscgem877087,1961-07-28 01:05:31.730000+00:00,-77.035,-2.287,142.1,6.57,mw,"119 km E of Macas, Ecuador"
iscgem875832,1962-12-21 21:27:48.740000+00:00,-81.167,-1.084,15.0,5.77,mw,"52 km WSW of Manta, Ecuador"
iscgem871916,1963-03-04 15:43:02.430000+00:00,-81.774,-4.585,15.0,6.07,mw,"55 km W of Talara, Peru"
iscgem871922,1963-03-05 07:05:00.140000+00:00,-81.519,-4.683,15.0,5.84,mw,"29 km WSW of Talara, Peru"
iscgem872284,1963-05-10 22:22:43.060000+00:00,-77.623,-2.188,20.0,6.6,mw,"55 km ENE of Macas, Ecuador"
iscgem873470,1963-11-03 03:10:13.620000+00:00,-77.705,-3.546,25.0,6.2,mw,"98 km E of Gualaquiza, Ecuador"
iscgem869268,1964-03-02 17:19:51.700000+00:00,-77.41,-2.024,25.0,5.13,mw,"71 km ESE of Palora, Ecuador"
iscgem869642,1964-03-20 06:55:30.670000+00:00,-79.87,-2.132,90.0,5.53,mw,"5 km NNW of Eloy Alfaro, Ecuador"
iscgem867886,1964-05-19 23:03:38.540000+00:00,-80.298,-0.855,25.0,6.23,mw,"10 km SW of Tosagua, Ecuador"
iscgem866686,1964-06-09 18:16:11.340000+00:00,-79.145,-0.2,15.0,5.07,mw,"6 km NNE of Santo Domingo de los Colorados, Ecuador"
iscgem863848,1964-10-25 06:25:49.660000+00:00,-77.228,-2.037,162.4,5.54,mw,"90 km ESE of Palora, Ecuador"
iscgem863862,1964-10-25 22:56:29.130000+00:00,-78.863,-2.095,15.0,5.33,mw,"12 km N of Alausí, Ecuador"
iscgem862393,1964-11-02 06:51:02.480000+00:00,-76.8,-4.114,117.1,5.98,mw,"80 km N of Barranca, Peru"
iscgem854529,1965-08-13 00:54:45.170000+00:00,-81.097,-4.403,37.9,5.43,mw,"19 km SE of El Alto, Peru"
iscgem853904,1965-09-17 11:13:57.350000+00:00,-77.476,-1.443,185.9,6.52,mw,"58 km E of Puyo, Ecuador"
iscgem852031,1965-12-28 22:04:53.830000+00:00,-77.037,-3.197,16.4,5.53,mw,"73 km WNW of Alianza Cristiana, Peru"
iscgem849667,1966-03-28 15:29:23.190000+00:00,-80.836,-4.018,42.9,5.45,mw,"12 km WNW of Papayal, Peru"
iscgemsup849670,1966-03-28 17:42:47.210000+00:00,-80.75,-4.011,30.9,5.58,mw,"7 km N of Papayal, Peru"
iscgem844729,1966-08-20 07:43:29.320000+00:00,-77.166,-3.195,113.3,5.65,mw,"87 km WNW of Alianza Cristiana, Peru"
iscgem838749,1967-02-13 10:25:46.530000+00:00,-75.604,-5.167,45.0,5.53,mw,"10 km NE of Lagunas, Peru"
iscgem837313,1967-03-02 02:47:33.450000+00:00,-78.595,-0.214,118.9,6.0,mw,"7 km WNW of Quito, Ecuador"
iscgem834721,1967-06-21 06:49:56.040000+00:00,-77.577,-2.31,25.0,5.74,mw,"59 km E of Macas, Ecuador"
iscgem834781,1967-06-22 13:49:48.530000+00:00,-77.552,-2.293,15.0,5.22,mw,"62 km E of Macas, Ecuador"
iscgem829085,1967-11-04 16:26:49.420000+00:00,-77.631,-2.704,93.7,6.09,mw,Peru-Ecuador border region
iscgem823592,1968-04-07 23:49:04.570000+00:00,-78.01,-4.977,52.5,5.23,mw,"84 km N of Yambrasbamba, Peru"
iscgem821729,1968-05-09 12:52:24.430000+00:00,-81.835,-5.348,18.8,5.71,mw,"84 km WSW of Paita, Peru"
iscgem822069,1968-05-16 08:25:08.920000+00:00,-76.611,-3.768,97.6,5.53,mw,"37 km SSW of Alianza Cristiana, Peru"
iscgem820953,1968-06-21 07:24:18.820000+00:00,-77.441,-5.39,20.0,5.14,mw,"65 km NE of Yambrasbamba, Peru"
iscgem820955,1968-06-21 07:31:18.910000+00:00,-77.522,-5.44,25.0,5.17,mw,"55 km NE of Yambrasbamba, Peru"
iscgem819328,1968-07-24 22:31:36.480000+00:00,-77.648,-2.464,25.4,5.19,mw,"54 km ESE of Macas, Ecuador"
iscgem816821,1968-09-07 17:41:55.260000+00:00,-77.219,-5.473,24.3,5.28,mw,"57 km N of Segunda Jerusalén - Azunguillo, Peru"
iscgem815214,1968-11-19 07:18:57.370000+00:00,-77.297,-5.341,16.8,5.14,mw,"71 km N of Segunda Jerusalén - Azunguillo, Peru"
iscgem811356,1969-03-21 23:34:40.880000+00:00,-77.021,-5.409,25.0,5.14,mw,"69 km N of Moyobamba, Peru"
iscgem809992,1969-04-19 09:21:46.990000+00:00,-77.183,-5.359,16.7,5.3,mw,"70 km N of Segunda Jerusalén - Azunguillo, Peru"
iscgem809360,1969-05-28 13:30:08.670000+00:00,-76.763,-2.174,158.6,5.67,mw,"143 km ESE of Palora, Ecuador"
iscgem798398,1970-03-25 13:21:05.440000+00:00,-79.051,-2.343,15.0,5.25,mw,"27 km NNW of Cañar, Ecuador"
iscgem797144,1970-04-25 05:54:54.040000+00:00,-80.156,-3.841,70.0,5.22,mw,"18 km SSE of Matapalo, Peru"
iscgem793861,1970-07-18 19:58:46.540000+00:00,-78.94,-0.279,15.0,5.1,mw,"26 km E of Santo Domingo de los Colorados, Ecuador"
iscgem789028,1970-12-10 04:34:40.150000+00:00,-80.661,-4.044,19.2,7.2,mw,"9 km ENE of Papayal, Peru"
iscgem789032,1970-12-10 05:32:51.670000+00:00,-80.813,-3.991,37.5,5.38,mw,"12 km NW of Papayal, Peru"
iscgem789034,1970-12-10 06:51:19.690000+00:00,-80.787,-3.892,35.2,5.11,mw,"16 km WNW of Cañaveral, Peru"
iscgem789040,1970-12-10 09:59:02.060000+00:00,-81.232,-4.141,37.1,5.14,mw,"14 km N of El Alto, Peru"
iscgem789045,1970-12-10 11:37:43.770000+00:00,-80.987,-4.093,35.8,5.59,mw,"6 km ENE of Máncora, Peru"
iscgem789052,1970-12-10 17:29:40.700000+00:00,-80.907,-3.989,31.7,5.23,mw,"20 km NE of Máncora, Peru"
iscgem789073,1970-12-11 10:24:37.280000+00:00,-80.787,-4.106,35.4,5.73,mw,"6 km WSW of Papayal, Peru"
iscgem789127,1970-12-13 00:15:23.850000+00:00,-80.823,-4.005,39.6,5.17,mw,"12 km NW of Papayal, Peru"
iscgem789175,1970-12-14 07:32:52.210000+00:00,-80.877,-1.412,16.1,5.85,mw,"33 km WSW of Jipijapa, Ecuador"
iscgem789213,1970-12-15 21:15:21.640000+00:00,-80.871,-4.026,32.8,5.31,mw,"15 km WNW of Papayal, Peru"
iscgem789353,1970-12-21 07:21:46.790000+00:00,-80.851,-3.938,33.3,5.15,mw,"19 km NW of Papayal, Peru"
iscgem789354,1970-12-21 07:33:17.510000+00:00,-80.847,-3.996,37.3,5.31,mw,"15 km NW of Papayal, Peru"
iscgem789369,1970-12-22 01:48:31.100000+00:00,-80.916,-4.078,31.5,5.59,mw,"14 km ENE of Máncora, Peru"
iscgem789389,1970-12-22 15:08:36.750000+00:00,-80.771,-3.929,36.5,5.18,mw,"13 km W of Cañaveral, Peru"
iscgem789539,1970-12-27 03:10:08.310000+00:00,-80.859,-3.878,42.4,5.16,mw,"24 km WNW of Cañaveral, Peru"
iscgem789621,1970-12-29 08:01:59.490000+00:00,-81.02,-3.974,35.0,5.88,mw,"15 km NNE of Máncora, Peru"
iscgem788565,1971-01-25 22:49:25.020000+00:00,-81.059,-3.992,25.0,5.25,mw,"12 km N of Máncora, Peru"
iscgem788637,1971-01-27 23:22:57.180000+00:00,-75.521,-4.384,30.0,5.15,mw,"94 km N of Lagunas, Peru"
iscgem787297,1971-02-11 17:08:44.470000+00:00,-80.915,-4.009,32.4,5.17,mw,"18 km NE of Máncora, Peru"
iscgem784420,1971-05-13 10:40:48.550000+00:00,-78.472,-1.311,15.0,5.14,mw,"8 km ENE of Pelileo, Ecuador"
iscgem784648,1971-05-17 11:04:08.260000+00:00,-77.638,-1.637,171.2,6.69,mw,"37 km E of Palora, Ecuador"
iscgem785182,1971-05-31 11:34:20.880000+00:00,-80.95,-4.15,37.2,5.16,mw,"11 km ESE of Máncora, Peru"
iscgem783345,1971-06-11 01:33:00.090000+00:00,-80.727,-4.197,38.5,5.78,mw,"13 km S of Papayal, Peru"
iscgem782399,1971-07-17 17:56:15.510000+00:00,-80.881,-4.013,32.7,5.19,mw,"17 km WNW of Papayal, Peru"
iscgem782797,1971-07-27 02:02:49.080000+00:00,-77.379,-2.848,113.3,7.42,mw,"98 km ESE of Sucúa, Ecuador"
iscgem780046,1971-09-07 05:32:49.930000+00:00,-81.006,-4.022,33.8,5.15,mw,"10 km NNE of Máncora, Peru"
iscgem779715,1971-10-28 06:30:34.010000+00:00,-80.712,-3.897,51.6,5.37,mw,"8 km NW of Cañaveral, Peru"
iscgem773439,1972-05-13 14:24:28.670000+00:00,-80.724,-3.795,58.6,5.16,mw,"13 km SSW of Zorritos, Peru"
iscgem769065,1972-09-04 23:32:22.770000+00:00,-80.747,-3.796,35.3,5.54,mw,"14 km SSW of Zorritos, Peru"
iscgem767590,1972-11-22 10:44:57.440000+00:00,-75.362,2.44,15.0,5.31,mw,Colombia
usp0000014,1973-01-05 00:39:48.200000+00:00,-80.018,0.683,36.0,4.7,mb,"7 km N of Muisne, Ecuador"
usp000004e,1973-01-13 07:47:27.800000+00:00,-77.957,-0.459,25.0,4.4,mb,"52 km NNW of Archidona, Ecuador"
usp000009m,1973-01-25 13:06:08.900000+00:00,-77.621,-1.44,186.0,4.7,mb,"42 km E of Puyo, Ecuador"
usp00000bv,1973-02-01 04:10:23+00:00,-80.534,-4.033,75.0,4.9,mb,"16 km SE of Cañaveral, Peru"
usp00000du,1973-02-06 04:09:06+00:00,-78.424,-5.183,92.0,4.8,mb,"47 km N of La Peca, Peru"
usp00000ns,1973-02-23 04:26:23.300000+00:00,-78.21,-2.088,67.0,5.7,mb,"26 km NNW of Macas, Ecuador"
usp00000nu,1973-02-23 06:41:25.500000+00:00,-78.187,-2.05,89.0,5.0,mb,"29 km NNW of Macas, Ecuador"
usp00000p6,1973-02-23 23:10:51.500000+00:00,-78.349,-2.255,33.0,4.6,mb,"27 km WNW of Macas, Ecuador"
usp00000sv,1973-03-01 17:49:06.100000+00:00,-78.207,-2.082,86.0,4.9,mb,"27 km NNW of Macas, Ecuador"
usp00000u3,1973-03-05 11:11:53.400000+00:00,-80.633,-4.226,50.0,4.5,mb,"20 km SE of Papayal, Peru"
usp00000vy,1973-03-09 11:54:18.500000+00:00,-80.421,-1.364,59.0,4.1,mb,"9 km S of Sucre, Ecuador"
usp00001ma,1973-04-28 12:21:11.700000+00:00,-79.875,-1.438,109.0,5.5,mb,"8 km SSE of Balzar, Ecuador"
usp00001pr,1973-05-03 15:50:34.600000+00:00,-78.398,-1.978,72.0,4.1,mb,"43 km SE of Riobamba, Ecuador"
usp00001sb,1973-05-10 13:46:34.100000+00:00,-78.816,-2.102,131.0,4.9,mb,"11 km NNE of Alausí, Ecuador"
usp00001z7,1973-05-30 04:38:01.800000+00:00,-78.523,-2.26,111.0,5.7,mb,"36 km E of Alausí, Ecuador"
usp000020u,1973-06-04 13:14:29.800000+00:00,-77.792,-1.312,177.0,4.3,mb,"30 km NE of Puyo, Ecuador"
usp0000224,1973-06-06 19:32:47.400000+00:00,-79.963,-2.067,40.0,4.1,mb,"13 km NNE of Santa Lucía, Ecuador"
usp000023w,1973-06-09 13:24:09.200000+00:00,-77.225,-4.666,109.0,4.6,mb,"63 km WNW of Barranca, Peru"
usp00002wm,1973-07-28 19:46:11.700000+00:00,-80.49,-4.251,80.0,4.5,mb,"33 km SE of Papayal, Peru"
usp00002xh,1973-07-30 23:35:42.200000+00:00,-80.878,-3.868,64.0,4.3,mb,"26 km WNW of Cañaveral, Peru"
usp00002y6,1973-08-01 10:35:09.400000+00:00,-77.967,-2.734,70.0,4.0,mb,"38 km SE of Sucúa, Ecuador"
usp00003rv,1973-10-09 04:36:49.900000+00:00,-76.235,-4.136,136.0,4.5,mb,"76 km SSE of Alianza Cristiana, Peru"
usp000040s,1973-11-02 02:40:18.300000+00:00,-82.614,1.508,33.0,4.7,mb,off the coast of Ecuador
usp000041t,1973-11-04 21:06:55.300000+00:00,-79.533,-1.396,33.0,4.5,mb,"9 km WNW of Ventanas, Ecuador"
usp000043n,1973-11-09 22:41:27.700000+00:00,-80.971,-3.967,31.0,5.6,mb,"17 km NNE of Máncora, Peru"
usp00004gr,1973-12-10 19:28:13.200000+00:00,-77.743,-1.442,181.0,5.3,mb,"29 km E of Puyo, Ecuador"
usp00004x7,1974-01-13 04:55:28.800000+00:00,-80.694,-0.794,50.0,4.2,mb,"18 km N of Manta, Ecuador"
usp00004zd,1974-01-21 02:34:44.400000+00:00,-77.783,-4.247,129.0,4.4,mb,"117 km ESE of Yantzaza, Ecuador"
usp00005db,1974-02-25 02:45:21.900000+00:00,-78.001,-1.62,170.0,4.3,mb,"9 km NNW of Palora, Ecuador"
usp00005jw,1974-03-10 09:08:45.300000+00:00,-79.941,0.142,64.0,4.4,mb,"14 km ENE of Pedernales, Ecuador"
usp00005jy,1974-03-10 16:17:08.800000+00:00,-80.047,0.403,43.0,5.6,ms,"23 km S of Muisne, Ecuador"
usp00005sp,1974-03-28 21:22:46.200000+00:00,-78.135,-3.24,35.0,4.1,mb,"52 km ENE of Gualaquiza, Ecuador"
usp00005u3,1974-04-01 15:34:12.400000+00:00,-77.701,-4.915,76.0,4.6,mb,"94 km NNE of Yambrasbamba, Peru"
usp000065r,1974-05-01 10:46:52.700000+00:00,-76.473,-3.534,115.0,4.5,mb,"7 km SSW of Alianza Cristiana, Peru"
usp00006dm,1974-05-17 08:42:06.900000+00:00,-78.511,-0.632,70.0,4.6,mb,"14 km SSE of Machachi, Ecuador"
usp00006kw,1974-06-01 21:11:26.100000+00:00,-80.197,-2.592,34.0,4.9,mb,"21 km ENE of Playas, Ecuador"
usp00006mp,1974-06-03 23:06:26+00:00,-81.21,-4.885,59.0,4.4,mb,"17 km W of San Lucas ( Pueblo Nuevo de Colan), Peru"
usp00006mv,1974-06-04 11:19:32.400000+00:00,-80.338,-1.571,110.0,4.6,mb,"10 km ESE of Paján, Ecuador"
usp00006r2,1974-06-12 18:20:30.500000+00:00,-76.282,-3.879,134.0,4.7,mb,"47 km SSE of Alianza Cristiana, Peru"
usp00006r7,1974-06-12 21:55:59.900000+00:00,-80.254,-2.972,127.0,4.1,mb,"40 km SSE of Playas, Ecuador"
usp00006v1,1974-06-23 07:34:16.200000+00:00,-80.446,-2.036,62.0,4.4,mb,near the coast of Ecuador
usp00006yx,1974-06-30 18:41:50.700000+00:00,-79.829,-2.813,58.0,4.2,mb,"10 km N of Baláo, Ecuador"
usp000078m,1974-07-21 22:15:59.600000+00:00,-80.189,-4.724,121.0,4.7,mb,Peru-Ecuador border region
usp00007cr,1974-07-30 00:43:02.600000+00:00,-78.985,-2.834,191.0,4.2,mb,"7 km NNE of Cuenca, Ecuador"
usp00007ev,1974-08-01 23:36:47.400000+00:00,-79.74,0.866,50.0,4.7,mb,"14 km SW of Esmeraldas, Ecuador"
usp00007nk,1974-08-17 08:19:49.100000+00:00,-81.097,-1.62,50.0,4.7,mb,"65 km WSW of Jipijapa, Ecuador"
usp0000831,1974-09-19 08:23:13.100000+00:00,-77.053,-1.951,99.0,4.2,mb,"105 km ESE of Palora, Ecuador"
usp00008aw,1974-10-08 15:39:34.700000+00:00,-80.928,-4.416,33.0,5.0,mb,"18 km SSW of La Breita, Peru"
usp00008de,1974-10-14 07:45:17.200000+00:00,-76.445,-2.383,162.0,5.1,mb,"120 km N of Alianza Cristiana, Peru"
usp00008f2,1974-10-18 04:09:40.400000+00:00,-77.635,-4.035,127.0,4.3,mb,"126 km ESE of Gualaquiza, Ecuador"
usp00008m8,1974-10-30 10:14:39+00:00,-79.231,2.015,33.0,4.7,mb,"54 km WNW of Tumaco, Colombia"
usp00008rd,1974-11-11 04:07:32.100000+00:00,-79.953,1.797,33.0,4.5,mb,"98 km NNW of Esmeraldas, Ecuador"
usp00008x0,1974-11-26 13:55:04.400000+00:00,-79.264,-0.827,130.0,4.2,mb,"13 km NNW of La Maná, Ecuador"
usp0000940,1974-12-13 11:53:33.600000+00:00,-79.67,-3.837,111.0,4.5,mb,"13 km SSW of Portovelo, Ecuador"
usp000097d,1974-12-23 08:13:58.800000+00:00,-75.393,-3.035,119.0,4.6,mb,"125 km ENE of Alianza Cristiana, Peru"
usp000098f,1974-12-25 19:25:27.800000+00:00,-76.795,-2.593,169.0,4.0,mb,"105 km NNW of Alianza Cristiana, Peru"
usp0000a9y,1975-03-18 17:21:23.400000+00:00,-77.015,-4.231,98.0,6.2,mb,"76 km NNW of Barranca, Peru"
usp0000aa9,1975-03-19 13:07:05.100000+00:00,-80.875,-1.092,39.0,4.4,mb,"23 km SW of Manta, Ecuador"
usp0000agv,1975-04-07 01:39:50.500000+00:00,-80.301,-1.958,62.0,4.9,mb,"17 km SSW of Pedro Carbo, Ecuador"
usp0000axr,1975-05-06 09:49:46.800000+00:00,-81.136,-5.36,69.0,4.4,mb,"30 km S of Paita, Peru"
usp0000b81,1975-05-30 02:12:39.800000+00:00,-80.98,-4.087,31.0,4.7,mb,"7 km ENE of Máncora, Peru"
usp0000bbj,1975-06-06 14:21:06.800000+00:00,-76.912,-3.97,114.0,5.3,mb,"76 km SW of Alianza Cristiana, Peru"
usp0000be6,1975-06-10 16:30:42.200000+00:00,-80.916,-3.62,49.0,5.1,mb,"27 km WNW of Zorritos, Peru"
usp0000bt3,1975-06-27 09:17:54.600000+00:00,-80.987,-1.922,41.0,4.5,mb,"32 km N of Salinas, Ecuador"
usp0000c12,1975-07-17 08:39:52.700000+00:00,-76.641,-3.79,113.0,5.0,mb,"41 km SSW of Alianza Cristiana, Peru"
usp0000c7d,1975-07-29 01:12:47.300000+00:00,-77.867,-1.442,180.0,4.6,mb,"15 km ENE of Puyo, Ecuador"
usp0000cg3,1975-08-16 00:53:53.700000+00:00,-76.076,-5.376,123.0,5.7,mb,"47 km WSW of Lagunas, Peru"
usp0000ckk,1975-08-24 15:30:08.700000+00:00,-77.217,-5.488,33.0,5.1,mb,"55 km N of Segunda Jerusalén - Azunguillo, Peru"
usp0000csr,1975-09-13 10:54:48.900000+00:00,-79.535,2.239,33.0,4.4,mb,"96 km WNW of Tumaco, Colombia"
usp0000ctv,1975-09-16 00:44:02.300000+00:00,-80.697,-4.338,65.0,5.0,mb,"22 km ESE of La Breita, Peru"
usp0000d46,1975-10-11 16:24:17.900000+00:00,-81.054,-4.237,29.0,5.2,mb,"14 km S of Máncora, Peru"
usp0000d5h,1975-10-17 00:56:59.500000+00:00,-80.634,-0.311,73.0,4.6,mb,"39 km NW of Bahía de Caráquez, Ecuador"
usp0000db7,1975-10-29 14:41:27.500000+00:00,-77.905,-0.01,71.0,4.1,mb,"27 km ESE of Cayambe, Ecuador"
usp0000dfc,1975-11-06 17:44:16.300000+00:00,-80.738,-0.336,54.0,5.1,mb,"45 km NW of Bahía de Caráquez, Ecuador"
usp0000dfd,1975-11-06 22:38:50.500000+00:00,-80.658,-0.41,55.0,4.8,mb,"33 km NW of Bahía de Caráquez, Ecuador"
usp0000dfe,1975-11-07 03:16:31.500000+00:00,-76.988,-3.921,113.0,4.9,mb,"78 km SW of Alianza Cristiana, Peru"
usp0000ds4,1975-11-29 06:26:56.200000+00:00,-77.571,-5.122,33.0,4.8,mb,"78 km NNE of Yambrasbamba, Peru"
usp0000e07,1975-12-21 18:05:40.600000+00:00,-77.37,-3.778,87.0,5.3,mb,"109 km WSW of Alianza Cristiana, Peru"
usp0000epn,1976-01-24 03:36:12.500000+00:00,-81.92,-4.067,16.0,5.1,mb,"81 km WNW of El Alto, Peru"
usp0000eq1,1976-01-24 16:57:33.200000+00:00,-77.692,-3.007,59.0,4.2,mb,"80 km SE of Sucúa, Ecuador"
usp0000eux,1976-02-01 03:03:35.800000+00:00,-77.182,0.43,39.0,4.7,mb,"29 km W of Valle del Guamuez, Colombia"
usp0000f42,1976-02-19 02:28:32.400000+00:00,-77.734,-1.449,185.0,4.5,mb,Ecuador
usp0000fh0,1976-03-19 08:21:52.300000+00:00,-77.746,-1.288,186.0,4.9,mb,"33 km SSE of Tena, Ecuador"
usp0000ftt,1976-04-09 07:08:47+00:00,-79.804,0.782,9.0,6.7,ms,"25 km SW of Esmeraldas, Ecuador"
usp0000fuj,1976-04-11 19:13:42.700000+00:00,-79.653,1.927,23.0,5.0,mb,"96 km W of Tumaco, Colombia"
usp0000gap,1976-05-13 03:59:19.700000+00:00,-81.13,-3.769,33.0,4.4,mb,"38 km NNW of Máncora, Peru"
usp0000gh4,1976-05-24 15:46:41.600000+00:00,-80.691,0.457,39.0,4.5,mb,"76 km WSW of Muisne, Ecuador"
usp0000h7u,1976-07-08 12:46:16.900000+00:00,-79.723,-4.751,80.0,4.6,mb,"12 km S of Ayabaca, Peru"
usp0000hc9,1976-07-15 23:05:15.500000+00:00,-77.781,-1.351,191.0,4.5,mb,"28 km ENE of Puyo, Ecuador"
usp0000hsq,1976-08-10 00:10:26.900000+00:00,-79.024,2.136,33.0,5.6,ms,"41 km WNW of Salahonda, Colombia"
usp0000j0z,1976-08-23 15:10:52.400000+00:00,-79.809,2.017,33.0,4.9,mb,"115 km WNW of Tumaco, Colombia"
usp0000jru,1976-10-04 23:36:11.100000+00:00,-78.602,-0.745,55.0,5.1,mb,"12 km NE of Saquisilí, Ecuador"
usp0000js4,1976-10-05 16:36:29.100000+00:00,-78.743,-0.629,33.0,5.2,mb,"23 km SW of Machachi, Ecuador"
usp0000jsc,1976-10-06 09:12:38.900000+00:00,-78.779,-0.747,33.0,5.7,mb,"16 km NW of Saquisilí, Ecuador"
usp0000jsd,1976-10-06 10:45:23.800000+00:00,-79.043,-0.849,26.0,4.7,mb,"22 km ENE of La Maná, Ecuador"
usp0000jsj,1976-10-06 15:44:29.600000+00:00,-78.381,-0.588,89.0,4.8,mb,"22 km ESE of Machachi, Ecuador"
usp0000jt6,1976-10-07 22:01:18.500000+00:00,-80.398,-0.299,48.0,5.0,mb,"33 km N of Bahía de Caráquez, Ecuador"
usp0000ju5,1976-10-10 06:19:24.200000+00:00,-78.609,-0.786,51.0,4.8,mb,"8 km NE of Saquisilí, Ecuador"
iscgem707617,1976-10-27 00:05:49.020000+00:00,-77.993,-1.274,25.0,5.45,mw,"23 km N of Puyo, Ecuador"
usp0000kgj,1976-11-26 23:43:40.800000+00:00,-77.673,-1.421,196.0,4.8,mb,"37 km E of Puyo, Ecuador"
usp0000kxy,1976-12-26 04:18:35.500000+00:00,-77.626,-0.807,33.0,5.2,mb,"23 km ENE of Archidona, Ecuador"
usp0000kyk,1976-12-27 06:22:29+00:00,-80.719,-3.757,65.0,4.9,mb,"9 km SSW of Zorritos, Peru"
usp0000m5d,1977-01-13 03:27:22.200000+00:00,-77.673,-1.541,181.0,4.7,mb,"37 km ENE of Palora, Ecuador"
usp0000mhs,1977-02-12 11:44:25.400000+00:00,-75.863,1.947,47.0,4.5,mb,"8 km ESE of Timaná, Colombia"
usp0000myk,1977-03-17 16:58:41.600000+00:00,-78.773,-0.651,33.0,4.5,mb,"23 km NNW of Saquisilí, Ecuador"
usp0000mzg,1977-03-19 06:28:18.700000+00:00,-77.649,-1.551,200.0,4.4,mb,"38 km ENE of Palora, Ecuador"
usp0000n6j,1977-03-30 18:53:36.800000+00:00,-78.524,-5.24,21.0,5.0,mb,"42 km NNW of La Peca, Peru"
usp0000nta,1977-05-08 16:45:16+00:00,-81.067,-1.253,27.0,5.1,mb,"50 km WSW of Montecristi, Ecuador"
usp0000ntb,1977-05-08 18:00:00+00:00,-81.098,-1.232,42.0,5.1,mb,"52 km SW of Manta, Ecuador"
usp0000ntg,1977-05-09 04:48:46.200000+00:00,-80.924,-1.254,41.0,4.8,mb,"37 km SW of Montecristi, Ecuador"
usp0000nu5,1977-05-10 23:56:32.400000+00:00,-81.005,-1.132,52.0,4.9,mb,"37 km WSW of Manta, Ecuador"
usp0000nw2,1977-05-14 09:16:02+00:00,-80.881,-1.194,33.0,4.7,mb,"29 km WSW of Montecristi, Ecuador"
usp0000nzc,1977-05-21 12:02:22.100000+00:00,-80.902,-1.496,33.0,4.7,mb,"39 km WSW of Jipijapa, Ecuador"
usp0000nzf,1977-05-21 14:14:41.300000+00:00,-80.907,-1.591,48.0,5.0,mb,"45 km SW of Jipijapa, Ecuador"
usp0000nzh,1977-05-21 20:26:06+00:00,-80.973,-1.588,37.0,4.3,mb,"51 km WSW of Jipijapa, Ecuador"
usp0000nzr,1977-05-22 10:24:23.900000+00:00,-80.834,-1.49,65.0,4.4,mb,"32 km WSW of Jipijapa, Ecuador"
usp0000p1e,1977-05-26 06:19:40.800000+00:00,-81.197,-1.854,10.0,5.1,ms,"48 km NW of Salinas, Ecuador"
usp0000p2c,1977-05-28 07:27:10.600000+00:00,-80.129,-2.387,33.0,4.5,mb,"26 km SSW of Santa Lucía, Ecuador"
usp0000pgq,1977-06-27 18:57:20.400000+00:00,-77.131,-1.777,27.0,5.0,mb,"93 km E of Palora, Ecuador"
usp0000prr,1977-07-16 16:34:17.600000+00:00,-79.134,-2.092,33.0,4.8,mb,"34 km WNW of Alausí, Ecuador"
usp0000pxj,1977-07-30 05:22:19.200000+00:00,-77.211,-5.479,33.0,4.9,mb,"56 km N of Segunda Jerusalén - Azunguillo, Peru"
usp0000q3y,1977-08-15 16:49:39.300000+00:00,-80.875,-4.32,34.0,4.9,mb,"7 km S of La Breita, Peru"
usp0000qr6,1977-09-20 17:17:50.700000+00:00,-80.926,-4.335,77.0,4.7,mb,"9 km SSW of La Breita, Peru"
usp0000rbu,1977-11-03 05:05:09.600000+00:00,-77.76,-1.817,166.0,4.7,mb,"26 km ESE of Palora, Ecuador"
usp0000rfg,1977-11-12 16:57:58+00:00,-77.779,-1.741,170.0,4.5,mb,"21 km ESE of Palora, Ecuador"
usp0000spd,1978-01-24 20:20:28.300000+00:00,-77.94,-1.712,131.0,4.6,mb,"3 km ESE of Palora, Ecuador"
usp0000td6,1978-03-14 17:20:47.300000+00:00,-77.762,-4.67,69.0,4.8,mb,"119 km N of Yambrasbamba, Peru"
usp0000tm8,1978-03-24 00:31:22.100000+00:00,-75.586,-5.22,42.0,5.3,mb,"9 km E of Lagunas, Peru"
usp0000twc,1978-04-03 05:31:32.700000+00:00,-77.11,-3.575,48.0,4.7,mb,"75 km W of Alianza Cristiana, Peru"
usp0000tys,1978-04-07 09:52:06+00:00,-78.287,-1.707,54.0,4.3,mb,Ecuador
usp0000u7n,1978-04-23 01:58:49.100000+00:00,-81.1,-2.089,33.0,4.8,mb,"21 km NW of Salinas, Ecuador"
usp0000ueq,1978-05-08 07:32:29+00:00,-77.254,-3.297,103.0,5.1,mb,"93 km WNW of Alianza Cristiana, Peru"
usp0000un0,1978-05-20 23:58:01.700000+00:00,-81.149,-5.406,29.0,5.1,mb,"35 km S of Paita, Peru"
usp0000uxx,1978-06-07 08:00:34.200000+00:00,-78.346,-0.667,12.0,4.9,mb,"30 km SE of Machachi, Ecuador"
usp0000uyy,1978-06-09 09:22:12.200000+00:00,-80.87,-4.908,39.0,4.5,mb,"9 km E of La Huaca, Peru"
usp0000v4e,1978-06-18 11:07:45.100000+00:00,-81.495,-3.148,103.0,4.5,mb,"108 km WNW of Zorritos, Peru"
usp0000vmj,1978-07-18 14:26:03+00:00,-78.231,1.939,91.0,4.8,mb,"19 km NNW of Payán, Colombia"
usp0000vpg,1978-07-22 07:40:03.200000+00:00,-77.709,-1.279,193.0,4.6,mb,"33 km SSE of Tena, Ecuador"
usp0000w00,1978-08-10 04:10:55.800000+00:00,-78.66,-2.097,131.0,4.9,mb,"23 km ENE of Alausí, Ecuador"
usp0000w9c,1978-08-30 00:26:03.600000+00:00,-78.411,-5.298,127.0,5.0,mb,"34 km N of La Peca, Peru"
usp0000wg7,1978-09-11 04:21:56.200000+00:00,-78.107,-2.007,154.0,4.3,mb,"33 km N of Macas, Ecuador"
usp0000wrc,1978-09-26 13:39:04.100000+00:00,-80.87,-1.554,33.0,4.7,mb,"39 km SW of Jipijapa, Ecuador"
usp0000x93,1978-11-04 20:16:10.500000+00:00,-76.353,-1.737,58.0,4.3,mb,"144 km SE of Boca Suno, Ecuador"
usp0000xbu,1978-11-09 00:36:56.300000+00:00,-77.893,-1.416,182.0,4.8,mb,"14 km ENE of Puyo, Ecuador"
usp0000xdm,1978-11-11 21:47:55.700000+00:00,-78.085,-1.929,151.0,4.3,mb,"28 km SSW of Palora, Ecuador"
usp0000xj1,1978-11-21 00:07:06.500000+00:00,-81.112,-4.326,69.0,5.1,mb,"13 km ESE of El Alto, Peru"
usp0000xm5,1978-11-24 15:16:42.200000+00:00,-80.959,-4.823,33.0,5.1,mb,"9 km N of La Huaca, Peru"
usp0000xzb,1978-12-18 13:37:31.200000+00:00,-77.63,-1.424,168.0,4.4,mb,"41 km E of Puyo, Ecuador"
usp0000y3m,1978-12-24 23:13:42.600000+00:00,-79.954,-2.731,33.0,4.7,mb,"25 km NW of Baláo, Ecuador"
usp0000y4z,1978-12-27 09:33:20.600000+00:00,-76.279,-1.863,33.0,4.0,mb,"157 km SW of Pantoja, Peru"
usp0000yan,1979-01-06 12:50:51.100000+00:00,-75.942,2.236,36.0,4.9,mb,"5 km NE of La Argentina, Colombia"
usp0000yfb,1979-01-17 02:12:50.900000+00:00,-77.779,-1.24,189.0,4.8,mb,"27 km S of Tena, Ecuador"
usp0000z25,1979-02-28 15:03:47.900000+00:00,-79.79,0.879,33.0,4.8,mb,"17 km WSW of Esmeraldas, Ecuador"
usp0000z3p,1979-03-01 14:33:15.200000+00:00,-80.073,0.673,33.0,5.6,mb,"9 km NW of Muisne, Ecuador"
usp0000z82,1979-03-09 08:40:11.400000+00:00,-80.147,0.717,56.0,4.0,mb,"18 km NW of Muisne, Ecuador"
usp0000z83,1979-03-09 09:17:21.700000+00:00,-80.154,0.321,87.0,4.2,mb,"29 km NNW of Pedernales, Ecuador"
usp0000z8e,1979-03-10 00:28:54.600000+00:00,-80.251,0.731,33.0,4.7,mb,"29 km WNW of Muisne, Ecuador"
usp0000zdu,1979-03-16 07:03:34.100000+00:00,-76.637,-4.019,46.0,4.4,mb,"64 km SSW of Alianza Cristiana, Peru"
usp0000zpm,1979-03-26 16:07:00.600000+00:00,-77.429,-1.451,174.0,4.4,mb,"63 km E of Puyo, Ecuador"
usp0000zuy,1979-04-06 02:41:20.800000+00:00,-77.695,-1.681,189.0,4.5,mb,"30 km E of Palora, Ecuador"
usp00010cc,1979-04-30 01:04:20.400000+00:00,-77.644,-1.419,197.0,4.5,mb,"40 km E of Puyo, Ecuador"
usp00010mp,1979-05-13 22:41:53.600000+00:00,-79.39,-3.802,98.0,4.7,mb,"20 km N of Catamayo, Ecuador"
usp00010vg,1979-05-25 04:31:34.800000+00:00,-80.15,0.412,45.0,4.3,mb,"26 km SSW of Muisne, Ecuador"
usp0001122,1979-06-02 01:32:51+00:00,-77.937,-1.701,167.0,4.5,mb,"3 km E of Palora, Ecuador"
usp0001180,1979-06-12 21:32:51.500000+00:00,-80.792,-3.772,47.0,5.0,mb,"16 km SW of Zorritos, Peru"
usp00011bj,1979-06-16 18:06:58.400000+00:00,-76.848,-2.543,140.0,4.5,mb,"112 km NNW of Alianza Cristiana, Peru"
usp00012kx,1979-08-24 17:55:39.600000+00:00,-75.459,2.078,36.0,4.3,mb,"22 km SE of Garzón, Colombia"
usp00012xd,1979-09-13 04:40:58.700000+00:00,-77.52,-5.355,34.0,5.0,mb,"61 km NE of Yambrasbamba, Peru"
usp00012zc,1979-09-16 09:09:09.600000+00:00,-79.054,-2.307,92.0,4.8,mb,"25 km WSW of Alausí, Ecuador"
usp000138s,1979-10-05 16:43:16.200000+00:00,-76.267,-3.552,116.0,5.5,mb,"20 km ESE of Alianza Cristiana, Peru"
usp00013c3,1979-10-11 17:47:31.800000+00:00,-77.126,-5.408,33.0,4.9,mb,"66 km NNE of Segunda Jerusalén - Azunguillo, Peru"
usp00013c4,1979-10-11 17:48:37.200000+00:00,-77.212,-5.407,33.0,5.2,mb,"64 km N of Segunda Jerusalén - Azunguillo, Peru"
usp00013zy,1979-11-13 06:22:02.600000+00:00,-76.726,-2.313,140.0,4.7,mb,"132 km NNW of Alianza Cristiana, Peru"
usp0001475,1979-11-26 21:05:47.700000+00:00,-80.718,-3.394,53.0,5.1,mb,"31 km N of Zorritos, Peru"
usp00014b7,1979-12-04 12:47:58.400000+00:00,-78.694,-2.675,110.0,4.7,mb,"18 km ENE of Azogues, Ecuador"
usp00014ey,1979-12-12 07:59:03.300000+00:00,-79.358,1.598,24.0,7.7,ms,"56 km NW of Valdez, Ecuador"
usp00014ez,1979-12-12 08:14:50.300000+00:00,-79.393,2.149,33.0,5.5,mb,"77 km WNW of Tumaco, Colombia"
usp00014f0,1979-12-12 08:32:04.600000+00:00,-78.891,2.048,33.0,5.3,mb,"25 km W of Salahonda, Colombia"
usp00014f2,1979-12-12 08:42:17.600000+00:00,-78.818,2.282,33.0,5.1,mb,"32 km NNW of Salahonda, Colombia"
usp00014f5,1979-12-12 11:53:49.400000+00:00,-79.396,2.379,33.0,5.2,mb,south of Panama
usp00014f6,1979-12-12 12:03:45.100000+00:00,-79.377,1.542,33.0,5.0,mb,"54 km NW of Valdez, Ecuador"
usp00014fc,1979-12-12 18:36:30.400000+00:00,-79.329,2.122,77.0,4.8,mb,"69 km WNW of Tumaco, Colombia"
usp00014fd,1979-12-12 20:08:59.200000+00:00,-79.211,2.419,33.0,4.9,mb,south of Panama
usp00014fe,1979-12-12 20:18:32.200000+00:00,-79.435,2.03,33.0,4.4,mb,"76 km WNW of Tumaco, Colombia"
usp00014fn,1979-12-13 01:46:35.400000+00:00,-79.634,2.275,33.0,4.8,mb,"107 km WNW of Tumaco, Colombia"
usp00014fu,1979-12-13 04:20:33.800000+00:00,-78.863,2.165,33.0,4.5,mb,"26 km WNW of Salahonda, Colombia"
usp00014fw,1979-12-13 04:46:45.600000+00:00,-79.053,2.142,33.0,5.0,mb,"45 km WNW of Salahonda, Colombia"
usp00014fy,1979-12-13 08:05:29.400000+00:00,-80.092,1.639,33.0,4.5,mb,"89 km NNW of Esmeraldas, Ecuador"
usp00014g9,1979-12-13 19:33:49.900000+00:00,-79.419,2.274,33.0,4.5,mb,"87 km NW of Tumaco, Colombia"
usp00014ga,1979-12-13 20:41:52.700000+00:00,-79.432,1.994,33.0,4.5,mb,"74 km WNW of Tumaco, Colombia"
usp00014gb,1979-12-13 21:34:52+00:00,-79.031,2.437,33.0,4.8,mb,"60 km NW of Salahonda, Colombia"
usp00014gd,1979-12-13 22:01:13+00:00,-79.197,2.249,33.0,4.8,mb,"64 km WNW of Salahonda, Colombia"
usp00014ge,1979-12-13 22:40:30.600000+00:00,-79.382,1.996,33.0,5.0,mb,"69 km WNW of Tumaco, Colombia"
usp00014gg,1979-12-14 01:25:29.700000+00:00,-79.375,2.29,33.0,4.3,mb,"84 km WNW of Salahonda, Colombia"
usp00014gv,1979-12-14 07:13:34.200000+00:00,-79.148,2.486,33.0,4.6,mb,"73 km NW of Salahonda, Colombia"
usp00014hh,1979-12-15 10:55:31.600000+00:00,-79.681,2.163,33.0,4.5,mb,"107 km WNW of Tumaco, Colombia"
usp00014hx,1979-12-15 23:27:54.100000+00:00,-79.136,2.452,33.0,4.6,mb,"69 km NW of Salahonda, Colombia"
usp00014k2,1979-12-18 08:43:17.900000+00:00,-79.951,2.345,33.0,4.5,mb,"142 km WNW of Tumaco, Colombia"
usp00014kc,1979-12-18 17:34:33+00:00,-80.341,2.229,33.0,4.7,mb,"159 km NNW of Esmeraldas, Ecuador"
usp00014ke,1979-12-19 00:50:29.300000+00:00,-79.573,2.496,33.0,4.1,mb,south of Panama
usp00014m8,1979-12-20 18:19:42.900000+00:00,-79.525,2.349,33.0,4.6,mb,"102 km NW of Tumaco, Colombia"
usp00014md,1979-12-21 00:26:06.900000+00:00,-79.006,-2.652,91.0,5.0,mb,"12 km SW of Cañar, Ecuador"
usp00014me,1979-12-21 01:49:19.400000+00:00,-78.749,2.33,55.0,4.6,mb,"33 km NNW of Salahonda, Colombia"
usp00014mk,1979-12-21 06:35:25.300000+00:00,-79.025,2.246,33.0,4.6,mb,"46 km WNW of Salahonda, Colombia"
usp00014nr,1979-12-23 08:29:43.700000+00:00,-79.48,2.319,33.0,4.4,mb,"96 km NW of Tumaco, Colombia"
usp00014p6,1979-12-24 06:22:26.200000+00:00,-79.493,2.481,33.0,4.7,mb,"104 km WNW of Salahonda, Colombia"
usp00014pa,1979-12-24 12:46:04.700000+00:00,-78.945,2.319,33.0,5.1,mb,"44 km NW of Salahonda, Colombia"
usp00014pk,1979-12-25 03:25:45.100000+00:00,-78.77,2.174,33.0,4.4,mb,"19 km NW of Salahonda, Colombia"
usp00014pt,1979-12-25 14:55:57.900000+00:00,-79.411,2.148,33.0,4.8,mb,"79 km WNW of Tumaco, Colombia"
usp00014sa,1979-12-29 22:08:03.600000+00:00,-79.257,2.205,33.0,5.0,mb,"68 km WNW of Salahonda, Colombia"
usp00014tb,1979-12-31 23:07:23.400000+00:00,-79.017,2.099,33.0,5.5,ms,"40 km W of Salahonda, Colombia"
usp00014vq,1980-01-05 04:09:19.600000+00:00,-79.381,2.334,33.0,4.5,mb,"86 km WNW of Salahonda, Colombia"
usp00014zh,1980-01-13 00:29:07.100000+00:00,-78.903,-0.632,131.0,4.7,mb,"34 km NW of Saquisilí, Ecuador"
usp000153k,1980-01-22 01:08:05.500000+00:00,-77.863,-4.444,121.0,4.4,mb,"120 km SE of Yantzaza, Ecuador"
usp000156x,1980-01-26 15:27:15+00:00,-79.371,2.333,33.0,5.3,ms,"85 km WNW of Salahonda, Colombia"
usp000157q,1980-01-28 04:39:04.100000+00:00,-79.269,2.071,33.0,4.4,mb,"61 km WNW of Tumaco, Colombia"
usp00015cc,1980-02-09 11:14:36.800000+00:00,-79.102,1.823,92.0,4.5,mb,"34 km W of Tumaco, Colombia"
usp00015d6,1980-02-11 15:56:20.300000+00:00,-79.667,2.271,33.0,4.2,mb,"110 km WNW of Tumaco, Colombia"
usp00015hm,1980-02-18 13:03:24.500000+00:00,-79.733,-2.253,90.0,5.3,mb,"16 km ESE of Eloy Alfaro, Ecuador"
usp00015ka,1980-02-21 10:42:57+00:00,-78.923,2.41,33.0,4.3,mb,"50 km NW of Salahonda, Colombia"
usp00015n1,1980-02-23 14:13:03+00:00,-79.51,2.132,33.0,4.5,mb,"88 km WNW of Tumaco, Colombia"
usp00015nw,1980-02-24 11:00:50.600000+00:00,-77.349,-4.766,142.0,4.6,mb,"75 km W of Barranca, Peru"
usp000161f,1980-03-16 03:26:11.500000+00:00,-80.332,1.288,33.0,4.2,mb,"82 km NNW of Muisne, Ecuador"
usp000163t,1980-03-20 14:32:37.900000+00:00,-80.726,-4.997,71.0,4.8,mb,"8 km S of Nuevo Sullana, Peru"
usp00016a5,1980-03-28 15:39:39+00:00,-77.922,-1.769,159.0,4.7,mb,"8 km SSE of Palora, Ecuador"
usp00016nh,1980-04-15 10:27:54.500000+00:00,-79.615,2.344,33.0,4.7,mb,"110 km WNW of Tumaco, Colombia"
usp00016pp,1980-04-17 05:38:53.800000+00:00,-79.392,1.843,33.0,4.5,mb,"66 km W of Tumaco, Colombia"
usp00016rs,1980-04-20 11:26:22.900000+00:00,-78.503,-2.515,107.0,5.1,mb,"37 km W of Sucúa, Ecuador"
usp0001726,1980-05-04 23:29:03.200000+00:00,-78.807,-5.121,127.0,4.6,mb,"21 km E of San Ignacio, Peru"
usp000175h,1980-05-11 09:25:59.200000+00:00,-80.369,1.806,30.0,5.1,mb,"122 km NW of Esmeraldas, Ecuador"
usp0001785,1980-05-16 02:52:54.300000+00:00,-78.976,-0.591,11.0,4.7,mb,"43 km SSE of Santo Domingo de los Colorados, Ecuador"
usp000178b,1980-05-16 05:33:39.100000+00:00,-80.372,1.787,35.0,4.4,mb,"121 km NW of Esmeraldas, Ecuador"
usp00018ek,1980-06-24 00:15:53.400000+00:00,-78.813,2.471,43.0,5.0,mb,"40 km W of Mosquera, Colombia"
usp00018py,1980-07-06 18:03:26.100000+00:00,-78.888,2.291,57.0,4.6,mb,"37 km NW of Salahonda, Colombia"
usp00018pz,1980-07-06 18:10:09.300000+00:00,-78.926,0.895,33.0,4.5,mb,"39 km S of Valdez, Ecuador"
usp000191m,1980-07-23 08:43:55.200000+00:00,-78.323,-2.315,127.0,4.2,mb,"23 km NW of Sucúa, Ecuador"
usp0001954,1980-07-29 11:43:44.600000+00:00,-77.769,-1.45,192.0,4.5,mb,"26 km E of Puyo, Ecuador"
usp00019er,1980-08-18 15:07:52.600000+00:00,-80.017,-1.948,55.0,5.6,mb,"5 km WSW of El Triunfo, Ecuador"
usp00019fp,1980-08-20 20:32:08.200000+00:00,-80.187,-2.095,44.0,4.6,mb,"22 km WNW of Santa Lucía, Ecuador"
usp00019nv,1980-09-03 10:50:34.100000+00:00,-79.657,2.139,33.0,4.3,mb,"103 km WNW of Tumaco, Colombia"
usp00019p0,1980-09-03 18:48:36.800000+00:00,-78.054,-1.904,154.0,4.8,mb,"24 km SSW of Palora, Ecuador"
usp00019tt,1980-09-14 23:41:58.100000+00:00,-78.048,-1.831,167.0,4.3,mb,Ecuador
usp0001a4x,1980-10-08 22:01:34.800000+00:00,-77.686,-1.38,190.0,5.5,mb,"37 km ENE of Puyo, Ecuador"
usp0001aby,1980-10-21 12:55:28.700000+00:00,-79.543,-2.04,112.0,4.8,mb,"11 km NNE of Milagro, Ecuador"
usp0001an2,1980-11-02 18:21:15.600000+00:00,-79.444,-4.526,95.0,5.0,mb,"25 km SSE of Cariamanga, Ecuador"
usp0001b21,1980-11-27 22:04:20.900000+00:00,-79.206,0.313,33.0,4.8,mb,"29 km E of Rosa Zarate, Ecuador"
usp0001bex,1980-12-25 00:51:04.500000+00:00,-81.147,-4.119,33.0,5.1,mb,"11 km W of Máncora, Peru"
usp0001bhd,1980-12-30 06:44:11.800000+00:00,-80.202,-5.374,96.0,4.0,mb,"21 km SW of La Matanza, Peru"
usp0001bjc,1981-01-01 16:27:36.100000+00:00,-79.315,2.064,33.0,4.5,mb,"65 km WNW of Tumaco, Colombia"
usp0001bjn,1981-01-02 07:37:01.300000+00:00,-79.168,2.137,33.0,5.7,ms,"56 km NW of Tumaco, Colombia"
usp0001bjy,1981-01-03 01:23:40+00:00,-79.232,2.156,33.0,5.7,mb,"63 km NW of Tumaco, Colombia"
usp0001bmh,1981-01-07 07:01:39.800000+00:00,-79.29,2.004,25.0,5.6,mb,"60 km WNW of Tumaco, Colombia"
usp0001bmj,1981-01-07 09:05:57.800000+00:00,-79.205,2.03,33.0,5.1,mb,"52 km WNW of Tumaco, Colombia"
usp0001bnx,1981-01-10 00:05:19.200000+00:00,-79.183,2.113,33.0,4.9,mb,"56 km NW of Tumaco, Colombia"
usp0001byp,1981-01-30 07:58:25.200000+00:00,-78.86,1.517,128.0,4.1,mb,"18 km NNE of Pampanal de Bolívar, Ecuador"
usp0001c8w,1981-02-18 23:24:56.550000+00:00,-77.333,-1.748,199.3,4.5,mb,"70 km E of Palora, Ecuador"
usp0001cgs,1981-03-04 04:33:23.400000+00:00,-79.018,2.469,46.2,4.9,mb,"61 km NW of Salahonda, Colombia"
usp0001cmd,1981-03-09 22:03:04.070000+00:00,-80.159,-2.024,76.4,4.9,mb,"17 km SSW of Lomas de Sargentillo, Ecuador"
usp0001cw6,1981-03-26 02:46:46.080000+00:00,-77.869,-1.636,170.9,4.5,mb,"12 km NE of Palora, Ecuador"
usp0001d4m,1981-04-13 14:03:01.550000+00:00,-81.102,-4.339,33.0,4.7,mb,"14 km ESE of El Alto, Peru"
usp0001dbv,1981-04-25 14:35:47.730000+00:00,-76.684,-3.55,110.0,4.9,mb,"28 km WSW of Alianza Cristiana, Peru"
usp0001ddw,1981-04-27 16:22:33.770000+00:00,-77.028,-4.457,127.3,4.8,mb,"57 km NW of Barranca, Peru"
usp0001dex,1981-04-29 17:51:45.350000+00:00,-77.375,-1.431,187.6,4.1,mb,"68 km SE of Tena, Ecuador"
usp0001djg,1981-05-06 21:34:48.860000+00:00,-80.977,-2.025,33.0,5.3,mb,"21 km N of Salinas, Ecuador"
usp0001djh,1981-05-06 21:36:06.810000+00:00,-80.885,-1.886,33.0,6.4,ms,"37 km NNE of Salinas, Ecuador"
usp0001dn9,1981-05-13 03:58:11.040000+00:00,-78.433,-1.36,33.0,4.7,mb,"4 km NNW of Baños, Ecuador"
usp0001dtc,1981-05-22 08:26:14.440000+00:00,-75.893,1.548,42.5,4.2,mb,"14 km N of Belén de los Andaquíes, Colombia"
usp0001dvp,1981-05-26 04:55:30.220000+00:00,-79.184,-3.004,95.5,5.1,mb,"22 km WSW of Cuenca, Ecuador"
usp0001e14,1981-06-05 23:34:54.580000+00:00,-80.709,-3.903,37.0,5.3,mb,"7 km WNW of Cañaveral, Peru"
usp0001e87,1981-06-19 21:03:45.770000+00:00,-78.589,0.922,116.8,4.7,mb,"48 km SE of San Lorenzo de Esmeraldas, Ecuador"
usp0001e9e,1981-06-21 23:58:59.860000+00:00,-76.913,-4.858,102.0,5.1,mb,"26 km W of Barranca, Peru"
usp0001eam,1981-06-24 13:25:35.260000+00:00,-79.102,-2.516,90.0,4.5,mb,"18 km WNW of Cañar, Ecuador"
usp0001ech,1981-06-27 21:54:14.650000+00:00,-80.327,-3.052,49.0,5.1,mb,"43 km WNW of Puerto Bolívar, Ecuador"
usp0001evu,1981-07-23 02:52:16.610000+00:00,-77.215,2.126,97.7,4.6,mb,"9 km N of Balboa, Colombia"
usp0001f0r,1981-07-29 22:43:55.020000+00:00,-76.365,-2.641,121.0,4.3,mb,"92 km N of Alianza Cristiana, Peru"
usp0001f39,1981-08-03 13:37:47.360000+00:00,-78.125,-5.346,91.0,4.9,mb,"45 km NE of La Peca, Peru"
usp0001fah,1981-08-16 04:23:08.670000+00:00,-78.998,2.474,33.0,4.6,mb,"60 km W of Mosquera, Colombia"
usp0001fc9,1981-08-19 14:29:43.560000+00:00,-80.969,-3.895,32.0,5.2,mb,"25 km NNE of Máncora, Peru"
usp0001g9r,1981-10-04 20:03:53.010000+00:00,-77.364,-1.55,203.6,5.2,mb,"68 km ENE of Palora, Ecuador"
usp0001gb8,1981-10-07 20:03:47.650000+00:00,-77.209,-2.478,136.4,4.8,mb,Peru-Ecuador border region
usp0001ge9,1981-10-13 04:33:07.820000+00:00,-77.993,-1.726,160.5,4.4,mb,"4 km SW of Palora, Ecuador"
usp0001gss,1981-11-03 07:02:38.570000+00:00,-78.436,-1.831,129.4,5.6,mb,"29 km SE of Riobamba, Ecuador"
usp0001h1g,1981-11-19 01:13:41.900000+00:00,-78.142,-2.037,230.9,4.6,mb,"30 km N of Macas, Ecuador"
usp0001h72,1981-11-30 07:48:39.510000+00:00,-77.654,-5.15,89.2,4.4,mb,"71 km NNE of Yambrasbamba, Peru"
usp0001h9c,1981-12-06 04:31:07.600000+00:00,-77.654,-1.4,189.0,4.7,mb,"39 km ENE of Puyo, Ecuador"
usp0001hdf,1981-12-13 23:27:52.390000+00:00,-79.641,2.42,33.0,4.5,mb,"117 km WNW of Salahonda, Colombia"
usp0001hns,1981-12-25 18:54:23.390000+00:00,-78.105,-3.506,111.2,4.7,mb,"54 km ESE of Gualaquiza, Ecuador"
usp0001hv3,1982-01-03 02:05:21.180000+00:00,-81.311,-5.372,33.0,4.7,mb,"38 km SW of Paita, Peru"
usp0001j7k,1982-01-22 22:43:56.180000+00:00,-77.202,-1.198,254.0,4.9,mb,"55 km S of Boca Suno, Ecuador"
usp0001jf2,1982-02-03 00:37:48.330000+00:00,-79.168,-2.267,92.8,5.0,mb,"25 km NE of La Troncal, Ecuador"
usp0001jg0,1982-02-04 18:57:43.610000+00:00,-77.507,-4.989,33.0,5.3,mb,"93 km W of Barranca, Peru"
usp0001jvp,1982-02-27 12:38:35.490000+00:00,-80.219,0.21,33.0,4.7,mb,"24 km NW of Pedernales, Ecuador"
usp0001jzd,1982-03-06 01:27:31.460000+00:00,-77.694,-1.383,194.0,4.7,mb,"36 km ENE of Puyo, Ecuador"
usp0001kk3,1982-04-07 11:52:03.050000+00:00,-78.557,-2.499,87.9,5.2,mb,"41 km NE of Azogues, Ecuador"
usp0001kn1,1982-04-11 12:21:29.990000+00:00,-78.643,-2.948,33.0,5.4,mb,"16 km ESE of Gualaceo, Ecuador"
usp0001ksc,1982-04-17 04:29:24.310000+00:00,-78.278,-2.328,33.0,4.4,mb,"18 km W of Macas, Ecuador"
usp0001m5n,1982-05-08 01:25:15.210000+00:00,-78.006,-1.691,171.0,4.9,mb,"4 km WNW of Palora, Ecuador"
usp0001m5u,1982-05-08 06:19:02.080000+00:00,-79.712,-2.044,97.3,4.9,mb,"6 km NNW of Yaguachi Nuevo, Ecuador"
usp0001m9y,1982-05-14 01:18:47.960000+00:00,-75.311,2.373,62.7,4.7,mb,"16 km S of Algeciras, Colombia"
usp0001ma1,1982-05-14 06:21:59.930000+00:00,-78.034,-1.445,164.7,4.0,mb,"5 km NW of Puyo, Ecuador"
usp0001mec,1982-05-20 12:10:50.200000+00:00,-78.013,-1.568,169.0,5.1,mb,"9 km S of Puyo, Ecuador"
usp0001mh0,1982-05-25 05:19:01.840000+00:00,-77.439,-5.475,17.0,4.9,mb,"59 km NNW of Segunda Jerusalén - Azunguillo, Peru"
usp0001mtt,1982-06-10 14:28:31.450000+00:00,-79.466,2.257,33.0,4.3,mb,"90 km NW of Tumaco, Colombia"
usp0001mtw,1982-06-10 16:49:16.440000+00:00,-79.447,2.493,33.0,4.7,mb,"100 km WNW of Salahonda, Colombia"
usp0001nnr,1982-07-25 19:22:35.200000+00:00,-80.591,-3.369,42.0,4.7,mb,"26 km NW of Tumbes, Peru"
usp0001nwq,1982-08-08 06:02:26.570000+00:00,-77.971,-1.839,166.9,4.3,mb,"15 km S of Palora, Ecuador"
usp0001nxx,1982-08-10 04:51:48.590000+00:00,-77.367,-5.352,33.0,5.5,mb,"71 km N of Segunda Jerusalén - Azunguillo, Peru"
usp0001p8f,1982-08-26 05:22:59.670000+00:00,-79.871,-2.692,70.0,6.1,mw,"25 km NNW of Baláo, Ecuador"
usp0001pjs,1982-09-12 20:03:21.210000+00:00,-79.815,0.768,33.0,4.7,mb,"27 km SW of Esmeraldas, Ecuador"
usp0001prp,1982-09-22 07:53:39.180000+00:00,-77.356,-1.759,185.6,4.5,mb,"68 km E of Palora, Ecuador"
usp0001puw,1982-09-26 14:35:12.990000+00:00,-75.695,-3.086,136.0,4.7,mb,"92 km ENE of Alianza Cristiana, Peru"
usp0001qgc,1982-10-24 19:47:49.410000+00:00,-77.304,0.283,33.0,4.6,mb,"44 km W of La Dorada, Colombia"
usp0001qkv,1982-10-29 15:33:40.090000+00:00,-80.65,-4.227,35.0,5.3,mb,"19 km SSE of Papayal, Peru"
usp0001qq8,1982-11-04 15:02:18.820000+00:00,-80.302,0.33,33.0,4.8,mb,"39 km NW of Pedernales, Ecuador"
usp0001qzr,1982-11-18 14:57:52.400000+00:00,-76.703,-1.719,195.0,6.6,mw,"122 km SSE of Boca Suno, Ecuador"
usp0001rx9,1982-12-31 17:09:08.230000+00:00,-78.039,-1.549,171.0,4.6,mb,"8 km SSW of Puyo, Ecuador"
usp0001t0r,1983-02-13 14:01:36.340000+00:00,-80.327,-4.965,33.0,4.4,mb,"4 km SSE of Tambo Grande, Peru"
usp0001t4y,1983-02-18 08:55:46.910000+00:00,-79.053,-3.113,105.1,5.1,mb,"24 km SSW of Cuenca, Ecuador"
usp0001tbv,1983-02-27 01:20:26.360000+00:00,-76.404,-4.005,126.6,4.2,mb,"58 km S of Alianza Cristiana, Peru"
usp0001tp3,1983-03-15 17:15:36.080000+00:00,-78.209,0.587,125.4,4.8,mb,"27 km NNW of Ibarra, Ecuador"
usp0001tt4,1983-03-20 23:45:39.930000+00:00,-79.626,1.55,33.0,4.6,mb,"65 km N of Esmeraldas, Ecuador"
usp0001tt7,1983-03-21 01:02:51.620000+00:00,-77.942,-3.81,65.7,4.6,mb,"84 km ESE of Gualaquiza, Ecuador"
usp0001u34,1983-03-31 13:12:52.640000+00:00,-76.686,2.461,22.2,5.5,mb,"8 km WNW of Popayán, Colombia"
usp0001uct,1983-04-12 12:07:54.520000+00:00,-78.103,-4.843,104.2,7.0,mw,"92 km NNE of La Peca, Peru"
usp0001udx,1983-04-13 15:00:33.760000+00:00,-81.98,-4.473,33.0,4.9,mb,"79 km W of Talara, Peru"
usp0001ug4,1983-04-15 13:25:36.080000+00:00,-78.67,-3.712,120.0,4.8,mb,"16 km NE of Yantzaza, Ecuador"
usp0001uua,1983-04-27 21:06:00.880000+00:00,-77.679,-1.821,32.8,4.9,mb,"34 km ESE of Palora, Ecuador"
usp0001vgk,1983-05-19 19:07:18.610000+00:00,-77.122,0.147,22.7,5.7,mb,"26 km WNW of Nueva Loja, Ecuador"
usp0001vuu,1983-06-01 12:23:50.280000+00:00,-79.348,-2.448,57.2,4.9,mb,"2 km SSW of La Troncal, Ecuador"
usp0001w1c,1983-06-12 04:15:27.170000+00:00,-80.148,0.279,37.0,4.8,mb,"25 km NNW of Pedernales, Ecuador"
usp0001w1u,1983-06-12 15:24:25.990000+00:00,-80.844,-3.801,57.2,4.4,mb,"22 km SW of Zorritos, Peru"
usp0001wzj,1983-07-21 06:46:02.870000+00:00,-80.908,-1.22,34.4,5.0,mb,"33 km SW of Montecristi, Ecuador"
usp0001wzk,1983-07-21 07:03:31.370000+00:00,-80.738,-1.153,33.0,4.8,mb,"14 km SW of Montecristi, Ecuador"
usp0001xb3,1983-08-04 07:44:25.420000+00:00,-76.583,-4.017,99.4,4.9,mb,"62 km SSW of Alianza Cristiana, Peru"
usp0001xua,1983-08-21 15:47:17.230000+00:00,-76.011,-4.981,129.9,4.6,mb,"46 km NW of Lagunas, Peru"
usp0001y6s,1983-09-08 04:34:50.180000+00:00,-77.785,-1.569,191.9,4.4,mb,"24 km NE of Palora, Ecuador"
usp0001ybv,1983-09-14 08:35:17.240000+00:00,-79.245,-3.672,94.0,5.6,mb,"35 km N of Loja, Ecuador"
usp0001yx6,1983-10-11 10:05:36.660000+00:00,-79.07,-3.734,86.1,5.1,mb,"32 km NNE of Loja, Ecuador"
usp0001z23,1983-10-17 12:53:59.900000+00:00,-77.593,-3.761,105.3,4.8,mb,"116 km ESE of Gualaquiza, Ecuador"
usp0001zhg,1983-11-03 07:41:11.470000+00:00,-79.418,-4.014,92.8,5.9,mw,"7 km WSW of Catamayo, Ecuador"
usp0001zn9,1983-11-08 06:52:46.330000+00:00,-79.127,-3.819,96.8,4.6,mb,"21 km NNE of Loja, Ecuador"
usp0001zzs,1983-11-22 14:21:03.080000+00:00,-79.877,0.482,54.9,6.6,mw,"21 km SE of Muisne, Ecuador"
usp0001zzu,1983-11-22 15:15:14.960000+00:00,-78.105,-5.006,25.6,5.2,mb,"76 km NNE of La Peca, Peru"
usp000202b,1983-11-25 22:56:25.880000+00:00,-76.309,-3.77,114.7,5.5,mb,"35 km SSE of Alianza Cristiana, Peru"
usp000203q,1983-11-27 17:48:03.700000+00:00,-76.156,-4.894,111.0,4.8,mb,"58 km E of Barranca, Peru"
usp00020pu,1983-12-21 18:36:55.310000+00:00,-79.907,0.4,39.9,5.2,mb,"26 km SSE of Muisne, Ecuador"
usp00020s3,1983-12-24 08:35:38.040000+00:00,-78.774,-2.157,33.0,4.5,mb,"9 km ENE of Alausí, Ecuador"
usp00020xb,1983-12-30 09:31:55.410000+00:00,-77.679,-2.091,33.0,4.6,mb,"53 km SE of Palora, Ecuador"
usp000216k,1984-01-13 02:29:00.990000+00:00,-78.494,-3.863,102.9,5.7,mw,"29 km E of Yantzaza, Ecuador"
usp00021b2,1984-01-17 16:19:03.360000+00:00,-81.425,-3.904,18.2,5.6,mw,"46 km NNW of El Alto, Peru"
usp00021te,1984-02-06 04:40:19.140000+00:00,-80.074,1.941,33.0,4.7,mb,"118 km NNW of Esmeraldas, Ecuador"
usp0002252,1984-02-21 03:20:45.040000+00:00,-81.064,-1.543,33.0,4.7,mb,"58 km WSW of Jipijapa, Ecuador"
usp0002255,1984-02-21 03:38:32.950000+00:00,-80.927,-1.532,33.0,4.9,mb,"43 km WSW of Jipijapa, Ecuador"
usp000225w,1984-02-22 05:16:26.840000+00:00,-80.805,-4.025,37.1,4.5,mb,"9 km NW of Papayal, Peru"
usp00022ft,1984-03-06 21:40:04.930000+00:00,-77.266,-5.312,120.0,4.8,mb,"74 km N of Segunda Jerusalén - Azunguillo, Peru"
usp00023ke,1984-04-15 21:26:32.270000+00:00,-77.79,-3.682,109.6,5.4,mw,"93 km ESE of Gualaquiza, Ecuador"
usp00023t5,1984-04-22 18:57:37.820000+00:00,-78.047,-0.532,33.0,4.6,mb,"49 km NNW of Archidona, Ecuador"
usp00023z1,1984-04-28 20:12:06.330000+00:00,-78.101,-1.776,47.4,5.7,mw,"17 km WSW of Palora, Ecuador"
usp00023z3,1984-04-28 21:43:47+00:00,-78.692,-2.081,33.0,4.9,mb,"21 km NE of Alausí, Ecuador"
usp00024c3,1984-05-13 23:53:29.650000+00:00,-80.831,-3.938,34.7,5.0,mw,"18 km NW of Papayal, Peru"
usp00024jv,1984-05-22 23:56:45.570000+00:00,-77.007,-2.401,151.4,4.8,mb,"123 km E of Macas, Ecuador"
usp00024m2,1984-05-25 02:57:53.160000+00:00,-77.123,-3.729,115.9,4.5,mb,"81 km WSW of Alianza Cristiana, Peru"
usp00024wq,1984-06-08 10:05:21.860000+00:00,-80.111,-5.075,106.0,4.9,mb,"6 km ENE of Chulucanas, Peru"
usp00024zu,1984-06-13 05:47:07.090000+00:00,-80.256,-1.81,47.7,4.8,mb,"2 km WNW of Pedro Carbo, Ecuador"
usp0002626,1984-07-29 06:02:29.140000+00:00,-76.598,-5.288,36.8,4.4,mb,"51 km S of Barranca, Peru"
usp000263b,1984-07-30 02:47:20.800000+00:00,-78.958,2.284,61.6,4.7,mb,"42 km NW of Salahonda, Colombia"
usp000263d,1984-07-30 04:27:25.150000+00:00,-78.997,2.295,19.2,5.2,mw,"46 km NW of Salahonda, Colombia"
usp000274e,1984-09-06 19:10:00.330000+00:00,-79.64,-3.645,82.7,5.4,mb,"6 km NNW of Zaruma, Ecuador"
usp00027fb,1984-09-17 07:36:34.810000+00:00,-75.253,1.17,33.0,4.3,mb,"31 km ESE of Milán, Colombia"
usp000291a,1984-11-13 14:03:15.850000+00:00,-76.011,1.978,16.5,5.1,mb,"3 km ESE of Saladoblanco, Colombia"
usp0002984,1984-11-20 14:26:27.030000+00:00,-80.612,-3.279,33.0,4.7,mb,"36 km NNW of Tumbes, Peru"
usp0002af3,1984-12-27 08:07:44.070000+00:00,-77.818,-1.424,185.6,4.7,mb,"21 km ENE of Puyo, Ecuador"
usp0002av4,1985-01-08 08:57:26.600000+00:00,-77.693,-1.503,196.4,4.5,mb,"34 km E of Puyo, Ecuador"
usp0002aya,1985-01-11 09:43:04.170000+00:00,-79.81,-1.692,33.0,4.4,mb,"16 km SSW of Vinces, Ecuador"
usp0002bme,1985-02-04 10:50:27.220000+00:00,-78.004,-3.64,124.0,5.0,mb,"69 km ESE of Gualaquiza, Ecuador"
usp0002bn6,1985-02-05 08:56:09.290000+00:00,-80.607,-3.634,33.0,4.2,mb,"9 km ENE of Zorritos, Peru"
usp0002bsj,1985-02-10 14:27:44.250000+00:00,-77.668,-1.558,194.3,4.6,mb,"36 km ENE of Palora, Ecuador"
usp0002bw2,1985-02-14 03:24:14.770000+00:00,-75.902,-4.917,68.4,4.5,mb,"42 km NW of Lagunas, Peru"
usp0002cj2,1985-03-07 02:54:35.040000+00:00,-78.971,2.334,41.2,4.0,mb,"47 km NW of Salahonda, Colombia"
usp0002ckm,1985-03-08 21:45:21.340000+00:00,-75.413,-2.937,159.7,4.9,mb,"128 km ENE of Alianza Cristiana, Peru"
usp0002cz1,1985-03-17 07:14:07.200000+00:00,-80.843,-4.451,54.2,5.0,mb,"21 km SSE of La Breita, Peru"
usp0002d0u,1985-03-18 22:57:35.220000+00:00,-77.813,-1.356,182.1,4.3,mb,"25 km NE of Puyo, Ecuador"
usp0002dpb,1985-04-10 20:15:36.610000+00:00,-77.017,1.56,10.0,5.2,mw,"5 km SE of Belén, Colombia"
usp0002drq,1985-04-13 02:32:56.750000+00:00,-79.867,-3.872,33.0,4.3,mb,"27 km NNE of Celica, Ecuador"
usp0002e0b,1985-04-21 17:39:49.500000+00:00,-80.51,-0.501,33.0,4.6,mb,"14 km NW of Bahía de Caráquez, Ecuador"
usp0002fad,1985-05-29 16:45:01.110000+00:00,-80.72,-0.186,33.0,4.3,mb,"56 km NW of Bahía de Caráquez, Ecuador"
usp0002fdm,1985-06-01 10:39:34.090000+00:00,-78.641,-2.516,104.3,4.7,mb,"33 km E of Cañar, Ecuador"
usp0002g45,1985-06-24 16:20:09.630000+00:00,-78.102,-1.896,33.0,5.2,mb,"26 km SW of Palora, Ecuador"
usp0002g4c,1985-06-24 22:05:50.970000+00:00,-80.244,-0.374,33.0,4.4,mb,"31 km NE of Bahía de Caráquez, Ecuador"
usp0002g4k,1985-06-25 05:08:10.670000+00:00,-78.507,-1.155,33.0,4.5,mb,"4 km ENE of Píllaro, Ecuador"
usp0002g58,1985-06-25 20:00:44.600000+00:00,-80.426,-0.211,33.0,4.2,mb,"42 km N of Bahía de Caráquez, Ecuador"
usp0002g5n,1985-06-26 02:36:20.400000+00:00,-80.495,-0.501,33.0,4.5,mb,"13 km NW of Bahía de Caráquez, Ecuador"
usp0002gde,1985-07-03 23:27:36.490000+00:00,-80.659,-3.293,33.0,4.8,ms,"38 km NW of Tumbes, Peru"
usp0002h3v,1985-07-26 17:56:58.440000+00:00,-78.653,-5.378,18.4,5.3,mw,"31 km N of Bellavista, Peru"
usp0002hpq,1985-08-13 12:54:36.780000+00:00,-77.204,-2.008,159.4,4.8,mb,"91 km ESE of Palora, Ecuador"
usp0002j6k,1985-08-27 14:52:12.300000+00:00,-77.946,-1.59,169.1,4.3,mb,"12 km N of Palora, Ecuador"
usp0002j7q,1985-08-28 18:44:00.240000+00:00,-79.279,-0.906,33.0,4.8,mb,"7 km WNW of La Maná, Ecuador"
usp0002jkg,1985-09-10 04:53:36.500000+00:00,-76.75,-4.816,128.0,5.0,mb,"8 km WNW of Barranca, Peru"
usp0002k6h,1985-09-27 08:54:43.800000+00:00,-77.249,-5.199,122.4,4.7,mb,"75 km WSW of Barranca, Peru"
usp0002kdq,1985-10-03 03:15:44.150000+00:00,-79.348,2.125,33.0,4.4,mb,"71 km WNW of Tumaco, Colombia"
usp0002kdt,1985-10-03 04:50:02.670000+00:00,-79.621,1.592,10.0,4.7,mb,"70 km N of Esmeraldas, Ecuador"
usp0002km7,1985-10-09 03:48:33+00:00,-78.568,-5.475,68.2,4.7,mb,"21 km NW of La Peca, Peru"
usp0002m0c,1985-10-21 22:03:30.950000+00:00,-77.648,-1.563,192.2,4.6,mb,"38 km ENE of Palora, Ecuador"
usp0002m31,1985-10-24 08:25:05.230000+00:00,-79.227,0.214,95.7,4.7,mb,"30 km ESE of Rosa Zarate, Ecuador"
usp0002mq2,1985-11-12 15:12:11.390000+00:00,-77.736,-1.451,194.3,5.0,mb,"29 km E of Puyo, Ecuador"
usp0002n8j,1985-11-26 19:02:23.980000+00:00,-77.042,-3.165,33.0,4.9,mb,"75 km WNW of Alianza Cristiana, Peru"
usp0002nmg,1985-12-07 00:06:54.620000+00:00,-80.868,-2.008,44.9,5.0,mb,"24 km N of Santa Elena, Ecuador"
usp0002ntc,1985-12-12 17:32:36.620000+00:00,-77.817,-1.754,162.0,4.7,mb,"17 km ESE of Palora, Ecuador"
usp0002nw3,1985-12-15 06:03:30.950000+00:00,-76.174,-1.165,33.0,4.0,mb,"112 km WSW of Pantoja, Peru"
usp0002p3q,1985-12-20 02:33:02.980000+00:00,-78.794,-2.476,106.2,4.4,mb,"18 km ENE of Cañar, Ecuador"
usp0002pjg,1985-12-29 13:11:39.750000+00:00,-79.263,2.382,33.0,4.2,mb,"77 km WNW of Salahonda, Colombia"
usp0002pzr,1986-01-12 06:38:20.590000+00:00,-79.404,-3.981,96.0,5.3,mw,"5 km W of Catamayo, Ecuador"
usp0002q7f,1986-01-19 08:03:26.630000+00:00,-80.041,0.555,33.0,5.0,mw,"6 km SSW of Muisne, Ecuador"
usp0002qgz,1986-01-28 06:51:45.490000+00:00,-77.457,-1.838,164.2,5.4,mw,"58 km ESE of Palora, Ecuador"
usp0002r7j,1986-02-22 18:47:21.310000+00:00,-78.297,-2.092,33.0,4.8,mb,"31 km NW of Macas, Ecuador"
usp0002s7t,1986-03-24 21:38:05.520000+00:00,-78.211,-1.917,33.0,4.8,mb,"36 km SW of Palora, Ecuador"
usp0002scq,1986-03-28 21:19:22.930000+00:00,-78.063,-1.538,164.0,4.9,mb,"9 km SW of Puyo, Ecuador"
usp0002sjr,1986-04-02 06:49:30.450000+00:00,-80.852,-4.152,33.0,4.7,mb,"12 km NNE of La Breita, Peru"
usp0002t00,1986-04-18 02:03:53+00:00,-78.469,-2.662,110.7,4.3,mb,"39 km SW of Sucúa, Ecuador"
usp0002t4x,1986-04-23 20:27:12.720000+00:00,-80.983,-3.868,46.2,5.3,mw,"27 km NNE of Máncora, Peru"
usp0002tz7,1986-05-13 23:10:55.900000+00:00,-78.495,-1.963,129.4,4.2,mb,"36 km SSE of Riobamba, Ecuador"
usp0002u27,1986-05-16 05:40:10.290000+00:00,-76.591,-2.223,211.5,4.2,mb,"139 km N of Alianza Cristiana, Peru"
usp0002u3c,1986-05-17 05:01:38.200000+00:00,-79.745,2.183,10.0,4.6,mb,"114 km WNW of Tumaco, Colombia"
usp0002u8e,1986-05-21 03:56:56.280000+00:00,-76.697,-3.454,120.5,4.9,mb,"29 km W of Alianza Cristiana, Peru"
usp0002ucv,1986-05-24 17:01:17.120000+00:00,-77.785,-1.437,178.8,4.5,mb,"24 km ENE of Puyo, Ecuador"
usp0002uvk,1986-06-07 12:26:25.370000+00:00,-76.932,-5.391,125.8,5.0,mb,"67 km SSW of Barranca, Peru"
usp0002v0d,1986-06-12 18:16:20.740000+00:00,-79.866,-2.328,87.7,4.6,mb,"14 km S of Guayaquil, Ecuador"
usp0002vfs,1986-06-27 21:07:56.860000+00:00,-77.384,0.061,33.0,4.3,mb,"54 km W of Nueva Loja, Ecuador"
usp0002vx8,1986-07-11 02:39:55.760000+00:00,-81.809,-5.048,80.5,4.6,mb,"77 km W of Paita, Peru"
usp0002vzh,1986-07-13 10:26:07.160000+00:00,-77.957,-0.607,5.0,4.9,mb,"37 km NNW of Archidona, Ecuador"
usp0002w04,1986-07-13 19:02:41.630000+00:00,-77.603,-3.114,117.8,4.6,mb,"96 km SE of Sucúa, Ecuador"
usp0002wnx,1986-07-29 09:56:24.500000+00:00,-77.912,-2.259,189.7,4.4,mb,"22 km ENE of Macas, Ecuador"
usp0002xcv,1986-08-21 11:46:08+00:00,-77.914,-1.612,131.9,4.4,mb,"11 km NNE of Palora, Ecuador"
usp0002xkw,1986-08-27 23:44:17.140000+00:00,-76.149,-4.567,125.3,4.7,mb,"65 km ENE of Barranca, Peru"
usp0002xtc,1986-09-03 23:58:50.850000+00:00,-77.735,-1.798,166.9,4.4,mb,"27 km ESE of Palora, Ecuador"
usp0002xws,1986-09-07 18:34:08.110000+00:00,-77.659,-2.428,33.0,4.0,mb,"52 km ESE of Macas, Ecuador"
usp0002y1f,1986-09-13 04:25:42.590000+00:00,-79.525,1.962,33.0,4.4,mb,"83 km WNW of Tumaco, Colombia"
usp0002y81,1986-09-20 07:01:34.830000+00:00,-76.905,-5.045,132.1,4.5,mb,"34 km SW of Barranca, Peru"
usp0002yvt,1986-10-12 08:07:12+00:00,-77.25,-4.915,135.9,4.4,mb,"64 km W of Barranca, Peru"
usp0002zfd,1986-10-28 18:42:24.080000+00:00,-79.736,-2.567,33.0,4.8,mb,"17 km NW of Naranjal, Ecuador"
usp0002zhe,1986-10-31 01:11:14.820000+00:00,-76.458,-2.219,175.0,4.3,mb,"138 km N of Alianza Cristiana, Peru"
usp0002zj6,1986-11-01 01:12:37.810000+00:00,-77.429,-1.582,222.3,4.4,mb,"61 km ENE of Palora, Ecuador"
usp0002zqt,1986-11-06 03:34:31.010000+00:00,-78.449,-1.174,33.0,4.6,mb,"10 km E of Píllaro, Ecuador"
usp000305a,1986-11-19 01:14:53.010000+00:00,-77.416,-1.579,202.2,4.7,mb,"62 km ENE of Palora, Ecuador"
usp000309v,1986-11-22 15:00:27.920000+00:00,-79.854,-0.014,33.0,4.9,mb,"24 km ESE of Pedernales, Ecuador"
usp00030ah,1986-11-23 01:39:23.900000+00:00,-77.411,-3.342,105.7,6.8,mw,"109 km W of Alianza Cristiana, Peru"
usp00030b5,1986-11-23 16:30:05.330000+00:00,-78.481,-0.247,33.0,5.3,mb,"5 km ESE of Quito, Ecuador"
usp0003154,1986-12-25 21:02:54.270000+00:00,-76.359,-4.865,121.4,4.8,mb,"35 km E of Barranca, Peru"
usp000317e,1986-12-28 05:27:17.600000+00:00,-76.991,-4.441,141.2,4.6,mb,"55 km NW of Barranca, Peru"
usp00031gg,1987-01-08 08:52:03.920000+00:00,-78.208,-3.521,33.0,4.6,mb,"43 km ESE of Gualaquiza, Ecuador"
usp00031q0,1987-01-15 22:37:46.400000+00:00,-79.698,-2.745,33.0,4.6,mb,"11 km SW of Naranjal, Ecuador"
usp00031ts,1987-01-21 16:35:12.620000+00:00,-77.631,-1.049,138.0,4.3,mb,"21 km ESE of Tena, Ecuador"
usp000330t,1987-03-06 01:54:50.490000+00:00,-77.653,0.048,14.1,6.4,mw,"49 km SE of Pimampiro, Ecuador"
usp000330w,1987-03-06 04:10:41.960000+00:00,-77.821,0.151,10.0,7.2,mw,"29 km SSE of Pimampiro, Ecuador"
usp000330x,1987-03-06 04:17:30.070000+00:00,-77.6,-0.22,10.0,5.5,mb,"67 km ESE of Cayambe, Ecuador"
usp0003312,1987-03-06 06:33:03.690000+00:00,-77.629,-0.055,10.0,5.2,mb,"58 km E of Cayambe, Ecuador"
usp0003315,1987-03-06 08:14:48.080000+00:00,-77.927,0.022,8.5,6.0,mw,"24 km E of Cayambe, Ecuador"
usp000331d,1987-03-06 12:40:05.030000+00:00,-77.565,-0.152,12.2,4.9,mb,"68 km ESE of Cayambe, Ecuador"
usp000331f,1987-03-06 13:49:52.350000+00:00,-77.268,0.14,10.0,4.7,mb,"41 km W of Nueva Loja, Ecuador"
usp000332x,1987-03-07 19:16:32.230000+00:00,-77.716,-0.208,10.0,4.3,mb,"55 km ESE of Cayambe, Ecuador"
usp0003334,1987-03-07 22:58:14.080000+00:00,-77.533,-0.138,10.0,4.7,mb,"70 km WNW of Puerto Francisco de Orellana, Ecuador"
usp0003342,1987-03-08 22:41:55.740000+00:00,-80.909,-5.308,33.0,4.7,mb,"18 km WNW of Tablazo Norte, Peru"
usp000334g,1987-03-09 09:25:28.750000+00:00,-78.797,-0.561,10.0,4.7,mb,"26 km WSW of Machachi, Ecuador"
usp0003358,1987-03-10 01:35:28.550000+00:00,-77.948,-0.187,10.0,4.8,mb,"33 km SE of Cayambe, Ecuador"
usp000335j,1987-03-10 06:38:56.550000+00:00,-77.95,-0.267,10.0,4.7,mb,"40 km SSE of Cayambe, Ecuador"
usp000335w,1987-03-10 14:59:23.420000+00:00,-77.733,-0.268,10.0,4.7,mb,"57 km SE of Cayambe, Ecuador"
usp000337x,1987-03-12 11:02:28.290000+00:00,-81.444,-3.861,33.4,5.2,mw,"51 km NNW of El Alto, Peru"
usp00033by,1987-03-16 07:31:49.740000+00:00,-77.776,-0.1,10.0,4.3,mb,"43 km ESE of Cayambe, Ecuador"
usp000344m,1987-04-13 12:15:24.640000+00:00,-78.553,-4.969,33.0,4.6,mb,"53 km ENE of San Ignacio, Peru"
usp00034g8,1987-04-26 10:07:18+00:00,-80.858,-0.961,33.0,4.0,mb,"16 km W of Manta, Ecuador"
usp00034wr,1987-05-11 01:32:29.730000+00:00,-77.414,-2.089,163.0,4.4,mb,"74 km SE of Palora, Ecuador"
usp0003556,1987-05-20 23:41:22.720000+00:00,-77.585,-2.007,167.6,4.9,mb,"54 km SE of Palora, Ecuador"
usp00035jk,1987-06-06 06:25:08.520000+00:00,-80.873,-3.155,41.7,4.6,mb,"62 km NNW of Zorritos, Peru"
usp00035m5,1987-06-07 15:18:04.850000+00:00,-77.741,-1.676,182.6,4.3,mb,"25 km E of Palora, Ecuador"
usp00035qe,1987-06-11 18:52:19.780000+00:00,-76.545,-2.795,121.7,4.6,mb,"76 km N of Alianza Cristiana, Peru"
usp00036q3,1987-07-17 02:34:33.110000+00:00,-80.644,-2.976,33.0,4.7,mb,"47 km SW of Playas, Ecuador"
usp000373m,1987-07-31 19:05:46.520000+00:00,-80.589,-1.314,33.0,4.8,mb,"4 km NNW of Jipijapa, Ecuador"
usp00037jk,1987-08-15 13:46:37.900000+00:00,-78.093,-1.165,58.7,4.6,mb,"36 km WSW of Tena, Ecuador"
usp000384w,1987-09-06 06:54:00.260000+00:00,-77.487,-1.497,197.9,4.4,mb,"57 km E of Puyo, Ecuador"
usp000386q,1987-09-07 20:59:06+00:00,-81.898,-2.972,10.0,4.8,mb,"134 km SW of Salinas, Ecuador"
usp00038m3,1987-09-22 13:43:37.680000+00:00,-78.05,-0.978,10.0,6.4,mw,"26 km W of Tena, Ecuador"
usp00038mb,1987-09-22 16:21:35.130000+00:00,-78.127,-1.082,10.0,6.0,mw,"36 km WSW of Tena, Ecuador"
usp00038ms,1987-09-23 06:40:09.640000+00:00,-79.197,-1.138,33.0,4.0,mb,"22 km S of La Maná, Ecuador"
usp00039dp,1987-10-19 12:34:30.880000+00:00,-80.147,-2.808,33.0,4.7,mb,"33 km SE of Playas, Ecuador"
usp00039hh,1987-10-23 15:49:57.270000+00:00,-77.964,-1.115,33.0,4.4,mb,"21 km SW of Tena, Ecuador"
usp0003b18,1987-12-07 01:34:18.280000+00:00,-79.146,2.386,10.0,4.6,mb,"66 km NW of Salahonda, Colombia"
usp0003ba9,1987-12-15 14:20:49.130000+00:00,-80.784,-1.103,57.4,4.8,mb,"15 km WSW of Montecristi, Ecuador"
usp0003bcm,1987-12-18 05:01:23.100000+00:00,-77.803,-1.403,177.3,5.5,mw,"23 km ENE of Puyo, Ecuador"
usp0003bct,1987-12-18 07:45:31.100000+00:00,-81.028,-1.283,33.0,4.5,mb,"48 km WSW of Montecristi, Ecuador"
usp0003bdr,1987-12-19 13:26:39.610000+00:00,-80.553,-0.714,48.6,4.9,mb,"19 km SW of Bahía de Caráquez, Ecuador"
usp0003bev,1987-12-21 07:56:43.620000+00:00,-77.0,-2.747,124.1,4.7,mb,"102 km NW of Alianza Cristiana, Peru"
usp0003bgh,1987-12-23 08:26:38.670000+00:00,-77.867,-5.366,33.0,4.2,mb,"41 km N of Yambrasbamba, Peru"
usp0003bj8,1987-12-25 19:29:10.020000+00:00,-81.398,-3.76,33.0,4.6,mb,"54 km NW of Máncora, Peru"
usp0003c4g,1988-01-17 10:58:06.560000+00:00,-75.479,-3.075,136.0,4.4,mb,"115 km ENE of Alianza Cristiana, Peru"
usp0003c5j,1988-01-18 13:48:12.540000+00:00,-76.641,-2.446,148.7,4.9,mb,"116 km NNW of Alianza Cristiana, Peru"
usp0003eyj,1988-04-12 03:41:54.820000+00:00,-78.529,-0.311,33.0,4.0,mb,"8 km WNW of Sangolquí, Ecuador"
usp0003ez2,1988-04-12 15:26:19.770000+00:00,-77.649,-2.787,27.2,5.2,mw,"68 km ESE of Sucúa, Ecuador"
usp0003f0g,1988-04-13 22:06:22.470000+00:00,-75.861,-3.347,138.4,4.9,mb,"65 km ENE of Alianza Cristiana, Peru"
usp0003f16,1988-04-14 10:43:41.270000+00:00,-77.6,-3.856,113.6,5.0,mb,"119 km ESE of Gualaquiza, Ecuador"
usp0003h18,1988-06-16 16:33:02.790000+00:00,-77.793,-0.163,26.6,4.8,mb,"45 km ESE of Cayambe, Ecuador"
usp0003h9e,1988-06-25 05:49:12.280000+00:00,-80.452,-4.106,55.3,4.8,mb,"28 km SE of Cañaveral, Peru"
usp0003hs5,1988-07-11 01:53:02.240000+00:00,-81.158,-4.756,33.0,4.4,mb,"20 km NNW of San Lucas ( Pueblo Nuevo de Colan), Peru"
usp0003jn2,1988-08-04 11:38:09.960000+00:00,-80.184,-2.413,33.0,4.7,mb,"32 km SW of Santa Lucía, Ecuador"
usp0003k5u,1988-08-20 03:06:31.410000+00:00,-79.587,-2.506,47.4,5.0,mb,"18 km N of Naranjal, Ecuador"
usp0003k8v,1988-08-22 08:57:02.180000+00:00,-77.402,-1.879,59.4,4.6,mb,"65 km ESE of Palora, Ecuador"
usp0003m02,1988-09-15 18:48:01.110000+00:00,-77.866,-1.442,170.2,6.2,mw,"15 km ENE of Puyo, Ecuador"
usp0003m55,1988-09-21 13:57:44.730000+00:00,-77.956,-1.484,163.8,4.9,mb,"5 km E of Puyo, Ecuador"
usp0003nuv,1988-11-14 10:06:59.130000+00:00,-77.46,-4.893,73.3,4.5,mb,"87 km W of Barranca, Peru"
usp0003p3k,1988-11-22 21:45:59.680000+00:00,-80.047,-3.871,33.0,4.5,mb,"26 km SE of Matapalo, Peru"
usp0003pqm,1988-12-09 20:29:29.120000+00:00,-77.706,-2.867,26.6,5.4,mw,"68 km SE of Sucúa, Ecuador"
usp0003pru,1988-12-11 08:49:33.880000+00:00,-77.695,-2.579,56.1,5.2,mb,"54 km ESE of Sucúa, Ecuador"
usp0003prv,1988-12-11 09:05:22.630000+00:00,-77.524,-2.45,79.8,4.7,mb,"67 km ESE of Macas, Ecuador"
usp0003ptj,1988-12-13 02:47:42.370000+00:00,-77.93,-2.787,33.0,4.3,mb,"45 km SE of Sucúa, Ecuador"
usp0003rnu,1989-02-08 11:34:25.200000+00:00,-77.422,-1.561,193.6,4.5,mb,"62 km ENE of Palora, Ecuador"
usp0003sc7,1989-02-26 10:12:29.210000+00:00,-76.748,-4.852,33.0,4.8,mb,"8 km WSW of Barranca, Peru"
usp0003sfx,1989-03-01 13:31:22.160000+00:00,-80.564,-4.372,33.0,4.8,mb,"37 km SSE of Papayal, Peru"
usp0003sgp,1989-03-02 11:32:54.830000+00:00,-78.121,-4.246,40.7,4.9,mb,"84 km ESE of Yantzaza, Ecuador"
usp0003sh0,1989-03-02 14:10:28.570000+00:00,-77.514,-0.593,41.5,5.0,mb,"43 km WNW of Boca Suno, Ecuador"
usp0003snr,1989-03-06 11:44:05.430000+00:00,-80.488,-3.111,38.7,4.7,mb,"49 km NNW of Aguas Verdes, Peru"
usp0003t7y,1989-03-23 17:50:03.470000+00:00,-80.523,-5.383,70.6,4.9,mb,"21 km SE of Catacaos, Peru"
usp0003ung,1989-04-29 22:01:45.720000+00:00,-80.406,-0.903,33.0,4.6,mb,"5 km ENE of Rocafuerte, Ecuador"
usp0003us5,1989-05-02 05:49:36.760000+00:00,-80.422,0.41,33.0,4.3,mb,"50 km WSW of Muisne, Ecuador"
usp0003utt,1989-05-03 03:40:48.010000+00:00,-78.251,-1.057,10.0,4.4,mb,"35 km ENE of Píllaro, Ecuador"
usp0003vcp,1989-05-19 02:46:47.960000+00:00,-77.832,-1.71,163.9,4.7,mb,"14 km E of Palora, Ecuador"
usp0003vjq,1989-05-23 17:52:21.200000+00:00,-77.431,-2.777,118.0,4.5,mb,"89 km ESE of Sucúa, Ecuador"
usp0003vmz,1989-05-25 15:30:21.730000+00:00,-79.285,-1.392,38.1,4.9,mb,"20 km ENE of Ventanas, Ecuador"
usp0003wds,1989-06-18 21:11:58.870000+00:00,-79.017,2.023,33.0,4.7,mb,"35 km NW of Tumaco, Colombia"
usp0003wkn,1989-06-24 15:02:07.740000+00:00,-79.066,1.974,25.2,5.3,mb,"36 km WNW of Tumaco, Colombia"
usp0003wnd,1989-06-25 20:37:32.460000+00:00,-79.616,1.134,15.1,6.3,mw,"19 km NNE of Esmeraldas, Ecuador"
usp0003wpa,1989-06-26 14:01:14.560000+00:00,-79.329,-2.322,114.4,4.8,mb,"11 km N of La Troncal, Ecuador"
usp0003ww5,1989-07-02 14:07:27.330000+00:00,-77.977,-1.385,190.4,4.5,mb,"11 km NNE of Puyo, Ecuador"
usp0003xdt,1989-07-17 21:53:54.030000+00:00,-79.551,2.463,15.5,4.3,mb,"109 km WNW of Salahonda, Colombia"
usp0003xh7,1989-07-21 02:52:58.610000+00:00,-77.682,-1.371,181.3,4.5,mb,"38 km ENE of Puyo, Ecuador"
usp0003xmk,1989-07-23 19:19:41.380000+00:00,-80.459,0.371,33.0,4.8,mb,"55 km WSW of Muisne, Ecuador"
usp0003xtt,1989-07-29 11:28:30.570000+00:00,-79.693,1.565,43.9,4.8,mb,"67 km N of Esmeraldas, Ecuador"
usp0003ycr,1989-08-12 03:55:43.470000+00:00,-77.824,-1.413,169.7,4.5,mb,"21 km ENE of Puyo, Ecuador"
usp0003yh4,1989-08-16 00:17:21.760000+00:00,-77.606,-2.268,41.9,4.9,mb,"56 km E of Macas, Ecuador"
usp0003ysb,1989-08-22 18:07:28.520000+00:00,-79.893,-2.355,33.0,4.3,mb,"17 km S of Guayaquil, Ecuador"
usp0003zc9,1989-09-09 01:40:35.770000+00:00,-79.761,2.435,6.5,5.9,mw,"129 km WNW of Tumaco, Colombia"
usp0003zca,1989-09-09 02:19:01.170000+00:00,-79.657,2.434,10.0,4.7,mb,"119 km WNW of Salahonda, Colombia"
usp0003zcd,1989-09-09 04:11:24.790000+00:00,-79.658,2.411,10.0,4.3,mb,"118 km NW of Tumaco, Colombia"
usp0003zmr,1989-09-16 01:49:15.890000+00:00,-77.469,-0.592,10.0,5.4,mb,"38 km WNW of Boca Suno, Ecuador"
usp0003zvt,1989-09-22 05:43:18.010000+00:00,-80.679,-3.836,64.5,4.4,mb,"12 km NNW of Cañaveral, Peru"
usp00040c0,1989-10-05 15:39:31.490000+00:00,-80.913,-4.337,33.0,4.4,mb,"9 km SSW of La Breita, Peru"
usp00040db,1989-10-06 21:15:41.630000+00:00,-77.546,-0.676,10.0,4.6,mb,"38 km NE of Archidona, Ecuador"
usp00040dk,1989-10-07 01:17:58.300000+00:00,-78.039,-4.949,81.8,4.3,mb,"85 km NNE of La Peca, Peru"
usp00040g6,1989-10-09 10:03:19.490000+00:00,-77.563,-4.293,35.4,5.5,mw,"115 km WNW of Barranca, Peru"
usp00040m3,1989-10-12 18:33:08.480000+00:00,-79.581,-2.12,102.9,4.8,mb,"2 km NE of Milagro, Ecuador"
usp000416d,1989-10-24 04:27:19.590000+00:00,-78.936,0.934,57.1,4.6,mb,"35 km S of Valdez, Ecuador"
usp0004176,1989-10-24 17:29:42.460000+00:00,-77.702,-2.706,37.5,5.0,mb,"58 km ESE of Sucúa, Ecuador"
usp0004180,1989-10-25 05:56:13.070000+00:00,-81.072,-4.83,38.7,4.7,mb,"8 km N of San Lucas ( Pueblo Nuevo de Colan), Peru"
usp00041dk,1989-10-29 04:56:15.570000+00:00,-79.772,-2.701,71.5,4.7,mb,"17 km W of Naranjal, Ecuador"
usp00041qs,1989-11-04 15:39:15.450000+00:00,-80.321,-3.484,36.0,5.0,mb,"5 km WNW of Zarumilla, Peru"
usp00041tq,1989-11-06 21:00:38.180000+00:00,-80.584,-3.191,33.0,5.3,ms,"44 km NNW of Tumbes, Peru"
usp00042fp,1989-11-27 08:07:50.890000+00:00,-81.201,-4.75,73.8,4.6,mb,"20 km SSE of Talara, Peru"
usp00042uu,1989-12-07 16:38:32.790000+00:00,-76.526,-4.276,124.2,5.0,mb,"63 km NNE of Barranca, Peru"
usp000436j,1989-12-17 07:32:29.610000+00:00,-78.348,-1.262,33.0,4.9,mb,"17 km NNE of Baños, Ecuador"
usp00043xz,1990-01-05 15:18:46.240000+00:00,-80.877,-4.056,52.0,5.0,mb,"15 km W of Papayal, Peru"
usp00044k0,1990-01-22 02:31:45.140000+00:00,-80.799,-0.644,33.0,4.2,ms,"36 km NNW of Manta, Ecuador"
usp00045a3,1990-02-10 17:12:10.490000+00:00,-80.829,-3.17,56.9,5.6,mw,"58 km NNW of Zorritos, Peru"
usp00045a5,1990-02-10 18:40:29.270000+00:00,-81.755,-3.224,33.0,5.1,mb,"125 km NW of Máncora, Peru"
usp00045b5,1990-02-11 11:23:53.840000+00:00,-81.745,-3.876,32.6,5.0,mb,"72 km NW of El Alto, Peru"
usp00045gz,1990-02-16 15:12:46.480000+00:00,-80.683,-3.121,76.4,5.3,mw,"55 km NNW of Tumbes, Peru"
usp00045rj,1990-02-21 21:33:32.200000+00:00,-80.204,0.179,58.2,4.8,mb,"20 km NW of Pedernales, Ecuador"
usp000461q,1990-03-01 04:28:50.510000+00:00,-79.678,-2.825,47.0,4.3,mb,"17 km ENE of Baláo, Ecuador"
usp00046g7,1990-03-12 07:32:08.770000+00:00,-78.019,-1.04,10.0,4.1,mb,"23 km WSW of Tena, Ecuador"
usp00046jg,1990-03-13 19:40:33.680000+00:00,-76.913,-3.429,112.1,5.6,mw,"53 km W of Alianza Cristiana, Peru"
usp00046t9,1990-03-19 01:12:19.780000+00:00,-77.909,-1.693,162.1,4.3,mb,"6 km E of Palora, Ecuador"
usp0004717,1990-03-25 03:37:34.900000+00:00,-79.946,-2.374,33.0,4.1,mb,"20 km SSW of Guayaquil, Ecuador"
usp000479m,1990-03-31 10:02:15.480000+00:00,-79.403,-2.779,85.6,4.4,mb,"26 km ESE of Naranjal, Ecuador"
usp0004895,1990-04-21 19:26:41.700000+00:00,-77.673,-2.99,33.0,4.5,mb,"80 km SE of Sucúa, Ecuador"
usp00048ww,1990-05-05 17:10:10.520000+00:00,-79.657,-2.716,28.8,4.8,mb,"6 km SW of Naranjal, Ecuador"
usp0004931,1990-05-09 08:05:33.610000+00:00,-80.596,-2.167,27.8,4.7,mb,near the coast of Ecuador
usp00049an,1990-05-15 05:07:04.290000+00:00,-81.041,-4.974,31.9,5.0,mb,"7 km NNE of Salinera Colán, Peru"
usp0004azf,1990-06-25 04:12:06.490000+00:00,-79.235,-5.256,33.0,4.4,mb,"8 km NE of Tabaconas, Peru"
usp0004b07,1990-06-25 18:34:59.310000+00:00,-77.933,-1.454,193.0,4.5,mb,"8 km ENE of Puyo, Ecuador"
usp0004bwa,1990-07-15 10:10:18.960000+00:00,-77.827,-2.429,132.9,4.6,mb,"34 km ESE of Macas, Ecuador"
usp0004cq1,1990-07-29 15:29:12.510000+00:00,-80.857,-4.893,39.1,5.2,mw,"11 km E of La Huaca, Peru"
usp0004d7s,1990-08-11 02:59:54.970000+00:00,-78.449,-0.059,5.0,5.3,mw,"20 km NNE of Quito, Ecuador"
usp0004d9m,1990-08-12 05:35:19.250000+00:00,-80.305,-0.385,33.0,4.4,mb,"26 km NNE of Bahía de Caráquez, Ecuador"
usp0004dex,1990-08-15 21:24:42.490000+00:00,-80.758,-4.294,32.8,5.0,mb,"14 km ESE of La Breita, Peru"
usp0004dk7,1990-08-18 11:07:30.800000+00:00,-76.658,-2.703,135.7,5.0,mb,"88 km NNW of Alianza Cristiana, Peru"
usp0004e6r,1990-09-02 04:26:48.070000+00:00,-80.283,-0.143,14.2,6.6,mw,"34 km SW of Pedernales, Ecuador"
usp0004e6t,1990-09-02 05:07:16.280000+00:00,-80.229,-0.087,28.0,5.0,mb,"26 km SW of Pedernales, Ecuador"
usp0004eb6,1990-09-05 05:49:19.710000+00:00,-80.361,-2.213,63.6,4.9,mb,"40 km W of Santa Lucía, Ecuador"
usp0004f0v,1990-09-24 08:49:37.490000+00:00,-78.006,0.013,10.0,4.2,mb,"15 km E of Cayambe, Ecuador"
usp0004f2q,1990-09-26 07:55:47.400000+00:00,-77.24,-1.935,174.7,4.2,mb,"84 km ESE of Palora, Ecuador"
usp0004fq3,1990-10-13 11:14:33.150000+00:00,-80.044,-2.225,75.6,5.0,mb,"6 km SW of Santa Lucía, Ecuador"
usp0004g0j,1990-10-21 15:10:43.700000+00:00,-77.274,-3.989,116.3,5.4,mw,"109 km WSW of Alianza Cristiana, Peru"
usp0004g8b,1990-10-28 02:27:44.330000+00:00,-76.898,-4.816,33.0,4.8,mb,"24 km W of Barranca, Peru"
usp0004gk8,1990-11-06 15:39:08.430000+00:00,-79.09,-0.952,109.1,4.5,mb,"15 km E of La Maná, Ecuador"
usp0004h1p,1990-11-17 14:16:47.060000+00:00,-76.776,-4.577,121.0,4.2,mb,"30 km NNW of Barranca, Peru"
usp0004h97,1990-11-23 07:27:35.680000+00:00,-80.823,-3.616,33.0,4.9,mb,"17 km WNW of Zorritos, Peru"
usp0004ha2,1990-11-23 22:15:59.600000+00:00,-78.084,-1.803,155.7,4.7,mb,"17 km SW of Palora, Ecuador"
usp0004hcr,1990-11-25 12:32:45.190000+00:00,-77.773,-2.692,25.4,5.4,mw,"51 km ESE of Sucúa, Ecuador"
usp0004jtb,1990-12-26 05:58:30.600000+00:00,-78.303,-5.136,33.0,4.6,mb,"54 km NNE of La Peca, Peru"
usp0004k5d,1991-01-03 09:56:05.780000+00:00,-79.704,-4.207,10.0,4.3,mb,"18 km SSW of Catacocha, Ecuador"
usp0004k99,1991-01-06 01:47:43.450000+00:00,-79.723,-3.83,103.4,4.5,mb,"16 km SW of Portovelo, Ecuador"
usp0004kfw,1991-01-10 13:07:24.400000+00:00,-76.506,-4.804,40.8,4.4,mb,"19 km E of Barranca, Peru"
usp0004km9,1991-01-13 09:19:36.520000+00:00,-78.562,-1.839,142.3,4.3,mb,"20 km SSE of Riobamba, Ecuador"
usp0004m2h,1991-01-23 14:18:52.640000+00:00,-78.943,1.388,25.0,4.4,md,"6 km NW of Pampanal de Bolívar, Ecuador"
usp0004mxn,1991-02-14 12:10:43.800000+00:00,-80.593,-4.419,62.9,4.7,mb,"37 km ESE of La Breita, Peru"
usp0004n18,1991-02-17 04:37:36.980000+00:00,-77.96,-1.413,45.7,4.7,mb,"9 km NNE of Puyo, Ecuador"
usp0004n6u,1991-02-20 23:17:04.250000+00:00,-77.956,-1.596,176.6,4.4,mb,"11 km N of Palora, Ecuador"
usp0004nz5,1991-03-12 13:41:29.940000+00:00,-75.653,-3.337,135.0,4.7,mb,"88 km E of Alianza Cristiana, Peru"
usp0004pfz,1991-03-24 16:13:30.570000+00:00,-78.059,-1.01,10.0,4.0,md,"27 km W of Tena, Ecuador"
usp0004ph9,1991-03-25 23:51:59.960000+00:00,-79.08,2.135,41.2,5.0,mb,"48 km WNW of Salahonda, Colombia"
usp0004pqq,1991-03-29 20:13:48.390000+00:00,-80.907,-3.959,37.7,5.6,mw,"22 km NE of Máncora, Peru"
usp0004pr0,1991-03-30 01:53:22.540000+00:00,-80.804,-3.76,69.4,4.7,mb,"16 km WSW of Zorritos, Peru"
usp0004pu7,1991-04-01 13:01:06.990000+00:00,-78.425,-0.153,17.3,4.6,mb,"14 km NE of Quito, Ecuador"
usp0004pz2,1991-04-05 06:54:12.210000+00:00,-77.052,-5.399,33.0,4.7,mb,"69 km NNE of Segunda Jerusalén - Azunguillo, Peru"
usp0004qas,1991-04-14 08:18:33.480000+00:00,-76.813,-5.491,14.9,4.7,mb,"62 km NNE of Moyobamba, Peru"
usp0004qnu,1991-04-22 11:03:10.050000+00:00,-78.893,-0.297,28.3,4.7,mb,"31 km E of Santo Domingo de los Colorados, Ecuador"
usp0004rby,1991-05-07 06:59:02.730000+00:00,-80.58,-3.751,99.7,4.1,mb,"13 km SE of Zorritos, Peru"
usp0004rh4,1991-05-11 17:58:14.340000+00:00,-77.369,0.007,67.5,4.0,mb,"53 km W of Nueva Loja, Ecuador"
usp0004rre,1991-05-17 08:05:18.970000+00:00,-79.833,-2.177,90.6,4.1,mb,"2 km E of Eloy Alfaro, Ecuador"
usp0004ry3,1991-05-21 19:44:56.020000+00:00,-77.874,-1.715,139.1,4.1,mb,"10 km E of Palora, Ecuador"
usp0004s8r,1991-05-29 23:52:24.470000+00:00,-75.461,-3.771,52.9,4.1,mb,"112 km ESE of Alianza Cristiana, Peru"
usp0004ste,1991-06-12 00:45:40.080000+00:00,-78.884,-2.285,94.4,5.8,mw,"9 km SSW of Alausí, Ecuador"
usp0004udp,1991-07-20 15:21:08.820000+00:00,-78.148,-0.703,33.0,4.0,md,"44 km WNW of Archidona, Ecuador"
usp0004uzb,1991-08-04 04:53:13.890000+00:00,-80.615,-0.805,10.0,4.5,md,"20 km NNE of Manta, Ecuador"
usp0004uzf,1991-08-04 07:45:30.940000+00:00,-80.916,-0.912,21.2,5.5,mw,"23 km WNW of Manta, Ecuador"
usp0004v04,1991-08-04 22:00:11.850000+00:00,-77.114,-2.324,33.0,4.8,mb,"110 km E of Macas, Ecuador"
usp0004vjx,1991-08-19 00:46:14.780000+00:00,-79.267,-2.327,105.4,4.6,mb,"13 km NE of La Troncal, Ecuador"
usp0004vxe,1991-08-27 08:31:37.520000+00:00,-79.859,-1.943,100.8,4.1,mb,"12 km E of El Triunfo, Ecuador"
usp0004w17,1991-08-30 00:16:21.290000+00:00,-81.541,-4.349,23.2,5.2,mb,"37 km WSW of El Alto, Peru"
usp0004wa3,1991-09-06 04:01:53.360000+00:00,-78.423,0.055,10.0,4.2,md,"26 km SW of Otavalo, Ecuador"
usp0004waa,1991-09-06 08:11:38.180000+00:00,-76.506,2.265,10.0,4.2,md,"11 km E of Paispamba, Colombia"
usp0004wp5,1991-09-15 19:48:42.950000+00:00,-79.437,-2.287,121.5,4.5,md,"8 km S of Coronel Marcelino Maridueña, Ecuador"
usp0004wtd,1991-09-19 15:18:41.210000+00:00,-78.653,0.525,33.0,4.4,md,"49 km WNW of Cotacachi, Ecuador"
usp0004x08,1991-09-24 21:56:06.810000+00:00,-78.319,-1.081,10.0,4.0,md,"27 km ENE of Píllaro, Ecuador"
usp0004x0f,1991-09-25 00:37:00.660000+00:00,-80.704,-0.996,10.0,4.1,md,"3 km SSE of Manta, Ecuador"
usp0004xfz,1991-10-06 16:07:53.150000+00:00,-77.052,-1.887,174.2,4.6,mb,"103 km ESE of Palora, Ecuador"
usp0004xjf,1991-10-08 19:16:56.300000+00:00,-77.757,1.749,33.0,4.0,md,"22 km WNW of Cumbitara, Colombia"
usp0004xs3,1991-10-13 11:39:02.080000+00:00,-76.991,2.48,90.0,4.1,md,"16 km WSW of Villa Rica, Colombia"
usp0004xuq,1991-10-15 04:03:55.770000+00:00,-77.273,2.442,90.0,4.0,md,"20 km N of Argelia, Colombia"
usp0004xxm,1991-10-17 05:42:48.970000+00:00,-76.086,2.114,33.0,4.5,md,"14 km NW of Oporapa, Colombia"
usp0004zds,1991-11-21 07:47:13.280000+00:00,-80.152,-2.313,62.3,4.2,mb,"22 km SW of Santa Lucía, Ecuador"
usp0004zdt,1991-11-21 08:24:14.230000+00:00,-79.793,-1.898,10.0,4.1,md,"9 km WNW of Palestina, Ecuador"
usp0004zkh,1991-11-24 18:51:32.280000+00:00,-79.796,2.339,33.0,4.2,mb,"126 km WNW of Tumaco, Colombia"
usp00050ap,1991-12-12 07:12:41.070000+00:00,-77.49,-0.902,33.0,4.7,mb,"35 km E of Archidona, Ecuador"
usp00050k9,1991-12-17 08:43:39.150000+00:00,-75.689,-3.173,139.0,4.7,mb,"89 km ENE of Alianza Cristiana, Peru"
usp0005114,1991-12-27 06:33:41.680000+00:00,-81.248,-4.315,33.0,4.8,mb,"6 km SSW of El Alto, Peru"
usp00051td,1992-01-15 01:18:12.730000+00:00,-77.041,-2.169,147.8,5.6,mw,Peru-Ecuador border region
usp000529n,1992-01-26 22:01:53.640000+00:00,-77.589,0.676,10.0,4.0,mb,"14 km S of Potosí, Colombia"
usp00052q4,1992-02-06 09:42:57+00:00,-77.546,-3.563,83.6,4.6,mb,"116 km E of Gualaquiza, Ecuador"
usp00054yq,1992-03-28 09:26:43.990000+00:00,-77.716,-1.413,183.5,4.2,mb,"32 km ENE of Puyo, Ecuador"
usp0005668,1992-04-22 23:41:20.050000+00:00,-75.992,-4.974,125.0,4.6,mb,"44 km NW of Lagunas, Peru"
usp0005at4,1992-07-13 18:11:33.710000+00:00,-76.602,-3.919,96.5,6.3,mw,"52 km SSW of Alianza Cristiana, Peru"
usp0005bxf,1992-08-03 14:19:05.210000+00:00,-80.661,-5.025,80.0,4.5,mb,"13 km SSE of Nuevo Sullana, Peru"
usp0005ck1,1992-08-17 00:52:07.830000+00:00,-77.985,-4.683,49.5,5.3,mw,"114 km NNE of La Peca, Peru"
usp0005cp0,1992-08-18 12:53:55.680000+00:00,-79.923,-2.895,27.0,5.3,mw,"12 km W of Baláo, Ecuador"
usp0005d4a,1992-08-26 21:52:51.930000+00:00,-76.196,-2.405,175.5,4.4,mb,"121 km NNE of Alianza Cristiana, Peru"
usp0005ea6,1992-09-22 06:49:00.730000+00:00,-76.364,-4.461,49.3,4.5,mb,"53 km NE of Barranca, Peru"
usp0005hn3,1992-11-30 05:01:36.290000+00:00,-75.622,-3.132,127.7,4.4,mb,"97 km ENE of Alianza Cristiana, Peru"
usp0005hs0,1992-12-03 10:28:00.960000+00:00,-81.159,-4.247,24.7,4.8,mb,"6 km ENE of El Alto, Peru"
usp0005hvr,1992-12-06 00:40:34.480000+00:00,-75.39,1.808,18.1,4.9,mb,"18 km NW of El Doncello, Colombia"
usp0005jwd,1992-12-26 14:57:38.810000+00:00,-78.064,-1.011,11.6,5.9,mw,"28 km W of Tena, Ecuador"
usp0005jwg,1992-12-26 16:08:56.590000+00:00,-78.796,-1.063,10.0,4.1,mb,"16 km SW of Pujilí, Ecuador"
usp0005jx3,1992-12-27 01:18:16.510000+00:00,-78.337,-1.081,10.0,4.8,mb,"25 km ENE of Píllaro, Ecuador"
usp0005jzb,1992-12-28 06:32:33.480000+00:00,-78.593,-1.234,10.0,4.0,mb,"3 km ENE of Ambato, Ecuador"
usp0005kem,1993-01-07 23:15:24.740000+00:00,-78.007,-4.362,33.0,4.4,mb,"102 km SE of Yantzaza, Ecuador"
usp0005krn,1993-01-14 08:41:33.420000+00:00,-80.799,-1.553,33.0,4.7,mb,"33 km SW of Jipijapa, Ecuador"
usp0005mhu,1993-02-02 13:56:24.250000+00:00,-81.955,-1.592,33.0,5.0,mb,"131 km WNW of Salinas, Ecuador"
usp0005n04,1993-02-12 23:38:17.580000+00:00,-81.114,-1.767,33.0,4.6,mb,"52 km NNW of Salinas, Ecuador"
usp0005n4s,1993-02-15 16:00:41.800000+00:00,-81.258,-1.849,33.0,4.2,mb,"52 km NW of Salinas, Ecuador"
usp0005raa,1993-04-17 01:53:40.140000+00:00,-80.005,-2.461,33.0,4.9,ms,"30 km S of Santa Lucía, Ecuador"
usp0005ru0,1993-04-27 03:22:09.870000+00:00,-79.77,-1.972,103.7,4.4,mb,"5 km WSW of Samborondón, Ecuador"
usp0005sef,1993-05-08 14:42:59.280000+00:00,-79.3,-4.352,98.8,4.7,mb,"28 km E of Cariamanga, Ecuador"
usp0005swk,1993-05-16 14:59:54.950000+00:00,-80.631,-4.431,84.9,4.6,mb,"34 km SE of La Breita, Peru"
usp0005td5,1993-05-24 11:10:56.920000+00:00,-77.315,-1.511,200.9,4.8,mb,"75 km ENE of Palora, Ecuador"
usp0005v40,1993-06-24 13:57:01.730000+00:00,-79.701,-2.786,33.0,4.6,mb,"15 km SW of Naranjal, Ecuador"
usp0005yw8,1993-08-20 06:35:10.040000+00:00,-80.49,-1.321,33.0,4.8,mb,"9 km WSW of Sucre, Ecuador"
usp0005zqh,1993-09-04 03:44:03.560000+00:00,-78.244,-3.19,84.3,4.7,mb,"44 km ENE of Gualaquiza, Ecuador"
usp0005zvt,1993-09-07 08:28:21.920000+00:00,-80.58,1.801,33.0,4.7,mb,"138 km NW of Esmeraldas, Ecuador"
usp000604g,1993-09-11 06:14:27.700000+00:00,-76.318,-4.689,120.5,5.7,mw,"42 km ENE of Barranca, Peru"
usp00060t1,1993-09-21 17:01:57.250000+00:00,-78.989,-0.217,33.0,4.4,mb,"21 km E of Santo Domingo de los Colorados, Ecuador"
usp00061ez,1993-10-04 04:34:39.630000+00:00,-78.082,-1.935,65.9,5.0,mb,"28 km SSW of Palora, Ecuador"
usp00061nm,1993-10-08 08:21:53.850000+00:00,-78.402,-2.061,33.0,4.6,mb,"42 km NW of Macas, Ecuador"
usp0006411,1993-11-21 21:33:05.680000+00:00,-78.052,-4.916,23.9,4.8,mb,"87 km NNE of La Peca, Peru"
usp000646j,1993-11-25 06:44:52.140000+00:00,-77.134,-5.398,33.0,4.3,mb,"67 km NNE of Segunda Jerusalén - Azunguillo, Peru"
usp00064up,1993-12-08 02:52:23.430000+00:00,-77.275,-4.583,135.4,4.9,mb,"71 km WNW of Barranca, Peru"
usp00065nq,1993-12-26 05:33:47.020000+00:00,-80.891,-2.471,40.7,4.8,mb,"26 km S of La Libertad, Ecuador"
usp000663b,1994-01-06 08:31:19.180000+00:00,-80.561,-4.327,33.0,4.4,md,"33 km SE of Papayal, Peru"
usp00066ek,1994-01-14 06:53:35.980000+00:00,-78.718,2.187,33.0,4.4,mb,near the west coast of Colombia
usp000672f,1994-01-20 13:13:57.990000+00:00,-80.506,-3.011,33.0,4.3,mb,"43 km SSW of Playas, Ecuador"
usp00067d6,1994-01-25 05:41:19.220000+00:00,-78.009,-1.543,168.1,5.4,mw,"6 km S of Puyo, Ecuador"
usp00069t2,1994-03-16 22:55:46.900000+00:00,-79.678,-0.904,119.5,4.0,md,"16 km NNW of Velasco Ibarra, Ecuador"
usp0006a2k,1994-03-23 18:34:01.520000+00:00,-78.388,-1.332,10.0,4.0,md,"8 km NNE of Baños, Ecuador"
usp0006a3t,1994-03-24 11:59:07.630000+00:00,-79.135,0.38,33.0,4.0,md,"38 km E of Rosa Zarate, Ecuador"
usp0006a5g,1994-03-25 12:19:32.060000+00:00,-78.417,-1.134,10.0,4.0,md,"15 km ENE of Píllaro, Ecuador"
usp0006abp,1994-03-29 11:58:21.870000+00:00,-79.778,0.656,10.0,4.3,md,"27 km E of Muisne, Ecuador"
usp0006aff,1994-04-01 05:01:04.110000+00:00,-79.798,0.502,23.5,4.0,md,"27 km ESE of Muisne, Ecuador"
usp0006afr,1994-04-01 08:29:39.070000+00:00,-79.863,0.612,33.0,4.0,md,near the coast of Ecuador
usp0006axy,1994-04-11 08:00:42.790000+00:00,-79.439,2.393,29.5,4.6,mb,"95 km WNW of Salahonda, Colombia"
usp0006bqq,1994-04-27 12:16:55.260000+00:00,-76.455,-5.28,33.0,4.9,mb,"55 km SSE of Barranca, Peru"
usp0006c8v,1994-05-08 08:43:20.740000+00:00,-77.783,-1.397,178.5,4.4,mb,"26 km ENE of Puyo, Ecuador"
usp0006cd0,1994-05-11 04:17:10.830000+00:00,-78.7,-3.63,33.0,4.5,mb,"23 km NNE of Yantzaza, Ecuador"
usp0006cdf,1994-05-11 11:53:27.950000+00:00,-78.701,0.45,18.8,5.3,mb,"51 km WNW of Cotacachi, Ecuador"
usp0006ceu,1994-05-12 11:27:53+00:00,-79.249,-2.561,84.6,4.9,mb,"18 km SSE of La Troncal, Ecuador"
usp0006f2j,1994-07-02 10:18:09.560000+00:00,-78.126,-1.679,128.4,4.2,mb,"18 km W of Palora, Ecuador"
usp0006fb3,1994-07-07 22:54:10.870000+00:00,-78.291,-1.07,12.6,5.1,mb,"30 km ENE of Píllaro, Ecuador"
usp0006fvh,1994-07-18 18:15:41.760000+00:00,-77.832,-1.363,173.0,4.5,mb,"23 km NE of Puyo, Ecuador"
usp0006gv0,1994-08-11 22:28:29.350000+00:00,-80.833,-1.983,14.7,5.1,ms,"27 km N of Santa Elena, Ecuador"
usp0006jjh,1994-09-16 21:19:26.250000+00:00,-77.444,-2.928,89.8,4.6,mb,"96 km ESE of Sucúa, Ecuador"
usp0006kxj,1994-10-10 18:49:12.240000+00:00,-77.908,-3.765,22.9,4.9,mb,"84 km ESE of Gualaquiza, Ecuador"
usp0006nn1,1994-11-14 18:29:35.770000+00:00,-79.218,-3.877,33.0,4.7,mb,"12 km N of Loja, Ecuador"
usp0006p8f,1994-11-26 02:12:42.010000+00:00,-80.837,-4.651,37.3,5.0,mb,"28 km NW of Salitral, Peru"
usp0006qz8,1995-01-07 02:13:28.030000+00:00,-78.01,-1.57,165.7,5.4,mb,"9 km S of Puyo, Ecuador"
usp0006r3s,1995-01-09 19:14:32.600000+00:00,-78.873,1.146,33.0,4.4,mb,"16 km SSW of San Lorenzo de Esmeraldas, Ecuador"
usp0006r9k,1995-01-13 19:13:03.550000+00:00,-78.571,-0.078,13.9,4.6,mb,"17 km NNW of Quito, Ecuador"
usp0006s9j,1995-02-02 22:10:07.290000+00:00,-77.825,-2.717,100.0,4.4,mb,"47 km SE of Sucúa, Ecuador"
usp0006snr,1995-02-09 15:22:34.980000+00:00,-77.451,-2.136,33.0,4.3,mb,"74 km SE of Palora, Ecuador"
usp0006su1,1995-02-12 23:19:53.780000+00:00,-77.41,-1.102,187.2,4.2,mb,"46 km ESE of Tena, Ecuador"
usp0006sxx,1995-02-14 12:25:37.040000+00:00,-80.407,-1.436,33.0,4.6,mb,"13 km N of Paján, Ecuador"
usp0006tts,1995-03-04 23:23:40.680000+00:00,-77.307,1.282,5.0,4.4,mb,"5 km E of Nariño, Colombia"
usp0006u4e,1995-03-13 03:54:30.760000+00:00,-80.857,-3.604,35.2,4.6,mb,"21 km WNW of Zorritos, Peru"
usp0006usa,1995-03-26 15:12:31.760000+00:00,-79.492,-2.05,90.6,5.6,mw,"13 km NNW of Naranjito, Ecuador"
usp0006vns,1995-04-14 14:12:59.810000+00:00,-77.507,-1.837,164.6,5.5,mb,"53 km ESE of Palora, Ecuador"
usp0006wp7,1995-05-01 16:55:42.910000+00:00,-76.267,-3.884,115.5,4.4,mb,"48 km SSE of Alianza Cristiana, Peru"
usp0006wq1,1995-05-02 06:06:05.690000+00:00,-76.917,-3.792,97.0,6.7,mw,"64 km WSW of Alianza Cristiana, Peru"
usp0006ybv,1995-05-31 00:07:41.690000+00:00,-77.966,-1.677,179.9,4.1,mb,"2 km N of Palora, Ecuador"
usp0006z2t,1995-06-14 17:32:01.050000+00:00,-79.794,-2.95,33.0,4.9,mb,"4 km SSE of Baláo, Ecuador"
usp0006zaj,1995-06-18 00:49:27.630000+00:00,-80.896,-1.328,33.0,4.1,mb,"35 km W of Jipijapa, Ecuador"
usp0006zrs,1995-06-27 00:37:29.750000+00:00,-79.16,-2.82,33.0,4.9,mb,"19 km WNW of Cuenca, Ecuador"
usp000707y,1995-07-06 13:41:17.540000+00:00,-77.905,-1.515,147.4,4.5,mb,"11 km ESE of Puyo, Ecuador"
usp00070pn,1995-07-17 15:51:40.950000+00:00,-81.012,-4.183,33.0,4.1,mb,"9 km SSE of Máncora, Peru"
usp00070sz,1995-07-20 11:13:37.960000+00:00,-80.091,0.522,33.0,5.0,mb,"12 km SW of Muisne, Ecuador"
usp00071be,1995-08-02 10:34:54.790000+00:00,-76.515,-3.375,100.0,4.4,mb,"14 km NW of Alianza Cristiana, Peru"
usp00071r7,1995-08-12 05:04:14.240000+00:00,-77.874,-1.353,139.5,4.3,mb,"20 km NE of Puyo, Ecuador"
usp00071t5,1995-08-13 15:53:56.650000+00:00,-80.276,-2.508,33.0,4.6,mb,"18 km NE of Playas, Ecuador"
usp00074c4,1995-10-03 01:51:23.900000+00:00,-77.881,-2.75,24.4,7.0,mw,"45 km SE of Sucúa, Ecuador"
usp00074c5,1995-10-03 01:57:03.490000+00:00,-77.777,-2.614,33.0,5.6,mb,"47 km ESE of Sucúa, Ecuador"
usp00074c7,1995-10-03 02:10:46.080000+00:00,-77.987,-2.726,33.0,4.9,mb,"35 km SE of Sucúa, Ecuador"
usp00074c8,1995-10-03 02:33:53.780000+00:00,-77.763,-2.597,33.0,5.1,mb,"47 km ESE of Sucúa, Ecuador"
usp00074cc,1995-10-03 04:15:12.960000+00:00,-79.321,-3.156,33.0,4.7,mb,"45 km SW of Cuenca, Ecuador"
usp00074cd,1995-10-03 04:26:23.720000+00:00,-77.543,-2.579,33.0,4.5,mb,"69 km ESE of Macas, Ecuador"
usp00074ce,1995-10-03 04:32:52.650000+00:00,-77.492,-2.234,33.0,4.0,mb,"69 km E of Macas, Ecuador"
usp00074cg,1995-10-03 04:46:33.680000+00:00,-77.595,-2.814,33.0,4.5,mb,"75 km ESE of Sucúa, Ecuador"
usp00074ch,1995-10-03 04:58:19.810000+00:00,-77.674,-2.541,33.0,4.6,mb,"55 km ESE of Macas, Ecuador"
usp00074cj,1995-10-03 05:20:26.390000+00:00,-77.821,-2.822,33.0,5.0,mb,"55 km SE of Sucúa, Ecuador"
usp00074cs,1995-10-03 06:27:24.110000+00:00,-77.916,-2.896,18.9,5.2,mb,"56 km SSE of Sucúa, Ecuador"
usp00074cu,1995-10-03 06:31:47.570000+00:00,-77.803,-2.679,33.0,4.8,mb,"47 km ESE of Sucúa, Ecuador"
usp00074cv,1995-10-03 06:43:30.220000+00:00,-77.479,-2.255,33.0,4.4,mb,"70 km E of Macas, Ecuador"
usp00074cw,1995-10-03 07:05:14.030000+00:00,-77.966,-2.479,33.0,4.3,mb,"22 km E of Sucúa, Ecuador"
usp00074cx,1995-10-03 07:10:16.350000+00:00,-77.978,-2.849,33.0,4.4,mb,"48 km SSE of Sucúa, Ecuador"
usp00074d0,1995-10-03 07:38:18.870000+00:00,-77.334,-2.226,33.0,4.1,mb,"86 km E of Macas, Ecuador"
usp00074d3,1995-10-03 09:30:52.350000+00:00,-77.976,-2.999,33.0,4.7,mb,"63 km SSE of Sucúa, Ecuador"
usp00074d6,1995-10-03 10:06:59.050000+00:00,-77.825,-2.809,27.4,4.7,mb,"54 km SE of Sucúa, Ecuador"
usp00074d9,1995-10-03 11:12:21.640000+00:00,-77.692,-2.568,33.0,4.6,mb,"54 km ESE of Sucúa, Ecuador"
usp00074da,1995-10-03 11:40:16.080000+00:00,-77.785,-2.672,33.0,4.9,mb,"49 km ESE of Sucúa, Ecuador"
usp00074de,1995-10-03 12:44:58.090000+00:00,-77.851,-2.778,16.7,6.5,mw,"50 km SE of Sucúa, Ecuador"
usp00074dg,1995-10-03 13:12:31.120000+00:00,-77.449,-2.568,33.0,4.4,mb,"79 km ESE of Macas, Ecuador"
usp00074dh,1995-10-03 13:21:11.810000+00:00,-77.552,-2.465,33.0,4.5,mb,"64 km ESE of Macas, Ecuador"
usp00074dm,1995-10-03 13:47:46.600000+00:00,-77.675,-2.512,33.0,4.2,mb,"53 km ESE of Macas, Ecuador"
usp00074dp,1995-10-03 14:17:31.860000+00:00,-77.92,-2.73,33.0,4.2,mb,"41 km SE of Sucúa, Ecuador"
usp00074dr,1995-10-03 14:29:27.960000+00:00,-77.899,-2.927,33.0,4.7,mb,"60 km SSE of Sucúa, Ecuador"
usp00074ds,1995-10-03 14:54:26.510000+00:00,-77.708,-2.742,33.0,4.3,mb,"60 km ESE of Sucúa, Ecuador"
usp00074dt,1995-10-03 15:07:51.460000+00:00,-77.815,-2.683,33.0,4.4,mb,"46 km ESE of Sucúa, Ecuador"
usp00074e0,1995-10-03 17:01:00.920000+00:00,-77.903,-2.883,33.0,4.9,mb,"55 km SSE of Sucúa, Ecuador"
usp00074e4,1995-10-03 18:04:27.660000+00:00,-77.731,-2.976,45.7,4.7,mb,"75 km SE of Sucúa, Ecuador"
usp00074e5,1995-10-03 18:13:57.400000+00:00,-77.448,-2.42,33.0,4.4,mb,"74 km E of Macas, Ecuador"
usp00074ed,1995-10-03 20:08:59.060000+00:00,-77.786,-2.682,33.0,4.6,mb,"49 km ESE of Sucúa, Ecuador"
usp00074ef,1995-10-03 20:43:13.780000+00:00,-77.944,-2.535,33.0,4.3,mb,"26 km ESE of Sucúa, Ecuador"
usp00074fa,1995-10-04 05:08:28.250000+00:00,-77.484,-2.485,33.0,4.1,mb,Peru-Ecuador border region
usp00074fc,1995-10-04 06:18:57.390000+00:00,-77.811,-2.835,33.0,4.5,mb,"57 km SE of Sucúa, Ecuador"
usp00074fd,1995-10-04 06:33:49.520000+00:00,-77.853,-2.923,33.0,4.0,mb,Peru-Ecuador border region
usp00074ff,1995-10-04 07:23:15+00:00,-77.416,-2.305,33.0,4.3,mb,"77 km E of Macas, Ecuador"
usp00074fq,1995-10-04 08:38:12.730000+00:00,-77.801,-2.635,59.9,5.3,mw,"45 km ESE of Sucúa, Ecuador"
usp00074g7,1995-10-04 12:41:07.760000+00:00,-77.458,-2.656,33.0,4.3,mb,"82 km ESE of Macas, Ecuador"
usp00074ga,1995-10-04 12:56:37.780000+00:00,-77.18,-2.403,20.0,4.6,mb,"104 km E of Macas, Ecuador"
usp00074h2,1995-10-04 22:46:21.890000+00:00,-77.742,-2.693,33.0,4.4,mb,"54 km ESE of Sucúa, Ecuador"
usp00074h4,1995-10-04 23:59:50.040000+00:00,-77.868,-2.969,33.0,4.6,mb,"65 km SSE of Sucúa, Ecuador"
usp00074h6,1995-10-05 00:17:51.670000+00:00,-77.336,-2.464,33.0,4.4,mb,"87 km E of Macas, Ecuador"
usp00074h9,1995-10-05 01:13:15.220000+00:00,-77.891,-2.996,33.0,4.3,mb,"67 km SSE of Sucúa, Ecuador"
usp00074hb,1995-10-05 01:36:55.610000+00:00,-77.884,-2.724,33.0,5.3,mw,"43 km SE of Sucúa, Ecuador"
usp00074hd,1995-10-05 02:45:18.260000+00:00,-77.851,-2.818,33.0,4.9,mb,"53 km SE of Sucúa, Ecuador"
usp00074j7,1995-10-05 12:04:28.440000+00:00,-77.85,-2.85,33.0,4.6,mb,"56 km SE of Sucúa, Ecuador"
usp00074k8,1995-10-06 00:14:45.540000+00:00,-77.983,-2.908,33.0,4.6,mb,"53 km SSE of Sucúa, Ecuador"
usp00074pg,1995-10-06 18:05:54.920000+00:00,-77.811,-2.736,33.0,4.8,mb,"50 km SE of Sucúa, Ecuador"
usp00074pz,1995-10-06 23:12:27.080000+00:00,-77.749,-2.813,33.0,4.5,mb,"61 km SE of Sucúa, Ecuador"
usp00074q0,1995-10-06 23:16:29.760000+00:00,-77.834,-2.676,33.0,4.4,mb,Peru-Ecuador border region
usp00074qk,1995-10-07 05:53:52.610000+00:00,-77.81,-2.847,33.0,4.5,mb,"58 km SE of Sucúa, Ecuador"
usp00074qu,1995-10-07 09:15:24.930000+00:00,-77.829,-2.794,33.0,4.7,mb,"53 km SE of Sucúa, Ecuador"
usp00074qw,1995-10-07 09:58:53.780000+00:00,-77.878,-2.802,33.0,4.5,mb,"50 km SE of Sucúa, Ecuador"
usp00074r1,1995-10-07 11:02:15.460000+00:00,-77.56,-2.69,33.0,4.3,mb,"72 km ESE of Sucúa, Ecuador"
usp00074r9,1995-10-07 14:15:36.640000+00:00,-77.907,-2.773,33.0,4.6,mb,"45 km SE of Sucúa, Ecuador"
usp00074rt,1995-10-07 21:19:49.500000+00:00,-77.706,-2.828,33.0,4.8,mb,"65 km SE of Sucúa, Ecuador"
usp00074ru,1995-10-07 21:28:03.100000+00:00,-77.823,-2.775,12.3,5.8,mw,"52 km SE of Sucúa, Ecuador"
usp00074rw,1995-10-07 21:37:15.580000+00:00,-77.691,-2.675,33.0,4.7,mb,"58 km ESE of Sucúa, Ecuador"
usp00074s8,1995-10-08 00:01:06.950000+00:00,-77.64,-2.764,33.0,4.3,mb,"68 km ESE of Sucúa, Ecuador"
usp00074tc,1995-10-08 10:27:39.150000+00:00,-77.835,-2.581,33.0,5.4,mw,Peru-Ecuador border region
usp00074td,1995-10-08 10:39:44.310000+00:00,-78.072,-2.868,33.0,4.4,mb,"46 km SSE of Sucúa, Ecuador"
usp00074te,1995-10-08 11:06:01.230000+00:00,-77.756,-2.558,33.0,4.4,mb,"47 km ESE of Sucúa, Ecuador"
usp00074xh,1995-10-10 14:49:47+00:00,-77.822,-2.905,33.0,4.4,mb,Peru-Ecuador border region
usp00074xv,1995-10-10 17:29:23.470000+00:00,-79.3,1.123,55.5,5.1,mw,"37 km WSW of Valdez, Ecuador"
usp00074yv,1995-10-11 09:52:48.440000+00:00,-77.847,-2.905,33.0,4.4,mb,"61 km SE of Sucúa, Ecuador"
usp0007564,1995-10-15 03:46:34.370000+00:00,-77.793,-2.79,33.0,4.2,mb,"55 km SE of Sucúa, Ecuador"
usp00075au,1995-10-18 02:25:35.870000+00:00,-77.953,-2.843,33.0,4.7,mb,"48 km SSE of Sucúa, Ecuador"
usp00075dn,1995-10-19 08:51:17.180000+00:00,-77.599,-2.693,33.0,4.5,mb,"68 km ESE of Sucúa, Ecuador"
usp00075dq,1995-10-19 09:13:40.930000+00:00,-77.871,-2.916,33.0,4.6,mb,"60 km SSE of Sucúa, Ecuador"
usp00075fs,1995-10-20 12:30:11.340000+00:00,-77.945,-2.965,33.0,4.2,mb,"61 km SSE of Sucúa, Ecuador"
usp00075g8,1995-10-20 20:18:56+00:00,-77.822,-2.819,33.0,4.9,mb,"55 km SE of Sucúa, Ecuador"
usp00075h3,1995-10-21 15:36:18.920000+00:00,-77.935,-2.893,33.0,5.0,mb,"54 km SSE of Sucúa, Ecuador"
usp00075kc,1995-10-23 00:42:10.890000+00:00,-77.796,-2.802,33.0,4.8,mb,"56 km SE of Sucúa, Ecuador"
usp00075kh,1995-10-23 03:46:23.840000+00:00,-77.979,-3.007,33.0,4.2,mb,"64 km SSE of Sucúa, Ecuador"
usp00075vt,1995-10-28 00:12:58.050000+00:00,-80.318,-4.682,33.0,4.8,mb,"8 km WSW of Las Lomas, Peru"
usp00075w9,1995-10-28 06:09:52.020000+00:00,-80.258,-2.073,33.0,4.5,mb,"28 km SW of Lomas de Sargentillo, Ecuador"
usp00075xr,1995-10-29 05:28:48.500000+00:00,-77.833,-2.701,33.0,5.1,mw,"46 km SE of Sucúa, Ecuador"
usp00075xu,1995-10-29 05:50:22.340000+00:00,-77.679,-2.666,33.0,4.1,mb,"59 km ESE of Sucúa, Ecuador"
usp00076ar,1995-11-05 09:24:22.820000+00:00,-78.839,-2.825,33.0,5.2,mw,"6 km NE of Llacao, Ecuador"
usp00076dz,1995-11-07 04:04:24.030000+00:00,-77.676,-2.357,33.0,5.1,mw,"48 km E of Macas, Ecuador"
usp00076hb,1995-11-09 06:15:23.450000+00:00,-77.211,-1.848,33.0,4.4,mb,"85 km E of Palora, Ecuador"
usp00076u5,1995-11-14 06:25:45.360000+00:00,-77.769,-2.897,25.5,5.1,ms,"65 km SE of Sucúa, Ecuador"
usp00078g1,1995-12-07 04:55:25.010000+00:00,-79.472,-4.208,91.8,4.9,mb,"16 km NE of Cariamanga, Ecuador"
usp00079gr,1995-12-24 06:58:00.150000+00:00,-80.988,-4.886,33.0,4.4,mb,"4 km NW of La Huaca, Peru"
usp00079s8,1995-12-28 13:44:03.360000+00:00,-77.329,-4.017,117.2,4.3,mb,"115 km NW of Barranca, Peru"
usp0007arx,1996-01-09 23:45:03.670000+00:00,-77.93,-2.893,33.0,4.1,mb,"55 km SSE of Sucúa, Ecuador"
usp0007av1,1996-01-11 01:55:29.720000+00:00,-79.767,-2.074,100.0,4.2,mb,"8 km WNW of Yaguachi Nuevo, Ecuador"
usp0007b8z,1996-01-17 16:41:29.810000+00:00,-78.419,-0.023,10.0,4.4,md,"25 km NNE of Quito, Ecuador"
usp0007b98,1996-01-17 19:46:01.280000+00:00,-78.96,-0.01,24.6,4.8,mb,"36 km NE of Santo Domingo de los Colorados, Ecuador"
usp0007bff,1996-01-21 11:07:52.680000+00:00,-77.859,-2.587,33.0,4.1,mb,"37 km ESE of Sucúa, Ecuador"
usp0007brt,1996-01-26 10:55:48.960000+00:00,-78.788,-4.308,33.0,4.0,mb,"32 km SE of Zamora, Ecuador"
usp0007bt5,1996-01-27 00:36:54.170000+00:00,-77.847,-2.784,33.0,4.5,mb,"50 km SE of Sucúa, Ecuador"
usp0007bv2,1996-01-28 00:28:30.730000+00:00,-77.637,-1.971,155.1,5.3,mw,"47 km SE of Palora, Ecuador"
usp0007ccn,1996-02-05 08:46:11.670000+00:00,-77.549,-2.306,33.0,4.4,mb,"62 km E of Macas, Ecuador"
usp0007dmm,1996-02-21 14:00:59.060000+00:00,-77.174,-5.128,33.0,4.1,mb,"64 km WSW of Barranca, Peru"
usp0007dnd,1996-02-21 22:16:21.610000+00:00,-80.926,-1.888,33.0,4.6,mb,"36 km N of Salinas, Ecuador"
usp0007epy,1996-03-14 03:12:02.450000+00:00,-77.817,-3.244,33.0,4.4,mb,"86 km ENE of Gualaquiza, Ecuador"
usp0007fau,1996-03-26 13:02:07.880000+00:00,-77.974,-1.4,33.0,4.3,mb,"9 km NNE of Puyo, Ecuador"
usp0007feq,1996-03-28 23:03:49.810000+00:00,-78.737,-1.036,33.0,6.0,mwb,"9 km SSW of Pujilí, Ecuador"
usp0007ffq,1996-03-29 13:57:24.480000+00:00,-78.54,-1.262,33.0,4.3,mb,"7 km N of Pelileo, Ecuador"
usp0007fmg,1996-04-01 21:37:53.050000+00:00,-77.721,-2.524,33.0,4.6,mb,Peru-Ecuador border region
usp0007gbm,1996-04-19 02:13:01.190000+00:00,-80.113,-3.781,91.5,4.0,mb,"14 km SE of Matapalo, Peru"
usp0007gns,1996-04-27 08:40:41.850000+00:00,-79.341,2.368,10.0,6.2,mwb,"84 km WNW of Salahonda, Colombia"
usp0007gve,1996-05-02 10:22:48.540000+00:00,-79.206,2.462,33.0,4.5,mb,"76 km NW of Salahonda, Colombia"
usp0007h45,1996-05-08 13:27:52.100000+00:00,-77.653,-2.629,33.0,4.3,mb,"60 km ESE of Sucúa, Ecuador"
usp0007h4r,1996-05-09 02:18:22.190000+00:00,-77.06,-0.615,33.0,4.1,mb,"12 km NE of Boca Suno, Ecuador"
usp0007h6g,1996-05-10 04:35:28.290000+00:00,-77.649,-2.591,33.0,4.4,mb,"59 km ESE of Sucúa, Ecuador"
usp0007hpv,1996-05-22 23:30:34.160000+00:00,-79.596,1.956,33.0,4.3,mb,"91 km WNW of Tumaco, Colombia"
usp0007hx6,1996-05-29 11:41:26.490000+00:00,-80.965,-4.008,67.0,4.4,mb,"14 km NE of Máncora, Peru"
usp0007j7z,1996-06-06 15:04:38.230000+00:00,-77.103,-2.043,33.0,4.2,mb,"103 km ESE of Palora, Ecuador"
usp0007jr9,1996-06-14 10:04:25.520000+00:00,-76.958,-3.564,110.6,4.2,mb,"58 km W of Alianza Cristiana, Peru"
usp0007jt4,1996-06-15 12:32:05.790000+00:00,-81.108,-2.682,50.0,4.0,mb,"54 km SSW of La Libertad, Ecuador"
usp0007jxj,1996-06-18 04:49:50.130000+00:00,-79.9,0.885,33.0,4.1,mb,"28 km WSW of Esmeraldas, Ecuador"
usp0007jxu,1996-06-18 08:01:29.180000+00:00,-79.992,0.792,33.0,4.3,mb,"20 km N of Muisne, Ecuador"
usp0007kgw,1996-06-30 11:44:27.480000+00:00,-77.101,-0.58,33.0,4.5,mb,"13 km NNE of Boca Suno, Ecuador"
usp0007mg9,1996-07-23 14:52:50.250000+00:00,-77.757,-2.615,33.0,4.7,mb,"49 km ESE of Sucúa, Ecuador"
usp0007msw,1996-07-29 00:28:13.210000+00:00,-80.633,1.935,33.0,4.0,mb,"153 km NW of Esmeraldas, Ecuador"
usp0007n4m,1996-08-05 09:24:56+00:00,-80.432,-1.498,33.0,4.2,mb,"6 km N of Paján, Ecuador"
usp0007n5h,1996-08-05 21:39:16.250000+00:00,-81.001,-1.996,33.0,6.3,mwc,"24 km NNW of Salinas, Ecuador"
usp0007n8a,1996-08-08 02:15:36.750000+00:00,-79.218,-2.026,118.6,4.5,mb,"27 km SSE of Montalvo, Ecuador"
usp0007p1p,1996-08-25 14:09:03.260000+00:00,-78.674,-1.084,50.7,5.5,mwc,"10 km WSW of San Miguel de Salcedo, Ecuador"
usp0007p49,1996-08-27 15:01:14.710000+00:00,-78.395,-3.219,33.0,4.3,mb,"29 km NE of Gualaquiza, Ecuador"
usp0007px8,1996-09-14 01:41:29.450000+00:00,-75.156,-5.286,33.0,4.9,mb,"57 km E of Lagunas, Peru"
usp0007qfq,1996-09-25 17:30:32.910000+00:00,-79.219,-4.041,100.3,4.8,mb,"5 km SSW of Loja, Ecuador"
usp0007qty,1996-10-01 21:57:38.570000+00:00,-77.02,-1.897,150.0,4.6,mb,"107 km ESE of Palora, Ecuador"
usp0007sr5,1996-11-09 09:05:08.020000+00:00,-80.935,-0.619,33.0,4.9,mb,"45 km NNW of Manta, Ecuador"
usp0007t3m,1996-11-16 11:13:00.750000+00:00,-77.759,-1.461,200.0,4.0,mb,"27 km E of Puyo, Ecuador"
usp0007u22,1996-12-06 22:50:31.140000+00:00,-80.685,-4.341,49.3,4.2,mb,"24 km ESE of La Breita, Peru"
usp0007u6e,1996-12-09 13:06:52.660000+00:00,-80.649,-0.32,33.0,4.5,mb,"39 km NW of Bahía de Caráquez, Ecuador"
usp0007u6f,1996-12-09 13:25:20.300000+00:00,-77.794,-1.703,145.1,4.4,mb,"19 km E of Palora, Ecuador"
usp0007uff,1996-12-14 22:18:18.430000+00:00,-79.828,-5.474,95.9,4.7,mb,"26 km WSW of Canchaque, Peru"
usp0007ufh,1996-12-14 23:25:40.330000+00:00,-77.728,-2.677,33.0,4.6,mb,"54 km ESE of Sucúa, Ecuador"
usp0007uh6,1996-12-15 23:30:11.380000+00:00,-80.684,-0.237,33.0,4.7,mb,"49 km NW of Bahía de Caráquez, Ecuador"
usp0007uha,1996-12-16 01:46:38.320000+00:00,-80.727,-0.236,33.0,5.5,mwc,near the coast of Ecuador
usp0007uk3,1996-12-17 07:32:53.890000+00:00,-80.871,-0.427,33.0,4.6,mb,"53 km WNW of Bahía de Caráquez, Ecuador"
usp0007wn5,1997-02-01 23:44:14.460000+00:00,-80.463,2.225,33.0,4.4,mb,"166 km NNW of Esmeraldas, Ecuador"
usp0007wrz,1997-02-04 13:14:35.120000+00:00,-77.822,-2.61,33.0,4.1,mb,"42 km ESE of Sucúa, Ecuador"
usp0007y7h,1997-03-03 20:40:43.640000+00:00,-76.603,-4.624,33.0,4.0,mb,"24 km NNE of Barranca, Peru"
usp0007y9k,1997-03-05 02:28:55.310000+00:00,-80.556,-3.687,37.2,5.3,ms,"13 km E of Zorritos, Peru"
usp0007yzp,1997-03-17 19:58:38.070000+00:00,-75.75,-4.499,100.0,4.3,mb,"80 km N of Lagunas, Peru"
usp000802h,1997-04-06 17:24:56.840000+00:00,-77.837,-2.788,33.0,5.2,mb,"52 km SE of Sucúa, Ecuador"
usp00082n8,1997-05-21 20:42:27.360000+00:00,-77.998,-2.826,52.3,4.3,mb,"44 km SSE of Sucúa, Ecuador"
usp00082ue,1997-05-25 22:22:43.710000+00:00,-79.605,-1.946,83.5,4.5,mb,"10 km WSW of Alfredo Baquerizo Moreno, Ecuador"
usp00083k9,1997-06-16 09:25:22.390000+00:00,-77.694,-1.292,187.1,4.5,mb,"35 km SSE of Tena, Ecuador"
usp00083zb,1997-06-26 01:31:10.280000+00:00,-79.846,2.027,33.0,4.4,mb,"119 km N of Esmeraldas, Ecuador"
usp000840k,1997-06-26 18:21:47.770000+00:00,-79.659,-2.522,61.6,4.2,mb,"17 km NNW of Naranjal, Ecuador"
usp000845z,1997-06-30 18:56:27.480000+00:00,-80.926,-4.161,33.0,5.8,mwc,"11 km NNW of La Breita, Peru"
usp00084u5,1997-07-13 23:51:11.600000+00:00,-80.485,-1.267,33.0,4.3,mb,"7 km W of Sucre, Ecuador"
usp0008638,1997-08-11 12:55:04.180000+00:00,-77.806,-2.93,35.4,5.0,mb,"66 km SE of Sucúa, Ecuador"
usp00086jr,1997-08-21 23:17:36.140000+00:00,-77.556,-2.464,33.0,4.3,mb,"64 km ESE of Macas, Ecuador"
usp00086w8,1997-08-30 06:49:27.470000+00:00,-80.493,-2.783,33.0,4.5,mb,"20 km SW of Playas, Ecuador"
usp00087a0,1997-09-08 14:23:55.050000+00:00,-81.662,-3.502,33.0,4.4,mb,"95 km NW of Máncora, Peru"
usp00087bc,1997-09-09 16:17:39.430000+00:00,-80.438,0.717,33.0,4.1,mb,"48 km WNW of Muisne, Ecuador"
usp00089q2,1997-10-28 06:15:17.330000+00:00,-76.681,-4.368,112.0,7.2,mwc,"51 km N of Barranca, Peru"
usp0008a4a,1997-11-05 10:37:52.780000+00:00,-78.751,-2.396,107.9,4.7,mb,"23 km SSE of Alausí, Ecuador"
usp0008ege,1998-01-17 03:17:29.490000+00:00,-80.02,-2.227,100.0,5.0,mb,"5 km SSW of Santa Lucía, Ecuador"
usp0008hkv,1998-03-17 10:03:28.220000+00:00,-77.146,-3.907,100.0,4.0,mb,"92 km WSW of Alianza Cristiana, Peru"
usp0008hsj,1998-03-21 02:18:54+00:00,-80.709,-4.253,33.0,5.0,mb,"19 km S of Papayal, Peru"
usp0008j2v,1998-03-26 16:12:50.410000+00:00,-79.667,-3.119,100.0,4.2,mb,"27 km NE of Pasaje, Ecuador"
usp0008jjd,1998-04-04 14:42:52.550000+00:00,-77.388,-3.716,114.2,5.1,mwc,"109 km WSW of Alianza Cristiana, Peru"
usp0008nry,1998-05-26 23:30:06.050000+00:00,-80.418,-0.548,33.0,4.0,mb,"5 km N of Bahía de Caráquez, Ecuador"
usp0008nx3,1998-05-29 03:51:28.170000+00:00,-78.908,-3.575,102.2,4.7,mb,"32 km NNW of Yantzaza, Ecuador"
usp0008qt1,1998-07-01 14:57:15.560000+00:00,-80.95,-1.222,33.0,5.2,mwc,"37 km WSW of Montecristi, Ecuador"
usp0008qwn,1998-07-03 16:41:47.580000+00:00,-80.259,-3.954,78.9,4.6,mb,"30 km SSW of Matapalo, Peru"
usp0008r1d,1998-07-06 08:59:50.340000+00:00,-81.087,-1.887,33.0,4.2,mb,"39 km NNW of Salinas, Ecuador"
usp0008r1j,1998-07-06 09:31:28.670000+00:00,-80.892,-1.585,33.0,4.4,mb,"43 km SW of Jipijapa, Ecuador"
usp0008rc7,1998-07-12 08:02:10.640000+00:00,-79.913,-4.669,33.0,4.3,mb,"14 km NNE of Sapillica, Peru"
usp0008ru6,1998-07-18 21:39:02.370000+00:00,-80.37,-1.777,33.0,4.2,mb,"15 km WNW of Pedro Carbo, Ecuador"
usp0008ruc,1998-07-18 23:51:27.050000+00:00,-77.993,1.082,33.0,4.6,mb,"14 km S of Ricaurte, Colombia"
usp0008shq,1998-07-31 12:32:00+00:00,-80.004,0.31,33.0,4.4,mb,"26 km NNE of Pedernales, Ecuador"
usp0008ss4,1998-08-04 17:35:04.730000+00:00,-80.399,-0.609,33.0,5.4,mb,"3 km ESE of Bahía de Caráquez, Ecuador"
usp0008ssb,1998-08-04 18:59:20.100000+00:00,-80.393,-0.593,33.0,7.2,mwc,"3 km E of Bahía de Caráquez, Ecuador"
usp0008sse,1998-08-04 20:04:09.570000+00:00,-79.92,-0.853,33.0,4.6,mb,"25 km SE of Chone, Ecuador"
usp0008ssn,1998-08-04 22:55:28.160000+00:00,-80.319,-0.319,33.0,4.4,mb,"32 km NNE of Bahía de Caráquez, Ecuador"
usp0008sv6,1998-08-06 11:02:28.900000+00:00,-80.405,-0.069,33.0,4.0,mb,"42 km WSW of Pedernales, Ecuador"
usp0008sw6,1998-08-07 03:06:39+00:00,-80.881,-0.916,33.0,4.1,mb,"19 km WNW of Manta, Ecuador"
usp0008swe,1998-08-07 05:50:42.080000+00:00,-80.417,-0.811,33.0,4.6,mb,"12 km NNE of Rocafuerte, Ecuador"
usp0008t1c,1998-08-09 22:35:24.880000+00:00,-80.985,-0.798,33.0,4.5,mb,"35 km WNW of Manta, Ecuador"
usp0008tnt,1998-08-22 00:27:29.200000+00:00,-79.199,0.913,33.0,4.3,mb,"44 km SSW of Valdez, Ecuador"
usp0008ukf,1998-09-07 20:55:19.510000+00:00,-76.929,-3.908,103.1,4.6,mb,"72 km SW of Alianza Cristiana, Peru"
usp0008uv9,1998-09-13 05:12:32.720000+00:00,-81.662,-1.285,33.0,4.3,mb,"111 km WSW of Manta, Ecuador"
usp0008v0z,1998-09-16 11:28:56.110000+00:00,-79.348,-3.242,104.2,4.9,mb,"51 km E of Pasaje, Ecuador"
usp0008v9f,1998-09-21 03:02:23.840000+00:00,-77.166,-2.139,176.6,4.1,mb,"101 km ESE of Palora, Ecuador"
usp0008vd3,1998-09-23 09:35:41.960000+00:00,-76.768,-5.379,33.0,4.8,mb,"61 km S of Barranca, Peru"
usp0008w5d,1998-10-07 22:46:41.300000+00:00,-77.874,-5.062,47.7,4.6,mb,"74 km N of Yambrasbamba, Peru"
usp0008wk9,1998-10-16 04:17:19.730000+00:00,-79.049,-1.223,33.0,4.4,mb,"36 km SSE of La Maná, Ecuador"
usp0008wx4,1998-10-23 01:48:51.600000+00:00,-76.359,-2.423,146.8,5.4,mwc,"116 km N of Alianza Cristiana, Peru"
usp0008y99,1998-11-15 23:54:46.760000+00:00,-76.803,-3.851,100.0,4.4,mb,"58 km SW of Alianza Cristiana, Peru"
usp0008zz9,1998-12-21 18:13:32.810000+00:00,-79.665,0.405,100.0,4.1,mb,"22 km WNW of Rosa Zarate, Ecuador"
usp00090c3,1998-12-30 03:32:37.360000+00:00,-77.881,-1.646,168.6,5.4,mwc,"11 km ENE of Palora, Ecuador"
usp00092he,1999-02-09 11:33:29.300000+00:00,-77.613,-4.778,33.0,4.1,mb,"104 km W of Barranca, Peru"
usp000930x,1999-02-18 12:02:58.610000+00:00,-79.595,-2.181,66.6,5.0,mb,"5 km S of Milagro, Ecuador"
usp00096gt,1999-04-18 05:49:40.070000+00:00,-80.037,2.457,33.0,4.4,mb,"156 km WNW of Tumaco, Colombia"
usp00096ns,1999-04-21 11:29:26.660000+00:00,-77.307,-0.26,54.4,4.2,mb,"42 km WNW of Puerto Francisco de Orellana, Ecuador"
usp00096xa,1999-04-26 18:17:26.220000+00:00,-77.783,-1.648,172.6,6.0,mwc,"21 km ENE of Palora, Ecuador"
usp00098kp,1999-05-23 10:26:53.310000+00:00,-77.59,-1.502,204.6,4.1,mb,"45 km E of Puyo, Ecuador"
usp00098pu,1999-05-25 02:15:58.570000+00:00,-80.348,-0.799,33.0,4.6,mb,"12 km W of Tosagua, Ecuador"
usp00098pv,1999-05-25 02:18:11.430000+00:00,-80.645,-4.286,33.0,4.7,mb,"25 km SSE of Papayal, Peru"
usp0009ama,1999-06-27 00:31:08.480000+00:00,-81.058,-5.01,33.0,4.6,mb,"2 km NNE of Salinera Colán, Peru"
usp0009b8k,1999-07-07 23:37:58.390000+00:00,-81.829,-3.547,28.6,4.0,mb,"104 km NW of El Alto, Peru"
usp0009c81,1999-07-28 20:05:04.120000+00:00,-75.794,2.036,12.0,4.3,ml,"3 km SSW of Altamira, Colombia"
usp0009cjc,1999-08-03 15:58:57.600000+00:00,-79.162,-3.453,88.1,5.9,mwc,"56 km ENE of Zaruma, Ecuador"
usp0009cpa,1999-08-06 00:53:16.810000+00:00,-79.25,0.748,96.5,4.2,mb,"50 km ESE of Esmeraldas, Ecuador"
usp0009dac,1999-08-19 02:21:27.330000+00:00,-78.077,-2.894,33.0,4.5,mb,"49 km SSE of Sucúa, Ecuador"
usp0009dr2,1999-08-28 02:52:10.280000+00:00,-80.102,0.747,33.0,4.6,mb,"17 km NNW of Muisne, Ecuador"
usp0009drq,1999-08-28 12:40:06.190000+00:00,-77.549,-1.287,196.4,6.3,mwb,"43 km SE of Tena, Ecuador"
usp0009ehp,1999-09-17 08:54:23.970000+00:00,-78.491,-1.076,10.0,4.8,mb,"11 km ESE of San Miguel de Salcedo, Ecuador"
usp0009frt,1999-10-12 13:09:10.810000+00:00,-79.455,-3.597,78.2,4.9,mb,"20 km ENE of Zaruma, Ecuador"
usp0009gbs,1999-10-21 06:36:16+00:00,-78.082,-1.606,166.0,4.8,mb,"16 km SSW of Puyo, Ecuador"
usp0009h68,1999-11-06 16:46:00.980000+00:00,-80.651,-5.07,44.6,4.8,mb,"12 km N of San Martin, Peru"
usp0009hmz,1999-11-14 17:14:21.920000+00:00,-77.672,-1.453,175.7,4.2,mb,"36 km E of Puyo, Ecuador"
usp0009kch,1999-12-27 23:22:54.120000+00:00,-79.854,-2.232,33.0,4.5,mb,"5 km SE of Guayaquil, Ecuador"
usp0009m68,2000-01-15 19:51:28.990000+00:00,-78.903,-5.232,105.8,4.4,mb,"14 km SE of San Ignacio, Peru"
usp0009mvt,2000-01-31 07:55:16.070000+00:00,-80.141,0.179,33.0,4.4,mb,"15 km NW of Pedernales, Ecuador"
usp0009mw2,2000-01-31 10:32:13.270000+00:00,-80.132,0.214,33.0,4.8,mb,"18 km NNW of Pedernales, Ecuador"
usp0009mws,2000-01-31 23:05:22.010000+00:00,-80.716,-1.203,33.0,4.5,mb,"18 km SSW of Montecristi, Ecuador"
usp0009mz9,2000-02-02 23:40:20.020000+00:00,-76.519,2.082,62.0,4.5,mb,Colombia
usp0009n41,2000-02-06 07:12:38.450000+00:00,-80.361,-4.257,74.6,4.8,mb,"45 km NNW of Las Lomas, Peru"
usp0009n6u,2000-02-08 07:09:14.240000+00:00,-80.381,-4.29,73.9,4.7,mb,"42 km NNW of Las Lomas, Peru"
usp0009njn,2000-02-17 03:34:11.520000+00:00,-78.309,-4.485,33.0,4.2,mb,"85 km ESE of Zamora, Ecuador"
usp0009p1n,2000-02-27 22:20:15.930000+00:00,-80.47,-5.429,100.0,4.2,mb,"29 km SE of Catacaos, Peru"
usp0009q2f,2000-03-23 16:58:49.320000+00:00,-76.398,-1.362,33.0,4.3,mb,"110 km SE of Boca Suno, Ecuador"
usp0009q58,2000-03-25 12:40:17.200000+00:00,-77.749,-1.562,160.3,4.0,mb,"28 km ENE of Palora, Ecuador"
usp0009q95,2000-03-27 09:54:18.930000+00:00,-79.779,-5.428,76.4,4.5,mb,"19 km WSW of Canchaque, Peru"
usp0009qd1,2000-03-28 23:28:47.530000+00:00,-75.299,-2.639,33.0,4.4,mb,"156 km NE of Alianza Cristiana, Peru"
usp0009r9h,2000-04-14 11:59:51.150000+00:00,-79.575,-2.991,54.3,4.1,mb,"28 km ESE of Baláo, Ecuador"
usp0009rd0,2000-04-16 18:29:57.380000+00:00,-81.051,-3.844,33.0,4.4,mb,"29 km N of Máncora, Peru"
usp0009swu,2000-05-13 23:49:52.390000+00:00,-80.164,-2.617,74.6,4.4,mb,"24 km E of Playas, Ecuador"
usp0009t15,2000-05-15 22:58:04.980000+00:00,-78.859,-0.91,33.0,4.5,mb,"18 km WNW of Pujilí, Ecuador"
usp0009tb1,2000-05-22 13:15:08.960000+00:00,-81.096,-4.096,33.0,5.8,mwc,"5 km WNW of Máncora, Peru"
usp0009tcs,2000-05-23 16:36:46.070000+00:00,-78.388,2.122,33.0,5.2,mwc,"31 km ENE of Salahonda, Colombia"
usp0009tdv,2000-05-24 10:36:02.090000+00:00,-80.0,1.925,33.0,4.4,mb,"113 km NNW of Esmeraldas, Ecuador"
usp0009uan,2000-06-09 15:09:10.100000+00:00,-79.443,2.457,33.0,4.7,mb,"98 km WNW of Salahonda, Colombia"
usp0009uj2,2000-06-14 04:17:48.940000+00:00,-79.076,-0.297,33.0,4.3,mb,"12 km ESE of Santo Domingo de los Colorados, Ecuador"
usp0009v5g,2000-06-26 19:43:18.730000+00:00,-77.316,-1.231,208.0,4.0,mb,"61 km ESE of Tena, Ecuador"
usp0009v6b,2000-06-27 07:10:29.550000+00:00,-77.414,1.464,142.7,5.2,mb,"3 km ENE of El Peñol, Colombia"
usp0009xz6,2000-08-05 19:25:59.110000+00:00,-77.799,-5.266,33.0,4.6,mb,"53 km NNE of Yambrasbamba, Peru"
usp0009xzs,2000-08-06 05:15:41.320000+00:00,-77.832,-5.249,33.0,4.9,mb,"54 km N of Yambrasbamba, Peru"
usp0009y8z,2000-08-11 02:52:42.250000+00:00,-79.501,2.275,33.0,4.4,ml,"95 km NW of Tumaco, Colombia"
usp0009yaa,2000-08-12 02:52:47.800000+00:00,-78.764,2.301,33.0,4.5,mb,"31 km NNW of Salahonda, Colombia"
usp0009ybz,2000-08-13 04:19:02.090000+00:00,-77.76,-5.174,33.0,5.1,mb,"64 km NNE of Yambrasbamba, Peru"
usp0009ydw,2000-08-14 04:05:02.070000+00:00,-80.319,-2.159,81.7,4.5,mb,"35 km W of Santa Lucía, Ecuador"
usp0009yrk,2000-08-19 00:50:50.420000+00:00,-80.856,-5.108,33.0,4.1,mb,"22 km WNW of San Martin, Peru"
usp0009yxp,2000-08-22 01:17:25.210000+00:00,-82.296,1.27,33.0,5.1,mwc,"263 km WNW of Muisne, Ecuador"
usp0009zmf,2000-09-03 07:04:17+00:00,-77.451,-5.447,44.4,4.4,mb,"61 km ENE of Yambrasbamba, Peru"
usp0009zps,2000-09-04 05:33:44.660000+00:00,-80.006,1.9,33.0,4.4,mb,"111 km NNW of Esmeraldas, Ecuador"
usp0009zwb,2000-09-08 10:26:22.780000+00:00,-80.85,-4.479,33.0,4.7,mb,"24 km S of La Breita, Peru"
usp0009zzm,2000-09-10 04:37:29.820000+00:00,-77.678,-3.398,33.0,4.6,mb,"100 km E of Gualaquiza, Ecuador"
usp000a08a,2000-09-14 12:46:16.630000+00:00,-79.326,-0.547,33.0,4.1,mb,"36 km SSW of Santo Domingo de los Colorados, Ecuador"
usp000a0fm,2000-09-18 13:07:32.860000+00:00,-78.139,-1.734,175.1,4.1,mb,"19 km W of Palora, Ecuador"
usp000a0jh,2000-09-20 08:37:16.300000+00:00,-80.461,-1.885,33.0,5.5,mwc,"26 km WSW of Pedro Carbo, Ecuador"
usp000a0ph,2000-09-23 02:31:54.730000+00:00,-76.631,-5.154,33.0,4.6,mb,"35 km S of Barranca, Peru"
usp000a0xt,2000-09-28 05:51:23.960000+00:00,-80.692,-0.478,33.0,4.4,mb,"32 km WNW of Bahía de Caráquez, Ecuador"
usp000a0z2,2000-09-28 23:23:43.350000+00:00,-80.582,-0.215,22.9,6.4,mwc,"45 km NNW of Bahía de Caráquez, Ecuador"
usp000a0zd,2000-09-29 05:27:46.610000+00:00,-76.989,-2.936,158.9,4.0,mb,"85 km NW of Alianza Cristiana, Peru"
usp000a10u,2000-09-29 23:38:30.440000+00:00,-80.735,-0.333,10.0,5.0,mb,near the coast of Ecuador
usp000a138,2000-10-01 07:12:29.900000+00:00,-80.902,-0.412,33.0,4.7,mb,"57 km WNW of Bahía de Caráquez, Ecuador"
usp000a1cg,2000-10-07 00:00:05.440000+00:00,-78.434,-3.166,94.1,4.6,mb,"30 km NNE of Gualaquiza, Ecuador"
usp000a1f8,2000-10-08 11:20:58.940000+00:00,-81.061,-0.454,33.0,4.3,mb,"68 km NW of Manta, Ecuador"
usp000a1g0,2000-10-08 20:12:32.350000+00:00,-78.09,0.383,33.0,5.1,mwc,Colombia-Ecuador border region
usp000a1nt,2000-10-12 11:00:58.430000+00:00,-80.586,-0.126,37.8,4.8,mb,"55 km NNW of Bahía de Caráquez, Ecuador"
usp000a1zd,2000-10-17 19:27:55.440000+00:00,-80.825,-0.339,33.0,5.1,mb,"53 km WNW of Bahía de Caráquez, Ecuador"
usp000a30j,2000-11-05 17:49:19.500000+00:00,-77.431,-3.378,33.0,4.2,mb,"111 km W of Alianza Cristiana, Peru"
usp000a3ma,2000-11-14 20:54:21+00:00,-77.55,1.23,30.1,4.2,ml,"5 km SW of Ancuya, Colombia"
usp000a4dn,2000-11-19 15:05:18.610000+00:00,-76.158,-2.094,43.4,4.7,mb,"155 km NNE of Alianza Cristiana, Peru"
usp000a4ug,2000-11-24 11:29:32.130000+00:00,-77.609,-1.491,205.3,4.9,mb,"43 km E of Puyo, Ecuador"
usp000a6p0,2000-12-24 17:07:58.800000+00:00,-77.922,-4.216,33.0,4.9,mb,"102 km ESE of Yantzaza, Ecuador"
usp000a6p8,2000-12-24 19:09:52.600000+00:00,-79.746,2.275,10.0,4.6,mb,"118 km WNW of Tumaco, Colombia"
usp000a6pw,2000-12-25 04:07:57.920000+00:00,-80.276,-4.444,63.6,4.7,mb,"23 km N of Las Lomas, Peru"
usp000a7ms,2001-01-14 02:58:49.970000+00:00,-80.153,-3.265,33.0,4.1,mb,"17 km W of Puerto Bolívar, Ecuador"
usp000a8hg,2001-01-27 23:57:01.800000+00:00,-76.872,-4.352,117.2,5.5,mwc,"57 km NNW of Barranca, Peru"
usp000a95v,2001-02-06 12:34:45.550000+00:00,-80.851,-1.584,33.0,4.6,mb,"39 km SW of Jipijapa, Ecuador"
usp000aa1x,2001-02-21 11:54:50.510000+00:00,-79.901,1.1,33.0,4.8,mb,"31 km WNW of Esmeraldas, Ecuador"
usp000aa1z,2001-02-21 12:23:09.630000+00:00,-79.816,1.118,33.0,4.5,mb,"25 km NW of Esmeraldas, Ecuador"
usp000aa6s,2001-02-23 15:36:22.290000+00:00,-80.036,-1.693,33.0,4.5,mb,"16 km S of Colimes, Ecuador"
usp000aahw,2001-02-28 00:45:39.470000+00:00,-80.969,-1.524,33.0,4.2,mb,"47 km WSW of Jipijapa, Ecuador"
usp000abtm,2001-03-21 11:05:02.270000+00:00,-78.191,-2.489,33.0,4.1,mb,"3 km SSW of Sucúa, Ecuador"
usp000acjq,2001-04-04 08:56:41.010000+00:00,-79.69,-2.706,100.1,4.5,mb,"8 km WSW of Naranjal, Ecuador"
usp000ackg,2001-04-04 19:31:54.220000+00:00,-78.251,-0.994,33.0,4.4,mb,"38 km E of San Miguel de Salcedo, Ecuador"
usp000acnq,2001-04-05 23:39:12.990000+00:00,-75.417,-3.887,138.1,4.5,mb,"121 km ESE of Alianza Cristiana, Peru"
usp000acwx,2001-04-09 22:28:19.390000+00:00,-80.641,-2.59,33.0,4.4,mb,"28 km W of Playas, Ecuador"
usp000acxw,2001-04-10 06:34:22.820000+00:00,-77.578,-1.388,221.8,4.2,mb,"48 km ENE of Puyo, Ecuador"
usp000adaf,2001-04-15 16:42:44.840000+00:00,-77.206,-3.049,33.0,4.1,mb,"97 km WNW of Alianza Cristiana, Peru"
usp000ade1,2001-04-17 06:57:45.900000+00:00,-81.004,-3.888,33.0,4.3,mb,"24 km N of Máncora, Peru"
usp000adpn,2001-04-20 19:28:55.990000+00:00,-80.84,-4.454,33.0,4.5,mb,"22 km SSE of La Breita, Peru"
usp000aep2,2001-05-09 10:36:37.150000+00:00,-77.984,-5.08,33.0,4.1,mb,"72 km N of Yambrasbamba, Peru"
usp000afay,2001-05-22 01:45:41.350000+00:00,-80.721,-4.283,33.0,4.8,mb,"18 km E of La Breita, Peru"
usp000afm2,2001-05-26 20:51:08.710000+00:00,-78.162,-1.449,33.0,4.0,mb,"18 km WNW of Puyo, Ecuador"
usp000afp9,2001-05-28 10:00:15.250000+00:00,-80.24,-0.978,33.0,4.1,mb,"6 km SW of Junín, Ecuador"
usp000afwv,2001-06-02 03:13:07.070000+00:00,-78.7,-2.262,77.2,4.1,mb,"17 km ESE of Alausí, Ecuador"
usp000agst,2001-06-16 15:23:41.020000+00:00,-77.929,-1.531,170.5,4.0,mb,"9 km ESE of Puyo, Ecuador"
usp000ah6h,2001-06-24 00:23:55.750000+00:00,-81.448,-4.567,34.7,4.5,mb,"19 km W of Talara, Peru"
usp000ah6k,2001-06-24 00:28:33.990000+00:00,-80.881,-3.938,33.0,5.0,mb,"22 km NW of Papayal, Peru"
usp000ah6s,2001-06-24 00:49:33.430000+00:00,-80.866,-3.968,30.5,5.1,mb,"18 km NW of Papayal, Peru"
usp000ahnw,2001-06-29 03:11:28.320000+00:00,-80.861,-3.958,33.0,5.3,mwc,"19 km NW of Papayal, Peru"
usp000akeu,2001-07-29 13:34:02.730000+00:00,-78.071,-2.136,250.0,4.0,mb,"19 km NNE of Macas, Ecuador"
usp000am9n,2001-08-12 02:42:42.120000+00:00,-80.618,-5.438,33.0,4.3,mb,"14 km ESE of La Unión, Peru"
usp000amn6,2001-08-18 05:35:39.690000+00:00,-77.621,-3.039,33.0,4.7,mb,"88 km SE of Sucúa, Ecuador"
usp000an8h,2001-08-29 11:36:32.100000+00:00,-77.517,-1.573,164.8,4.4,mb,"51 km ENE of Palora, Ecuador"
usp000apmz,2001-09-23 04:06:34.990000+00:00,-79.468,-1.915,86.4,4.7,mb,"5 km E of Alfredo Baquerizo Moreno, Ecuador"
usp000aq1c,2001-09-30 11:02:43.390000+00:00,-78.365,0.372,100.0,4.0,mb,"13 km NW of Cotacachi, Ecuador"
usp000ar8e,2001-10-19 18:26:01.350000+00:00,-77.622,-1.803,157.2,4.6,mb,"39 km ESE of Palora, Ecuador"
usp000arbs,2001-10-21 13:29:15.960000+00:00,-79.807,2.415,33.0,4.3,mb,"132 km WNW of Tumaco, Colombia"
usp000aryq,2001-10-31 04:14:09.700000+00:00,-77.392,-5.097,38.2,4.4,mb,"84 km WSW of Barranca, Peru"
usp000asxf,2001-11-15 07:22:46.720000+00:00,-80.766,-4.111,33.4,4.1,mb,"4 km SW of Papayal, Peru"
usp000at14,2001-11-17 16:30:55.290000+00:00,-77.793,-3.332,101.9,5.1,mwc,"87 km E of Gualaquiza, Ecuador"
usp000aw9f,2002-01-12 02:21:31.730000+00:00,-80.769,-4.773,37.5,4.1,mb,Peru-Ecuador border region
usp000awen,2002-01-14 06:21:23.050000+00:00,-77.957,-0.994,10.0,4.7,mb,"16 km W of Tena, Ecuador"
usp000axqm,2002-02-03 18:00:57.440000+00:00,-80.922,-4.053,33.0,4.0,mb,"15 km ENE of Máncora, Peru"
usp000b0dz,2002-03-16 04:22:26.430000+00:00,-77.128,-2.638,167.5,4.8,mb,"115 km ESE of Macas, Ecuador"
usp000b0h8,2002-03-17 15:50:17.040000+00:00,-80.622,-4.331,50.6,4.3,mb,"30 km ESE of La Breita, Peru"
usp000b0hg,2002-03-17 20:22:09.630000+00:00,-79.671,-3.048,69.0,5.1,mb,"21 km SE of Baláo, Ecuador"
usp000b19v,2002-03-29 07:08:55.110000+00:00,-77.347,-1.238,201.2,4.0,mb,"58 km ESE of Tena, Ecuador"
usp000b1eh,2002-03-31 12:53:20.150000+00:00,-80.8,-1.092,33.0,4.6,mb,"16 km WSW of Montecristi, Ecuador"
usp000b1vk,2002-04-06 14:41:25.790000+00:00,-79.753,-2.914,41.3,4.5,mb,"6 km E of Baláo, Ecuador"
usp000b2gj,2002-04-16 06:33:30.130000+00:00,-81.09,-0.992,10.0,4.3,mb,"42 km W of Manta, Ecuador"
usp000b38p,2002-04-27 03:41:35.400000+00:00,-79.565,1.099,23.9,4.6,mb,"18 km NNE of Esmeraldas, Ecuador"
usp000b38q,2002-04-27 03:45:27.490000+00:00,-79.583,1.125,23.9,4.4,mb,"19 km NNE of Esmeraldas, Ecuador"
usp000b3sr,2002-05-05 11:35:06.330000+00:00,-78.292,-1.04,10.0,4.7,mb,"32 km ENE of Píllaro, Ecuador"
usp000b5yk,2002-06-11 08:04:07.710000+00:00,-77.665,-1.602,161.1,4.0,mb,"35 km ENE of Palora, Ecuador"
usp000b63e,2002-06-13 16:18:05.200000+00:00,-77.418,-1.472,177.0,4.2,mb,"65 km E of Puyo, Ecuador"
usp000b675,2002-06-15 10:26:19.490000+00:00,-81.062,-1.156,33.0,4.2,mb,"44 km WSW of Manta, Ecuador"
usp000b768,2002-06-29 19:17:52.900000+00:00,-76.731,-5.473,33.0,4.8,mb,"67 km NNE of Moyobamba, Peru"
usp000b7k4,2002-07-06 02:10:38.290000+00:00,-76.699,-5.297,54.4,4.3,mb,"51 km S of Barranca, Peru"
usp000b7w3,2002-07-10 16:32:35.850000+00:00,-77.978,-5.374,33.0,4.2,mb,"40 km N of Yambrasbamba, Peru"
usp000b83f,2002-07-14 14:43:42.160000+00:00,-78.82,-5.365,44.4,5.0,mb,"29 km N of Las Pirias, Peru"
usp000b8va,2002-07-27 05:03:38.830000+00:00,-80.541,-1.429,33.0,4.3,mb,"9 km SSE of Jipijapa, Ecuador"
usp000b9dq,2002-08-06 14:26:12.200000+00:00,-76.616,-5.355,106.8,5.3,mwb,"58 km S of Barranca, Peru"
usp000baf6,2002-08-23 03:40:24.120000+00:00,-77.275,-1.196,150.0,4.0,mb,"57 km SSW of Boca Suno, Ecuador"
usp000bb9s,2002-09-05 09:19:42.650000+00:00,-78.941,-2.124,33.0,4.4,mb,"13 km NW of Alausí, Ecuador"
usp000bc4s,2002-09-13 10:23:02.640000+00:00,-80.651,-4.956,42.7,5.1,mb,"6 km SSE of Sullana, Peru"
usp000bdcu,2002-09-29 02:52:35.230000+00:00,-80.679,-4.907,39.7,5.0,mb,"0 km ESE of Sullana, Peru"
usp000bdtm,2002-10-04 21:34:32.780000+00:00,-76.507,-5.316,33.0,4.4,mb,"56 km SSE of Barranca, Peru"
usp000bfsn,2002-11-01 07:02:17.430000+00:00,-77.654,-5.304,33.0,4.2,mb,"56 km NNE of Yambrasbamba, Peru"
usp000bh83,2002-11-09 21:51:35.310000+00:00,-80.521,-3.792,68.5,4.7,mb,"21 km SE of Zorritos, Peru"
usp000bhfv,2002-11-11 23:53:11.240000+00:00,-80.078,-2.428,33.0,5.1,mb,"28 km SSW of Santa Lucía, Ecuador"
usp000bhk1,2002-11-13 03:19:02.300000+00:00,-78.375,-4.813,33.0,5.0,mb,"78 km ENE of San Ignacio, Peru"
usp000bj0w,2002-11-20 01:14:55.190000+00:00,-77.859,-1.553,143.8,4.1,mb,"17 km ESE of Puyo, Ecuador"
usp000bk1r,2002-12-03 18:48:27.940000+00:00,-77.528,-4.448,33.0,4.4,mb,"103 km WNW of Barranca, Peru"
usp000bkqw,2002-12-15 04:05:21.980000+00:00,-81.008,-5.477,33.0,4.3,mb,"22 km WNW of Sechura, Peru"
usp000bman,2002-12-24 10:08:30.280000+00:00,-79.525,0.869,33.0,4.5,mb,"17 km SE of Esmeraldas, Ecuador"
usp000bnpj,2003-01-17 06:01:51.080000+00:00,-81.179,-5.192,33.0,4.3,mb,"13 km SSW of Paita, Peru"
usp000bns0,2003-01-18 11:02:21.060000+00:00,-76.737,-3.807,111.6,4.5,mb,"49 km SW of Alianza Cristiana, Peru"
usp000bppx,2003-01-31 16:54:33.490000+00:00,-77.055,-2.756,111.8,5.2,mwc,"105 km NW of Alianza Cristiana, Peru"
usp000bq7b,2003-02-07 21:46:43.700000+00:00,-77.207,-3.252,99.9,4.7,mb,"89 km WNW of Alianza Cristiana, Peru"
usp000btmq,2003-03-27 12:58:28.820000+00:00,-76.857,-3.146,111.0,5.0,mb,"59 km NW of Alianza Cristiana, Peru"
usp000by0c,2003-05-24 03:56:50.220000+00:00,-78.073,-0.378,49.3,4.5,mb,"42 km E of Sangolquí, Ecuador"
usp000byeq,2003-05-29 03:12:42.820000+00:00,-76.26,-2.157,160.5,4.1,mb,"147 km N of Alianza Cristiana, Peru"
usp000byyg,2003-06-03 12:18:35.510000+00:00,-79.017,-2.637,89.3,4.4,mb,"12 km SW of Cañar, Ecuador"
usp000c0ss,2003-06-23 23:00:46.240000+00:00,-77.718,-1.402,175.2,4.1,mb,Ecuador
usp000c3k3,2003-07-28 09:32:08.350000+00:00,-77.149,-2.959,33.0,4.4,mb,"97 km NW of Alianza Cristiana, Peru"
usp000c3zu,2003-08-03 12:36:25.060000+00:00,-80.768,-4.03,31.3,4.1,mb,"6 km NNW of Papayal, Peru"
usp000c4yp,2003-08-15 10:26:52.860000+00:00,-80.547,-1.063,33.0,4.4,mb,"10 km W of Portoviejo, Ecuador"
usp000c51z,2003-08-16 05:00:02.470000+00:00,-79.272,0.235,112.7,4.5,mb,"24 km ESE of Rosa Zarate, Ecuador"
usp000c5ej,2003-08-20 10:06:04.780000+00:00,-77.642,-0.982,119.7,4.4,mb,"19 km E of Tena, Ecuador"
usp000c69k,2003-08-30 13:07:41.030000+00:00,-80.148,-4.728,100.0,4.2,mb,"13 km SE of Las Lomas, Peru"
usp000c6ga,2003-09-01 23:20:44.100000+00:00,-78.843,-3.327,89.2,5.1,mb,"30 km WNW of Gualaquiza, Ecuador"
usp000c6wq,2003-09-06 12:12:17.790000+00:00,-80.299,-4.149,69.6,4.6,mb,"38 km W of Celica, Ecuador"
usp000c6ye,2003-09-07 02:11:33.380000+00:00,-77.599,-2.415,33.0,4.1,mb,"58 km ESE of Macas, Ecuador"
usp000c7en,2003-09-13 18:33:13.270000+00:00,-78.33,-0.983,33.0,5.3,mwc,"29 km ENE of San Miguel de Salcedo, Ecuador"
usp000c82f,2003-09-20 05:19:16.850000+00:00,-79.46,-2.705,33.0,4.5,mb,"17 km E of Naranjal, Ecuador"
usp000c8sj,2003-09-27 07:48:58.840000+00:00,-77.837,-1.678,161.0,4.5,mb,"14 km E of Palora, Ecuador"
usp000c9fy,2003-10-03 15:30:34.310000+00:00,-80.817,-5.411,113.1,4.9,mb,"3 km W of Vice, Peru"
usp000c9p1,2003-10-05 12:29:30.680000+00:00,-78.008,-2.946,94.9,4.9,mb,"56 km SSE of Sucúa, Ecuador"
usp000ccrw,2003-11-13 05:55:57.620000+00:00,-77.747,-1.485,178.3,4.3,mb,"28 km E of Puyo, Ecuador"
usp000cdx7,2003-11-26 07:42:31.100000+00:00,-75.723,-1.908,183.5,5.5,mwc,"120 km SSW of Pantoja, Peru"
usp000cead,2003-12-01 20:18:51.270000+00:00,-80.378,0.39,33.0,4.2,mb,"46 km WSW of Muisne, Ecuador"
usp000cf9a,2003-12-14 18:43:42.210000+00:00,-77.505,-1.567,188.5,4.5,mb,"53 km ENE of Palora, Ecuador"
usp000cg0r,2003-12-25 14:22:54.060000+00:00,-77.204,-3.68,99.5,4.2,mb,"88 km WSW of Alianza Cristiana, Peru"
usp000ch3z,2004-01-04 16:13:55.620000+00:00,-77.477,-3.594,0.8,5.0,mb,"116 km W of Alianza Cristiana, Peru"
usp000chdm,2004-01-08 00:03:01.410000+00:00,-77.918,-0.553,10.0,4.6,mb,"41 km NNW of Archidona, Ecuador"
usp000chfm,2004-01-08 21:19:39.520000+00:00,-80.168,-3.952,73.4,4.9,mwc,"28 km NW of Celica, Ecuador"
usp000cj09,2004-01-16 10:38:09.070000+00:00,-77.689,-3.534,110.8,4.2,mb,"100 km E of Gualaquiza, Ecuador"
usp000cjxr,2004-01-29 09:14:35.950000+00:00,-80.65,-4.846,29.3,4.6,mb,"1 km SSW of Querecotillo, Peru"
usp000cjyw,2004-01-29 21:17:43.580000+00:00,-79.239,-4.241,98.3,4.6,mb,"27 km S of Loja, Ecuador"
usp000ck6x,2004-02-01 21:50:53.590000+00:00,-76.507,-2.285,151.4,4.5,mb,"131 km N of Alianza Cristiana, Peru"
usp000cq7n,2004-03-18 03:18:30.160000+00:00,-76.904,-0.765,144.4,4.0,mb,"27 km ESE of Boca Suno, Ecuador"
usp000cqg8,2004-03-20 23:15:19.670000+00:00,-80.799,-0.545,10.0,4.1,mb,near the coast of Ecuador
usp000cr3v,2004-03-28 08:41:14.420000+00:00,-78.335,-1.042,12.6,5.3,mwc,"27 km ENE of Píllaro, Ecuador"
usp000crs2,2004-04-05 12:59:02.060000+00:00,-76.674,-4.372,124.5,4.3,mb,"50 km N of Barranca, Peru"
usp000csjy,2004-04-15 19:06:31.110000+00:00,-78.394,-1.018,10.0,5.0,mwc,"22 km E of San Miguel de Salcedo, Ecuador"
usp000ctgd,2004-04-26 18:37:59.110000+00:00,-75.513,-4.326,18.7,4.5,mb,"101 km N of Lagunas, Peru"
usp000cthq,2004-04-27 06:48:27.870000+00:00,-80.578,-0.092,10.0,4.2,mb,"58 km NNW of Bahía de Caráquez, Ecuador"
usp000cud1,2004-05-07 19:00:08.260000+00:00,-78.582,1.633,47.4,4.5,mb,"29 km SE of Tumaco, Colombia"
usp000cufd,2004-05-08 13:05:06.370000+00:00,-78.445,-5.141,111.1,4.3,mb,"51 km N of La Peca, Peru"
usp000cw61,2004-05-25 10:04:20.180000+00:00,-80.084,-4.485,60.9,4.9,mwc,"9 km WNW of Suyo, Peru"
usp000cwar,2004-05-26 22:14:03.780000+00:00,-76.191,-3.079,35.0,4.4,mb,"51 km NNE of Alianza Cristiana, Peru"
usp000cwuq,2004-06-01 15:52:39.330000+00:00,-79.744,0.706,23.7,5.4,mwc,"29 km SSW of Esmeraldas, Ecuador"
usp000cxyn,2004-06-15 11:55:49.180000+00:00,-76.512,-3.576,112.3,4.7,mb,"14 km SW of Alianza Cristiana, Peru"
usp000cyjj,2004-06-23 03:31:13.970000+00:00,-78.273,2.173,104.6,4.2,mb,"26 km SSW of La Tola, Colombia"
usp000cymx,2004-06-24 04:08:14.950000+00:00,-77.348,-1.896,154.2,4.2,mb,"71 km ESE of Palora, Ecuador"
usp000d04k,2004-07-14 01:11:04.360000+00:00,-77.253,-2.202,125.2,4.1,mb,"96 km E of Macas, Ecuador"
usp000d0dp,2004-07-18 07:38:52.770000+00:00,-77.448,-1.355,204.9,4.1,mb,Ecuador
usp000d0dr,2004-07-18 07:55:02.970000+00:00,-77.75,-1.674,163.2,4.5,mb,"24 km E of Palora, Ecuador"
usp000d0uj,2004-07-25 06:51:53.500000+00:00,-80.79,-3.844,42.9,4.4,mb,"18 km NW of Cañaveral, Peru"
usp000d0yq,2004-07-27 14:24:46.020000+00:00,-78.664,-5.421,65.3,4.6,mb,"26 km N of Bellavista, Peru"
usp000d1z2,2004-08-11 23:02:24.640000+00:00,-80.801,-3.079,42.1,5.3,mwc,"66 km NW of Tumbes, Peru"
usp000d21d,2004-08-12 22:52:45.220000+00:00,-75.93,-2.257,168.5,4.2,mb,"145 km NNE of Alianza Cristiana, Peru"
usp000d2a5,2004-08-17 02:52:01.750000+00:00,-77.585,-3.134,103.4,4.2,mb,"99 km SE of Sucúa, Ecuador"
usp000d2cd,2004-08-18 07:06:52.430000+00:00,-76.595,2.265,26.5,5.1,mwc,"2 km ENE of Paispamba, Colombia"
usp000d2et,2004-08-19 08:05:14.670000+00:00,-77.288,-2.153,10.0,4.5,mb,"90 km ESE of Palora, Ecuador"
usp000d8u2,2004-11-20 13:53:59.870000+00:00,-78.587,-5.4,51.9,4.6,mb,"28 km NW of La Peca, Peru"
usp000d8vn,2004-11-21 06:11:37.470000+00:00,-79.677,2.264,10.0,4.2,mb,"111 km WNW of Tumaco, Colombia"
usp000d8wn,2004-11-21 12:48:59.070000+00:00,-76.573,-3.802,102.8,4.2,mb,"39 km SSW of Alianza Cristiana, Peru"
usp000d941,2004-11-24 16:19:50.790000+00:00,-80.42,-0.874,23.8,5.1,mwc,"6 km NNE of Rocafuerte, Ecuador"
usp000dazy,2004-12-19 02:30:07.340000+00:00,-76.294,-4.179,49.9,4.9,mb,"79 km SSE of Alianza Cristiana, Peru"
usp000dcuz,2005-01-09 02:36:11.900000+00:00,-80.949,-1.476,40.2,4.1,mb,"43 km WSW of Jipijapa, Ecuador"
usp000ddcp,2005-01-15 11:40:37.250000+00:00,-80.688,-3.582,34.0,5.1,mwc,"10 km N of Zorritos, Peru"
usp000ddd0,2005-01-15 14:02:14.700000+00:00,-80.793,-3.726,38.6,5.0,mwc,"13 km WSW of Zorritos, Peru"
usp000ddd7,2005-01-15 17:22:33.350000+00:00,-80.885,-3.677,18.7,4.4,mb,"22 km W of Zorritos, Peru"
usp000ddfd,2005-01-16 10:14:18.880000+00:00,-78.315,-1.551,58.6,4.1,mb,"20 km SE of Baños, Ecuador"
usp000ddvv,2005-01-20 16:45:28.860000+00:00,-80.897,-1.074,21.5,4.5,mb,"23 km WSW of Manta, Ecuador"
usp000ddw3,2005-01-20 19:07:16.090000+00:00,-80.957,-1.162,20.7,4.6,mb,"35 km SW of Manta, Ecuador"
usp000ddx2,2005-01-21 04:30:29.010000+00:00,-80.841,-1.188,10.0,5.4,mwc,"25 km SW of Montecristi, Ecuador"
usp000ddxk,2005-01-21 10:18:05.560000+00:00,-80.874,-1.186,10.0,4.4,mb,"28 km WSW of Montecristi, Ecuador"
usp000ddxx,2005-01-21 13:45:14.060000+00:00,-80.829,-1.134,10.0,6.0,mwb,"21 km WSW of Montecristi, Ecuador"
usp000ddy5,2005-01-21 15:26:31.980000+00:00,-80.896,-1.221,10.0,4.8,mb,"32 km SW of Montecristi, Ecuador"
usp000ddy9,2005-01-21 16:15:05.010000+00:00,-80.757,-1.274,10.0,4.6,mb,"21 km WNW of Jipijapa, Ecuador"
usp000ddya,2005-01-21 16:47:00.550000+00:00,-80.869,-1.178,10.0,5.0,mwc,"27 km WSW of Montecristi, Ecuador"
usp000ddz7,2005-01-22 00:16:42.070000+00:00,-80.736,-1.133,22.5,4.7,mb,"12 km SW of Montecristi, Ecuador"
usp000ddz9,2005-01-22 01:12:14.480000+00:00,-80.792,-1.2,26.1,5.2,mwc,"22 km SW of Montecristi, Ecuador"
usp000de11,2005-01-22 17:15:37.950000+00:00,-80.277,0.656,10.0,4.8,mb,"29 km W of Muisne, Ecuador"
usp000de16,2005-01-22 18:52:36.820000+00:00,-80.373,0.466,10.0,4.6,mb,"42 km WSW of Muisne, Ecuador"
usp000de2a,2005-01-23 05:24:06.160000+00:00,-80.992,-1.116,10.0,4.3,mb,"35 km WSW of Manta, Ecuador"
usp000de2v,2005-01-23 09:50:34.570000+00:00,-80.84,-1.375,10.0,4.0,mb,"29 km W of Jipijapa, Ecuador"
usp000de2y,2005-01-23 10:06:07.740000+00:00,-80.796,-1.202,15.9,5.0,mwc,"23 km SW of Montecristi, Ecuador"
usp000de43,2005-01-23 17:06:14.870000+00:00,-80.896,-1.223,10.0,4.2,mb,"32 km SW of Montecristi, Ecuador"
usp000de48,2005-01-23 18:25:34.570000+00:00,-81.144,-1.006,10.0,4.0,mb,"48 km W of Manta, Ecuador"
usp000de60,2005-01-24 06:11:52.300000+00:00,-80.646,-2.332,28.5,5.6,mwc,"26 km ESE of Santa Elena, Ecuador"
usp000de7e,2005-01-24 15:01:56.390000+00:00,-77.71,-3.438,108.7,4.7,mb,"96 km E of Gualaquiza, Ecuador"
usp000de8s,2005-01-24 23:23:26.120000+00:00,-80.785,-1.364,16.9,6.1,mwb,"23 km W of Jipijapa, Ecuador"
usp000de8u,2005-01-24 23:26:50.320000+00:00,-80.91,-1.398,10.0,5.8,mwc,"37 km W of Jipijapa, Ecuador"
usp000de8y,2005-01-24 23:59:32.100000+00:00,-80.874,-1.427,15.0,5.1,mwc,"33 km WSW of Jipijapa, Ecuador"
usp000de91,2005-01-25 01:21:04.610000+00:00,-80.887,-1.427,10.0,4.2,mb,"35 km WSW of Jipijapa, Ecuador"
usp000de9d,2005-01-25 03:54:21.350000+00:00,-80.772,-1.464,10.0,4.2,mb,"25 km WSW of Jipijapa, Ecuador"
usp000deac,2005-01-25 10:28:09.160000+00:00,-80.927,-1.425,10.4,4.4,mb,"39 km WSW of Jipijapa, Ecuador"
usp000dewk,2005-01-28 09:26:18.830000+00:00,-81.499,-1.183,10.0,6.1,mwb,"90 km WSW of Manta, Ecuador"
usp000deyj,2005-01-28 15:46:45.270000+00:00,-81.157,-1.089,10.0,6.2,mwb,"51 km WSW of Manta, Ecuador"
usp000df72,2005-01-30 06:49:29.850000+00:00,-80.983,-0.862,10.0,4.3,mb,"32 km WNW of Manta, Ecuador"
usp000df75,2005-01-30 07:06:49.200000+00:00,-81.065,-0.793,28.6,5.7,mwc,"43 km WNW of Manta, Ecuador"
usp000df7q,2005-01-30 11:37:48.110000+00:00,-80.826,-0.754,10.0,4.3,mb,"26 km NNW of Manta, Ecuador"
usp000df87,2005-01-30 18:20:04.500000+00:00,-81.001,-0.939,10.0,4.5,mb,"32 km W of Manta, Ecuador"
usp000dfb2,2005-02-01 06:40:01.880000+00:00,-80.826,-0.942,10.0,4.4,mb,"12 km W of Manta, Ecuador"
usp000dg5u,2005-02-15 02:27:50.100000+00:00,-80.819,-1.531,10.0,4.3,mb,"33 km SW of Jipijapa, Ecuador"
usp000dg95,2005-02-16 09:01:05.090000+00:00,-81.022,-1.121,28.2,4.5,mb,"38 km WSW of Manta, Ecuador"
usp000dga4,2005-02-16 18:16:46.130000+00:00,-81.028,-1.268,10.0,4.2,mb,"47 km WSW of Montecristi, Ecuador"
usp000dgb7,2005-02-17 02:34:29+00:00,-81.015,-1.116,10.0,4.5,mb,"37 km WSW of Manta, Ecuador"
usp000dgbq,2005-02-17 08:12:17.170000+00:00,-80.991,-1.202,10.0,4.6,mb,near the coast of Ecuador
usp000dgcx,2005-02-17 20:42:57.640000+00:00,-81.046,-1.768,10.0,5.5,mwc,"50 km NNW of Salinas, Ecuador"
usp000dgd5,2005-02-17 23:40:28.210000+00:00,-81.258,-0.935,10.0,4.3,mb,"60 km W of Manta, Ecuador"
usp000dgjh,2005-02-20 07:46:08.070000+00:00,-77.618,-1.489,180.6,4.0,mb,"42 km E of Puyo, Ecuador"
usp000dguq,2005-02-24 01:23:23.750000+00:00,-76.973,-4.755,116.3,4.5,mb,"34 km WNW of Barranca, Peru"
usp000dhbx,2005-03-02 09:45:36.930000+00:00,-77.59,-1.526,216.5,4.1,mb,"46 km ENE of Palora, Ecuador"
usp000dhdx,2005-03-03 08:39:40.790000+00:00,-77.541,-1.507,204.3,4.0,mb,"51 km E of Puyo, Ecuador"
usp000dhwx,2005-03-10 03:40:04.140000+00:00,-81.248,-0.655,10.0,4.1,mb,"68 km WNW of Manta, Ecuador"
usp000djad,2005-03-16 06:17:57.690000+00:00,-78.575,-0.976,10.0,4.3,md,"6 km SE of Latacunga, Ecuador"
usp000dk3a,2005-03-26 06:31:22.740000+00:00,-76.571,-2.353,139.3,4.4,mb,"125 km N of Alianza Cristiana, Peru"
usp000dk5c,2005-03-27 08:03:36.150000+00:00,-80.771,-1.189,18.2,5.1,mwc,"20 km SW of Montecristi, Ecuador"
usp000dmqm,2005-04-09 13:32:21.030000+00:00,-80.423,-4.286,68.7,4.8,mb,"41 km ESE of Papayal, Peru"
usp000dms4,2005-04-09 22:22:05.050000+00:00,-80.004,0.118,99.0,4.2,mb,"7 km NE of Pedernales, Ecuador"
usp000dmsu,2005-04-10 03:53:28.580000+00:00,-80.323,-4.128,38.8,4.2,mb,"40 km W of Celica, Ecuador"
usp000dnp6,2005-04-18 11:58:33.310000+00:00,-77.665,-1.585,182.1,4.4,md,"35 km ENE of Palora, Ecuador"
usp000dp7p,2005-04-25 20:26:33.410000+00:00,-75.044,-2.761,35.0,4.6,mb,"173 km ENE of Alianza Cristiana, Peru"
usp000dqax,2005-05-09 20:21:22.770000+00:00,-77.589,0.728,10.0,4.2,md,"8 km SSW of Potosí, Colombia"
usp000dqqv,2005-05-13 19:17:59.640000+00:00,-80.554,-3.789,38.7,5.0,mwc,"18 km SE of Zorritos, Peru"
usp000dqv8,2005-05-15 07:16:48.020000+00:00,-79.415,-2.966,83.5,4.6,mb,"39 km SE of Naranjal, Ecuador"
usp000dr49,2005-05-18 21:37:26.150000+00:00,-76.221,1.67,23.3,4.6,mb,"11 km WSW of Palestina, Colombia"
usp000dr4q,2005-05-19 01:25:51.790000+00:00,-80.897,-1.227,38.3,4.5,mb,"33 km SW of Montecristi, Ecuador"
usp000dr94,2005-05-21 05:11:35.390000+00:00,-80.987,-3.286,39.5,6.3,mwb,"55 km NW of Zorritos, Peru"
usp000dr9j,2005-05-21 11:59:28.610000+00:00,-81.006,-3.205,40.6,4.7,mb,"63 km NW of Zorritos, Peru"
usp000drck,2005-05-22 18:08:29.510000+00:00,-80.441,-4.262,73.3,4.2,mb,"38 km ESE of Papayal, Peru"
usp000drj6,2005-05-25 12:57:11.540000+00:00,-81.008,-3.2,39.0,4.3,mb,"64 km NW of Zorritos, Peru"
usp000drue,2005-05-29 17:52:17.710000+00:00,-80.934,-3.251,33.5,5.0,mwc,Peru-Ecuador border region
usp000ds22,2005-06-02 08:24:31.940000+00:00,-78.99,-2.418,114.9,4.2,mb,"16 km NNW of Cañar, Ecuador"
usp000ds7z,2005-06-04 23:49:48.960000+00:00,-79.953,-4.47,84.8,4.4,mb,"7 km NE of Suyo, Peru"
usp000dsvc,2005-06-13 16:42:17.280000+00:00,-80.291,-5.316,68.5,4.3,mb,"24 km WSW of La Matanza, Peru"
usp000dtj6,2005-06-20 17:58:16.990000+00:00,-77.577,-1.533,190.3,4.1,md,"47 km ENE of Palora, Ecuador"
usp000dtks,2005-06-21 10:03:52.180000+00:00,-77.815,-1.744,162.6,5.0,mwc,"17 km ESE of Palora, Ecuador"
usp000du7y,2005-06-30 11:27:38.690000+00:00,-77.554,-1.623,175.7,4.5,mb,"46 km E of Palora, Ecuador"
usp000dv92,2005-07-15 17:34:56.020000+00:00,-80.451,-1.384,113.7,4.3,mb,"12 km SSW of Sucre, Ecuador"
usp000dwz6,2005-08-08 21:11:22.390000+00:00,-78.683,-2.259,98.7,4.4,mb,"19 km ESE of Alausí, Ecuador"
usp000dxvz,2005-08-23 06:32:25.340000+00:00,-80.412,-4.946,54.7,4.8,mb,"7 km WSW of Tambo Grande, Peru"
usp000dy0h,2005-08-25 08:47:10.510000+00:00,-80.15,-5.165,74.9,4.1,mb,"8 km S of Chulucanas, Peru"
usp000dy32,2005-08-26 08:55:57.440000+00:00,-77.532,-1.231,158.7,4.2,md,"40 km SE of Tena, Ecuador"
usp000dypm,2005-09-03 15:50:44.100000+00:00,-77.737,-4.197,100.7,4.0,mb,"120 km ESE of Yantzaza, Ecuador"
usp000dzuj,2005-09-21 00:09:13.040000+00:00,-77.655,-3.197,76.2,4.5,mb,"99 km SE of Sucúa, Ecuador"
usp000e1s2,2005-10-13 22:05:08.290000+00:00,-77.326,-1.616,234.7,4.2,mb,"71 km E of Palora, Ecuador"
usp000e2rg,2005-10-24 17:35:33.830000+00:00,-77.745,-0.507,35.0,4.8,mb,"45 km N of Archidona, Ecuador"
usp000e2wp,2005-10-26 22:40:21.490000+00:00,-77.827,-1.975,139.0,4.0,mb,"33 km SSE of Palora, Ecuador"
usp000e3ge,2005-11-04 17:40:52.990000+00:00,-77.751,-1.584,193.4,4.0,mb,"27 km ENE of Palora, Ecuador"
usp000e3j4,2005-11-05 09:11:03.070000+00:00,-80.331,-1.99,67.3,5.1,mwc,"22 km SSW of Pedro Carbo, Ecuador"
usp000e3u8,2005-11-09 11:33:13.190000+00:00,-76.943,-1.024,248.3,5.9,mwb,"42 km SSE of Boca Suno, Ecuador"
usp000e3z9,2005-11-11 19:10:31.890000+00:00,-76.998,-3.749,87.8,4.8,mwc,"69 km WSW of Alianza Cristiana, Peru"
usp000e41r,2005-11-12 23:04:25.860000+00:00,-80.911,-2.694,38.3,4.3,mb,"50 km S of La Libertad, Ecuador"
usp000e464,2005-11-14 22:16:29.070000+00:00,-76.62,-5.243,31.8,4.9,mb,"45 km S of Barranca, Peru"
usp000e4qb,2005-11-22 14:31:45.410000+00:00,-79.98,-3.288,10.0,4.4,mb,"3 km SE of Puerto Bolívar, Ecuador"
usp000e4uk,2005-11-24 23:56:51.760000+00:00,-77.125,-2.398,130.1,4.2,mb,"110 km E of Macas, Ecuador"
usp000e58a,2005-11-30 19:03:48.400000+00:00,-75.435,-3.057,150.8,4.3,mb,"120 km ENE of Alianza Cristiana, Peru"
usp000e5q5,2005-12-07 09:32:08.590000+00:00,-77.649,-1.586,189.6,4.3,mb,"37 km ENE of Palora, Ecuador"
usp000e61r,2005-12-12 21:07:35.670000+00:00,-79.993,-1.941,29.5,4.3,mb,"3 km WSW of El Triunfo, Ecuador"
usp000e6bh,2005-12-17 23:12:37.420000+00:00,-79.473,-2.001,123.6,4.4,mb,"10 km SSE of Alfredo Baquerizo Moreno, Ecuador"
usp000e6dg,2005-12-19 02:09:55.180000+00:00,-80.911,-3.547,35.0,4.1,mb,"29 km WNW of Zorritos, Peru"
usp000e6gu,2005-12-20 16:34:50.570000+00:00,-80.904,-1.911,21.1,5.3,mwc,"33 km N of Salinas, Ecuador"
usp000e6pd,2005-12-23 10:08:20.080000+00:00,-77.407,-5.458,46.1,4.3,mb,"60 km NNW of Segunda Jerusalén - Azunguillo, Peru"
usp000e6qp,2005-12-23 21:47:28+00:00,-77.517,-1.386,192.9,6.1,mwb,"54 km SE of Tena, Ecuador"
usp000e7aw,2006-01-01 03:37:09.440000+00:00,-79.544,0.999,44.4,4.2,mb,"13 km ENE of Esmeraldas, Ecuador"
usp000e7es,2006-01-02 20:43:20.720000+00:00,-77.207,-1.052,183.5,4.2,mb,"39 km S of Boca Suno, Ecuador"
usp000e7tt,2006-01-08 06:23:21.400000+00:00,-77.745,-1.484,171.2,4.6,mb,"28 km E of Puyo, Ecuador"
usp000e8na,2006-01-22 06:18:17.270000+00:00,-77.7,-1.541,181.7,4.3,mb,"34 km E of Puyo, Ecuador"
usp000eaap,2006-02-18 19:51:59.710000+00:00,-77.341,-1.979,168.5,4.3,mb,"75 km ESE of Palora, Ecuador"
usp000eaax,2006-02-18 21:07:27.760000+00:00,-79.383,-4.272,93.3,4.5,mb,"20 km ENE of Cariamanga, Ecuador"
usp000ean0,2006-02-23 00:33:48.930000+00:00,-76.784,-2.828,134.8,4.2,md,"81 km NNW of Alianza Cristiana, Peru"
usp000ebet,2006-03-05 05:28:31.730000+00:00,-76.908,-3.382,113.7,5.2,mwc,northern Peru
usp000ebhm,2006-03-06 09:42:55.430000+00:00,-77.688,-1.668,171.3,4.0,mb,"31 km E of Palora, Ecuador"
usp000ebpt,2006-03-08 21:54:16.030000+00:00,-78.927,-0.765,113.4,4.1,mb,"30 km WNW of Saquisilí, Ecuador"
usp000ebw6,2006-03-10 12:57:09.530000+00:00,-80.937,-5.434,68.9,4.4,mb,"17 km W of Vice, Peru"
usp000ebx5,2006-03-10 22:08:48.090000+00:00,-78.903,-5.052,123.1,4.5,mb,"15 km NE of San Ignacio, Peru"
usp000eej8,2006-04-15 01:08:48.180000+00:00,-78.501,-1.009,5.0,4.1,mb,"10 km ENE of San Miguel de Salcedo, Ecuador"
usp000eeug,2006-04-18 07:00:14.130000+00:00,-79.623,0.962,51.9,4.1,mb,"3 km E of Esmeraldas, Ecuador"
usp000ehgr,2006-05-19 17:53:46.740000+00:00,-80.642,-4.469,47.0,4.4,mb,"35 km SE of La Breita, Peru"
usp000ej7k,2006-05-29 08:35:50.010000+00:00,-80.451,-1.799,48.3,4.0,mb,"24 km W of Pedro Carbo, Ecuador"
usp000ekxy,2006-06-21 12:40:59.670000+00:00,-77.362,-1.859,169.5,5.3,mwc,"69 km ESE of Palora, Ecuador"
usp000embk,2006-06-26 19:37:49.800000+00:00,-79.631,-2.837,27.4,4.9,mwc,"18 km S of Naranjal, Ecuador"
usp000emdb,2006-06-27 13:41:15.280000+00:00,-79.807,-2.913,25.0,4.9,mb,"0 km ESE of Baláo, Ecuador"
usp000enhg,2006-07-13 15:03:23.860000+00:00,-81.009,-1.688,48.7,5.0,mb,"58 km N of Salinas, Ecuador"
usp000epg1,2006-07-24 15:02:39.200000+00:00,-81.892,-5.482,33.2,4.5,mb,"96 km WSW of Paita, Peru"
usp000epn1,2006-07-26 18:06:20.690000+00:00,-80.119,-3.112,50.0,4.1,mb,"21 km NW of Puerto Bolívar, Ecuador"
usp000eq3q,2006-08-02 18:41:37.730000+00:00,-79.885,-4.006,30.8,4.3,mb,"13 km NE of Celica, Ecuador"
usp000eqb9,2006-08-06 05:33:02.880000+00:00,-80.198,-2.989,50.8,4.7,mb,"37 km NW of Puerto Bolívar, Ecuador"
usp000er1f,2006-08-16 05:16:24.770000+00:00,-77.972,-1.781,44.8,4.4,mb,"8 km S of Palora, Ecuador"
usp000esbm,2006-09-02 18:54:55.050000+00:00,-77.083,-2.389,42.8,4.6,mb,"114 km E of Macas, Ecuador"
usp000esen,2006-09-04 03:21:48.590000+00:00,-78.491,-1.893,35.0,4.4,mb,"30 km SE of Riobamba, Ecuador"
usp000esx9,2006-09-11 15:27:52.890000+00:00,-76.492,-5.181,17.1,4.8,mb,"43 km SSE of Barranca, Peru"
usp000esy1,2006-09-12 04:42:42.780000+00:00,-76.359,-5.2,35.0,4.9,mb,"53 km SE of Barranca, Peru"
usp000etcm,2006-09-19 02:33:44.380000+00:00,-79.791,2.492,35.0,4.4,mb,"135 km NW of Tumaco, Colombia"
usp000etz9,2006-09-28 03:43:43.240000+00:00,-79.266,-0.658,107.7,4.4,md,"31 km N of La Maná, Ecuador"
usp000ev9b,2006-10-15 18:59:57.790000+00:00,-79.926,-4.607,10.0,4.0,mb,"13 km SE of Suyo, Peru"
usp000evap,2006-10-16 10:11:07.290000+00:00,-77.786,1.229,122.4,4.5,mb,"13 km NE of Piedrancha, Colombia"
usp000ewc4,2006-10-31 09:55:28.730000+00:00,-77.75,-1.392,181.1,5.4,mwc,"29 km ENE of Puyo, Ecuador"
usp000ewsx,2006-11-07 07:49:58.740000+00:00,-80.841,-4.453,50.6,4.6,mb,"22 km SSE of La Breita, Peru"
usp000eyns,2006-11-23 22:27:01.720000+00:00,-77.933,-1.568,167.4,4.4,mb,"12 km SE of Puyo, Ecuador"
usp000eytw,2006-11-25 13:50:07.390000+00:00,-77.905,1.245,42.7,4.8,mb,"10 km ENE of Ricaurte, Colombia"
usp000ez05,2006-11-28 00:40:38.170000+00:00,-78.7,-2.053,141.1,4.0,mb,"23 km NE of Alausí, Ecuador"
usp000ezen,2006-12-03 14:16:23.190000+00:00,-77.89,-1.629,161.1,4.3,mb,"11 km NE of Palora, Ecuador"
usp000f0gr,2006-12-18 19:07:17.870000+00:00,-76.836,-2.968,157.6,4.1,mb,"71 km NW of Alianza Cristiana, Peru"
usp000f0n9,2006-12-20 15:10:57.660000+00:00,-75.368,-4.793,58.4,4.8,mb,"58 km NE of Lagunas, Peru"
usp000f1du,2006-12-31 09:55:55.990000+00:00,-77.786,-1.292,188.3,4.2,mb,"32 km NE of Puyo, Ecuador"
usp000f1t2,2007-01-06 06:27:22.220000+00:00,-77.727,-1.456,180.1,5.0,mwc,"30 km E of Puyo, Ecuador"
usp000f3d1,2007-01-23 08:57:57.670000+00:00,-78.41,-0.527,62.6,4.3,md,"17 km E of Machachi, Ecuador"
usp000f3p4,2007-01-26 19:26:42.190000+00:00,-77.8,-1.516,168.9,4.4,mb,"22 km E of Puyo, Ecuador"
usp000f42e,2007-02-01 03:55:31.870000+00:00,-79.787,0.397,45.5,4.0,mb,"35 km SE of Muisne, Ecuador"
usp000f4tg,2007-02-13 14:56:43.480000+00:00,-77.778,-1.424,174.8,5.6,mwc,"25 km ENE of Puyo, Ecuador"
usp000f4vt,2007-02-14 19:37:57.350000+00:00,-77.225,-5.339,41.2,5.0,mb,"72 km N of Segunda Jerusalén - Azunguillo, Peru"
usp000f58y,2007-02-20 22:24:43.360000+00:00,-77.284,-5.144,35.0,4.1,mb,"75 km WSW of Barranca, Peru"
usp000f5ff,2007-02-23 14:12:28.510000+00:00,-77.97,-1.436,168.1,5.0,mwc,"6 km NE of Puyo, Ecuador"
usp000f5ny,2007-02-26 03:59:48.330000+00:00,-81.146,-4.76,61.4,4.6,mb,"19 km NNW of San Lucas ( Pueblo Nuevo de Colan), Peru"
usp000f66x,2007-03-06 13:05:12.110000+00:00,-76.495,2.082,43.1,5.2,mwc,"23 km SE of Paispamba, Colombia"
usp000f68u,2007-03-07 11:37:22.460000+00:00,-76.464,-2.459,160.0,4.0,mb,"112 km N of Alianza Cristiana, Peru"
usp000f7r0,2007-03-28 20:57:25.940000+00:00,-77.569,-1.404,185.9,5.3,mwc,"49 km E of Puyo, Ecuador"
usp000f9pq,2007-04-14 11:09:36.550000+00:00,-79.916,-0.771,100.0,4.5,mb,"21 km ESE of Chone, Ecuador"
usp000faa9,2007-04-22 02:49:07.350000+00:00,-76.717,-1.059,35.7,4.0,mb,"61 km SE of Boca Suno, Ecuador"
usp000faba,2007-04-22 11:57:41.180000+00:00,-81.227,-3.741,38.2,5.4,mwc,"45 km NNW of Máncora, Peru"
usp000famq,2007-04-26 02:33:39.370000+00:00,-80.865,-2.687,24.1,4.1,mb,"50 km S of La Libertad, Ecuador"
usp000fb9h,2007-05-05 08:19:34.960000+00:00,-80.217,-0.161,57.0,4.4,mb,"31 km SW of Pedernales, Ecuador"
usp000fbap,2007-05-05 18:18:45.220000+00:00,-77.842,-1.881,163.3,4.4,mb,"24 km SE of Palora, Ecuador"
usp000fbtv,2007-05-12 04:58:42.590000+00:00,-80.363,-5.423,34.1,4.0,mb,"37 km SW of La Matanza, Peru"
usp000fdt5,2007-06-11 00:19:38.990000+00:00,-79.012,-3.168,72.0,5.1,mwc,"29 km S of Cuenca, Ecuador"
usp000fdtf,2007-06-11 03:57:15.700000+00:00,-77.178,-2.17,152.6,5.1,mwc,"101 km ESE of Palora, Ecuador"
usp000fep6,2007-06-23 21:35:25.530000+00:00,-77.163,-1.73,149.3,4.1,mb,"89 km E of Palora, Ecuador"
usp000fg2x,2007-07-13 07:20:25.550000+00:00,-79.836,-3.987,49.9,4.5,mb,"18 km NE of Celica, Ecuador"
usp000fgtd,2007-07-21 18:58:13.840000+00:00,-78.027,-1.591,166.9,5.2,mwc,"12 km SSW of Puyo, Ecuador"
usp000fhax,2007-07-28 23:28:00.480000+00:00,-77.088,-3.926,110.2,4.3,md,"88 km SW of Alianza Cristiana, Peru"
usp000fhnr,2007-08-02 05:26:40.260000+00:00,-77.362,-3.496,20.0,4.8,mb,"103 km W of Alianza Cristiana, Peru"
usp000fjrx,2007-08-15 12:38:49.960000+00:00,-80.331,-3.11,60.9,4.7,mb,"40 km WNW of Puerto Bolívar, Ecuador"
usp000fkdw,2007-08-22 03:39:05.880000+00:00,-79.534,-2.71,78.5,4.2,mb,"10 km ESE of Naranjal, Ecuador"
usp000fkv4,2007-08-28 02:17:58.820000+00:00,-79.25,1.565,26.0,4.7,mb,"45 km NW of Valdez, Ecuador"
usp000fkz9,2007-08-30 00:40:03.990000+00:00,-79.86,0.157,54.2,4.6,mb,"23 km ENE of Pedernales, Ecuador"
usp000fnws,2007-09-22 20:01:23.880000+00:00,-78.137,-0.993,35.0,4.2,mb,"36 km W of Tena, Ecuador"
usp000fp4n,2007-09-26 04:43:17.610000+00:00,-79.208,-3.918,99.8,5.9,mwb,"8 km N of Loja, Ecuador"
usp000fprf,2007-10-03 00:30:28+00:00,-76.563,-5.383,50.1,4.5,mb,"62 km SSE of Barranca, Peru"
usp000fr5k,2007-10-24 08:21:46.590000+00:00,-77.306,-2.068,154.4,4.7,mb,"83 km ESE of Palora, Ecuador"
usp000frdk,2007-10-27 20:38:27.850000+00:00,-77.602,-0.652,45.2,4.9,mb,"36 km NE of Archidona, Ecuador"
usp000frhh,2007-10-29 09:22:52.410000+00:00,-77.669,-1.529,183.8,4.3,mb,"37 km E of Puyo, Ecuador"
usp000frk8,2007-10-30 04:27:35.560000+00:00,-80.999,-4.958,52.1,4.2,mb,"6 km SW of La Huaca, Peru"
usp000frzb,2007-11-04 18:10:22.180000+00:00,-79.086,0.176,35.0,4.8,mb,"46 km ESE of Rosa Zarate, Ecuador"
usp000fsnz,2007-11-16 03:13:00.120000+00:00,-77.838,-2.312,122.9,6.8,mwc,"30 km E of Macas, Ecuador"
usp000ft0j,2007-11-21 04:24:14.220000+00:00,-77.112,-4.567,137.3,4.0,mb,"56 km WNW of Barranca, Peru"
usp000ftq6,2007-12-02 05:27:53.900000+00:00,-76.118,-4.115,27.0,4.3,mb,"78 km SSE of Alianza Cristiana, Peru"
usp000ftru,2007-12-03 03:09:27.120000+00:00,-77.599,-1.501,188.8,4.5,mb,"44 km E of Puyo, Ecuador"
usp000fts3,2007-12-03 06:42:15.530000+00:00,-78.07,-2.024,143.1,4.2,mb,"31 km N of Macas, Ecuador"
usp000ftv3,2007-12-04 23:05:50.580000+00:00,-80.059,0.75,70.6,4.4,mb,"15 km NNW of Muisne, Ecuador"
usp000ftw2,2007-12-05 13:52:00.380000+00:00,-80.193,0.616,49.9,4.1,mb,"19 km W of Muisne, Ecuador"
usp000ftw4,2007-12-05 14:55:52.030000+00:00,-80.372,-1.414,65.7,4.0,mb,"15 km SSE of Sucre, Ecuador"
usp000fu79,2007-12-10 18:19:07.370000+00:00,-80.007,0.589,38.9,5.1,mwc,"2 km SSE of Muisne, Ecuador"
usp000fu8b,2007-12-11 06:54:25.840000+00:00,-79.874,0.599,58.4,4.4,mb,"16 km E of Muisne, Ecuador"
usp000fv1w,2007-12-23 01:16:12.950000+00:00,-80.797,-1.94,48.0,4.2,mb,"32 km NNE of Santa Elena, Ecuador"
usp000fv5d,2007-12-24 14:27:02.530000+00:00,-77.567,-1.568,188.1,4.5,mb,"46 km ENE of Palora, Ecuador"
usp000fv6g,2007-12-25 04:31:19.190000+00:00,-79.92,-3.792,81.5,4.0,mb,"29 km WSW of Piñas, Ecuador"
usp000fwc9,2008-01-09 23:15:39.750000+00:00,-80.589,-1.016,20.5,4.5,mb,"8 km ENE of Montecristi, Ecuador"
usp000fwx9,2008-01-17 22:55:23.710000+00:00,-79.992,-2.366,71.0,4.7,md,"20 km S of Santa Lucía, Ecuador"
usp000fxh5,2008-01-26 17:59:50.940000+00:00,-80.39,-2.88,64.3,5.2,mwc,"27 km S of Playas, Ecuador"
usp000fyf7,2008-02-08 15:26:52.270000+00:00,-81.762,-3.778,35.0,4.9,mb,"81 km NW of El Alto, Peru"
usp000fzyq,2008-02-25 21:38:06.340000+00:00,-81.221,-2.243,31.7,4.2,mb,"30 km W of Salinas, Ecuador"
usp000g0rc,2008-03-05 04:28:44.810000+00:00,-77.922,-1.628,164.1,4.3,md,"9 km NNE of Palora, Ecuador"
usp000g131,2008-03-09 19:58:39.630000+00:00,-77.378,-1.534,180.0,4.2,mb,"67 km ENE of Palora, Ecuador"
usp000g1ug,2008-03-20 06:07:29+00:00,-78.925,-0.221,12.9,4.0,mb,"28 km E of Santo Domingo de los Colorados, Ecuador"
usp000g1y5,2008-03-21 05:32:19.980000+00:00,-78.899,-3.042,95.7,4.2,mb,"14 km SSW of Nulti, Ecuador"
usp000g2je,2008-03-28 15:47:31.690000+00:00,-78.017,-1.846,20.1,4.5,mb,"17 km SSW of Palora, Ecuador"
usp000g2x3,2008-04-01 20:57:09.790000+00:00,-80.236,-2.868,46.9,4.5,mb,"31 km SSE of Playas, Ecuador"
usp000g3z8,2008-04-15 10:35:50.320000+00:00,-79.855,-0.807,76.7,4.2,md,"29 km ESE of Chone, Ecuador"
usp000g5jj,2008-05-05 17:07:01.970000+00:00,-77.145,-3.885,123.6,4.3,mb,"91 km WSW of Alianza Cristiana, Peru"
usp000g602,2008-05-10 11:43:31.890000+00:00,-76.621,-5.482,114.4,4.5,mb,"72 km S of Barranca, Peru"
usp000g6td,2008-05-15 01:54:47.930000+00:00,-77.885,-2.713,38.7,4.5,mb,"42 km SE of Sucúa, Ecuador"
usp000g7c5,2008-05-20 23:51:08.340000+00:00,-80.32,-1.327,71.9,4.6,md,"12 km ESE of Sucre, Ecuador"
usp000g7r6,2008-05-25 09:05:45.970000+00:00,-78.397,-2.287,116.7,4.3,md,"31 km NW of Sucúa, Ecuador"
usp000g86f,2008-05-31 06:13:49.640000+00:00,-79.129,1.076,46.2,4.4,mb,"25 km SW of Valdez, Ecuador"
usp000g8zm,2008-06-09 07:31:51.250000+00:00,-77.401,-1.333,212.6,4.6,mb,"59 km SE of Tena, Ecuador"
usp000gb9x,2008-07-04 06:02:49.520000+00:00,-77.582,-1.421,190.0,5.2,mwc,"47 km E of Puyo, Ecuador"
usp000gbmh,2008-07-08 05:08:17.740000+00:00,-76.905,-3.34,110.3,4.5,mb,"54 km WNW of Alianza Cristiana, Peru"
usp000gcg4,2008-07-18 05:41:55.540000+00:00,-80.276,-1.976,75.9,5.0,mwc,"18 km SSW of Pedro Carbo, Ecuador"
usp000gcpz,2008-07-20 10:20:26.830000+00:00,-80.098,-2.256,56.7,4.1,mb,"13 km SW of Santa Lucía, Ecuador"
usp000gexc,2008-08-18 00:41:31.730000+00:00,-77.788,-1.087,29.2,4.6,mb,"10 km SSE of Tena, Ecuador"
usp000gga3,2008-09-03 07:53:13.270000+00:00,-77.87,-1.729,168.2,4.1,md,"11 km ESE of Palora, Ecuador"
usp000ghgj,2008-09-21 23:34:50.380000+00:00,-77.477,-1.947,144.1,4.5,mb,"60 km ESE of Palora, Ecuador"
usp000ghnq,2008-09-24 23:32:20+00:00,-79.054,-3.026,14.5,4.4,md,"14 km SSW of Cuenca, Ecuador"
usp000gju0,2008-10-10 02:20:55.950000+00:00,-79.502,-3.618,58.4,4.3,md,"14 km ENE of Zaruma, Ecuador"
usp000gkgu,2008-10-18 09:42:03.430000+00:00,-77.193,-1.969,169.4,4.4,mb,"90 km ESE of Palora, Ecuador"
usp000gkhs,2008-10-18 19:22:26.010000+00:00,-76.523,-3.812,103.3,4.3,mb,"38 km SSW of Alianza Cristiana, Peru"
usp000gp00,2008-11-18 16:22:44.940000+00:00,-80.893,-3.837,79.4,4.6,mb,"29 km WNW of Cañaveral, Peru"
usp000gpey,2008-11-26 00:57:12.660000+00:00,-76.227,-2.4,145.7,4.0,mb,"121 km N of Alianza Cristiana, Peru"
usp000gqfu,2008-12-12 20:26:03.180000+00:00,-79.234,-3.663,99.9,4.5,mb,"36 km N of Loja, Ecuador"
usp000gr4e,2008-12-21 15:49:18.210000+00:00,-81.24,-5.466,74.8,4.4,mb,"43 km SSW of Paita, Peru"
usp000grd8,2008-12-24 20:47:10.300000+00:00,-76.229,-3.765,95.4,4.6,mb,"39 km SE of Alianza Cristiana, Peru"
usp000gsb0,2009-01-07 15:35:25.250000+00:00,-78.018,-2.496,113.0,4.5,mb,"17 km ESE of Sucúa, Ecuador"
usp000gt6y,2009-01-28 11:53:54.040000+00:00,-79.406,-2.08,108.1,4.2,mb,"11 km NE of Naranjito, Ecuador"
usp000gtjn,2009-02-08 20:49:24.620000+00:00,-78.893,-2.532,85.8,5.0,mwc,"6 km ENE of Cañar, Ecuador"
usp000gu66,2009-02-19 04:27:42.070000+00:00,-77.704,-2.8,10.0,4.8,mb,"64 km SE of Sucúa, Ecuador"
usp000gu94,2009-02-21 22:47:33.550000+00:00,-78.203,-2.699,35.0,5.0,mwc,"26 km S of Sucúa, Ecuador"
usp000guhn,2009-03-02 00:39:19.450000+00:00,-80.914,-4.084,40.5,4.8,mb,"15 km E of Máncora, Peru"
usp000guu6,2009-03-10 21:58:28+00:00,-79.825,-0.834,93.9,4.5,mb,"31 km NW of Velasco Ibarra, Ecuador"
usp000gvqg,2009-04-03 15:46:48.070000+00:00,-78.062,0.677,21.4,4.8,mb,"14 km WNW of El Ángel, Ecuador"
usp000gwpy,2009-04-30 11:45:39.350000+00:00,-77.191,-4.737,119.6,4.6,mb,"58 km W of Barranca, Peru"
usp000gwq6,2009-05-01 00:34:10.580000+00:00,-77.306,-1.548,191.2,5.1,mwc,"75 km ENE of Palora, Ecuador"
usp000gwtj,2009-05-04 02:03:14.990000+00:00,-78.032,-4.235,47.6,4.6,mb,"92 km ESE of Yantzaza, Ecuador"
usp000gwvb,2009-05-05 16:11:02.180000+00:00,-81.75,-3.211,27.7,4.5,mb,"126 km NW of Máncora, Peru"
usp000gwvt,2009-05-06 10:08:10.770000+00:00,-79.874,-2.653,88.4,4.5,mb,"28 km W of Naranjal, Ecuador"
usp000gxgh,2009-05-25 04:12:46.530000+00:00,-80.868,-1.951,52.1,4.8,mb,near the coast of Ecuador
usp000gy3f,2009-06-11 16:40:48.380000+00:00,-80.485,-3.317,77.2,4.3,mb,"27 km N of Tumbes, Peru"
usp000gyhy,2009-06-24 03:38:39+00:00,-77.692,-1.644,216.6,4.6,mb,"31 km ENE of Palora, Ecuador"
usp000gzcg,2009-07-17 09:18:45.070000+00:00,-78.926,1.195,10.0,4.6,mb,"8 km SE of Valdez, Ecuador"
usp000gzef,2009-07-19 08:35:45.380000+00:00,-80.366,-1.741,54.9,5.4,mwc,"16 km WNW of Pedro Carbo, Ecuador"
usp000gzk0,2009-07-24 09:19:11.230000+00:00,-81.741,-3.674,35.0,4.8,mb,"87 km NW of El Alto, Peru"
usp000h0k6,2009-08-18 08:24:07.930000+00:00,-77.508,-1.224,167.9,4.2,mb,"42 km SE of Tena, Ecuador"
usp000h0rx,2009-08-22 18:42:26.010000+00:00,-80.876,-3.688,35.0,4.2,ml,"21 km W of Zorritos, Peru"
usp000h0ry,2009-08-22 18:46:50.290000+00:00,-80.744,-3.847,35.0,4.5,mb,"14 km NW of Cañaveral, Peru"
usp000h0xk,2009-08-27 14:56:41.050000+00:00,-81.222,-5.481,37.2,5.3,mwc,"44 km SSW of Paita, Peru"
usp000h1jh,2009-09-16 06:44:46.700000+00:00,-77.592,-2.817,40.0,4.6,mb,"75 km ESE of Sucúa, Ecuador"
usp000h1jm,2009-09-16 07:41:00.740000+00:00,-80.358,-1.314,69.4,4.5,mb,"7 km ESE of Sucre, Ecuador"
usp000h2nt,2009-10-09 18:11:39.930000+00:00,-77.817,-0.962,35.2,5.2,mwc,"3 km N of Tena, Ecuador"
usp000h2z1,2009-10-15 01:43:00.970000+00:00,-80.21,-4.602,62.2,5.0,mb,"6 km NE of Las Lomas, Peru"
usp000h3mv,2009-11-01 08:09:49.340000+00:00,-77.444,-3.72,97.6,4.5,mb,"115 km WSW of Alianza Cristiana, Peru"
usp000h3ud,2009-11-07 19:39:20.600000+00:00,-81.616,-4.143,37.1,4.6,mb,"46 km WNW of El Alto, Peru"
usp000h4ev,2009-11-26 12:18:13.040000+00:00,-80.407,-3.158,68.5,4.7,mb,"40 km NNW of Aguas Verdes, Peru"
usp000h4xp,2009-12-10 16:20:35.930000+00:00,-78.148,-1.883,143.9,4.7,mb,"28 km SW of Palora, Ecuador"
usp000h55r,2009-12-18 21:25:22.800000+00:00,-81.489,-1.589,35.0,4.5,mb,"91 km NW of Salinas, Ecuador"
usp000h5cw,2009-12-26 09:39:09.190000+00:00,-81.525,-1.678,43.1,4.4,mb,"87 km NW of Salinas, Ecuador"
usp000h5cx,2009-12-26 10:55:02.870000+00:00,-81.58,-1.637,35.0,4.2,mb,"94 km NW of Salinas, Ecuador"
usp000h5et,2009-12-28 23:26:08.310000+00:00,-81.775,-1.918,35.0,4.3,mb,"97 km WNW of Salinas, Ecuador"
usp000h5eu,2009-12-28 23:30:21.160000+00:00,-81.779,-1.577,35.0,4.7,mb,"115 km NW of Salinas, Ecuador"
usp000h5m4,2010-01-02 08:26:21.620000+00:00,-81.516,-1.625,46.4,4.2,mb,"90 km NW of Salinas, Ecuador"
usp000h5pd,2010-01-04 02:33:44.600000+00:00,-81.566,-1.745,42.3,4.8,mb,"85 km NW of Salinas, Ecuador"
usp000h70j,2010-02-06 08:56:59.200000+00:00,-77.399,-1.096,218.5,4.6,mb,"47 km ESE of Tena, Ecuador"
usp000h79j,2010-02-14 00:39:17.460000+00:00,-77.594,-1.26,199.5,4.6,mb,"38 km SE of Tena, Ecuador"
usp000h7e8,2010-02-18 16:21:04.240000+00:00,-77.001,-4.528,115.3,4.7,mb,"49 km NW of Barranca, Peru"
usp000h7fc,2010-02-19 11:37:27.210000+00:00,-79.18,-1.059,98.2,4.6,mb,"13 km SSE of La Maná, Ecuador"
usp000h7qs,2010-02-26 20:06:16.550000+00:00,-77.824,-1.436,166.7,4.6,mb,"20 km ENE of Puyo, Ecuador"
usp000h86k,2010-02-28 10:26:51.770000+00:00,-80.39,-1.177,35.0,5.2,mwc,"3 km NNW of Santa Ana, Ecuador"
usp000h9q5,2010-03-19 19:57:03.900000+00:00,-78.413,-2.433,116.2,4.6,mb,"26 km W of Sucúa, Ecuador"
usp000h9rt,2010-03-20 19:14:53.290000+00:00,-79.675,-1.944,107.6,4.4,md,"4 km E of Palestina, Ecuador"
usp000h9vb,2010-03-22 19:06:43.570000+00:00,-80.447,-1.661,27.4,4.8,mb,"12 km S of Paján, Ecuador"
usp000h9zq,2010-03-26 01:56:37.480000+00:00,-78.129,-1.098,10.0,5.0,mwc,"37 km WSW of Tena, Ecuador"
usp000ha1v,2010-03-27 23:50:18.630000+00:00,-80.73,-4.762,50.3,4.9,mb,"11 km NNW of Salitral, Peru"
usp000hb3d,2010-04-10 04:20:01.560000+00:00,-76.425,-4.279,114.2,4.4,mb,"67 km NNE of Barranca, Peru"
usp000hb89,2010-04-12 05:51:30.960000+00:00,-77.405,-4.42,41.9,5.0,mb,"92 km WNW of Barranca, Peru"
usp000hbks,2010-04-18 08:35:04+00:00,-78.356,0.245,5.2,4.4,mb,"10 km W of Otavalo, Ecuador"
usp000hbmx,2010-04-19 00:33:07+00:00,-79.489,1.131,12.0,4.1,mb,"26 km NE of Esmeraldas, Ecuador"
usp000hc8p,2010-05-03 06:12:34.670000+00:00,-80.834,-4.121,28.5,4.5,mb,"11 km WSW of Papayal, Peru"
usp000hcxh,2010-05-19 04:15:43.230000+00:00,-77.541,-5.083,132.0,6.0,mwb,"83 km NNE of Yambrasbamba, Peru"
usp000hczk,2010-05-20 17:38:52.220000+00:00,-78.18,-1.89,135.5,4.5,mb,"31 km SW of Palora, Ecuador"
usp000hdf2,2010-06-01 11:12:13+00:00,-78.325,-1.06,10.7,4.3,md,"27 km ENE of Píllaro, Ecuador"
usp000hejm,2010-06-26 18:40:14.170000+00:00,-77.232,-4.689,117.1,5.2,mwc,"63 km WNW of Barranca, Peru"
usp000heqr,2010-06-30 09:06:37.870000+00:00,-81.244,-1.479,41.4,4.2,mb,"75 km W of Jipijapa, Ecuador"
usp000hf89,2010-07-13 19:27:51.010000+00:00,-78.292,-4.11,114.1,4.5,mb,"60 km ESE of Yantzaza, Ecuador"
usp000hhdu,2010-08-03 05:32:57+00:00,-79.848,-2.363,31.3,4.3,mb,"18 km SSE of Guayaquil, Ecuador"
usp000hhnh,2010-08-06 10:46:01.580000+00:00,-81.018,-1.598,43.9,4.3,mb,"56 km WSW of Jipijapa, Ecuador"
usp000hj05,2010-08-12 11:54:15.580000+00:00,-77.306,-1.266,206.7,7.1,mwc,Ecuador
usp000hj3k,2010-08-14 04:39:16.700000+00:00,-77.33,-1.334,209.9,4.4,mb,Ecuador
usp000hjay,2010-08-17 03:22:50.840000+00:00,-80.003,-5.321,67.2,5.2,mb,"7 km SSW of Buenos Aires, Peru"
usp000hjcu,2010-08-18 07:38:46.560000+00:00,-77.275,2.363,85.0,4.4,mb,"12 km NNW of Argelia, Colombia"
usp000hjkv,2010-08-22 06:13:45.320000+00:00,-80.97,-5.173,27.8,4.5,mb,"18 km ESE of Paita, Peru"
usp000hjyk,2010-08-30 18:50:09.800000+00:00,-77.36,1.22,0.0,4.0,ml,"7 km S of Nariño, Colombia"
usp000hk0w,2010-09-01 13:56:36.960000+00:00,-80.607,-3.951,109.0,4.4,mb,"4 km ESE of Cañaveral, Peru"
usp000hkgz,2010-09-09 21:26:07.620000+00:00,-80.759,-4.808,88.6,4.1,mb,"9 km NW of Marcavelica, Peru"
usp000hkkb,2010-09-11 18:55:25.730000+00:00,-80.584,-4.244,61.6,5.2,mwc,Peru-Ecuador border region
usp000hm2k,2010-09-22 19:01:44.830000+00:00,-77.622,-2.81,74.8,4.0,mb,"72 km ESE of Sucúa, Ecuador"
usp000hmg8,2010-10-02 14:54:04.610000+00:00,-76.12,-4.225,118.6,4.8,mb,"89 km SSE of Alianza Cristiana, Peru"
usp000hmwe,2010-10-09 14:04:47.660000+00:00,-76.652,-2.644,123.9,5.2,mwc,"95 km NNW of Alianza Cristiana, Peru"
usp000hn5h,2010-10-16 05:12:30.030000+00:00,-80.34,-1.444,68.1,4.5,mb,"15 km NE of Paján, Ecuador"
usp000hnad,2010-10-20 01:06:00.630000+00:00,-80.787,-0.381,48.6,4.8,mb,"47 km WNW of Bahía de Caráquez, Ecuador"
usp000hnbf,2010-10-20 16:05:58.840000+00:00,-80.559,-0.232,59.6,4.7,mb,"43 km NNW of Bahía de Caráquez, Ecuador"
usp000hnfe,2010-10-23 21:51:13.890000+00:00,-78.847,1.123,39.4,4.4,mb,"18 km S of San Lorenzo de Esmeraldas, Ecuador"
usp000hpu5,2010-11-18 10:03:21.850000+00:00,-81.148,-4.846,52.4,4.5,mb,"12 km NW of San Lucas ( Pueblo Nuevo de Colan), Peru"
usp000hpys,2010-11-22 10:24:14.030000+00:00,-79.153,-2.628,101.4,4.3,mb,"24 km WSW of Cañar, Ecuador"
usp000hq2w,2010-11-25 04:19:41.390000+00:00,-79.92,0.443,43.1,5.4,mwc,"21 km SSE of Muisne, Ecuador"
usp000hq8f,2010-11-28 07:57:35.110000+00:00,-80.397,-1.281,35.0,4.7,mb,"2 km E of Sucre, Ecuador"
usp000hqw0,2010-12-13 13:05:30.400000+00:00,-77.138,-2.825,90.4,4.8,mb,Peru-Ecuador border region
usp000hsz2,2011-01-12 12:20:03.800000+00:00,-78.262,-2.351,35.0,4.1,mb,"15 km NW of Sucúa, Ecuador"
usp000hy1r,2011-03-20 11:39:47.840000+00:00,-77.985,-0.357,10.0,4.5,mb,"47 km SSE of Cayambe, Ecuador"
usp000hytn,2011-03-28 17:08:52.480000+00:00,-80.486,-2.8,48.8,4.5,mb,"21 km SSW of Playas, Ecuador"
usp000hyze,2011-03-31 06:44:35.980000+00:00,-81.618,-1.673,26.0,4.6,mb,"95 km NW of Salinas, Ecuador"
usp000j0b4,2011-04-20 22:27:59.980000+00:00,-79.473,-3.877,103.3,4.7,mb,"17 km NW of Catamayo, Ecuador"
usp000j0kb,2011-04-25 22:22:16.680000+00:00,-77.632,-2.913,41.3,4.8,mb,"78 km SE of Sucúa, Ecuador"
usp000j1fa,2011-05-12 02:36:01.610000+00:00,-81.628,-1.745,10.0,5.0,mwc,"91 km NW of Salinas, Ecuador"
usp000j1n1,2011-05-15 12:15:48.880000+00:00,-80.263,-1.08,49.6,4.6,mb,"17 km SSW of Junín, Ecuador"
usp000j1w8,2011-05-20 14:00:49+00:00,-79.871,0.509,17.1,4.1,mb,"19 km SE of Muisne, Ecuador"
usp000j1x8,2011-05-21 01:34:31.640000+00:00,-80.318,-3.625,48.8,4.3,mb,"14 km SSW of Zarumilla, Peru"
usp000j2cb,2011-05-28 19:37:02.480000+00:00,-81.632,-2.369,24.5,4.5,mb,"77 km WSW of Salinas, Ecuador"
usp000j4xf,2011-07-14 23:28:02.590000+00:00,-77.374,-3.634,35.5,4.0,mb,"105 km W of Alianza Cristiana, Peru"
usp000j59n,2011-07-21 23:23:48.050000+00:00,-77.724,-1.812,161.9,4.6,mb,"29 km ESE of Palora, Ecuador"
usp000j5af,2011-07-22 08:20:31.770000+00:00,-80.313,-2.65,60.0,4.1,mb,"8 km ESE of Playas, Ecuador"
usp000j5gc,2011-07-25 18:25:10.270000+00:00,-76.608,-5.348,110.3,5.2,mwc,"57 km S of Barranca, Peru"
usp000j5j0,2011-07-26 20:58:29.410000+00:00,-76.609,-2.664,123.0,5.0,mwc,"91 km NNW of Alianza Cristiana, Peru"
usp000j5z3,2011-08-04 16:45:52.060000+00:00,-81.501,-1.71,35.0,4.0,mb,"82 km NW of Salinas, Ecuador"
usp000j6fy,2011-08-15 02:53:18.660000+00:00,-76.908,-1.814,177.2,5.7,mww,"118 km E of Palora, Ecuador"
usp000j6mj,2011-08-18 05:23:44.620000+00:00,-79.95,-2.925,32.3,4.6,mb,"15 km W of Baláo, Ecuador"
usp000j7cz,2011-09-02 03:46:09.310000+00:00,-79.649,-3.528,85.9,4.9,mb,"17 km NNE of Piñas, Ecuador"
usp000j81x,2011-09-14 17:06:09.910000+00:00,-80.915,-3.753,55.5,4.3,mb,"27 km WSW of Zorritos, Peru"
usp000j8s8,2011-09-30 12:34:36.940000+00:00,-79.843,-2.205,32.7,4.6,mb,"3 km SSE of Eloy Alfaro, Ecuador"
usp000j9bs,2011-10-14 21:09:09.840000+00:00,-76.923,-4.371,111.0,4.4,mb,"57 km NNW of Barranca, Peru"
usp000j9fk,2011-10-17 15:22:40.660000+00:00,-77.327,-5.487,20.7,4.7,mb,"55 km N of Segunda Jerusalén - Azunguillo, Peru"
usp000j9uy,2011-10-24 18:41:48.660000+00:00,-75.563,-2.825,56.6,4.3,mb,"120 km NE of Alianza Cristiana, Peru"
usp000ja2x,2011-10-29 13:50:49+00:00,-78.37,-0.13,3.0,4.0,mb,"20 km ENE of Quito, Ecuador"
usp000ja33,2011-10-29 18:24:41.140000+00:00,-77.326,0.172,24.3,4.5,mb,"48 km W of Nueva Loja, Ecuador"
usp000ja37,2011-10-29 20:45:03.200000+00:00,-79.236,-2.397,35.0,4.6,mb,"11 km ENE of La Troncal, Ecuador"
usp000jamx,2011-11-09 18:22:56.440000+00:00,-77.475,-4.59,24.4,4.9,mb,northern Peru
usp000jayv,2011-11-17 01:57:05.730000+00:00,-81.546,-1.702,26.6,6.0,mww,"87 km NW of Salinas, Ecuador"
usp000jb3m,2011-11-19 06:51:39.510000+00:00,-81.524,-1.615,46.2,4.7,mb,"91 km NW of Salinas, Ecuador"
usp000jb8d,2011-11-22 05:24:17.880000+00:00,-80.626,-4.614,75.6,4.4,mb,"24 km N of Querecotillo, Peru"
usp000jb8u,2011-11-22 11:05:42.760000+00:00,-81.562,-1.644,37.7,4.2,mb,"92 km NW of Salinas, Ecuador"
usp000jbdt,2011-11-26 06:37:25.210000+00:00,-81.648,-1.615,42.6,4.5,mb,"101 km NW of Salinas, Ecuador"
usp000jbgb,2011-11-27 23:53:56.970000+00:00,-80.072,-2.814,70.1,4.5,mb,"30 km WNW of Baláo, Ecuador"
usp000jbmr,2011-11-30 02:01:58.140000+00:00,-77.111,-4.424,38.1,4.6,mb,"66 km NW of Barranca, Peru"
usp000jbyq,2011-12-08 10:04:52.700000+00:00,-77.942,-5.13,47.4,4.4,mb,"67 km N of Yambrasbamba, Peru"
usp000jctz,2011-12-30 07:13:02.440000+00:00,-78.723,-1.958,127.6,4.6,mb,"30 km NNE of Alausí, Ecuador"
usp000jcve,2011-12-31 00:53:55.220000+00:00,-77.294,1.734,95.7,4.7,mb,"4 km ESE of El Rosario, Colombia"
usp000jdan,2012-01-10 18:07:12.990000+00:00,-80.28,-0.74,49.5,5.0,mb,"7 km NW of Tosagua, Ecuador"
usp000jdcx,2012-01-12 06:59:02.180000+00:00,-79.697,0.551,51.1,4.5,mb,"35 km NW of Rosa Zarate, Ecuador"
usp000jdq5,2012-01-19 10:18:02.770000+00:00,-82.703,-3.044,34.9,4.7,mb,"213 km NW of El Alto, Peru"
usp000je8r,2012-02-01 15:38:07.140000+00:00,-80.153,2.008,10.0,4.5,mb,"128 km NNW of Esmeraldas, Ecuador"
usp000jemc,2012-02-07 02:18:25.730000+00:00,-77.343,-3.608,41.7,4.7,mb,"102 km W of Alianza Cristiana, Peru"
usp000jepf,2012-02-08 10:54:42.290000+00:00,-79.258,0.658,64.5,5.2,mwc,near the coast of Ecuador
usp000jf9y,2012-02-24 02:56:45.970000+00:00,-76.269,-2.319,158.9,4.6,mb,"129 km N of Alianza Cristiana, Peru"
usp000jfb0,2012-02-24 17:40:55.920000+00:00,-81.049,-3.833,41.8,4.8,mb,"30 km N of Máncora, Peru"
usp000jfvr,2012-03-06 18:14:08.400000+00:00,-77.936,-2.748,88.8,4.5,mb,"41 km SE of Sucúa, Ecuador"
usp000jfx9,2012-03-07 20:37:05.150000+00:00,-77.718,-1.693,186.5,4.4,mb,"27 km E of Palora, Ecuador"
usp000jghw,2012-03-20 19:32:17.740000+00:00,-77.585,-1.602,182.0,4.5,mb,"43 km ENE of Palora, Ecuador"
usp000jgx5,2012-03-28 18:37:56.070000+00:00,-81.443,-1.527,42.7,4.3,mb,"93 km NW of Salinas, Ecuador"
usp000jgx6,2012-03-28 18:39:08.560000+00:00,-81.516,-1.668,41.2,4.3,mb,"87 km NW of Salinas, Ecuador"
usp000jgyw,2012-03-29 22:27:38.610000+00:00,-80.789,-5.186,57.4,4.2,mb,"13 km W of San Martin, Peru"
usp000jgyy,2012-03-29 23:57:19.210000+00:00,-78.584,-2.065,59.9,4.7,mb,"33 km ENE of Alausí, Ecuador"
usp000jh61,2012-04-03 03:08:08.020000+00:00,-80.583,-5.18,63.9,5.4,mb,"5 km ENE of Piura, Peru"
usp000jh6d,2012-04-03 09:17:21.430000+00:00,-76.57,-5.275,35.8,4.4,mb,"50 km SSE of Barranca, Peru"
usp000jhcr,2012-04-07 23:54:42.590000+00:00,-81.215,-3.834,42.3,4.2,mb,"35 km NNW of Máncora, Peru"
usp000jjr8,2012-04-29 00:43:21.620000+00:00,-79.656,-2.318,85.8,4.7,mb,"21 km SSW of Milagro, Ecuador"
usp000jjtt,2012-04-30 17:22:31.380000+00:00,-77.347,-1.971,4.8,4.5,mb,"74 km ESE of Palora, Ecuador"
usp000jktk,2012-05-23 10:24:06.740000+00:00,-77.781,-1.765,163.4,4.6,mb,"21 km ESE of Palora, Ecuador"
usp000jmgs,2012-06-08 04:19:03.410000+00:00,-81.511,-1.657,33.5,4.8,mb,"87 km NW of Salinas, Ecuador"
usp000jmtv,2012-06-16 00:19:38.640000+00:00,-76.2,-2.213,42.6,4.8,mb,"141 km N of Alianza Cristiana, Peru"
usp000jmuw,2012-06-16 20:35:14.440000+00:00,-77.555,-3.479,33.1,4.5,mb,"114 km E of Gualaquiza, Ecuador"
usp000jmxm,2012-06-18 13:34:50.450000+00:00,-78.671,-1.029,35.0,4.9,mb,"8 km SSE of Pujilí, Ecuador"
usp000jn07,2012-06-20 12:31:29.400000+00:00,-76.354,2.248,158.4,4.7,mb,"28 km E of Paispamba, Colombia"
usp000jna3,2012-06-27 12:17:30.990000+00:00,-80.796,-1.588,53.6,4.5,mb,"35 km SW of Jipijapa, Ecuador"
usp000jnja,2012-07-03 13:47:03.190000+00:00,-76.15,-4.035,115.4,5.1,mb,"69 km SSE of Alianza Cristiana, Peru"
usp000jp18,2012-07-15 06:51:23.830000+00:00,-77.714,-1.526,186.5,4.5,mb,"32 km E of Puyo, Ecuador"
usp000jpmx,2012-07-30 05:19:46.860000+00:00,-80.747,-1.895,47.0,4.8,mb,"38 km NNE of Santa Elena, Ecuador"
usp000jqjw,2012-08-21 04:34:22.050000+00:00,-77.205,-4.95,27.0,4.5,mb,"60 km WSW of Barranca, Peru"
usp000jr6c,2012-08-30 23:00:39.310000+00:00,-79.426,-3.008,82.4,4.6,mb,"42 km SSE of Naranjal, Ecuador"
usp000jrd5,2012-09-01 07:00:16.170000+00:00,-80.62,-3.4,64.5,4.3,mb,"26 km NW of Tumbes, Peru"
usp000js9f,2012-09-13 18:13:43.760000+00:00,-79.222,1.809,10.0,4.3,mb,"47 km W of Tumaco, Colombia"
usp000jsbk,2012-09-15 05:14:24.070000+00:00,-80.351,-3.921,35.0,4.3,mb,"31 km SSW of Matapalo, Peru"
usp000jta1,2012-09-30 16:31:35.970000+00:00,-76.362,1.929,170.0,7.3,mww,"11 km WNW of San Agustín, Colombia"
usp000jtgn,2012-10-04 00:23:46+00:00,-81.256,-1.641,6.0,4.1,mb,"71 km NNW of Salinas, Ecuador"
usp000juaj,2012-10-22 12:56:28.310000+00:00,-77.56,-3.133,21.4,4.4,mb,"100 km SE of Sucúa, Ecuador"
usp000jujb,2012-10-28 04:13:34.120000+00:00,-79.764,-2.227,77.7,4.7,mb,"11 km ESE of Eloy Alfaro, Ecuador"
usp000jv2v,2012-11-05 18:04:42.100000+00:00,-77.58,-2.673,49.9,4.6,mb,"69 km ESE of Sucúa, Ecuador"
usp000jvev,2012-11-12 14:08:33.540000+00:00,-76.447,-5.243,35.0,4.6,mb,"51 km SSE of Barranca, Peru"
usp000jvgg,2012-11-13 01:56:46.760000+00:00,-81.577,-1.736,47.4,5.1,mb,"87 km NW of Salinas, Ecuador"
usp000jw5y,2012-11-28 03:09:48.720000+00:00,-76.101,-4.522,118.3,5.6,mww,"72 km ENE of Barranca, Peru"
usp000jwsr,2012-12-10 10:50:52.380000+00:00,-76.04,2.167,53.6,4.3,mb,"7 km WSW of La Argentina, Colombia"
usp000jwur,2012-12-11 17:13:24.540000+00:00,-81.578,-1.707,49.6,4.4,mb,"89 km NW of Salinas, Ecuador"
usp000jxtm,2013-01-04 19:46:25.910000+00:00,-77.531,-1.484,192.3,4.7,mb,"52 km E of Puyo, Ecuador"
usp000jyh6,2013-01-17 13:12:49.890000+00:00,-80.197,-0.618,36.6,4.4,mb,"14 km NW of Chone, Ecuador"
usp000jym2,2013-01-20 07:02:59.450000+00:00,-80.89,-1.366,37.8,4.4,mb,"34 km W of Jipijapa, Ecuador"
usc000f4ij,2013-02-09 14:16:07.880000+00:00,-77.393,1.135,145.0,6.9,mww,"2 km NNE of Yacuanquer, Colombia"
usc000f9kl,2013-02-18 04:51:55.350000+00:00,-76.881,-3.54,109.9,4.7,mb,"50 km W of Alianza Cristiana, Peru"
usc000fcg3,2013-02-24 09:00:00.530000+00:00,-78.464,0.977,10.0,4.5,mb,"53 km SE of San Lorenzo de Esmeraldas, Ecuador"
us2013mdcv,2013-02-27 15:56:09.980000+00:00,-78.674,-3.51,93.9,4.5,mb,"15 km SW of Gualaquiza, Ecuador"
us2013mtb7,2013-03-14 21:02:45.300000+00:00,-81.174,-1.548,35.0,4.2,mb,"69 km WSW of Jipijapa, Ecuador"
usb000fl8p,2013-03-15 05:34:20.730000+00:00,-75.656,-3.089,130.6,4.3,mb,"96 km ENE of Alianza Cristiana, Peru"
us2013nqdu,2013-04-05 02:19:26.830000+00:00,-80.699,-0.829,29.0,4.0,mb,"14 km N of Manta, Ecuador"
usb000g3ng,2013-04-10 00:52:48.390000+00:00,-79.562,-2.074,88.1,4.5,mb,"7 km NNE of Milagro, Ecuador"
usb000gekc,2013-04-23 21:15:27.390000+00:00,-77.767,-1.607,161.8,4.3,mb,"24 km ENE of Palora, Ecuador"
usb000ghc6,2013-04-29 02:32:50+00:00,-78.544,-3.217,90.0,4.9,mb,"21 km NNE of Gualaquiza, Ecuador"
us2013qca7,2013-05-12 13:14:28.530000+00:00,-77.665,-3.119,21.0,4.6,mb,"92 km SE of Sucúa, Ecuador"
us2013qeas,2013-05-14 13:16:35.350000+00:00,-77.504,-1.153,170.5,4.4,mb,"38 km ESE of Tena, Ecuador"
usb000h4jn,2013-05-24 05:42:12.460000+00:00,-78.108,-1.653,72.3,4.8,mb,"16 km WNW of Palora, Ecuador"
usc000hng0,2013-06-12 19:58:14.070000+00:00,-78.782,-1.318,123.8,4.8,mb,"19 km WSW of Ambato, Ecuador"
usc000hqkf,2013-06-14 09:59:26.540000+00:00,-80.682,-4.532,25.6,4.3,mb,"34 km N of Querecotillo, Peru"
usc000i0nq,2013-06-26 10:51:29.400000+00:00,-80.424,-2.579,34.8,4.5,mb,"7 km NW of Playas, Ecuador"
usp000k1ha,2013-06-27 16:34:37.880000+00:00,-79.817,2.205,19.9,4.5,mb,"122 km WNW of Tumaco, Colombia"
usp000k1j9,2013-06-28 18:46:38.290000+00:00,-76.331,-2.786,125.9,4.2,mb,"77 km N of Alianza Cristiana, Peru"
usp000k1uj,2013-07-09 05:54:18.940000+00:00,-80.623,-4.633,86.7,4.2,mb,Peru-Ecuador border region
usp000k20y,2013-07-15 02:36:51+00:00,-81.0,-0.65,16.8,4.3,mb,"47 km NW of Manta, Ecuador"
usc000itb4,2013-07-31 10:28:08+00:00,-80.74,-5.16,56.0,4.5,mb,"8 km WNW of San Martin, Peru"
usb000j10u,2013-08-12 09:49:32.360000+00:00,-81.9268,-5.3962,10.0,6.2,mww,"96 km WSW of Paita, Peru"
usb000j7q1,2013-08-12 14:33:27.900000+00:00,-81.8787,-5.215,10.0,4.2,mb,"85 km W of Paita, Peru"
usb000j9gv,2013-08-22 15:50:38.550000+00:00,-77.5896,-1.9051,159.03,4.3,mb,"47 km ESE of Palora, Ecuador"
usc000jwv1,2013-09-07 04:22:41.940000+00:00,-81.8795,-5.4003,37.6,4.3,mb,"91 km WSW of Paita, Peru"
usc000jufn,2013-09-14 17:00:08.540000+00:00,-78.6629,-2.1665,118.83,4.5,mb,"20 km E of Alausí, Ecuador"
usc000juuk,2013-09-15 09:59:01.320000+00:00,-80.9002,-4.9142,59.48,4.5,mb,"6 km E of La Huaca, Peru"
usc000jwzv,2013-09-18 10:26:02.040000+00:00,-81.1984,-5.3895,44.83,4.5,mb,"34 km SSW of Paita, Peru"
usb000jyfl,2013-09-18 14:49:11.780000+00:00,-79.773,-2.6456,65.24,4.3,mb,"17 km W of Naranjal, Ecuador"
usb000jxun,2013-09-23 07:55:52.770000+00:00,-77.9096,-1.6483,158.73,4.5,mb,"8 km NE of Palora, Ecuador"
usb000kem8,2013-10-16 10:24:47.590000+00:00,-78.0818,0.7725,9.17,4.6,mb,"22 km NW of El Ángel, Ecuador"
usb000kg5p,2013-10-18 01:32:38.020000+00:00,-81.3017,-1.0295,37.4,4.5,mb,"65 km W of Manta, Ecuador"
usb000kh4s,2013-10-19 05:32:41.020000+00:00,-81.0107,-1.6904,34.97,4.3,mb,"58 km S of Salinas, Ecuador"
usc000km1p,2013-10-24 00:37:20+00:00,-79.79,-2.06,57.0,4.5,mb,"11 km WNW of Yaguachi Nuevo, Ecuador"
usb000kyeh,2013-11-01 07:30:09.820000+00:00,-79.9673,0.2511,67.72,4.1,mb,"21 km NNE of Pedernales, Ecuador"
usb000l7qa,2013-11-23 20:50:18.930000+00:00,-77.9259,-1.8716,144.26,4.0,mb,"19 km SSE of Palora, Ecuador"
usb000l6bc,2013-11-25 19:43:01.120000+00:00,-79.885,-3.1694,85.43,5.0,mb,"12 km NE of Machala, Ecuador"
usb000l8hl,2013-11-30 16:38:54.080000+00:00,-77.4392,-2.4929,108.35,4.8,mb,"77 km ESE of Macas, Ecuador"
usb000lc12,2013-12-05 17:03:02.650000+00:00,-79.7525,2.4942,41.73,4.6,mb,"131 km WNW of Salahonda, Colombia"
usc000lkg7,2013-12-14 01:41:16.460000+00:00,-80.5869,-2.8312,55.69,5.0,mb,"31 km SW of Playas, Ecuador"
usc000m06a,2013-12-27 21:14:25.640000+00:00,-77.0478,-4.1639,64.72,4.5,mb,"84 km NNW of Barranca, Peru"
usc000lxtc,2014-01-06 20:05:44.800000+00:00,-80.5954,-4.7987,45.24,4.7,mb,"4 km N of Huangala, Peru"
usc000lynk,2014-01-08 15:39:17.510000+00:00,-80.0008,-5.0123,72.1,4.6,mb,"16 km NW of Paltashaco, Peru"
usc000mdqh,2014-01-13 09:17:46.840000+00:00,-78.455,-5.2914,49.5,4.5,mb,"35 km N of La Peca, Peru"
usc000mgzj,2014-01-19 03:20:06.850000+00:00,-77.563,-4.2249,10.04,4.3,mb,"119 km NW of Barranca, Peru"
usc000mi05,2014-01-20 04:36:16+00:00,-78.96,-1.99,10.0,4.2,mb,"26 km NNW of Alausí, Ecuador"
usb000m8ad,2014-01-26 05:10:27.220000+00:00,-80.8578,-3.8506,11.0,5.3,mwb,"25 km WNW of Cañaveral, Peru"
usb000myd0,2014-02-16 16:55:59.810000+00:00,-78.3859,-4.617,23.25,4.5,mb,"87 km SE of Zamora, Ecuador"
usc000mvf8,2014-02-21 12:42:08.690000+00:00,-79.1133,0.2182,41.63,4.6,mb,"41 km ESE of Rosa Zarate, Ecuador"
usc000n450,2014-02-22 15:35:49.530000+00:00,-77.5038,-3.8254,48.59,4.3,mb,"124 km WSW of Alianza Cristiana, Peru"
usb000n1c1,2014-03-05 04:25:43.020000+00:00,-76.3743,-3.9612,99.73,4.5,mb,"54 km S of Alianza Cristiana, Peru"
usc000n5qh,2014-03-09 02:10:58.150000+00:00,-77.6292,0.3318,10.0,4.3,mb,"35 km E of Pimampiro, Ecuador"
usc000n62j,2014-03-09 20:29:52.590000+00:00,-79.3537,1.6575,6.0,5.6,mww,"61 km NW of Valdez, Ecuador"
usc000nbua,2014-03-14 20:53:53.710000+00:00,-79.6126,-2.0488,96.28,4.9,mb,"9 km NNW of Milagro, Ecuador"
usc000nkkl,2014-03-22 00:38:45+00:00,-80.83,-5.43,37.0,4.9,mb,"5 km WSW of Vice, Peru"
usc000nyu2,2014-03-22 15:47:54.400000+00:00,-79.4977,-2.7245,62.77,4.2,mb,"14 km ESE of Naranjal, Ecuador"
usc000npis,2014-03-25 09:56:31.080000+00:00,-79.2803,-2.2524,35.0,5.3,mb,"17 km ESE of Coronel Marcelino Maridueña, Ecuador"
usc000p4qk,2014-03-25 10:08:34.150000+00:00,-79.1696,-2.1181,35.0,4.2,mb,"30 km ENE of Coronel Marcelino Maridueña, Ecuador"
usc000p4pf,2014-03-25 10:36:00.470000+00:00,-79.1392,-2.1292,35.0,4.3,mb,near the coast of Ecuador
usc000p4pm,2014-03-25 15:11:42.840000+00:00,-78.9896,-2.1922,31.54,4.1,mb,"15 km W of Alausí, Ecuador"
usb000qq3i,2014-04-14 05:23:43.040000+00:00,-77.9196,0.6726,10.0,4.0,mb,"5 km NNE of El Ángel, Ecuador"
usb000q3qw,2014-04-29 10:57:41.610000+00:00,-77.8322,0.775,61.93,4.4,mb,"13 km WSW of Tulcán, Ecuador"
usb000q4wu,2014-04-30 05:43:15.430000+00:00,-77.8344,0.7311,49.16,4.8,mb,Colombia-Ecuador border region
usb000qilx,2014-05-12 04:15:27+00:00,-80.46,-4.21,34.0,4.5,mb,"34 km ESE of Papayal, Peru"
usb000r3tk,2014-05-26 00:05:59+00:00,-77.79,-1.6,194.0,4.2,mb,"22 km ENE of Palora, Ecuador"
usc000r8wh,2014-05-29 22:15:10.300000+00:00,-77.8616,-1.6587,164.97,4.4,mb,"12 km ENE of Palora, Ecuador"
usc000ra16,2014-06-02 06:37:37.600000+00:00,-77.652,-1.4586,173.04,4.7,mb,"39 km E of Puyo, Ecuador"
usb000rrrs,2014-06-13 01:14:38.820000+00:00,-80.5138,-4.9425,53.05,4.0,mb,"14 km SE of Huangala, Peru"
usb000rrrj,2014-06-13 18:10:50.200000+00:00,-80.9912,-1.2024,44.34,4.4,mb,"40 km SW of Manta, Ecuador"
usc000rfye,2014-06-16 06:39:32.260000+00:00,-79.2557,1.6444,14.97,5.7,mww,"51 km NW of Pampanal de Bolívar, Ecuador"
usb000rvkq,2014-06-25 21:29:43.980000+00:00,-76.4301,-2.5786,143.47,4.2,mb,"99 km N of Alianza Cristiana, Peru"
usb000rv6k,2014-07-08 07:28:57.060000+00:00,-77.2013,-1.1749,10.0,4.4,mb,"53 km S of Boca Suno, Ecuador"
usb000rucx,2014-07-09 20:35:22.060000+00:00,-77.02,-2.0146,117.76,4.2,mb,"110 km ESE of Palora, Ecuador"
usb000rx8k,2014-07-16 23:19:41.770000+00:00,-77.6646,-4.0148,115.28,4.2,mb,"122 km ESE of Gualaquiza, Ecuador"
usb000rv8d,2014-07-21 16:49:01.430000+00:00,-77.702,-1.5645,194.26,4.1,mb,"32 km ENE of Palora, Ecuador"
usb000s18q,2014-07-28 15:26:36+00:00,-79.53,-4.97,92.0,4.4,mb,"22 km NNW of Sapalache, Peru"
usb000rzl8,2014-08-03 03:57:00.100000+00:00,-77.8042,-1.698,156.4,4.8,mb,"17 km E of Palora, Ecuador"
usb000rzpi,2014-08-03 21:02:39.950000+00:00,-80.9204,-3.9248,16.03,5.4,mwb,"24 km NE of Máncora, Peru"
usb000rzpz,2014-08-03 22:04:06+00:00,-81.11,-4.01,37.0,4.5,mb,"12 km NNW of Máncora, Peru"
usb000rzq1,2014-08-03 22:09:35+00:00,-81.19,-4.05,44.0,4.5,mb,"17 km WNW of Máncora, Peru"
usb000s2x6,2014-08-03 22:30:03+00:00,-81.03,-4.1,36.0,4.1,mb,"2 km ENE of Máncora, Peru"
usb000s27f,2014-08-12 19:58:00.130000+00:00,-78.3219,-0.018,11.88,5.1,mb,"20 km WSW of Cayambe, Ecuador"
usb000s3dc,2014-08-16 15:08:21+00:00,-78.316,-0.17,57.7,4.7,mb,"23 km NE of Sangolquí, Ecuador"
usc000s7yk,2014-08-17 16:30:31.210000+00:00,-78.4281,0.0125,10.0,4.2,mb,"28 km NNE of Quito, Ecuador"
usb000s4v5,2014-08-21 08:09:55.960000+00:00,-77.7105,-2.6898,97.63,4.4,mb,"57 km ESE of Sucúa, Ecuador"
usb000s9sa,2014-08-26 21:31:58.600000+00:00,-80.9061,-3.185,24.4,4.4,mb,"60 km NNW of Zorritos, Peru"
usb000s976,2014-09-04 18:46:24.050000+00:00,-77.6309,-1.2527,173.09,4.3,mb,"35 km SE of Tena, Ecuador"
usb000sam5,2014-09-09 07:12:39.340000+00:00,-80.2684,-4.1467,94.25,4.8,mb,"34 km W of Celica, Ecuador"
usb000siyl,2014-10-05 13:54:45+00:00,-76.3667,-4.4042,35.57,4.6,mb,"58 km NE of Barranca, Peru"
usb000sq10,2014-10-11 23:27:09.320000+00:00,-79.4518,1.4765,32.7,4.6,mb,"57 km WNW of Valdez, Ecuador"
usb000sma2,2014-10-15 01:25:45.960000+00:00,-79.1361,-2.148,105.35,4.7,mb,"32 km W of Alausí, Ecuador"
usb000ss1q,2014-10-19 06:48:57.670000+00:00,-77.9749,-1.355,170.98,4.2,mb,Ecuador
usb000sp80,2014-10-20 19:33:21.830000+00:00,-77.8895,0.6623,10.0,5.6,mwb,"7 km NE of El Ángel, Ecuador"
usc000st5d,2014-10-20 19:46:01.850000+00:00,-78.1159,0.649,10.0,4.2,mb,"19 km W of El Ángel, Ecuador"
usb000spa1,2014-10-20 20:28:54.860000+00:00,-77.9327,0.518,10.0,4.5,mb,"11 km S of El Ángel, Ecuador"
usb000spbu,2014-10-20 22:24:55.910000+00:00,-77.9984,0.6713,9.85,4.5,mb,"8 km NW of El Ángel, Ecuador"
usb000spi3,2014-10-21 17:23:46.730000+00:00,-77.961,0.6817,9.88,4.5,mb,"6 km NNW of El Ángel, Ecuador"
usb000srdg,2014-10-29 14:52:13.420000+00:00,-77.8412,0.8593,10.0,4.7,mb,"7 km SW of Cumbal, Colombia"
usc000svud,2014-11-09 13:26:45.400000+00:00,-78.4447,-5.4918,39.26,4.8,mb,"13 km N of La Peca, Peru"
usb000syrx,2014-11-09 22:01:45.480000+00:00,-80.255,-3.9134,60.82,4.3,mb,"26 km SSW of Matapalo, Peru"
usc000sw63,2014-11-11 01:53:25.310000+00:00,-77.8274,0.7094,32.43,4.4,mb,"12 km N of San Gabriel, Ecuador"
usc000sw9l,2014-11-11 14:02:43.070000+00:00,-78.0986,-1.6946,154.92,4.7,mb,"14 km W of Palora, Ecuador"
usb000syfi,2014-11-20 22:59:44.220000+00:00,-77.7931,-1.4619,157.51,4.2,mb,"23 km E of Puyo, Ecuador"
usb000t07x,2014-11-26 11:18:38.280000+00:00,-79.8333,-3.0169,80.4,4.9,mb,"11 km S of Baláo, Ecuador"
usc000t5ya,2014-11-28 04:06:16.400000+00:00,-77.2101,-3.8779,114.16,4.5,mb,"96 km WSW of Alianza Cristiana, Peru"
usb000t17v,2014-11-29 18:30:08.370000+00:00,-77.668,-1.5628,185.42,4.6,mb,Ecuador
usb000t1ip,2014-11-30 22:53:05.510000+00:00,-80.6975,-4.0295,30.5,4.2,mb,"6 km NE of Papayal, Peru"
usb000t2ev,2014-12-03 12:59:27.930000+00:00,-76.7712,-2.1563,153.41,5.3,mb,"142 km ESE of Palora, Ecuador"
usc000t4fr,2014-12-07 18:12:21.320000+00:00,-77.1998,-1.177,192.86,4.3,mb,"53 km S of Boca Suno, Ecuador"
usc000t4zp,2014-12-09 16:49:16.830000+00:00,-79.2278,-2.2587,104.55,4.6,mb,"22 km NE of La Troncal, Ecuador"
usc000t8x9,2014-12-21 17:40:40.320000+00:00,-77.9071,-0.2976,10.0,4.9,mb,"45 km SE of Cayambe, Ecuador"
usc000taac,2014-12-27 19:11:25.170000+00:00,-78.1271,0.7567,10.0,4.4,mb,"25 km NW of El Ángel, Ecuador"
usc000tg00,2014-12-31 17:54:57.570000+00:00,-79.4612,-3.0515,92.26,4.4,mb,"42 km ESE of Baláo, Ecuador"
usc000tb72,2015-01-01 21:25:50.510000+00:00,-77.6379,-1.4011,171.93,4.4,mb,"41 km ENE of Puyo, Ecuador"
usc000teet,2015-01-10 03:05:59.200000+00:00,-76.7936,-3.3631,71.73,4.4,mb,"41 km WNW of Alianza Cristiana, Peru"
usc000tgde,2015-01-16 11:39:23.460000+00:00,-79.9723,-3.3787,79.03,5.1,mb,"7 km N of Santa Rosa, Ecuador"
usc000titz,2015-01-24 20:39:31+00:00,-77.96,0.8,4.0,4.6,mb,"19 km N of El Ángel, Ecuador"
usc000tktr,2015-02-01 23:33:00.050000+00:00,-76.6179,-3.9127,115.65,5.1,mb,"52 km SSW of Alianza Cristiana, Peru"
us10000a0a,2015-02-10 02:14:09+00:00,-80.99,-0.82,10.0,4.0,mb,"34 km WNW of Manta, Ecuador"
usb000tqck,2015-02-13 07:37:04.980000+00:00,-77.7259,-1.7629,162.31,4.0,mb,"27 km ESE of Palora, Ecuador"
usb000tp6k,2015-02-13 19:38:53.670000+00:00,-78.4249,-3.0552,97.56,4.8,mb,"42 km NNE of Gualaquiza, Ecuador"
usc000tttf,2015-02-27 19:00:10.680000+00:00,-77.5007,1.0649,113.46,4.0,mb,"1 km NNW of Imués, Colombia"
usc000ttxg,2015-02-28 04:53:11.170000+00:00,-78.1821,-4.9311,67.42,4.6,mb,"80 km NNE of La Peca, Peru"
us10001ntk,2015-03-19 11:52:00.680000+00:00,-80.5664,-3.3029,61.04,5.0,mb,"31 km NNW of Tumbes, Peru"
us10001rcr,2015-03-27 21:59:39.270000+00:00,-77.5836,-1.2012,195.03,5.5,mww,"34 km SE of Tena, Ecuador"
us10001ub3,2015-04-06 10:45:41.080000+00:00,-77.5592,-1.4648,186.61,4.5,mb,"49 km E of Puyo, Ecuador"
us200029t7,2015-04-28 11:19:50.500000+00:00,-79.6231,-2.0856,89.0,5.4,mwb,"6 km NNW of Milagro, Ecuador"
us20002am5,2015-05-01 07:42:39.520000+00:00,-80.4261,-2.9948,55.37,4.5,mb,"40 km S of Playas, Ecuador"
us20002eiz,2015-05-12 04:10:03.150000+00:00,-79.4654,-5.4382,87.82,4.5,mb,"11 km SSW of Sondorillo, Peru"
us20002enx,2015-05-12 14:11:08.090000+00:00,-77.7011,-1.5056,172.12,4.5,mb,"33 km E of Puyo, Ecuador"
us10002azw,2015-05-20 22:34:29.690000+00:00,-77.5501,-3.0826,8.45,5.1,mb,"97 km SE of Sucúa, Ecuador"
us20002l9e,2015-05-22 06:02:37+00:00,-81.04,-1.43,5.0,4.3,mb,"52 km W of Jipijapa, Ecuador"
us20002lmt,2015-05-24 02:01:48.070000+00:00,-81.6026,-3.4877,39.15,4.3,mb,"92 km NW of Máncora, Peru"
us20002m0z,2015-05-25 04:12:23.160000+00:00,-80.3393,-2.8392,10.0,4.3,mb,"23 km SSE of Playas, Ecuador"
us20002mdj,2015-05-27 21:13:30.320000+00:00,-77.9004,-2.1115,133.97,4.1,mb,"32 km NE of Macas, Ecuador"
us20002kha,2015-05-30 06:26:05+00:00,-79.57,1.22,13.0,5.3,mww,"30 km NNE of Esmeraldas, Ecuador"
us20002l6x,2015-06-02 08:22:38.400000+00:00,-76.0784,-3.9872,118.19,4.9,mb,"69 km SE of Alianza Cristiana, Peru"
us20002ng8,2015-06-09 23:37:32.160000+00:00,-77.4454,-1.5332,185.48,4.4,mb,"60 km ENE of Palora, Ecuador"
us10002ne2,2015-07-04 11:29:26.010000+00:00,-79.5899,-3.0833,78.92,4.4,mb,"31 km SE of Baláo, Ecuador"
us20002wti,2015-07-11 17:22:36.510000+00:00,-79.0226,-2.2982,84.1,4.6,mb,"22 km WSW of Alausí, Ecuador"
us20002wuw,2015-07-11 22:55:52.900000+00:00,-80.6193,-3.8519,49.33,4.6,mb,"10 km NNE of Cañaveral, Peru"
us20002wwy,2015-07-12 09:47:04.310000+00:00,-75.5919,-2.9616,134.87,4.3,mb,"109 km ENE of Alianza Cristiana, Peru"
us1000332g,2015-08-18 04:49:07.470000+00:00,-80.3506,-1.1346,62.43,4.5,mb,"8 km NNE of Santa Ana, Ecuador"
us20003fru,2015-08-18 11:43:17.140000+00:00,-80.1063,-0.2766,63.71,4.4,mb,near the coast of Ecuador
us100033b8,2015-08-19 07:50:27.520000+00:00,-80.5469,-1.0282,52.42,4.5,mb,"10 km WNW of Portoviejo, Ecuador"
us20003hb3,2015-08-24 22:16:36.780000+00:00,-76.1909,-1.6777,56.79,4.2,mb,"137 km SW of Pantoja, Peru"
us20003gas,2015-09-04 16:50:07.470000+00:00,-77.0335,-2.0193,161.02,4.5,mb,"109 km ESE of Palora, Ecuador"
us20003plb,2015-09-28 03:07:16.020000+00:00,-76.8009,-5.2231,107.35,4.5,mb,"45 km SSW of Barranca, Peru"
us20003pmn,2015-09-28 08:15:57.740000+00:00,-80.5986,-3.3186,10.0,4.8,mb,"31 km NNW of Tumbes, Peru"
us10003jyh,2015-10-03 05:22:52.330000+00:00,-77.6498,-3.3756,47.45,4.4,mb,"103 km E of Gualaquiza, Ecuador"
us20004055,2015-10-03 09:20:13.610000+00:00,-79.8908,-5.1172,79.78,4.0,mb,"1 km SSW of Paltashaco, Peru"
us10003njn,2015-10-04 15:56:40.730000+00:00,-79.9273,-3.7887,57.7,4.6,mb,"29 km WSW of Piñas, Ecuador"
us10003mg3,2015-10-09 11:47:02.230000+00:00,-79.5858,-2.4263,78.81,4.5,mb,"27 km W of La Troncal, Ecuador"
us10003nud,2015-10-15 10:07:28.140000+00:00,-78.7623,-2.5015,97.13,5.4,mww,"20 km ENE of Cañar, Ecuador"
us200041sw,2015-11-03 16:55:07.020000+00:00,-80.3376,-1.8654,63.3,4.5,mb,"12 km WSW of Pedro Carbo, Ecuador"
us10003vz8,2015-11-05 04:13:54.910000+00:00,-80.4981,-0.8072,38.99,4.3,mb,"13 km NNW of Rocafuerte, Ecuador"
us10003zbq,2015-11-15 15:54:04.760000+00:00,-80.0534,0.6504,10.0,4.2,mb,"5 km NW of Muisne, Ecuador"
us10003ywg,2015-11-17 06:16:26.680000+00:00,-79.2828,-2.2959,86.31,4.9,mb,"15 km NNE of La Troncal, Ecuador"
us100042lz,2015-12-02 03:45:22.180000+00:00,-76.6692,-3.178,113.49,4.3,mb,"41 km NW of Alianza Cristiana, Peru"
us1000431r,2015-12-03 15:32:02.220000+00:00,-75.7314,-3.1174,110.0,4.8,mb,"87 km ENE of Alianza Cristiana, Peru"
us100047wt,2015-12-13 21:45:50.930000+00:00,-79.889,-1.8091,164.92,4.1,mb,"16 km NNE of El Triunfo, Ecuador"
us100048ux,2015-12-19 12:07:45.600000+00:00,-79.1096,-2.8639,78.41,4.5,mb,"12 km WNW of Cuenca, Ecuador"
us10004b7f,2015-12-23 17:19:53.500000+00:00,-79.5217,1.0111,40.69,4.4,mb,"15 km ENE of Esmeraldas, Ecuador"
us20004v41,2015-12-28 15:46:36+00:00,-80.61,-3.84,29.0,4.6,mb,"12 km NNE of Cañaveral, Peru"
us10004ar8,2016-01-01 17:15:42.870000+00:00,-78.7732,0.4792,27.1,4.8,mb,"59 km WNW of Cotacachi, Ecuador"
us10004avx,2016-01-02 15:02:11.810000+00:00,-79.5232,-1.9616,95.55,4.3,mb,"5 km S of Alfredo Baquerizo Moreno, Ecuador"
us20004vka,2016-01-25 22:34:47.130000+00:00,-79.2945,1.8602,19.27,4.3,mb,near the coast of Ecuador
us20004ve1,2016-01-29 01:17:12.860000+00:00,-80.8819,-3.788,48.18,4.5,mb,"25 km WSW of Zorritos, Peru"
us20004yz3,2016-02-04 06:19:15.390000+00:00,-77.6321,-1.5291,172.85,4.2,mb,"41 km E of Puyo, Ecuador"
us10004swm,2016-02-26 13:09:57.150000+00:00,-80.7213,-4.7177,49.93,4.5,mb,"15 km NNW of Querecotillo, Peru"
us10004w3e,2016-03-04 11:25:47.490000+00:00,-80.3765,-1.2586,35.0,4.3,mb,"5 km ENE of Sucre, Ecuador"
us10004vl0,2016-03-06 00:54:41.400000+00:00,-80.4011,-1.4279,10.0,5.1,mb,"14 km NNE of Paján, Ecuador"
us20005bep,2016-03-21 08:31:15.680000+00:00,-77.7188,-5.3572,35.0,4.6,mb,"47 km NNE of Yambrasbamba, Peru"
us20005dji,2016-03-22 04:52:50.680000+00:00,-79.7507,-3.4583,94.1,4.0,mb,"15 km SSE of Pasaje, Ecuador"
us20005giv,2016-04-09 07:15:13.030000+00:00,-78.3351,-4.3111,38.92,4.9,mb,"70 km SE of Yantzaza, Ecuador"
us20005gjy,2016-04-09 11:26:47.950000+00:00,-77.6019,-2.3234,29.34,4.4,mb,"56 km E of Macas, Ecuador"
us10005cme,2016-04-09 22:28:56.880000+00:00,-80.0844,-5.2906,74.24,4.3,mb,"8 km S of La Matanza, Peru"
us20005keh,2016-04-13 17:21:07.950000+00:00,-78.0544,-1.6015,185.51,4.1,mb,"14 km SSW of Puyo, Ecuador"
us20005kep,2016-04-13 20:16:47.410000+00:00,-81.7571,-5.4082,10.0,4.3,mb,"79 km WSW of Paita, Peru"
us20005i7p,2016-04-14 23:24:01.210000+00:00,-77.7042,-2.0039,169.84,4.3,mb,"44 km SE of Palora, Ecuador"
us20005kyw,2016-04-15 05:15:49.500000+00:00,-78.1199,-1.6989,151.45,4.2,mb,"17 km W of Palora, Ecuador"
us20005j2w,2016-04-16 23:47:42.280000+00:00,-80.05,0.2992,21.38,4.8,mb,"25 km N of Pedernales, Ecuador"
us20005j32,2016-04-16 23:58:36.980000+00:00,-79.9218,0.3819,20.59,7.8,mww,"27 km SSE of Muisne, Ecuador"
us10005fnl,2016-04-17 00:12:00.470000+00:00,-80.0631,-0.0704,10.0,4.5,ml,"15 km S of Pedernales, Ecuador"
us20005j4g,2016-04-17 00:16:00.140000+00:00,-80.2,0.0279,10.0,4.7,mb,"17 km WSW of Pedernales, Ecuador"
us20005j3i,2016-04-17 00:29:31.380000+00:00,-80.4644,-0.2648,15.49,5.5,mb,near the coast of Ecuador
us20005j3z,2016-04-17 00:59:04.930000+00:00,-80.3259,0.3543,10.0,4.5,mb,"43 km NW of Pedernales, Ecuador"
us10005bp2,2016-04-17 01:09:17.070000+00:00,-80.2221,-0.0518,10.0,4.3,mb,"23 km SW of Pedernales, Ecuador"
us10005bp3,2016-04-17 01:19:02.480000+00:00,-80.4162,-0.1255,10.0,4.1,mb,near the coast of Ecuador
us20005j48,2016-04-17 02:18:01.040000+00:00,-80.2984,-0.2943,10.0,4.8,mb,"36 km NNE of Bahía de Caráquez, Ecuador"
us20005j4d,2016-04-17 03:05:33.860000+00:00,-80.2471,0.3172,10.0,4.6,mb,"34 km NW of Pedernales, Ecuador"
us20005j4m,2016-04-17 04:02:08.760000+00:00,-80.6224,-0.2626,10.0,4.8,mb,"43 km NNW of Bahía de Caráquez, Ecuador"
us10005bpa,2016-04-17 04:25:35.080000+00:00,-80.3101,-0.3892,10.0,4.4,mb,"26 km NNE of Bahía de Caráquez, Ecuador"
us20005j5g,2016-04-17 05:42:50.980000+00:00,-80.4309,0.3044,10.0,4.6,mb,"49 km WNW of Pedernales, Ecuador"
us20005j62,2016-04-17 07:14:00.760000+00:00,-80.2013,-0.3852,23.95,5.8,mww,"34 km NE of Bahía de Caráquez, Ecuador"
us10005bpd,2016-04-17 07:22:25.240000+00:00,-80.3223,-0.4017,10.0,4.6,mb,"24 km NNE of Bahía de Caráquez, Ecuador"
us20005j6e,2016-04-17 08:52:27.050000+00:00,-80.7442,-0.4385,10.0,4.4,mb,"39 km WNW of Bahía de Caráquez, Ecuador"
us20005j6q,2016-04-17 09:23:41.020000+00:00,-80.6943,-0.2344,10.0,5.6,mwb,"50 km NW of Bahía de Caráquez, Ecuador"
us20005ja5,2016-04-17 20:24:00.890000+00:00,-79.9153,0.5721,10.0,4.5,mb,"12 km ESE of Muisne, Ecuador"
us20005jb0,2016-04-17 21:35:17.220000+00:00,-80.3306,-0.9875,10.0,4.4,mb,"14 km ESE of Rocafuerte, Ecuador"
us10005by5,2016-04-18 00:38:54.320000+00:00,-80.1897,0.2654,10.0,4.4,mb,"26 km NW of Pedernales, Ecuador"
us10005byk,2016-04-18 09:13:36.700000+00:00,-80.1175,0.5443,10.0,4.3,mb,"13 km SW of Muisne, Ecuador"
us20005jfg,2016-04-18 09:57:32.200000+00:00,-77.6453,-1.6455,168.99,4.3,mb,"36 km E of Palora, Ecuador"
us20005jfq,2016-04-18 10:29:17.470000+00:00,-79.825,-0.2671,67.67,4.4,mb,"45 km SE of Pedernales, Ecuador"
us20005jhl,2016-04-18 13:25:44.480000+00:00,-80.2939,-0.2698,10.0,4.9,mb,"39 km NNE of Bahía de Caráquez, Ecuador"
us10005byl,2016-04-18 13:35:10.600000+00:00,-80.3319,-0.3441,10.0,4.1,mb,"29 km NNE of Bahía de Caráquez, Ecuador"
us20005jip,2016-04-18 17:07:33.590000+00:00,-80.5056,-0.3494,10.0,4.5,mb,"28 km NNW of Bahía de Caráquez, Ecuador"
us20005jj6,2016-04-18 18:38:10.770000+00:00,-80.8511,-0.9989,10.0,4.9,mb,"15 km WSW of Manta, Ecuador"
us20005jjr,2016-04-18 19:12:38.050000+00:00,-80.8034,-0.9738,10.0,4.6,mb,"10 km W of Manta, Ecuador"
us10005byu,2016-04-18 20:00:45.620000+00:00,-80.7415,-0.2351,10.0,4.1,mb,"53 km NW of Bahía de Caráquez, Ecuador"
us20005jly,2016-04-18 21:15:52.790000+00:00,-80.7718,-0.0613,10.0,4.9,mb,"70 km NNW of Bahía de Caráquez, Ecuador"
us20005jpe,2016-04-19 02:03:14.700000+00:00,-80.7622,-0.2099,10.0,4.9,mb,"57 km NW of Bahía de Caráquez, Ecuador"
us20005jqg,2016-04-19 05:15:02.530000+00:00,-80.8393,-0.0279,10.0,4.4,mb,"78 km NW of Bahía de Caráquez, Ecuador"
us20005jsi,2016-04-19 13:07:30.420000+00:00,-80.3387,0.2841,10.0,4.4,mb,"39 km NW of Pedernales, Ecuador"
us20005jux,2016-04-19 17:12:53.560000+00:00,-80.8546,-1.2749,10.0,4.7,mwr,"31 km WNW of Jipijapa, Ecuador"
us10005dqq,2016-04-19 21:54:21.390000+00:00,-80.0435,0.5615,10.0,4.4,mb,"6 km SSW of Muisne, Ecuador"
us20005jyu,2016-04-19 22:22:25.480000+00:00,-80.0247,0.5783,11.0,5.6,mwb,"3 km S of Muisne, Ecuador"
us20005kcb,2016-04-20 01:48:11.280000+00:00,-79.9257,0.6249,10.0,4.2,mb,"10 km E of Muisne, Ecuador"
us20005kcg,2016-04-20 01:49:16.940000+00:00,-79.9113,0.6231,10.0,4.3,mb,"12 km E of Muisne, Ecuador"
us20005kcj,2016-04-20 01:50:38.990000+00:00,-80.0286,0.6897,10.0,4.4,mb,"8 km N of Muisne, Ecuador"
us20005k35,2016-04-20 08:25:07.450000+00:00,-80.2997,0.6637,19.45,4.5,mb,"31 km W of Muisne, Ecuador"
us20005k37,2016-04-20 08:33:47.330000+00:00,-80.2104,0.639,14.0,6.2,mww,"21 km W of Muisne, Ecuador"
us20005kb6,2016-04-20 08:35:10.620000+00:00,-80.0352,0.7079,10.0,6.0,mwb,"10 km N of Muisne, Ecuador"
us10005ds4,2016-04-20 08:56:51.020000+00:00,-80.0595,0.4653,19.99,4.1,mb,"16 km SSW of Muisne, Ecuador"
us20005k3e,2016-04-20 09:13:17.220000+00:00,-80.1295,0.5015,10.0,4.6,mb,"17 km SW of Muisne, Ecuador"
us10005dry,2016-04-20 09:35:40.910000+00:00,-80.1292,-0.0268,10.0,4.3,mb,"13 km SW of Pedernales, Ecuador"
us20005k5q,2016-04-20 11:23:22.930000+00:00,-80.3719,-0.2187,10.0,4.3,mwr,"42 km N of Bahía de Caráquez, Ecuador"
us10005ds5,2016-04-20 12:13:14.880000+00:00,-80.1351,0.6172,10.0,4.2,mb,"12 km W of Muisne, Ecuador"
us20005k7i,2016-04-20 16:20:36.680000+00:00,-80.2163,0.694,10.0,4.7,mb,"23 km WNW of Muisne, Ecuador"
us20005k7l,2016-04-20 16:30:53.500000+00:00,-80.3931,-0.2588,10.0,4.7,mb,"37 km N of Bahía de Caráquez, Ecuador"
us20005kab,2016-04-20 21:30:04.050000+00:00,-79.9283,0.5694,6.38,4.9,mwr,"11 km ESE of Muisne, Ecuador"
us20005kaq,2016-04-20 22:31:29.840000+00:00,-80.8114,-0.4526,10.0,4.8,mb,"46 km WNW of Bahía de Caráquez, Ecuador"
us20005kg9,2016-04-21 12:31:16.270000+00:00,-80.2201,-0.1768,10.0,4.4,mb,"33 km SW of Pedernales, Ecuador"
us20005kh1,2016-04-21 13:53:41.430000+00:00,-80.5747,-0.3218,10.0,4.2,mb,"34 km NNW of Bahía de Caráquez, Ecuador"
us20005kqh,2016-04-22 03:03:41.720000+00:00,-80.5039,-0.2921,10.0,6.0,mww,"34 km NNW of Bahía de Caráquez, Ecuador"
us20005kqp,2016-04-22 03:20:13.380000+00:00,-80.5039,-0.2814,10.29,5.9,mww,"36 km NNW of Bahía de Caráquez, Ecuador"
us20005kr9,2016-04-22 04:25:33.950000+00:00,-80.5594,-0.8186,10.0,4.3,mb,"16 km NW of Rocafuerte, Ecuador"
us20005krb,2016-04-22 04:31:34.170000+00:00,-80.5435,-0.4209,10.0,5.0,mb,"23 km NW of Bahía de Caráquez, Ecuador"
us20005ks8,2016-04-22 05:37:39.420000+00:00,-80.2195,-0.397,10.0,4.3,mb,"31 km NE of Bahía de Caráquez, Ecuador"
us20005kta,2016-04-22 08:52:20.040000+00:00,-80.5858,-0.2369,10.0,4.8,mb,"43 km NNW of Bahía de Caráquez, Ecuador"
us10005dd5,2016-04-22 10:39:55.420000+00:00,-80.6691,-0.1163,16.5,4.3,mb,"59 km NNW of Bahía de Caráquez, Ecuador"
us20005kvu,2016-04-22 13:26:20.470000+00:00,-79.9716,-2.7391,48.29,4.7,mb,"25 km NW of Baláo, Ecuador"
us10005dda,2016-04-22 13:36:07.880000+00:00,-80.326,0.27,10.0,4.4,mb,"37 km NW of Pedernales, Ecuador"
us20005kww,2016-04-22 15:36:27.920000+00:00,-80.9056,-0.5059,10.0,4.8,mb,"54 km W of Bahía de Caráquez, Ecuador"
us20005kwx,2016-04-22 15:39:05.180000+00:00,-80.7219,-0.2728,10.0,4.9,mb,"48 km NW of Bahía de Caráquez, Ecuador"
us10005ddc,2016-04-22 16:27:04.880000+00:00,-79.997,0.8542,10.0,4.4,mb,"26 km N of Muisne, Ecuador"
us10005ddl,2016-04-22 22:05:24.110000+00:00,-81.0794,-1.4657,32.75,4.3,mb,"57 km WSW of Jipijapa, Ecuador"
us20005l3v,2016-04-23 01:24:33.900000+00:00,-80.2522,0.6128,10.0,5.7,mww,"26 km W of Muisne, Ecuador"
us20005l4c,2016-04-23 04:06:33.360000+00:00,-80.3759,0.5923,10.0,4.8,mb,"39 km W of Muisne, Ecuador"
us20005ld4,2016-04-24 07:22:00.310000+00:00,-79.5669,0.6026,10.0,4.3,mb,"32 km NNW of Rosa Zarate, Ecuador"
us20005lem,2016-04-24 14:36:21.200000+00:00,-80.9278,-0.1689,10.0,4.4,mb,"73 km NW of Bahía de Caráquez, Ecuador"
us10005jc6,2016-04-24 19:33:16.220000+00:00,-77.8733,-4.5907,70.36,4.1,mb,"126 km N of Yambrasbamba, Peru"
us20005lia,2016-04-25 07:06:22.720000+00:00,-80.1958,-0.0753,25.79,4.1,mwr,"22 km SW of Pedernales, Ecuador"
us10005bha,2016-04-25 21:15:53.140000+00:00,-80.7743,-1.0378,10.0,4.7,mb,"10 km SW of Manta, Ecuador"
us10005e1v,2016-04-26 15:50:35.360000+00:00,-80.5052,0.232,10.0,4.4,mb,"53 km WNW of Pedernales, Ecuador"
us10005bsh,2016-04-26 21:58:34.720000+00:00,-80.7309,-0.1943,10.0,5.4,mww,"56 km NW of Bahía de Caráquez, Ecuador"
us10005cdc,2016-04-27 00:08:13.050000+00:00,-80.9115,-0.6077,10.0,4.1,mb,near the coast of Ecuador
us10005cdd,2016-04-27 00:39:07+00:00,-80.25,0.22,5.0,4.1,mb,"27 km NW of Pedernales, Ecuador"
us10005c1p,2016-04-27 23:02:13.530000+00:00,-80.968,-1.3418,10.0,4.2,mb,"43 km W of Jipijapa, Ecuador"
us10005c5w,2016-04-28 10:33:46.570000+00:00,-81.0103,-1.2976,31.46,4.1,mb,"48 km SW of Montecristi, Ecuador"
us10005ebd,2016-04-29 00:56:54.920000+00:00,-76.3772,-0.6933,145.11,4.0,mb,"72 km ESE of Puerto Francisco de Orellana, Ecuador"
us10005ebf,2016-04-29 01:50:46.960000+00:00,-80.8167,-1.4911,10.0,4.3,mb,"30 km WSW of Jipijapa, Ecuador"
us10005ga4,2016-04-30 01:44:40.870000+00:00,-79.7834,0.5094,10.0,4.2,mb,"28 km ESE of Muisne, Ecuador"
us10005gaw,2016-04-30 22:32:06.350000+00:00,-80.8007,-0.2614,10.0,4.3,mb,"56 km NW of Bahía de Caráquez, Ecuador"
us10005d7t,2016-05-03 03:44:59.330000+00:00,-79.8732,0.25,10.0,4.5,mb,"28 km NE of Pedernales, Ecuador"
us10005dpj,2016-05-04 16:38:19.850000+00:00,-80.8644,-1.5866,10.0,4.5,mb,near the coast of Ecuador
us10005gt5,2016-05-04 22:28:55.030000+00:00,-80.8771,-1.1501,10.0,4.3,mb,"26 km WSW of Montecristi, Ecuador"
us10005h2k,2016-05-05 16:06:41.580000+00:00,-80.5617,0.0132,10.0,4.4,mb,"57 km W of Pedernales, Ecuador"
us10005h5c,2016-05-06 08:37:44.660000+00:00,-80.7801,-0.117,10.0,4.1,mb,"66 km NW of Bahía de Caráquez, Ecuador"
us10005ii9,2016-05-11 23:04:47.600000+00:00,-80.0495,0.029,10.0,4.2,mb,"4 km S of Pedernales, Ecuador"
us10005hja,2016-05-15 09:51:40.970000+00:00,-80.3009,0.5571,42.17,4.8,mb,"31 km W of Muisne, Ecuador"
us10005i5t,2016-05-18 07:57:02.650000+00:00,-79.7899,0.4261,16.0,6.7,mww,"32 km SE of Muisne, Ecuador"
us10005i5w,2016-05-18 08:06:17.680000+00:00,-79.8336,0.4334,10.0,4.8,mb,"28 km SE of Muisne, Ecuador"
us10005i9n,2016-05-18 16:46:43.860000+00:00,-79.616,0.4947,29.95,6.9,mww,"24 km NW of Rosa Zarate, Ecuador"
us10005ief,2016-05-19 07:05:50.620000+00:00,-80.0177,0.6232,37.26,4.5,mb,"1 km N of Muisne, Ecuador"
us10005jmp,2016-05-24 16:35:21.450000+00:00,-78.7719,-2.798,90.94,4.7,mb,"5 km NNE of La Unión, Ecuador"
us20005xme,2016-05-24 21:03:17.620000+00:00,-79.7804,0.4694,10.0,4.6,mb,"30 km ESE of Muisne, Ecuador"
us20005z5v,2016-05-27 13:27:31.480000+00:00,-80.8878,-5.1635,35.0,4.1,mb,"24 km W of San Martin, Peru"
us20005zdi,2016-05-31 15:48:11.960000+00:00,-80.1662,0.5288,10.0,4.4,mb,"18 km WSW of Muisne, Ecuador"
us20005zk3,2016-06-01 10:05:18.800000+00:00,-80.4056,0.2166,23.43,4.9,mb,"42 km WNW of Pedernales, Ecuador"
us20005zlz,2016-06-01 15:00:54.530000+00:00,-80.4661,0.3367,10.0,4.7,mb,"54 km WNW of Pedernales, Ecuador"
us2000632i,2016-06-03 13:45:17.590000+00:00,-77.4757,-2.6296,6.59,4.4,mb,"79 km ESE of Macas, Ecuador"
us200062cm,2016-06-06 16:45:10.030000+00:00,-80.0321,0.5823,13.42,4.5,mb,"3 km SSW of Muisne, Ecuador"
us200062vg,2016-06-08 20:18:27.600000+00:00,-76.8786,-4.2677,103.45,4.9,mb,"66 km NNW of Barranca, Peru"
us200065hd,2016-06-20 11:59:53.470000+00:00,-80.18,-1.1571,59.23,4.3,mb,"22 km ENE of Santa Ana, Ecuador"
us200066ip,2016-06-20 23:24:36.560000+00:00,-80.12,-1.1266,64.27,4.1,mb,"23 km SSE of Junín, Ecuador"
us200067ie,2016-06-22 15:40:27.290000+00:00,-80.6433,0.4027,10.0,4.3,mb,"73 km WSW of Muisne, Ecuador"
us200067wk,2016-06-24 09:38:06.410000+00:00,-79.542,0.8315,10.0,4.3,mb,"18 km SE of Esmeraldas, Ecuador"
us10005z4j,2016-06-26 05:28:15.840000+00:00,-77.6534,-1.6049,169.64,4.3,mb,"36 km ENE of Palora, Ecuador"
us2000673h,2016-06-27 04:15:45.930000+00:00,-79.7467,-3.2487,64.38,4.3,mb,"10 km NE of Pasaje, Ecuador"
us10005zf8,2016-07-02 06:35:01.810000+00:00,-80.6691,-4.7539,57.71,4.5,mb,"9 km NNW of Querecotillo, Peru"
us1000615s,2016-07-06 03:14:52.520000+00:00,-79.991,0.182,10.0,4.3,mb,"13 km NNE of Pedernales, Ecuador"
us1000616q,2016-07-06 06:15:28.050000+00:00,-79.4339,0.9737,35.49,4.2,mb,"24 km E of Esmeraldas, Ecuador"
us1000616m,2016-07-06 06:19:48.350000+00:00,-79.3978,0.9235,35.0,4.6,mb,"28 km E of Esmeraldas, Ecuador"
us20006ekb,2016-07-07 10:48:40.720000+00:00,-79.5016,0.9109,35.0,4.0,mb,"17 km ESE of Esmeraldas, Ecuador"
us100061tj,2016-07-08 04:28:43.320000+00:00,-80.8075,-0.4071,7.1,5.5,mwb,"47 km WNW of Bahía de Caráquez, Ecuador"
us100061u5,2016-07-08 07:03:50.180000+00:00,-80.7396,-0.3651,10.0,4.6,mb,"43 km NW of Bahía de Caráquez, Ecuador"
us20006enb,2016-07-08 17:19:15.580000+00:00,-77.4854,-2.2043,156.89,4.5,mb,"70 km E of Macas, Ecuador"
us100062c4,2016-07-10 06:44:41.830000+00:00,-80.1844,-0.4257,10.0,4.2,mb,"31 km NNW of Chone, Ecuador"
us100062hd,2016-07-11 02:01:09.950000+00:00,-79.6358,0.5874,17.0,5.9,mww,"33 km NNW of Rosa Zarate, Ecuador"
us100062hg,2016-07-11 02:11:04.800000+00:00,-79.638,0.5812,21.0,6.3,mww,"33 km NNW of Rosa Zarate, Ecuador"
us100062j4,2016-07-11 07:40:30.030000+00:00,-79.55,0.7388,10.0,4.3,mb,"26 km SSE of Esmeraldas, Ecuador"
us20006en3,2016-07-14 16:37:42.620000+00:00,-79.9909,1.2598,10.0,4.7,mb,"50 km NW of Esmeraldas, Ecuador"
us20006evp,2016-07-15 07:32:32.300000+00:00,-80.9483,-0.6798,10.0,4.4,mb,"40 km NW of Manta, Ecuador"
us20006g5y,2016-07-15 12:33:17.590000+00:00,-82.1041,-0.9949,10.0,4.4,mb,"154 km W of Manta, Ecuador"
us20006gqr,2016-07-18 12:00:25.650000+00:00,-79.1882,1.1219,10.0,4.5,mb,"26 km WSW of Valdez, Ecuador"
us20006g0u,2016-07-20 01:20:23.640000+00:00,-80.4271,-0.9356,10.0,5.1,mb,"2 km ESE of Rocafuerte, Ecuador"
us20006gdb,2016-07-21 11:57:49.010000+00:00,-80.3518,-0.9542,26.2,4.8,mb,"11 km ESE of Rocafuerte, Ecuador"
us20006gs5,2016-07-22 06:31:29.060000+00:00,-80.2264,-0.2771,34.22,4.3,mb,"41 km NNE of Bahía de Caráquez, Ecuador"
us10006c91,2016-08-09 04:23:35.270000+00:00,-78.32,-0.1842,9.13,4.4,mwr,"22 km NE of Sangolquí, Ecuador"
us10006dwh,2016-08-15 11:16:32.020000+00:00,-79.1442,-5.23,78.58,4.2,mb,"17 km ENE of Tabaconas, Peru"
us10006g5r,2016-08-23 12:54:22.050000+00:00,-80.4723,-1.8542,64.32,4.0,mb,"26 km W of Pedro Carbo, Ecuador"
us20006u4h,2016-08-26 04:25:27.970000+00:00,-80.3501,-0.9434,10.0,4.8,mb,"11 km E of Rocafuerte, Ecuador"
us10006syb,2016-08-29 16:54:11.090000+00:00,-80.5041,-5.2112,86.62,4.1,mb,"14 km E of Piura, Peru"
us10006js0,2016-09-02 20:49:01.410000+00:00,-79.0854,0.7154,78.2,4.4,mb,"60 km S of Valdez, Ecuador"
us10006k5n,2016-09-03 20:02:52.810000+00:00,-77.7856,-1.5524,168.93,4.4,mb,"25 km ESE of Puyo, Ecuador"
us10006kee,2016-09-05 00:22:59.080000+00:00,-78.3268,-0.1494,10.0,4.7,mb,"23 km ENE of Quito, Ecuador"
us10006njb,2016-09-10 04:53:31.220000+00:00,-77.6801,-1.5956,186.59,4.3,mb,"33 km ENE of Palora, Ecuador"
us10006nvr,2016-09-11 19:59:07.110000+00:00,-77.5836,-2.6513,104.43,4.5,mb,"68 km ESE of Sucúa, Ecuador"
us10006pij,2016-09-14 16:50:36.070000+00:00,-79.9646,0.5673,6.27,4.7,mb,"7 km SE of Muisne, Ecuador"
us10006rha,2016-09-22 00:53:52.540000+00:00,-79.8397,-2.3838,80.14,4.3,mb,"21 km SSE of Guayaquil, Ecuador"
us10006skn,2016-09-25 18:23:59.630000+00:00,-80.7401,-3.2333,31.96,4.7,mb,"48 km NW of Tumbes, Peru"
us10006u5a,2016-09-30 16:45:12.350000+00:00,-77.5526,-1.5967,170.92,4.9,mb,"47 km ENE of Palora, Ecuador"
us10006u80,2016-09-30 22:35:48.860000+00:00,-76.9364,-3.9976,105.52,4.6,mb,"80 km SW of Alianza Cristiana, Peru"
us20007fc2,2016-10-12 02:14:49.020000+00:00,-78.1216,-1.6441,167.81,4.3,mb,"18 km WNW of Palora, Ecuador"
us20007gm4,2016-10-25 15:36:49.070000+00:00,-81.2656,-4.8664,29.4,4.5,mb,"23 km WNW of San Lucas ( Pueblo Nuevo de Colan), Peru"
us100072gt,2016-10-27 04:45:51.640000+00:00,-80.3397,-1.1079,30.79,4.3,mwr,"11 km NNE of Santa Ana, Ecuador"
us10007adn,2016-11-19 04:05:26.420000+00:00,-77.9607,-1.9019,163.81,4.1,mb,"22 km S of Palora, Ecuador"
us10007amh,2016-11-19 19:55:52.100000+00:00,-79.7797,-2.0389,76.84,4.4,mb,"10 km SW of Samborondón, Ecuador"
us10007e3r,2016-12-01 19:35:23.670000+00:00,-80.8659,-1.2451,27.65,4.6,mb,"31 km SW of Montecristi, Ecuador"
us10007glh,2016-12-07 10:24:56.410000+00:00,-78.8116,-5.246,16.6,4.6,mb,"23 km ESE of San Ignacio, Peru"
us20008077,2016-12-12 14:42:26.930000+00:00,-79.6942,0.8666,35.3,4.7,mb,"11 km SSW of Esmeraldas, Ecuador"
us20008088,2016-12-12 15:54:00.240000+00:00,-79.7855,0.8529,34.94,5.2,mww,"18 km SW of Esmeraldas, Ecuador"
us200082va,2016-12-12 19:29:19.470000+00:00,-79.429,0.6163,45.36,4.1,mb,"32 km N of Rosa Zarate, Ecuador"
us10007lri,2016-12-13 22:55:51.820000+00:00,-79.7679,0.9465,28.52,4.4,mb,"12 km W of Esmeraldas, Ecuador"
us200082fd,2016-12-16 01:53:06.410000+00:00,-79.856,-2.5888,49.44,4.1,mb,"28 km WNW of Naranjal, Ecuador"
us200082i5,2016-12-19 07:11:39.570000+00:00,-79.7079,0.8754,10.0,5.4,mwr,"11 km SSW of Esmeraldas, Ecuador"
us10007rcf,2016-12-19 07:24:57.680000+00:00,-79.6857,0.8205,10.0,4.2,mb,"15 km SSW of Esmeraldas, Ecuador"
us200082ix,2016-12-19 08:57:14.960000+00:00,-79.7186,0.7831,10.0,4.5,mb,"20 km SSW of Esmeraldas, Ecuador"
us200082tc,2016-12-20 10:49:58.210000+00:00,-79.7553,0.9054,10.0,4.8,mwr,"12 km WSW of Esmeraldas, Ecuador"
us10007rfb,2016-12-20 12:09:37.940000+00:00,-79.741,1.1396,10.0,4.4,mb,"22 km NNW of Esmeraldas, Ecuador"
us200082vm,2016-12-20 15:41:33.420000+00:00,-79.6875,0.9148,10.0,4.6,mb,"6 km SW of Esmeraldas, Ecuador"
us10007lhs,2016-12-20 17:39:23.080000+00:00,-79.6304,0.9368,11.4,4.9,mb,"3 km SE of Esmeraldas, Ecuador"
us10007rfu,2016-12-20 17:55:18.820000+00:00,-79.5919,0.9739,25.3,4.1,mb,"7 km ENE of Esmeraldas, Ecuador"
us10007llb,2016-12-21 01:04:51.620000+00:00,-79.6856,0.9239,10.0,4.8,mwr,"5 km SW of Esmeraldas, Ecuador"
us10007n50,2016-12-28 05:05:04.970000+00:00,-76.9221,1.6873,138.08,4.7,mb,"10 km E of San Pablo, Colombia"
us10007tng,2016-12-29 04:02:20.630000+00:00,-78.0353,-2.1085,134.25,4.2,mb,"23 km NNE of Macas, Ecuador"
us10007p2b,2017-01-01 07:38:33.620000+00:00,-78.5497,2.3138,18.22,4.4,mb,"24 km SSW of Mosquera, Colombia"
us10007p7n,2017-01-02 13:13:48.710000+00:00,-76.3675,-4.895,106.0,5.9,mww,"34 km ESE of Barranca, Peru"
us10007v7y,2017-01-07 09:11:54.050000+00:00,-80.3394,-2.9409,25.9,4.1,mb,"34 km S of Playas, Ecuador"
us10007si5,2017-01-11 02:36:29.700000+00:00,-80.0216,0.6184,10.0,4.9,mwr,"0 km NNW of Muisne, Ecuador"
us10007tdb,2017-01-15 09:44:50.970000+00:00,-80.6566,-0.1702,37.13,4.6,mb,"53 km NNW of Bahía de Caráquez, Ecuador"
us10007wns,2017-01-16 12:26:16.760000+00:00,-77.4143,-1.7784,187.62,4.4,mb,"61 km E of Palora, Ecuador"
us10007was,2017-01-30 04:56:32.540000+00:00,-79.4792,-2.7798,50.82,4.2,mb,"19 km SE of Naranjal, Ecuador"
us10007wew,2017-01-31 14:22:38.700000+00:00,-79.6769,0.702,10.0,5.5,mww,"28 km S of Esmeraldas, Ecuador"
us10007wj0,2017-01-31 23:38:26.990000+00:00,-76.8871,-3.3133,46.88,4.8,mb,"53 km WNW of Alianza Cristiana, Peru"
us20008k90,2017-02-03 20:33:08.160000+00:00,-77.7205,2.4226,92.3,4.2,mb,"24 km SE of Guapí, Colombia"
us20008jvp,2017-02-15 04:12:11.970000+00:00,-80.478,-1.3728,27.63,4.1,mwr,"11 km ESE of Jipijapa, Ecuador"
us20008kvi,2017-02-20 07:45:10.440000+00:00,-74.9088,-5.1484,10.22,5.1,mww,"85 km E of Lagunas, Peru"
us20008lnt,2017-02-23 03:41:02.310000+00:00,-76.7206,-5.4831,108.06,4.5,mb,"66 km NNE of Moyobamba, Peru"
us20008tgi,2017-03-21 04:29:10.900000+00:00,-80.9208,-3.6792,23.59,4.9,mwr,"26 km W of Zorritos, Peru"
us20008u97,2017-03-24 10:37:22.740000+00:00,-80.8712,-3.9679,31.0,4.4,mb,"19 km NW of Papayal, Peru"
us20008umq,2017-03-25 18:06:44.750000+00:00,-76.933,-4.4644,10.97,4.8,mb,"49 km NW of Barranca, Peru"
us20008v91,2017-03-28 11:15:31.570000+00:00,-75.7563,-3.1638,128.52,4.6,mb,"82 km ENE of Alianza Cristiana, Peru"
us10008emg,2017-03-30 00:20:38.350000+00:00,-78.0288,-1.755,168.01,4.3,mb,"9 km SW of Palora, Ecuador"
us10008g2e,2017-04-09 14:04:08.990000+00:00,-75.7956,-3.8194,35.0,4.5,mb,"80 km ESE of Alianza Cristiana, Peru"
us10008gyd,2017-04-12 14:14:07.020000+00:00,-77.2999,-3.0524,102.43,4.3,mb,"106 km WNW of Alianza Cristiana, Peru"
us10008iq5,2017-04-18 17:49:55.790000+00:00,-75.3035,-2.7118,14.0,5.9,mww,"151 km NE of Alianza Cristiana, Peru"
us10008nak,2017-04-25 22:31:18.490000+00:00,-78.0396,-1.7418,157.58,4.2,mb,"9 km WSW of Palora, Ecuador"
us10008mbt,2017-05-01 00:06:06.560000+00:00,-77.4435,-2.3401,17.49,4.4,mwr,"74 km E of Macas, Ecuador"
us10008ptt,2017-05-01 16:15:50.290000+00:00,-79.43,1.3639,37.39,4.0,mb,"51 km NNE of Esmeraldas, Ecuador"
us10008sr2,2017-05-16 15:59:17.370000+00:00,-80.2692,-2.2168,57.97,4.6,mb,"30 km W of Santa Lucía, Ecuador"
us10008u0i,2017-05-21 10:14:19.260000+00:00,-79.8665,-4.6948,86.67,4.8,mb,"10 km NNW of Lagunas, Peru"
us10008w1m,2017-05-29 12:06:53.710000+00:00,-78.037,-1.6319,161.08,4.4,mb,"11 km NW of Palora, Ecuador"
us20009ljy,2017-06-05 04:08:34.500000+00:00,-77.3642,-3.5168,57.27,4.2,mb,"103 km W of Alianza Cristiana, Peru"
us20009kr6,2017-06-05 11:34:11.290000+00:00,-80.3583,-4.072,49.0,5.6,mww,Peru-Ecuador border region
us20009lzf,2017-06-06 20:34:50.460000+00:00,-80.6966,-4.137,95.45,4.0,mb,"7 km SE of Papayal, Peru"
us20009mng,2017-06-08 04:27:43.330000+00:00,-80.4516,-4.0532,57.26,4.5,mb,"25 km ESE of Cañaveral, Peru"
us20009lvf,2017-06-11 18:01:52.280000+00:00,-80.4079,0.3211,10.0,4.3,mb,"48 km NW of Pedernales, Ecuador"
us20009nir,2017-06-19 04:16:34.420000+00:00,-77.1071,-3.6098,106.49,4.6,mb,"76 km W of Alianza Cristiana, Peru"
us20009pjt,2017-06-25 03:03:41.430000+00:00,-80.029,-4.4632,77.89,4.3,mb,"6 km NNW of Suyo, Peru"
us100095nr,2017-06-30 22:29:45.140000+00:00,-80.4927,-0.2849,13.0,6.0,mww,"35 km NNW of Bahía de Caráquez, Ecuador"
us100095pe,2017-07-01 03:32:55.920000+00:00,-80.3266,-0.3647,10.0,4.2,mb,"27 km NNE of Bahía de Caráquez, Ecuador"
us100097t8,2017-07-01 23:16:33.430000+00:00,-80.8327,-0.2821,10.0,4.3,mb,"57 km NW of Bahía de Caráquez, Ecuador"
us100098s3,2017-07-11 12:09:15.560000+00:00,-79.7006,0.7164,17.0,5.4,mww,"27 km S of Esmeraldas, Ecuador"
us2000a37k,2017-07-26 19:59:24.610000+00:00,-80.2782,-0.8448,42.64,4.3,mb,"8 km SW of Tosagua, Ecuador"
us2000a7f8,2017-08-11 20:17:56.700000+00:00,-80.9377,-5.2372,42.74,4.7,mb,"25 km NW of Tablazo Norte, Peru"
us2000al9a,2017-09-13 03:34:45.200000+00:00,-79.4515,0.9958,53.18,4.4,mb,"22 km E of Esmeraldas, Ecuador"
us2000anyf,2017-09-16 04:21:06.930000+00:00,-77.9211,-1.4861,162.23,4.6,mb,"9 km E of Puyo, Ecuador"
us2000aqp7,2017-09-19 12:48:28.660000+00:00,-78.7264,-2.1312,112.4,4.4,mb,"15 km ENE of Alausí, Ecuador"
us2000axfi,2017-10-01 07:37:43.020000+00:00,-77.5042,-1.5052,198.12,4.1,mb,"55 km E of Puyo, Ecuador"
us1000arjg,2017-10-06 15:32:10.140000+00:00,-80.7921,-4.2813,35.17,4.5,mb,"10 km ESE of La Breita, Peru"
us2000b2fc,2017-10-07 09:26:13.120000+00:00,-77.9133,-1.7015,137.9,5.2,mww,"5 km E of Palora, Ecuador"
us2000b2xw,2017-10-09 04:15:21.690000+00:00,-77.5824,-1.6381,168.05,4.9,mb,"43 km E of Palora, Ecuador"
us1000aq2e,2017-10-11 05:08:12.160000+00:00,-77.7036,-1.6656,179.49,4.4,mb,"29 km E of Palora, Ecuador"
us1000atxw,2017-10-19 02:39:11.850000+00:00,-79.4764,1.0737,28.36,4.6,mb,"23 km ENE of Esmeraldas, Ecuador"
us1000ayn2,2017-10-22 07:48:07.540000+00:00,-75.7149,-5.2366,35.24,4.4,mb,"4 km WSW of Lagunas, Peru"
us1000avz6,2017-10-23 17:08:20.060000+00:00,-77.5672,-1.3115,186.44,4.4,mb,"44 km SE of Tena, Ecuador"
us2000bhkp,2017-11-03 07:33:54.560000+00:00,-77.3812,-2.3926,144.34,4.3,mb,"81 km E of Macas, Ecuador"
us2000bi7p,2017-11-04 00:16:35.270000+00:00,-76.0318,2.4828,157.28,5.1,mww,"8 km SSE of Inzá, Colombia"
us2000bi8p,2017-11-04 01:22:34.110000+00:00,-79.0226,1.9325,40.3,4.2,mb,"29 km WNW of Tumaco, Colombia"
us2000bibq,2017-11-04 09:01:05.010000+00:00,-77.8678,-4.5055,45.5,4.1,mb,"123 km SE of Yantzaza, Ecuador"
us2000bj3p,2017-11-06 06:06:48.910000+00:00,-79.5172,-1.9464,105.47,4.1,mb,"3 km S of Alfredo Baquerizo Moreno, Ecuador"
us2000bj6e,2017-11-06 11:18:03.540000+00:00,-76.7952,-2.4483,125.43,4.5,mb,"120 km NNW of Alianza Cristiana, Peru"
us2000bpn7,2017-11-06 17:56:53.460000+00:00,-79.785,0.6776,35.0,4.3,mb,"27 km ENE of Muisne, Ecuador"
us2000blaz,2017-11-10 06:56:42.150000+00:00,-80.4509,-1.2543,25.66,4.4,mb,"4 km NW of Sucre, Ecuador"
us2000bqc4,2017-11-17 13:40:41.310000+00:00,-79.8202,-2.4428,78.05,5.4,mww,"28 km SSE of Guayaquil, Ecuador"
us2000bqvz,2017-11-18 04:23:46.830000+00:00,-79.707,-2.9657,35.0,5.5,mww,"13 km ESE of Baláo, Ecuador"
us2000buz3,2017-11-18 23:03:55.200000+00:00,-80.4735,-4.1696,44.98,4.0,mb,"30 km ESE of Papayal, Peru"
us2000br8k,2017-11-19 03:35:48.640000+00:00,-80.6543,-4.1664,40.57,4.4,mb,"13 km SE of Papayal, Peru"
us2000brf6,2017-11-19 12:38:51.730000+00:00,-79.8123,-0.1562,69.14,4.1,mb,"36 km SE of Pedernales, Ecuador"
us2000brkj,2017-11-19 21:42:12.220000+00:00,-78.03,-1.7221,152.41,4.9,mb,"7 km WSW of Palora, Ecuador"
us2000btp2,2017-11-23 03:33:58.870000+00:00,-80.3886,-2.1885,49.83,4.3,mb,"43 km W of Santa Lucía, Ecuador"
us2000bv8q,2017-11-28 02:04:26.700000+00:00,-79.9736,-2.0618,70.02,5.0,mb,"13 km NNE of Santa Lucía, Ecuador"
us2000bvrq,2017-11-29 02:25:00.670000+00:00,-77.3765,-2.0179,153.05,4.4,mb,"74 km ESE of Palora, Ecuador"
us1000bkjh,2017-12-03 11:19:05.440000+00:00,-80.3101,-0.47,17.0,6.1,mww,"18 km NE of Bahía de Caráquez, Ecuador"
us1000bl7f,2017-12-04 22:53:14.030000+00:00,-78.0454,-1.6591,148.65,4.3,mb,"10 km WNW of Palora, Ecuador"
us2000c1f4,2017-12-07 02:37:45.350000+00:00,-80.1753,-4.0919,68.62,4.4,mb,"24 km W of Celica, Ecuador"
us2000c5d2,2017-12-17 06:25:19.100000+00:00,-78.7774,-2.9167,108.37,4.0,mb,"2 km S of Gualaceo, Ecuador"
us2000c5dv,2017-12-17 09:05:26.250000+00:00,-79.7706,0.289,48.64,4.1,mb,"33 km W of Rosa Zarate, Ecuador"
us2000c5dx,2017-12-17 09:16:26.750000+00:00,-80.15,0.6888,10.0,4.6,mb,"16 km WNW of Muisne, Ecuador"
us1000bub4,2017-12-21 09:52:42.980000+00:00,-80.5231,-1.1161,37.92,4.5,mb,"10 km SW of Portoviejo, Ecuador"
us1000buw7,2017-12-22 03:57:04.940000+00:00,-80.5677,-5.3848,10.0,4.6,mb,"18 km SE of Catacaos, Peru"
us1000bw8y,2017-12-26 06:04:21.090000+00:00,-80.8605,-3.1476,8.6,4.3,mb,"62 km NNW of Zorritos, Peru"
us1000bz7e,2018-01-03 01:32:19.090000+00:00,-79.2032,1.9851,38.13,4.2,mb,"50 km WNW of Tumaco, Colombia"
us1000c1i4,2018-01-06 19:30:23.820000+00:00,-80.312,-0.8773,29.57,4.3,mwr,"13 km WNW of Junín, Ecuador"
us2000cm2x,2018-01-21 07:30:58.380000+00:00,-75.8527,-3.2846,127.01,4.6,mb,northern Peru
us2000cn31,2018-01-23 13:45:34.400000+00:00,-80.6661,-3.9586,45.15,4.4,mb,"2 km SW of Cañaveral, Peru"
us2000cnh2,2018-01-23 23:54:53.640000+00:00,-76.7072,-2.6943,122.2,4.6,mb,"91 km NNW of Alianza Cristiana, Peru"
us2000cp9e,2018-01-25 15:02:09.970000+00:00,-77.761,0.216,10.0,4.5,mb,"27 km SE of Pimampiro, Ecuador"
us2000cph9,2018-01-25 22:03:35.730000+00:00,-76.5208,-4.8367,44.86,4.5,mb,"17 km E of Barranca, Peru"
us1000cdgu,2018-01-31 23:13:21.400000+00:00,-77.672,-1.7441,20.54,5.2,mb,"32 km E of Palora, Ecuador"
us1000cdk1,2018-02-01 04:47:00.490000+00:00,-77.743,-1.6121,183.76,4.5,mb,"26 km ENE of Palora, Ecuador"
us1000ci5p,2018-02-07 09:47:37.640000+00:00,-81.1358,-2.972,34.87,4.0,mb,"85 km SSW of La Libertad, Ecuador"
us2000d6y8,2018-02-13 15:06:58.850000+00:00,-77.6893,-1.7938,163.23,4.3,mb,"32 km ESE of Palora, Ecuador"
us2000d4h3,2018-02-19 01:09:39.440000+00:00,-78.7399,-1.3278,125.45,4.2,mb,"16 km WSW of Ambato, Ecuador"
us2000d8lq,2018-02-27 03:40:11.470000+00:00,-79.7755,-2.8891,10.0,4.7,mb,"4 km ENE of Baláo, Ecuador"
us2000d8qa,2018-02-27 14:20:38.810000+00:00,-79.7882,-2.8025,3.17,4.5,mb,"12 km NNE of Baláo, Ecuador"
us2000d9sj,2018-03-01 16:14:40.320000+00:00,-80.6294,-0.68,38.94,4.6,mb,"24 km WSW of Bahía de Caráquez, Ecuador"
us1000d2de,2018-03-03 19:09:18.770000+00:00,-79.7387,-2.839,4.27,4.3,mb,"11 km NE of Baláo, Ecuador"
us1000d5c4,2018-03-10 20:55:00.330000+00:00,-81.3153,-4.8383,10.62,4.0,mb,"29 km S of Talara, Peru"
us1000d7u5,2018-03-23 04:58:49.440000+00:00,-77.562,-4.83,61.99,4.2,mb,"98 km W of Barranca, Peru"
us1000dder,2018-04-03 01:15:23.760000+00:00,-78.5218,-0.1897,5.0,4.3,mb,"4 km N of Quito, Ecuador"
us1000dpan,2018-04-16 00:30:07.080000+00:00,-78.0112,-1.9364,148.83,4.2,mb,"26 km S of Palora, Ecuador"
us2000e234,2018-04-18 12:44:19.020000+00:00,-77.7101,-1.409,178.79,4.3,mb,"33 km ENE of Puyo, Ecuador"
us1000dr1w,2018-04-24 00:58:47.570000+00:00,-80.3499,-0.243,24.54,4.5,mwr,"40 km NNE of Bahía de Caráquez, Ecuador"
us1000dv4s,2018-05-01 01:58:31.460000+00:00,-75.7791,1.859,35.86,4.5,mb,"13 km S of Suaza, Colombia"
us1000dzxp,2018-05-01 09:34:50.200000+00:00,-77.3719,-2.931,239.4,4.3,mb,"103 km ESE of Sucúa, Ecuador"
us1000e9ww,2018-05-22 13:36:19.270000+00:00,-78.4272,0.497,33.37,5.0,mb,"28 km NW of Cotacachi, Ecuador"
us1000ebu1,2018-05-25 07:41:03.600000+00:00,-80.7219,0.3193,10.0,4.3,mb,"79 km WNW of Pedernales, Ecuador"
us1000ecfs,2018-05-25 21:54:20.740000+00:00,-78.7266,1.6617,35.0,4.4,mwr,"16 km SSE of Tumaco, Colombia"
us1000ep1l,2018-06-12 09:35:25.480000+00:00,-77.2722,1.0673,11.55,4.9,mwr,"13 km ESE of Tangua, Colombia"
us1000esc9,2018-06-15 13:35:38.930000+00:00,-79.6407,-2.0135,98.04,4.4,mb,"10 km ESE of Samborondón, Ecuador"
us2000fyc7,2018-07-02 01:16:45.080000+00:00,-77.6371,-1.3647,180.67,4.0,mb,"42 km ENE of Puyo, Ecuador"
us2000g0kb,2018-07-09 18:14:15.570000+00:00,-79.8533,-2.6849,49.53,4.6,mb,"25 km N of Baláo, Ecuador"
us2000g2cl,2018-07-11 17:57:54.960000+00:00,-77.4982,-3.6496,79.44,4.5,mb,"119 km W of Alianza Cristiana, Peru"
us2000g5xq,2018-07-16 05:35:13.960000+00:00,-78.4639,-2.9748,89.37,4.5,mb,"36 km ESE of Gualaceo, Ecuador"
us2000g6y7,2018-07-17 11:27:13.530000+00:00,-77.3372,-5.0594,42.51,4.6,mb,"77 km WSW of Barranca, Peru"
us2000g7l1,2018-07-18 01:28:54.680000+00:00,-79.3951,2.3132,10.0,4.6,mb,"87 km WNW of Salahonda, Colombia"
us2000gdb2,2018-07-25 07:51:29.630000+00:00,-77.5569,-2.0127,150.66,4.5,mb,"56 km SE of Palora, Ecuador"
us1000gasg,2018-08-16 19:09:12.290000+00:00,-81.6576,-2.9215,10.0,4.6,mb,"110 km SW of Salinas, Ecuador"
us1000gfgj,2018-08-22 16:23:35.260000+00:00,-75.4384,-2.9459,145.38,4.9,mb,"125 km ENE of Alianza Cristiana, Peru"
us2000h6rs,2018-09-02 03:43:15.680000+00:00,-79.3462,-2.5225,79.74,4.9,mb,"10 km S of La Troncal, Ecuador"
us2000h720,2018-09-03 06:31:37.240000+00:00,-77.5981,-3.1621,111.01,4.4,mb,"100 km SE of Sucúa, Ecuador"
us2000ha13,2018-09-07 02:12:06.280000+00:00,-78.7903,-2.2532,110.5,6.2,mww,"8 km SE of Alausí, Ecuador"
us2000hb2g,2018-09-08 14:38:56.980000+00:00,-81.5144,-4.3674,10.0,5.1,mww,"34 km WSW of El Alto, Peru"
us1000hd28,2018-09-09 03:19:36.370000+00:00,-76.0558,-4.0608,41.71,4.6,mb,"77 km SSE of Alianza Cristiana, Peru"
us2000hbc2,2018-09-09 03:19:46.770000+00:00,-75.9112,-4.0548,35.0,4.6,mb,"86 km SE of Alianza Cristiana, Peru"
us2000hg2x,2018-09-17 20:44:39.390000+00:00,-77.542,-2.8454,104.36,4.6,mb,Peru-Ecuador border region
us1000h3ay,2018-09-20 17:54:46.370000+00:00,-79.13,-0.8033,83.86,4.3,mb,"18 km NE of La Maná, Ecuador"
us1000h3aw,2018-09-20 22:45:19.600000+00:00,-77.1672,-1.896,155.44,4.3,mb,"91 km ESE of Palora, Ecuador"
us1000hbp3,2018-10-13 13:36:02.580000+00:00,-79.7374,0.4716,61.97,4.7,mb,"33 km WNW of Rosa Zarate, Ecuador"
us1000hcl4,2018-10-15 23:41:55.220000+00:00,-77.3126,-3.4084,105.81,4.7,mb,"97 km W of Alianza Cristiana, Peru"
us1000hf1q,2018-10-20 18:42:22.530000+00:00,-77.091,-5.1878,104.6,4.7,mww,"60 km SW of Barranca, Peru"
us1000hfc9,2018-10-21 21:08:56.040000+00:00,-79.874,-1.8538,68.88,5.1,mww,"13 km NE of El Triunfo, Ecuador"
us1000hfg2,2018-10-22 04:32:13.560000+00:00,-80.3425,0.6119,10.0,4.7,mb,near the coast of Ecuador
us1000hhgv,2018-10-26 09:11:52.050000+00:00,-77.8192,-1.531,163.66,4.9,mb,"21 km ESE of Puyo, Ecuador"
us1000hihf,2018-10-29 12:20:52.380000+00:00,-80.3208,-3.6957,58.16,4.5,mb,Peru-Ecuador border region
us2000i7k3,2018-10-30 12:23:57.880000+00:00,-78.7012,-2.2255,92.33,4.3,mb,"16 km E of Alausí, Ecuador"
us1000hpsq,2018-11-03 00:56:07.850000+00:00,-76.5197,-2.2962,187.92,4.4,mb,"130 km N of Alianza Cristiana, Peru"
us1000ht5t,2018-11-17 12:55:33.690000+00:00,-80.6747,-2.5357,10.0,4.9,mww,"33 km WNW of Playas, Ecuador"
us2000itj2,2018-12-14 09:56:02.480000+00:00,-75.4347,-2.9163,117.61,4.8,mb,"127 km ENE of Alianza Cristiana, Peru"
us2000itx6,2018-12-15 21:11:44.120000+00:00,-78.8614,0.2837,57.25,4.9,mb,"66 km W of Cotacachi, Ecuador"
us2000iw19,2018-12-21 18:57:21.510000+00:00,-79.528,2.3449,10.0,4.9,mb,"102 km NW of Tumaco, Colombia"
us2000j07n,2019-01-04 08:49:53.430000+00:00,-76.3184,-2.8457,128.26,4.6,mb,"70 km N of Alianza Cristiana, Peru"
us2000j0t0,2019-01-06 11:19:34.370000+00:00,-79.2408,-2.1685,10.0,4.3,mb,"21 km ENE of Coronel Marcelino Maridueña, Ecuador"
us2000j35h,2019-01-11 23:02:51.580000+00:00,-78.0484,-1.6756,146.11,4.6,mb,"9 km WNW of Palora, Ecuador"
us2000jbt1,2019-01-16 12:59:05.750000+00:00,-76.1302,-2.8718,38.28,4.2,mb,"74 km NNE of Alianza Cristiana, Peru"
us2000j63c,2019-01-18 21:27:01.530000+00:00,-76.818,-3.2663,103.0,5.7,mww,"48 km WNW of Alianza Cristiana, Peru"
us2000j8qb,2019-01-25 09:49:47.520000+00:00,-77.4919,-1.3246,192.49,4.5,mb,"51 km SE of Tena, Ecuador"
us2000jern,2019-01-25 10:10:06.650000+00:00,-81.0539,-1.2455,10.0,4.4,mb,"49 km WSW of Montecristi, Ecuador"
us2000jclm,2019-02-03 03:03:10.600000+00:00,-78.5322,-2.6511,94.27,4.9,mb,"35 km NE of La Unión, Ecuador"
us2000jd8d,2019-02-04 17:45:48.100000+00:00,-79.8348,-2.4081,70.0,5.8,mww,"24 km SSE of Guayaquil, Ecuador"
us2000jdjs,2019-02-05 09:53:03.260000+00:00,-78.5671,-2.7818,85.71,4.8,mb,"25 km ENE of La Unión, Ecuador"
us2000jhs0,2019-02-14 06:24:46.380000+00:00,-77.7852,0.6328,10.0,4.8,mb,"6 km NE of San Gabriel, Ecuador"
us2000jhy7,2019-02-14 13:42:50.700000+00:00,-80.486,-3.1854,46.92,4.7,mb,"42 km NW of Aguas Verdes, Peru"
us2000jlfv,2019-02-22 10:17:23.770000+00:00,-77.0505,-2.1862,145.0,7.5,mww,"115 km ESE of Palora, Ecuador"
us2000jlh2,2019-02-22 10:40:40.250000+00:00,-79.7366,-2.2377,70.89,5.5,mb,"14 km ESE of Eloy Alfaro, Ecuador"
us1000javt,2019-02-23 02:40:07.780000+00:00,-77.4034,-2.1529,135.12,4.2,mb,"79 km SE of Palora, Ecuador"
us1000jfe1,2019-03-14 09:02:07.762000+00:00,-77.0225,-2.355,113.78,4.5,mb,"121 km E of Macas, Ecuador"
us1000jjan,2019-03-20 16:23:22.850000+00:00,-77.3293,-2.7612,32.28,5.1,mb,"99 km ESE of Sucúa, Ecuador"
us1000jla5,2019-03-25 14:03:27.780000+00:00,-76.5475,-2.3052,141.51,4.4,mb,"129 km N of Alianza Cristiana, Peru"
us2000k6ki,2019-03-28 15:39:56.360000+00:00,-76.6752,-2.8442,107.18,4.6,mb,"74 km NNW of Alianza Cristiana, Peru"
us2000k7vu,2019-03-31 07:04:04.795000+00:00,-80.8101,-1.9446,18.0,6.2,mww,"31 km N of Santa Elena, Ecuador"
us2000k7w1,2019-03-31 07:08:51.586000+00:00,-80.9989,-2.0009,10.0,4.9,mb,"24 km NNW of Salinas, Ecuador"
us2000kcen,2019-03-31 07:12:14.557000+00:00,-80.8818,-2.0272,10.0,4.4,mb,"22 km NNE of Salinas, Ecuador"
us2000k7w6,2019-03-31 07:27:13.353000+00:00,-80.7188,-1.9695,10.0,5.1,mb,"32 km NNE of Santa Elena, Ecuador"
us2000k7w8,2019-03-31 07:28:50.636000+00:00,-80.7342,-1.9363,18.62,5.5,mww,"34 km NNE of Santa Elena, Ecuador"
us2000kcet,2019-03-31 08:54:18.339000+00:00,-80.816,-1.9238,10.0,4.4,mb,"33 km N of Santa Elena, Ecuador"
us2000k80e,2019-03-31 14:09:10.860000+00:00,-80.8862,-2.0306,10.0,4.9,mb,"21 km NNE of Salinas, Ecuador"
us2000k9m8,2019-04-03 13:21:43.830000+00:00,-77.1632,-2.1776,139.6,4.3,mb,"103 km ESE of Palora, Ecuador"
us2000kc35,2019-04-08 03:23:49.241000+00:00,-80.3581,-2.1232,47.02,4.9,mb,"36 km SSW of Pedro Carbo, Ecuador"
us7000359x,2019-04-13 03:43:56.820000+00:00,-77.7347,-1.386,175.49,4.8,mb,"31 km ENE of Puyo, Ecuador"
us70003650,2019-04-15 03:11:29.701000+00:00,-75.481,-3.0208,140.02,4.5,mb,"117 km ENE of Alianza Cristiana, Peru"
us700037mu,2019-04-17 09:13:29.269000+00:00,-81.0121,-2.2045,10.0,4.4,mb,"6 km W of Salinas, Ecuador"
us700037tm,2019-04-17 15:01:00.938000+00:00,-78.1327,-5.0706,49.33,5.1,mww,"68 km NNE of La Peca, Peru"
us70003a3g,2019-04-22 01:04:51.922000+00:00,-80.4387,-3.2798,38.19,4.8,mb,"30 km NW of Zarumilla, Peru"
us70003ifw,2019-04-29 03:15:03.304000+00:00,-80.3488,-3.8694,71.19,4.1,mb,"26 km SW of Matapalo, Peru"
us70003fmr,2019-05-02 11:06:08.573000+00:00,-77.2531,-5.2425,31.79,4.5,mb,"78 km SW of Barranca, Peru"
us70003khl,2019-05-13 18:00:19.422000+00:00,-78.0096,0.6489,15.17,4.6,mb,"8 km WNW of El Ángel, Ecuador"
us70003lz2,2019-05-16 04:04:56.085000+00:00,-76.8933,-2.3498,136.43,4.9,mb,"134 km NNW of Alianza Cristiana, Peru"
us70003mxi,2019-05-18 03:55:39.611000+00:00,-74.9872,-4.7728,35.0,4.5,mb,"91 km ENE of Lagunas, Peru"
us70003t9f,2019-05-22 20:49:45.912000+00:00,-77.5952,-2.4571,107.16,4.2,mb,"59 km ESE of Macas, Ecuador"
us70003sz7,2019-05-29 23:40:23.847000+00:00,-75.2549,-4.7289,150.87,4.8,mb,"72 km NE of Lagunas, Peru"
us70003yaq,2019-06-11 21:25:41.679000+00:00,-77.7408,-1.3586,172.18,4.4,mb,"32 km ENE of Puyo, Ecuador"
us6000448m,2019-06-15 07:07:52.856000+00:00,-76.8341,-4.0694,108.51,4.4,mb,"79 km SW of Alianza Cristiana, Peru"
us600043dq,2019-06-19 23:02:59.760000+00:00,-75.994,-4.0003,107.44,4.9,mww,"75 km SE of Alianza Cristiana, Peru"
us70004j1x,2019-07-04 04:40:37.614000+00:00,-77.9745,-1.576,151.69,4.6,mb,"10 km SSE of Puyo, Ecuador"
us70004j21,2019-07-04 07:12:30.849000+00:00,-77.6259,-3.1224,52.05,4.3,mb,"95 km SE of Sucúa, Ecuador"
us70004a2l,2019-07-04 18:21:00.012000+00:00,-80.3853,-4.2394,61.73,4.8,mb,"42 km ESE of Papayal, Peru"
us70004r5c,2019-07-23 11:44:56.812000+00:00,-76.291,-2.3592,144.08,4.9,mb,"124 km N of Alianza Cristiana, Peru"
us60004ykh,2019-07-24 02:41:29.031000+00:00,-78.1428,-2.8066,10.0,4.3,mb,"38 km S of Sucúa, Ecuador"
us600051ul,2019-07-30 12:25:29.217000+00:00,-77.939,-1.9299,142.98,4.2,mb,"25 km S of Palora, Ecuador"
us60004xw5,2019-07-31 09:41:41.663000+00:00,-78.9503,-2.0531,10.0,4.4,mb,"20 km NW of Alausí, Ecuador"
us600056nv,2019-08-18 09:28:29.560000+00:00,-79.2769,-2.3237,84.69,5.0,mww,"13 km NNE of La Troncal, Ecuador"
us7000579b,2019-08-22 20:53:41.326000+00:00,-79.0745,-3.5285,68.0,4.2,mb,near the coast of Ecuador
us700057pm,2019-08-23 21:14:12.597000+00:00,-77.1573,-5.4004,10.0,4.6,mb,"66 km NNE of Segunda Jerusalén - Azunguillo, Peru"
us70005bcq,2019-09-03 04:59:09.775000+00:00,-77.9436,-1.6429,145.2,4.5,mb,"6 km NNE of Palora, Ecuador"
us70005dxj,2019-09-09 23:52:42.651000+00:00,-77.8088,-1.3137,169.31,4.4,mb,"28 km NE of Puyo, Ecuador"
us70005et4,2019-09-11 15:18:03.350000+00:00,-77.8884,-1.8675,142.67,4.5,mb,"20 km SSE of Palora, Ecuador"
us70005gws,2019-09-16 05:54:18.316000+00:00,-76.2745,-3.8102,110.01,4.6,mb,"41 km SSE of Alianza Cristiana, Peru"
us70005mf6,2019-09-19 17:55:26.402000+00:00,-80.2094,-2.1117,54.01,4.0,mb,"24 km WNW of Santa Lucía, Ecuador"
us70005mh3,2019-09-27 13:44:44.129000+00:00,-77.9091,0.7964,33.5,4.3,mb,"18 km SW of Cumbal, Colombia"
us70005tcw,2019-10-11 10:59:48.509000+00:00,-76.9998,-2.5228,121.22,4.3,mb,"122 km NNW of Alianza Cristiana, Peru"
us70005x7b,2019-10-22 16:15:38.689000+00:00,-79.6628,-2.9033,74.61,4.6,mb,"16 km E of Baláo, Ecuador"
us700062am,2019-11-02 12:20:09.137000+00:00,-80.8072,-2.5133,37.06,4.4,mb,"32 km S of Santa Elena, Ecuador"
us70006bm8,2019-11-15 10:09:24.112000+00:00,-77.7166,-1.7449,21.61,4.1,mb,"28 km E of Palora, Ecuador"
us60006c0c,2019-11-15 14:38:35.599000+00:00,-77.6235,-2.1059,120.89,4.3,mb,"58 km SE of Palora, Ecuador"
us700068ze,2019-11-16 23:32:27.224000+00:00,-77.7733,-1.5476,175.2,4.4,mb,"26 km ESE of Puyo, Ecuador"
us70006dnu,2019-11-19 16:23:08.297000+00:00,-77.6054,-3.43,104.01,4.4,mb,"108 km E of Gualaquiza, Ecuador"
us60006q9n,2019-12-03 19:07:10.440000+00:00,-76.3071,-4.9899,28.15,4.4,mb,"44 km ESE of Barranca, Peru"
us60006nvf,2019-12-08 08:56:09.832000+00:00,-78.4095,-0.0864,10.0,4.6,mb,"20 km NE of Quito, Ecuador"
us60006t8v,2019-12-11 00:50:37.527000+00:00,-76.6711,-2.4299,130.16,4.2,mb,"118 km NNW of Alianza Cristiana, Peru"
us70006u7d,2020-01-03 14:16:43.016000+00:00,-79.9983,-3.3233,68.82,4.9,mb,"6 km S of Puerto Bolívar, Ecuador"
us700070nf,2020-01-16 02:03:16.407000+00:00,-76.9944,-4.056,106.86,4.5,mb,"89 km SW of Alianza Cristiana, Peru"
us700071h9,2020-01-17 04:32:04.935000+00:00,-79.6665,2.2118,10.0,4.8,mb,"107 km WNW of Tumaco, Colombia"
us60007h4m,2020-01-27 10:00:17.575000+00:00,-78.7565,0.4194,49.5,4.1,mb,"56 km WNW of Cotacachi, Ecuador"
us60007kt4,2020-01-30 22:10:10.125000+00:00,-75.3493,-3.6423,10.0,5.1,mb,"121 km E of Alianza Cristiana, Peru"
us70007ixw,2020-02-05 07:57:20.260000+00:00,-77.4566,-4.4768,10.0,5.1,mww,"95 km WNW of Barranca, Peru"
us70007q5q,2020-02-08 09:57:01.424000+00:00,-77.4558,-4.484,10.0,4.4,mb,"94 km WNW of Barranca, Peru"
us70007m82,2020-02-09 20:33:28.059000+00:00,-79.3831,-2.1402,109.25,4.6,mb,"9 km NE of Coronel Marcelino Maridueña, Ecuador"
us70007uq6,2020-02-22 08:56:19.285000+00:00,-77.6492,-3.4003,10.0,4.4,mb,"103 km E of Gualaquiza, Ecuador"
us60008cdl,2020-03-09 09:35:44.628000+00:00,-80.0165,-4.7515,82.76,4.9,mb,"4 km NW of Sapillica, Peru"
us70008gvx,2020-03-12 00:21:32.084000+00:00,-77.0456,-2.419,150.55,4.3,mb,"119 km E of Macas, Ecuador"
us60008gaz,2020-03-16 03:53:28.778000+00:00,-78.5752,1.1616,42.22,5.0,mb,"32 km ESE of San Lorenzo de Esmeraldas, Ecuador"
us70008ihp,2020-03-30 03:42:48.872000+00:00,-80.653,0.3715,10.0,4.4,mb,"74 km WNW of Pedernales, Ecuador"
us70008ikp,2020-03-30 09:09:05.891000+00:00,-77.6885,0.2895,130.93,5.2,mww,"30 km ESE of Pimampiro, Ecuador"
us70008yd3,2020-04-17 03:13:34.031000+00:00,-77.0829,-2.409,149.02,4.3,mb,"114 km E of Macas, Ecuador"
us70008zmi,2020-04-19 01:16:13.212000+00:00,-77.8596,-1.8856,155.58,4.3,mb,"23 km SSE of Palora, Ecuador"
us700097kk,2020-04-25 18:50:39.946000+00:00,-77.1478,-2.1931,134.9,4.3,mb,"105 km ESE of Palora, Ecuador"
us700099yh,2020-04-28 00:57:03.810000+00:00,-78.0191,-1.5891,159.89,4.0,mb,"11 km S of Puyo, Ecuador"
us60009dtb,2020-04-28 09:06:07.043000+00:00,-77.429,-2.8175,10.0,4.6,mb,"91 km ESE of Sucúa, Ecuador"
us70009afm,2020-04-29 03:35:52.959000+00:00,-77.6555,-2.8278,70.09,4.3,mb,Peru-Ecuador border region
us60009ej2,2020-04-29 07:20:29.924000+00:00,-77.4099,-2.8013,34.06,4.4,mb,"92 km ESE of Sucúa, Ecuador"
us70009afr,2020-04-29 07:40:36.926000+00:00,-77.9734,-1.7209,154.48,4.2,mb,"2 km SSW of Palora, Ecuador"
us70009du7,2020-05-10 23:10:00.210000+00:00,-77.3265,2.4112,92.49,4.5,mb,"19 km NNW of Argelia, Colombia"
us70009j35,2020-05-17 19:27:12.526000+00:00,-77.1104,-4.4309,42.96,4.6,mb,"65 km NW of Barranca, Peru"
us70009nqz,2020-05-22 19:49:44.432000+00:00,-81.4446,-2.3987,10.0,4.3,mb,"58 km WSW of Salinas, Ecuador"
us6000a2mq,2020-05-30 12:40:07.738000+00:00,-79.5587,-1.253,101.35,4.7,mb,"23 km NNW of Ventanas, Ecuador"
us6000aamu,2020-06-06 07:44:08.359000+00:00,-77.4107,-1.4912,170.86,4.3,mb,"65 km E of Puyo, Ecuador"
us6000a7gb,2020-06-07 10:31:19.221000+00:00,-76.9635,-4.038,110.0,5.4,mww,"85 km SW of Alianza Cristiana, Peru"
us6000aexw,2020-06-15 17:14:18.666000+00:00,-78.0027,0.5693,10.74,4.3,mb,"9 km SW of El Ángel, Ecuador"
us7000ac2p,2020-06-20 14:43:46.012000+00:00,-76.8326,-1.9984,123.2,4.4,mb,"130 km ESE of Palora, Ecuador"
us6000ahvl,2020-06-24 15:38:34.463000+00:00,-77.5274,-1.6022,169.38,5.1,mww,"49 km ENE of Palora, Ecuador"
us7000ala8,2020-07-05 22:23:41.875000+00:00,-81.0072,-0.7286,10.0,4.4,mb,"41 km NW of Manta, Ecuador"
us7000ap0z,2020-07-08 08:40:30.751000+00:00,-80.6667,-3.3368,46.11,4.3,mb,"34 km NW of Tumbes, Peru"
us6000b44k,2020-07-25 21:16:19.145000+00:00,-80.5986,-3.288,49.1,4.6,mb,"34 km NNW of Tumbes, Peru"
us6000bes5,2020-08-10 10:48:16.729000+00:00,-77.9521,-1.5665,161.16,4.1,mb,"10 km SSE of Puyo, Ecuador"
us6000bf7p,2020-08-15 15:36:32.036000+00:00,-80.9042,-4.1731,30.09,4.4,mb,"9 km NNW of La Breita, Peru"
us6000bjb2,2020-08-23 00:52:38.150000+00:00,-79.509,-2.06,106.98,4.2,mb,"12 km NE of Milagro, Ecuador"
us7000bcgc,2020-08-25 05:18:11.310000+00:00,-80.815,-4.0329,28.0,5.5,mww,"9 km WNW of Papayal, Peru"
us7000bhrt,2020-08-31 05:30:01.726000+00:00,-76.6928,-2.1637,138.78,4.2,mb,"147 km N of Alianza Cristiana, Peru"
us7000bkx7,2020-09-04 02:17:33.494000+00:00,-80.4547,-0.1487,10.0,4.5,mb,"49 km N of Bahía de Caráquez, Ecuador"
us7000bnff,2020-09-15 06:44:10.060000+00:00,-80.3416,-3.4,52.88,4.7,mb,"13 km NW of Zarumilla, Peru"
us6000c15s,2020-09-25 14:19:45.870000+00:00,-76.6858,-2.8661,116.29,4.5,mb,"72 km NNW of Alianza Cristiana, Peru"
us6000c64h,2020-09-30 00:46:44.693000+00:00,-78.5602,-2.4765,104.84,4.2,mb,"43 km ENE of Cañar, Ecuador"
us6000c52d,2020-10-03 00:11:07.027000+00:00,-78.1371,-1.1267,10.0,4.7,mb,"38 km WSW of Tena, Ecuador"
us6000c6d3,2020-10-07 07:52:25.464000+00:00,-77.7109,-1.3551,169.29,4.3,mb,"35 km ENE of Puyo, Ecuador"
us6000c7sl,2020-10-07 09:58:00.956000+00:00,-77.511,-1.9585,156.13,4.3,mb,"57 km ESE of Palora, Ecuador"
us6000c7vx,2020-10-12 23:09:27.132000+00:00,-77.5074,-2.4469,51.69,4.5,mb,"68 km ESE of Macas, Ecuador"
us6000c950,2020-10-18 06:58:28.688000+00:00,-81.8157,-3.9177,8.0,5.5,mww,"76 km WNW of El Alto, Peru"
us6000cb67,2020-10-22 06:15:23.765000+00:00,-81.6046,-4.1946,10.0,4.4,mb,"43 km W of El Alto, Peru"
us6000cbuu,2020-10-23 02:21:45.523000+00:00,-81.8459,-3.873,10.0,4.6,mb,near the coast of northern Peru
us6000cdq4,2020-10-27 11:59:18.785000+00:00,-78.6928,-0.4788,7.72,4.7,mb,"14 km WNW of Machachi, Ecuador"
us7000cehr,2020-11-10 20:37:33.563000+00:00,-76.7547,-2.657,117.14,4.3,mb,"97 km NNW of Alianza Cristiana, Peru"
us7000cdqt,2020-11-12 08:43:05.551000+00:00,-77.2268,-4.7839,121.36,4.5,mb,"61 km W of Barranca, Peru"
us6000cqu3,2020-11-18 00:49:02.999000+00:00,-76.916,-3.9924,106.18,4.5,mb,"78 km SW of Alianza Cristiana, Peru"
us6000cs0x,2020-11-20 03:03:05.432000+00:00,-79.3552,-2.1934,118.41,4.1,mb,"8 km ENE of Coronel Marcelino Maridueña, Ecuador"
us7000ckuz,2020-11-29 10:37:09.977000+00:00,-78.9108,-5.1982,52.77,4.7,mb,"11 km ESE of San Ignacio, Peru"
us7000cpbd,2020-12-09 01:37:04.597000+00:00,-79.3088,-2.6541,77.38,4.6,mb,"25 km S of La Troncal, Ecuador"
us7000csf9,2020-12-19 09:00:34.280000+00:00,-79.4554,1.4186,34.97,4.3,mb,"55 km NNE of Esmeraldas, Ecuador"
us6000d1ps,2020-12-21 16:30:23.386000+00:00,-77.7417,-3.6308,47.11,4.5,mb,"96 km ESE of Gualaquiza, Ecuador"
us6000d1ue,2020-12-22 10:46:20.052000+00:00,-77.7462,-3.7437,50.83,4.5,mb,"100 km ESE of Gualaquiza, Ecuador"
us6000d6rs,2020-12-30 08:13:06.199000+00:00,-80.6013,-4.9994,80.95,4.0,mb,"14 km SE of Sullana, Peru"
us6000d6lb,2021-01-07 23:52:59.184000+00:00,-75.4105,-4.4085,53.04,4.6,mb,"95 km NNE of Lagunas, Peru"
us7000d1ec,2021-01-10 08:25:41.122000+00:00,-79.6666,1.1165,35.36,4.3,mb,"17 km N of Esmeraldas, Ecuador"
us7000d1ef,2021-01-10 09:31:08.210000+00:00,-79.7147,1.0083,35.0,4.3,mb,"8 km NW of Esmeraldas, Ecuador"
us6000d7db,2021-01-11 06:05:47.582000+00:00,-74.6878,-3.6386,10.0,4.5,mb,"155 km NW of Nauta, Peru"
us7000d0ab,2021-01-15 10:35:17.071000+00:00,-79.6836,1.0965,37.18,4.7,mb,"15 km NNW of Esmeraldas, Ecuador"
us7000d0c8,2021-01-15 15:13:49.886000+00:00,-80.8383,-3.7982,48.71,4.6,mb,"22 km SW of Zorritos, Peru"
us7000d2fy,2021-01-15 18:45:52.371000+00:00,-79.7023,1.1554,38.88,4.3,mb,"22 km NNW of Esmeraldas, Ecuador"
us7000d0fd,2021-01-15 19:21:16.137000+00:00,-79.6906,1.1031,27.53,4.8,mb,"16 km NNW of Esmeraldas, Ecuador"
us7000d2g3,2021-01-15 19:36:55.686000+00:00,-80.3525,1.2047,10.0,4.5,mb,"75 km NNW of Muisne, Ecuador"
us7000d0ms,2021-01-16 10:43:42.284000+00:00,-79.5819,1.06,39.75,4.5,mb,"13 km NE of Esmeraldas, Ecuador"
us7000d35e,2021-01-16 10:55:45.967000+00:00,-79.6466,1.226,36.47,4.5,mb,"29 km N of Esmeraldas, Ecuador"
us7000d1zv,2021-01-21 10:15:34.677000+00:00,-79.4578,-2.2666,90.2,4.9,mb,"6 km SSW of Coronel Marcelino Maridueña, Ecuador"
us6000de7j,2021-01-26 22:58:04.795000+00:00,-79.5443,1.217,39.87,4.5,mb,"31 km NNE of Esmeraldas, Ecuador"
us6000deqm,2021-01-29 20:20:39.365000+00:00,-77.5818,-1.6399,170.41,4.1,mb,"43 km E of Palora, Ecuador"
us6000de5q,2021-02-03 11:41:54.339000+00:00,-77.6226,-3.1441,26.68,4.9,mb,"97 km SE of Sucúa, Ecuador"
us6000dfsf,2021-02-09 01:40:57.296000+00:00,-77.3268,-5.4381,20.72,5.1,mb,"61 km N of Segunda Jerusalén - Azunguillo, Peru"
us6000dhav,2021-02-13 05:18:32.727000+00:00,-80.2554,-4.1517,69.06,5.3,mww,"33 km W of Celica, Ecuador"
us6000djg9,2021-02-15 09:17:43.184000+00:00,-76.6725,-3.4845,100.78,4.3,mb,"26 km W of Alianza Cristiana, Peru"
us6000dhvx,2021-02-15 20:48:52.787000+00:00,-77.1133,-3.817,95.34,4.6,mb,"84 km WSW of Alianza Cristiana, Peru"
us6000dimv,2021-02-18 10:51:30.548000+00:00,-78.8053,-3.9543,99.92,5.2,mb,"14 km SSW of Yantzaza, Ecuador"
us6000dxzc,2021-03-24 21:53:58.470000+00:00,-77.3166,-1.029,221.66,4.4,mb,"41 km SSW of Boca Suno, Ecuador"
us6000dwv9,2021-03-26 20:06:36.517000+00:00,-77.4798,-1.9901,155.49,4.4,mb,"62 km ESE of Palora, Ecuador"
us6000e18x,2021-04-05 16:41:59.062000+00:00,-80.7292,-3.0887,34.98,4.7,mb,"61 km NNW of Tumbes, Peru"
us6000e1a6,2021-04-13 16:50:48.447000+00:00,-79.1617,2.3265,10.0,4.7,mb,"64 km WNW of Salahonda, Colombia"
us6000e1pa,2021-04-15 03:13:27.075000+00:00,-75.5914,-3.0335,125.61,4.4,mb,"105 km ENE of Alianza Cristiana, Peru"
us6000e41e,2021-04-19 17:13:54.406000+00:00,-77.5742,-0.5292,24.31,4.2,mb,"49 km NNE of Archidona, Ecuador"
us7000dzyk,2021-05-04 08:01:47.357000+00:00,-76.591,-4.8414,110.72,4.6,mb,"9 km E of Barranca, Peru"
us7000e16g,2021-05-07 21:46:30.116000+00:00,-80.6245,-4.9878,52.79,4.3,mb,"11 km SE of Sullana, Peru"
us7000e5cr,2021-05-22 19:45:13.934000+00:00,-77.3597,-3.8926,111.37,4.8,mb,"112 km WSW of Alianza Cristiana, Peru"
us7000eaax,2021-06-06 04:24:30.327000+00:00,-80.9676,-0.9631,10.0,4.5,mb,"28 km W of Manta, Ecuador"
us7000ebsg,2021-06-06 04:31:55.613000+00:00,-80.9402,-0.9302,10.0,4.3,mb,"25 km W of Manta, Ecuador"
us7000eaij,2021-06-06 18:50:09.689000+00:00,-78.349,-4.5749,102.82,4.3,mb,"87 km SE of Zamora, Ecuador"
us7000ed2p,2021-06-14 21:05:31.936000+00:00,-80.8752,-1.192,10.0,4.9,mb,"29 km SW of Montecristi, Ecuador"
us7000ed87,2021-06-15 14:10:01.529000+00:00,-76.6971,-3.9213,105.48,4.5,mb,"57 km SSW of Alianza Cristiana, Peru"
us7000edbj,2021-06-15 20:30:20.682000+00:00,-80.9059,-1.5387,10.0,4.9,mb,"42 km WSW of Jipijapa, Ecuador"
us7000ede3,2021-06-16 00:32:21.221000+00:00,-80.7787,-1.5736,35.0,4.5,mb,"33 km SW of Jipijapa, Ecuador"
us7000eez4,2021-06-16 05:55:38.480000+00:00,-81.1373,-1.4485,10.0,4.2,mb,"63 km W of Jipijapa, Ecuador"
us6000ep4i,2021-06-18 17:19:45.365000+00:00,-81.328,-3.8809,10.0,4.3,mb,"39 km NW of Máncora, Peru"
us7000eex2,2021-06-21 13:23:09.870000+00:00,-76.5541,-3.0197,62.52,4.6,mb,"52 km NNW of Alianza Cristiana, Peru"
us7000eiqq,2021-07-04 21:36:46.740000+00:00,-77.6036,-1.6593,168.4,4.3,mb,"40 km E of Palora, Ecuador"
us7000em74,2021-07-10 16:48:32.605000+00:00,-80.983,-1.1735,10.0,4.6,mb,"38 km SW of Manta, Ecuador"
us7000emkt,2021-07-13 11:36:56.250000+00:00,-80.0588,0.8022,10.0,4.4,mb,"21 km NNW of Muisne, Ecuador"
us7000empe,2021-07-16 20:42:49.245000+00:00,-77.1769,-3.5527,10.0,4.9,mww,"82 km W of Alianza Cristiana, Peru"
us7000emue,2021-07-17 06:44:38.089000+00:00,-80.7118,-5.1838,58.13,4.5,mb,"4 km W of San Martin, Peru"
us6000exn3,2021-07-21 15:07:35.214000+00:00,-78.9765,-5.2125,31.87,4.9,mb,"7 km SSE of San Ignacio, Peru"
us6000f0qr,2021-07-30 17:10:19.554000+00:00,-80.6156,-4.9149,34.0,6.2,mww,"7 km E of Sullana, Peru"
us6000f2qt,2021-07-30 20:14:09.676000+00:00,-80.6482,-4.8975,39.42,4.5,mb,"4 km E of Sullana, Peru"
us6000f0vx,2021-07-31 04:33:02.681000+00:00,-80.7928,-5.0645,35.0,4.3,mb,"17 km SSW of Nuevo Sullana, Peru"
us6000f168,2021-08-01 07:07:14.692000+00:00,-80.6564,-4.9081,35.0,4.3,mb,"3 km E of Sullana, Peru"
us6000f5jw,2021-08-05 22:36:09.552000+00:00,-80.8678,-5.0586,35.0,4.5,mb,"19 km SSE of La Huaca, Peru"
us6000f3sw,2021-08-10 06:54:44.071000+00:00,-80.6131,-0.0538,11.49,4.3,mb,"63 km NNW of Bahía de Caráquez, Ecuador"
us6000f5t9,2021-08-13 18:59:37.512000+00:00,-81.0419,-1.5799,10.0,4.7,mb,"57 km WSW of Jipijapa, Ecuador"
us6000f5tm,2021-08-13 19:03:52.739000+00:00,-80.9299,-1.5106,39.55,5.1,mww,"42 km WSW of Jipijapa, Ecuador"
us6000f6ge,2021-08-15 05:40:02.588000+00:00,-77.0504,-3.6911,96.44,5.4,mww,"72 km WSW of Alianza Cristiana, Peru"
us6000f6ux,2021-08-16 06:50:04.368000+00:00,-80.6521,-4.9599,62.99,4.6,mb,"7 km SSE of Sullana, Peru"
us6000f7mz,2021-08-17 18:59:39.576000+00:00,-80.4082,-4.8526,73.56,4.5,mb,"10 km NW of Tambo Grande, Peru"
us7000f64y,2021-08-31 09:11:10.370000+00:00,-78.1119,-3.1664,89.15,4.6,mb,"58 km ENE of Gualaquiza, Ecuador"
us7000f709,2021-09-02 08:42:17.756000+00:00,-76.2711,-3.8445,103.74,4.9,mww,"44 km SSE of Alianza Cristiana, Peru"
us7000fcnd,2021-09-19 12:23:19.404000+00:00,-77.9396,-3.1635,36.02,4.6,mb,"76 km ENE of Gualaquiza, Ecuador"
us6000fsj9,2021-10-07 05:59:08.067000+00:00,-78.7491,-2.4607,87.35,4.3,mb,"23 km ENE of Cañar, Ecuador"
us6000ftvg,2021-10-12 00:33:46.781000+00:00,-80.3355,0.3629,41.19,4.4,mb,"44 km SW of Muisne, Ecuador"
us7000fpxh,2021-10-29 21:43:50.050000+00:00,-76.6147,2.1847,24.01,4.3,mwr,"7 km S of Paispamba, Colombia"
us7000fqni,2021-11-02 00:02:58.914000+00:00,-76.3517,-3.0565,10.0,4.5,mb,"47 km N of Alianza Cristiana, Peru"
us7000frle,2021-11-05 04:13:49.802000+00:00,-78.9939,2.1522,24.44,4.5,mb,"39 km WNW of Salahonda, Colombia"
us7000fuzu,2021-11-18 04:13:29.919000+00:00,-79.1512,0.6621,58.67,4.5,mb,"51 km NE of Rosa Zarate, Ecuador"
us7000fvu1,2021-11-20 22:06:41.068000+00:00,-80.0795,-1.9136,69.63,4.7,mb,"3 km S of Lomas de Sargentillo, Ecuador"
us7000fx9i,2021-11-22 15:13:37.635000+00:00,-80.5572,-3.2245,47.18,4.4,mb,"39 km NNW of Tumbes, Peru"
us7000fwgk,2021-11-23 16:03:23.669000+00:00,-78.356,-0.1754,4.52,4.9,mb,"3 km NW of Oyambarillo, Ecuador"
us7000fxq2,2021-11-28 10:52:14.579000+00:00,-76.8126,-4.4667,126.0,7.5,mww,"43 km NNW of Barranca, Peru"
us6000g9ew,2021-12-06 06:30:48.660000+00:00,-77.1961,-2.7621,10.0,5.1,mb,"113 km ESE of Macas, Ecuador"
us6000g9yv,2021-12-07 06:56:50.536000+00:00,-77.764,-1.4616,172.5,4.2,mb,"26 km E of Puyo, Ecuador"
us6000gbvm,2021-12-13 13:28:45.519000+00:00,-75.7891,-4.3694,98.98,4.5,mb,northern Peru
us6000gd5i,2021-12-14 16:52:09.965000+00:00,-75.0393,-3.5394,10.0,4.4,mb,"155 km E of Alianza Cristiana, Peru"
us6000gdk5,2021-12-19 08:32:25.987000+00:00,-77.7356,-4.7063,73.0,4.1,mb,"115 km N of Yambrasbamba, Peru"
us6000ge1w,2021-12-20 07:51:31.970000+00:00,-79.9684,-2.7947,62.65,4.1,mb,"21 km NW of Baláo, Ecuador"
us6000gfxf,2021-12-28 20:22:22.422000+00:00,-77.9027,-1.0513,34.05,4.6,mb,"11 km WSW of Tena, Ecuador"
us7000gaze,2021-12-31 17:54:19.796000+00:00,-80.2221,-3.9402,67.77,4.1,mb,"28 km S of Matapalo, Peru"
us7000gbcy,2022-01-01 17:04:54.282000+00:00,-80.9098,-5.0183,21.62,4.3,mb,"13 km SSE of La Huaca, Peru"
us7000gaus,2022-01-11 08:28:25.524000+00:00,-78.9499,2.2295,24.56,4.4,mb,"38 km WNW of Salahonda, Colombia"
us7000gd0q,2022-01-18 21:56:50.349000+00:00,-78.7454,-2.6364,78.43,4.2,mb,"16 km NE of Azogues, Ecuador"
us7000ghk4,2022-02-03 07:02:28.747000+00:00,-79.5827,-3.8646,70.64,4.0,mb,"16 km SSE of Portovelo, Ecuador"
us7000ghm5,2022-02-03 15:58:57.367000+00:00,-76.9283,-4.4661,110.0,6.5,mww,"49 km NW of Barranca, Peru"
us7000girm,2022-02-07 04:02:01.833000+00:00,-77.1643,-2.3826,133.51,4.1,mb,"105 km E of Macas, Ecuador"
us7000gln0,2022-02-17 16:24:42.535000+00:00,-78.0537,-1.5803,168.52,4.5,mb,"12 km SSW of Puyo, Ecuador"
us6000h02f,2022-02-21 16:40:33.176000+00:00,-77.3583,-2.2341,152.93,4.3,mb,"84 km E of Macas, Ecuador"
us6000h45x,2022-03-13 10:51:03.577000+00:00,-78.17,-1.9892,12.11,4.6,mb,"35 km N of Macas, Ecuador"
us6000h5bx,2022-03-17 08:11:27.242000+00:00,-78.0366,-1.6307,163.43,4.2,mb,"11 km NW of Palora, Ecuador"
us7000gxlu,2022-03-27 04:28:12.421000+00:00,-79.6109,0.9038,19.0,5.8,mww,"7 km SE of Esmeraldas, Ecuador"
us7000gxm3,2022-03-27 05:53:07.155000+00:00,-79.6219,0.8462,35.14,5.2,mww,"12 km SSE of Esmeraldas, Ecuador"
us7000gxqu,2022-03-27 20:17:07.324000+00:00,-79.552,0.9583,21.81,5.2,mww,"11 km E of Esmeraldas, Ecuador"
us7000gxqx,2022-03-27 20:51:15.360000+00:00,-79.654,0.8476,38.81,4.9,mb,"12 km S of Esmeraldas, Ecuador"
us7000gzeg,2022-04-03 17:29:31.016000+00:00,-76.9158,-4.4845,111.24,4.5,mb,"46 km NW of Barranca, Peru"
us7000gzky,2022-04-04 14:18:20.651000+00:00,-79.1884,-2.3328,112.19,4.5,mb,"19 km ENE of La Troncal, Ecuador"
us7000h2su,2022-04-16 13:37:38.359000+00:00,-78.361,-0.1683,10.0,4.2,mb,"4 km NW of Oyambarillo, Ecuador"
us7000h3ef,2022-04-19 19:32:27.438000+00:00,-75.8536,1.8566,28.88,4.6,mb,"7 km NE of Acevedo, Colombia"
us7000h3hf,2022-04-20 05:38:47.987000+00:00,-77.7702,-1.6448,183.59,4.2,mb,"22 km ENE of Palora, Ecuador"
us6000hfse,2022-04-23 04:39:34.186000+00:00,-76.7434,-5.0892,117.46,4.2,mb,"29 km SSW of Barranca, Peru"
us7000h5w1,2022-04-29 18:49:51.840000+00:00,-79.5186,-2.7513,56.49,4.8,mb,"14 km SE of Naranjal, Ecuador"
us7000hekd,2022-06-03 06:24:56.012000+00:00,-81.0444,-2.0507,10.0,5.2,mww,"20 km NNW of Salinas, Ecuador"
us7000hgbm,2022-06-09 22:12:11.026000+00:00,-79.132,-2.8532,76.26,4.4,mb,"15 km WNW of Cuenca, Ecuador"
us7000hgha,2022-06-10 13:28:12.373000+00:00,-80.6282,-0.6608,39.62,4.4,mb,"23 km WSW of Bahía de Caráquez, Ecuador"
us7000hgui,2022-06-12 02:37:44.708000+00:00,-78.1108,-0.6922,10.0,4.5,mb,"41 km NW of Archidona, Ecuador"
us7000hgvq,2022-06-12 07:05:50.196000+00:00,-77.9074,0.8231,14.264,4.0,mb,"16 km SW of Cumbal, Colombia"
us7000hhps,2022-06-16 02:43:54.884000+00:00,-77.4292,-0.4854,10.75,4.4,mb,"39 km NW of Boca Suno, Ecuador"
us7000hj70,2022-06-22 04:50:21.838000+00:00,-77.9174,0.6776,4.85,4.8,mb,"6 km NNE of El Ángel, Ecuador"
us7000hk7c,2022-06-25 16:11:25.078000+00:00,-78.4254,-4.856,10.0,4.8,mb,"71 km ENE of San Ignacio, Peru"
us7000hkci,2022-06-26 09:27:56.652000+00:00,-80.542,-4.92,68.33,4.1,mb,"10 km SE of Huangala, Peru"
us7000hl2z,2022-06-29 13:53:13.368000+00:00,-79.4237,-2.4664,77.339,4.6,mb,"10 km WSW of La Troncal, Ecuador"
us6000i0l2,2022-07-03 08:59:48.013000+00:00,-79.5531,2.1113,10.0,4.4,mb,"91 km WNW of Tumaco, Colombia"
us6000i2j3,2022-07-14 22:30:11.448000+00:00,-79.7903,-2.0369,73.0,5.7,mww,"11 km SW of Samborondón, Ecuador"
us6000i358,2022-07-17 00:53:36.099000+00:00,-78.2034,-1.6236,157.814,4.5,mb,"27 km SW of Puyo, Ecuador"
us7000hs1v,2022-07-20 07:10:22.060000+00:00,-78.4097,-1.9425,138.206,4.6,mb,"39 km SE of Riobamba, Ecuador"
us7000hslt,2022-07-22 07:57:33.822000+00:00,-80.3564,-0.9643,49.01,4.9,mb,"11 km ESE of Rocafuerte, Ecuador"
us7000hsly,2022-07-22 08:39:09.423000+00:00,-80.4004,-0.9744,48.437,4.5,mb,"7 km SE of Rocafuerte, Ecuador"
us7000htbb,2022-07-25 13:33:28.666000+00:00,-77.8293,0.676,2.544,5.7,mww,"9 km N of San Gabriel, Ecuador"
us7000htic,2022-07-26 10:24:26.805000+00:00,-77.9387,0.5893,10.0,4.4,mb,"3 km S of El Ángel, Ecuador"
us6000i72s,2022-08-01 01:38:56.718000+00:00,-79.3197,0.1631,10.0,4.1,mb,"25 km SE of Rosa Zarate, Ecuador"
us6000i7pr,2022-08-03 08:13:18.758000+00:00,-80.1753,-2.7786,50.246,4.4,mb,"28 km SE of Playas, Ecuador"
us6000ic4n,2022-08-10 11:24:33.717000+00:00,-76.1331,-4.5897,122.629,4.3,mb,"65 km ENE of Barranca, Peru"
us6000ia2z,2022-08-12 00:19:45.971000+00:00,-80.6168,-3.3998,43.108,4.6,mb,Peru-Ecuador border region
us6000ia6a,2022-08-12 08:35:22.134000+00:00,-80.8143,-0.2204,10.0,4.3,mb,"60 km NW of Bahía de Caráquez, Ecuador"
us6000ia6c,2022-08-12 08:47:57.885000+00:00,-80.6553,-0.3107,10.0,4.4,mb,"40 km NW of Bahía de Caráquez, Ecuador"
us6000iah2,2022-08-13 07:06:08.228000+00:00,-80.6884,-0.1957,16.437,4.8,mb,"53 km NNW of Bahía de Caráquez, Ecuador"
us6000ibis,2022-08-17 07:09:20.410000+00:00,-80.8382,-0.4227,10.0,4.6,mb,"50 km WNW of Bahía de Caráquez, Ecuador"
us6000ibnk,2022-08-17 17:50:43.302000+00:00,-80.7807,-0.3596,10.0,4.5,mb,"47 km WNW of Bahía de Caráquez, Ecuador"
us6000ibzn,2022-08-19 00:22:26.877000+00:00,-78.0212,0.711,10.0,4.6,mb,"13 km NW of El Ángel, Ecuador"
us6000icif,2022-08-21 10:28:01.017000+00:00,-80.6958,-0.2372,13.0,5.5,mww,"50 km NW of Bahía de Caráquez, Ecuador"
us6000icj1,2022-08-21 13:18:38.420000+00:00,-80.055,-0.91,56.312,4.6,mb,"14 km ESE of Calceta, Ecuador"
us7000i32d,2022-08-28 06:25:34.811000+00:00,-80.3621,-3.9616,49.773,4.0,mb,"32 km E of Cañaveral, Peru"
us7000i3dc,2022-08-29 14:51:20.627000+00:00,-80.8831,-0.2875,10.0,4.1,mb,"61 km NW of Bahía de Caráquez, Ecuador"
us7000i3k4,2022-08-30 00:23:41.639000+00:00,-80.227,-0.7536,42.477,4.4,mb,"3 km NNE of Tosagua, Ecuador"
us7000i575,2022-09-04 20:52:04.783000+00:00,-79.928,-4.6676,42.442,4.5,mb,"13 km NNE of Sapillica, Peru"
us7000i5rk,2022-09-06 17:02:45.424000+00:00,-77.925,-1.7724,168.282,4.1,mb,"9 km SSE of Palora, Ecuador"
us7000i5x1,2022-09-07 04:21:16.947000+00:00,-80.3309,0.3258,27.426,4.2,mb,"41 km NW of Pedernales, Ecuador"
us7000i7ae,2022-09-12 04:30:03.413000+00:00,-81.2075,-0.7088,10.0,4.1,mwr,"61 km WNW of Manta, Ecuador"
us7000iam8,2022-09-23 23:44:41.750000+00:00,-80.7245,-2.1042,32.14,4.3,mb,"20 km NE of Santa Elena, Ecuador"
us6000iny1,2022-09-28 09:53:12.116000+00:00,-77.0086,-3.1211,57.812,4.4,mb,"74 km WNW of Alianza Cristiana, Peru"
us6000ipgb,2022-09-29 23:02:43.203000+00:00,-77.3626,0.1423,15.702,4.9,mb,"52 km W of Nueva Loja, Ecuador"
us6000iqes,2022-10-03 13:14:54.392000+00:00,-80.3428,-2.9509,47.005,4.4,mb,"35 km S of Playas, Ecuador"
us6000iqmd,2022-10-04 05:13:54.668000+00:00,-77.2764,1.808,128.35,4.8,mb,"9 km NE of El Rosario, Colombia"
us6000ir0b,2022-10-05 08:26:19.474000+00:00,-80.5995,-4.8548,35.0,5.8,mww,"1 km S of Huangala, Peru"
us6000irkf,2022-10-06 15:56:47.958000+00:00,-78.0757,-1.9239,160.383,4.3,mb,"27 km SSW of Palora, Ecuador"
us6000irvl,2022-10-07 14:55:16.693000+00:00,-81.0246,-0.5854,10.0,4.3,mb,"54 km NW of Manta, Ecuador"
us6000itvu,2022-10-15 05:23:11.862000+00:00,-80.8095,-3.907,50.494,4.5,mb,Peru-Ecuador border region
us6000itwi,2022-10-15 07:39:53.073000+00:00,-79.9025,-2.2212,72.292,4.7,mb,"3 km SSW of Guayaquil, Ecuador"
us6000iuua,2022-10-19 13:34:24.220000+00:00,-79.6636,-2.2165,83.687,4.2,mb,"11 km SW of Milagro, Ecuador"
us6000iuys,2022-10-19 21:55:23.984000+00:00,-77.6628,-1.6438,181.838,4.6,mb,"34 km E of Palora, Ecuador"
us6000ivuj,2022-10-23 00:39:08.102000+00:00,-78.9969,1.8089,47.031,4.3,mb,"22 km W of Tumaco, Colombia"
us7000iker,2022-10-26 03:06:13.342000+00:00,-80.5835,-4.7937,59.377,4.4,mb,"5 km NNE of Huangala, Peru"
us7000ikg9,2022-10-26 09:45:22.100000+00:00,-80.7856,-4.0126,42.031,4.5,mb,Peru-Ecuador border region
us7000il2n,2022-10-28 23:19:59.619000+00:00,-76.2845,-3.7733,108.034,4.6,mb,"36 km SSE of Alianza Cristiana, Peru"
us7000ilgs,2022-10-31 13:22:44.105000+00:00,-76.2393,-2.4103,149.348,5.6,mww,"119 km N of Alianza Cristiana, Peru"
us7000ilwy,2022-11-02 05:06:43.780000+00:00,-76.2688,-2.428,149.645,4.6,mb,"117 km N of Alianza Cristiana, Peru"
us7000im3c,2022-11-03 01:14:25.645000+00:00,-80.8436,-5.3137,49.982,4.5,mb,"11 km NW of Tablazo Norte, Peru"
us7000in5l,2022-11-07 20:40:40.592000+00:00,-77.7544,-1.677,182.62,4.1,mb,Ecuador
us7000ine5,2022-11-09 01:15:10.413000+00:00,-80.5466,-4.2315,54.125,5.1,mww,"27 km SE of Papayal, Peru"
us7000iq2c,2022-11-16 05:55:22.496000+00:00,-77.6103,-1.5604,180.482,4.5,mb,"42 km ENE of Palora, Ecuador"
us7000iqb6,2022-11-17 04:19:50.414000+00:00,-78.0817,-1.9348,138.881,5.0,mww,"28 km SSW of Palora, Ecuador"
us7000is68,2022-11-24 19:36:48.776000+00:00,-80.5615,-1.1651,32.919,4.5,mb,near the coast of Ecuador
us6000j5y9,2022-12-01 06:52:28.422000+00:00,-80.1899,0.7774,10.0,4.2,mb,"26 km NW of Muisne, Ecuador"
us6000j6c2,2022-12-02 15:44:38.564000+00:00,-79.9285,0.4178,47.186,4.6,mb,"23 km SSE of Muisne, Ecuador"
us6000j82i,2022-12-09 03:24:34.351000+00:00,-79.7062,-0.6077,86.478,4.5,mb,"44 km ENE of Chone, Ecuador"
us6000j9ia,2022-12-11 21:00:06.723000+00:00,-80.5332,-4.8007,52.154,4.4,mb,"8 km ENE of Huangala, Peru"
us6000j8q6,2022-12-12 06:55:00.411000+00:00,-79.9071,-4.438,71.23,4.9,mb,"7 km SSE of Macará, Ecuador"
us6000j9z0,2022-12-17 09:46:31.195000+00:00,-79.3053,1.4701,12.73,5.3,mww,"43 km NW of Valdez, Ecuador"
us7000j0fb,2022-12-17 09:49:19.390000+00:00,-79.5846,1.4416,25.0,4.7,mb,near the coast of Ecuador
us6000ja0q,2022-12-17 15:57:56.151000+00:00,-79.3521,1.3493,43.987,4.5,mb,"42 km WNW of Valdez, Ecuador"
us6000ja7n,2022-12-19 00:57:04.674000+00:00,-76.9707,-3.4711,101.306,4.9,mww,"59 km W of Alianza Cristiana, Peru"
us6000jaar,2022-12-19 11:01:55.987000+00:00,-80.3295,-1.0179,35.0,4.4,mb,near the coast of Ecuador
us6000jab8,2022-12-19 12:26:23.993000+00:00,-80.3711,-0.9707,35.0,4.1,mb,"10 km ESE of Rocafuerte, Ecuador"
us6000jbeg,2022-12-24 05:49:10.511000+00:00,-77.482,-1.7136,181.664,4.1,mb,"53 km E of Palora, Ecuador"
us6000jbx4,2022-12-27 05:25:11.191000+00:00,-79.8896,-2.0806,73.782,4.2,mb,"11 km NNW of Eloy Alfaro, Ecuador"
us7000j3pb,2022-12-30 17:43:01.113000+00:00,-77.3878,-5.0236,123.83,4.3,mb,"81 km WSW of Barranca, Peru"
us7000j15l,2022-12-31 00:43:57.999000+00:00,-77.7617,-1.7451,182.543,4.3,mb,"23 km ESE of Palora, Ecuador"
us7000j2in,2023-01-06 12:33:17.462000+00:00,-81.7315,-4.0222,8.451,4.4,mb,"63 km WNW of El Alto, Peru"
us7000j4jw,2023-01-15 17:59:19.869000+00:00,-77.3987,0.7556,9.7,4.3,mb,"17 km SE of Córdoba, Colombia"
us6000jj5e,2023-01-16 21:04:16.684000+00:00,-77.7717,-2.1417,152.782,4.0,mb,Peru-Ecuador border region
us7000j5dh,2023-01-18 23:43:32.344000+00:00,-78.0794,-1.7012,158.386,4.3,mb,"12 km W of Palora, Ecuador"
us6000jj3z,2023-01-25 09:11:39.920000+00:00,-80.7345,-3.4777,39.801,4.3,mb,"23 km NNW of Zorritos, Peru"
us6000jjb9,2023-01-26 03:16:21.968000+00:00,-79.9976,-1.9602,76.274,4.6,mb,"4 km SW of El Triunfo, Ecuador"
us6000jjbm,2023-01-26 04:29:44.012000+00:00,-77.4686,-0.1313,10.0,4.4,mb,Ecuador
us6000jjzg,2023-01-28 11:58:29.831000+00:00,-80.4779,-3.7762,61.631,4.5,mb,"23 km S of Tumbes, Peru"
us6000jkn6,2023-02-01 02:54:27.922000+00:00,-79.6826,-3.6451,10.0,4.3,mb,"3 km N of Piñas, Ecuador"
us6000jkpi,2023-02-01 08:58:27.869000+00:00,-78.0035,-1.8098,159.108,4.4,mb,"12 km SSW of Palora, Ecuador"
us6000jkue,2023-02-01 21:14:57.755000+00:00,-81.428,-1.9108,22.807,5.1,mww,"62 km WNW of Salinas, Ecuador"
us6000jq0w,2023-02-19 01:48:38.285000+00:00,-80.8114,-1.1134,10.0,4.3,mb,"18 km WSW of Montecristi, Ecuador"
us7000ji24,2023-03-08 04:24:57.841000+00:00,-80.1644,0.5931,29.058,4.4,mb,"16 km W of Muisne, Ecuador"
us7000jjgg,2023-03-13 03:11:49.705000+00:00,-76.5998,-3.8227,111.925,4.6,mb,"42 km SSW of Alianza Cristiana, Peru"
us7000jkyh,2023-03-17 19:19:23.934000+00:00,-80.651,-0.1877,18.564,4.3,mb,"51 km NNW of Bah?a de Car?quez, Ecuador"
us7000jl3s,2023-03-18 17:12:52.481000+00:00,-79.8518,-2.7834,68.0,6.8,mww,"14 km NNW of Baláo, Ecuador"
us6000k1hb,2023-04-02 12:32:42.774000+00:00,-77.6591,-1.6175,177.187,4.5,mb,Ecuador
us6000k1xe,2023-04-04 13:35:24.352000+00:00,-75.7336,-3.1276,133.059,4.8,mb,"86 km ENE of Alianza Cristiana, Peru"
us6000k24y,2023-04-05 11:25:03.931000+00:00,-75.5598,-4.5409,11.162,4.6,mb,northern Peru
us6000k3gz,2023-04-11 10:38:20.367000+00:00,-81.0133,-3.6899,10.0,4.4,mb,"37 km W of Zorritos, Peru"
us6000k4lx,2023-04-15 03:50:57.952000+00:00,-79.0054,2.2187,10.0,4.6,mb,"43 km WNW of Salahonda, Colombia"
us6000k68a,2023-04-21 23:10:40.876000+00:00,-77.3303,-5.0803,37.683,5.0,mww,northern Peru
us7000jvqd,2023-04-25 05:36:00.112000+00:00,-79.8374,-2.8231,68.886,5.2,mww,"10 km NNW of Baláo, Ecuador"
us7000jvxx,2023-04-26 03:16:18.670000+00:00,-77.8395,0.764,10.0,4.4,mwr,"14 km WSW of Tulcán, Ecuador"
us7000jx3g,2023-04-30 03:33:52.995000+00:00,-80.9211,-5.0489,32.689,4.4,mb,"15 km SSE of La Huaca, Peru"
us6000kaam,2023-05-08 00:51:55.882000+00:00,-78.9272,-2.7506,90.32,5.2,mww,"8 km W of Azogues, Ecuador"
us6000kbbv,2023-05-12 06:06:16.158000+00:00,-77.9505,0.7544,10.0,4.5,mb,Colombia-Ecuador border region
us6000kbqc,2023-05-13 18:59:37.367000+00:00,-80.4564,-1.5139,49.223,4.5,mb,"5 km NW of Paján, Ecuador"
us6000kd0r,2023-05-19 03:00:22.231000+00:00,-79.8025,-5.482,101.047,4.1,mb,"24 km WSW of Canchaque, Peru"
us6000kdkj,2023-05-21 07:44:39.139000+00:00,-80.0599,-2.717,54.961,4.5,mb,"34 km NW of Baláo, Ecuador"
us6000kdqa,2023-05-21 18:39:37.665000+00:00,-77.4579,0.1212,12.026,4.3,mb,"61 km ESE of Pimampiro, Ecuador"
us7000k984,2023-06-17 16:17:48.052000+00:00,-81.9976,-4.369,10.0,4.7,mb,"83 km WNW of Talara, Peru"
us7000k9bu,2023-06-18 09:10:28.964000+00:00,-77.5799,-0.6767,26.6,5.1,mww,"36 km NE of Archidona, Ecuador"
us6000knee,2023-06-27 14:07:27.441000+00:00,-79.9871,0.5974,35.0,5.0,mww,"3 km ESE of Muisne, Ecuador"
us7000kerd,2023-07-10 23:46:35.711000+00:00,-80.7007,-4.8978,53.254,4.5,mb,"1 km WNW of Sullana, Peru"
us7000kg5n,2023-07-15 18:29:21.681000+00:00,-78.3751,-0.1762,12.946,4.5,mb,"5 km WNW of Oyambarillo, Ecuador"
us7000khun,2023-07-23 19:24:26.254000+00:00,-79.9724,-3.3398,53.378,4.4,mb,"8 km SSE of Puerto Bolívar, Ecuador"
us7000khw2,2023-07-24 01:47:57.121000+00:00,-79.4858,1.2765,35.0,4.0,mb,"39 km NNE of Esmeraldas, Ecuador"
us6000kvk8,2023-07-26 01:24:42.709000+00:00,-79.2191,-0.8996,107.934,4.1,mb,"4 km N of La Maná, Ecuador"
us6000kw1l,2023-07-28 01:38:25.207000+00:00,-78.0476,-1.9055,140.531,4.8,mb,"24 km SSW of Palora, Ecuador"
us6000kxye,2023-08-04 20:17:33.280000+00:00,-80.9532,-3.9008,29.419,4.8,mwr,"25 km NNE of Máncora, Peru"
us6000kzlz,2023-08-12 21:52:12.274000+00:00,-75.72,-3.1805,130.191,4.4,mb,"85 km ENE of Alianza Cristiana, Peru"
us6000kzu5,2023-08-14 10:59:51.500000+00:00,-76.7324,-2.3176,148.63,4.5,mb,"132 km NNW of Alianza Cristiana, Peru"
us7000kpkv,2023-08-20 07:29:00.170000+00:00,-77.7625,-3.7461,9.28,4.4,mb,"98 km ESE of Gualaquiza, Ecuador"
us7000kpsv,2023-08-21 04:48:59.875000+00:00,-77.1014,-1.9542,165.489,4.2,mb,"100 km ESE of Palora, Ecuador"
us7000kpt4,2023-08-21 05:24:12.006000+00:00,-79.9653,-3.1989,40.35,5.4,mww,"6 km N of Machala, Ecuador"
us7000kq78,2023-08-22 21:13:15.701000+00:00,-81.7522,-5.3188,10.0,4.6,mb,"75 km WSW of Paita, Peru"
us7000krz9,2023-08-29 21:31:30.557000+00:00,-80.3221,-0.4475,40.091,4.6,mb,"20 km NE of Bahía de Caráquez, Ecuador"
us7000ksb3,2023-08-31 09:38:11.868000+00:00,-77.6831,-1.4705,183.826,4.6,mb,"35 km E of Puyo, Ecuador"
us7000ku7n,2023-09-03 21:08:18.680000+00:00,-78.2723,-1.7049,142.752,4.3,mb,"34 km W of Palora, Ecuador"
us7000kuel,2023-09-08 20:45:50.752000+00:00,-78.0652,-1.6136,159.557,4.4,mb,"14 km NW of Palora, Ecuador"
us7000kvnw,2023-09-14 09:01:40.995000+00:00,-80.0276,-2.4387,67.826,4.3,mb,"28 km S of Santa Lucía, Ecuador"
us7000kwxd,2023-09-15 07:13:53.516000+00:00,-77.6645,-3.1087,10.113,4.4,mb,"91 km SE of Sucúa, Ecuador"
us7000kxdw,2023-09-18 22:33:46.364000+00:00,-80.9141,-4.9012,10.0,4.2,mb,Peru-Ecuador border region
us6000layf,2023-09-26 19:25:02.218000+00:00,-79.1733,1.1728,48.268,4.5,mb,"22 km WSW of Valdez, Ecuador"
us6000lbba,2023-09-28 06:28:04.193000+00:00,-78.8118,1.2324,53.309,4.1,mb,"6 km SSE of San Lorenzo de Esmeraldas, Ecuador"
us6000ld9m,2023-10-05 20:55:06.784000+00:00,-77.9134,0.6912,10.0,4.8,mwr,"8 km NNE of El Ángel, Ecuador"
us6000le97,2023-10-09 14:29:05.778000+00:00,-79.1892,-0.9149,104.575,4.1,mb,"4 km NE of La Maná, Ecuador"
us6000lfa8,2023-10-13 04:00:14.342000+00:00,-79.094,-2.9014,85.441,4.5,mb,"9 km W of Cuenca, Ecuador"
us7000l93t,2023-11-06 05:18:37.567000+00:00,-76.7297,-4.0832,10.0,4.1,mb,"74 km SSW of Alianza Cristiana, Peru"
us7000l99x,2023-11-07 03:33:46.457000+00:00,-79.2503,-0.9016,25.049,5.0,mww,"5 km NNW of La Maná, Ecuador"
us7000lagc,2023-11-12 08:26:50.690000+00:00,-80.6013,-2.5189,37.932,4.5,mb,"26 km WNW of Playas, Ecuador"
us6000lprv,2023-11-15 12:20:41.563000+00:00,-79.4749,-2.4599,21.974,4.5,mb,"15 km WSW of La Troncal, Ecuador"
us6000lpa5,2023-11-18 06:35:49.868000+00:00,-77.7529,-1.2383,189.021,4.7,mb,"27 km SSE of Tena, Ecuador"
us6000lq4i,2023-11-22 17:45:03.578000+00:00,-77.1393,-2.2421,12.773,4.7,mb,"108 km E of Macas, Ecuador"
us6000lqpg,2023-11-25 12:59:52.776000+00:00,-77.281,-2.0798,155.521,5.1,mww,"86 km ESE of Palora, Ecuador"
us7000leb0,2023-11-28 12:42:48.892000+00:00,-77.0449,-2.2069,131.34,4.3,mb,"116 km ESE of Palora, Ecuador"
us7000li20,2023-12-11 07:36:33.539000+00:00,-77.5751,0.9582,95.262,4.6,mb,"4 km NNW of Gualmatán, Colombia"
us6000m09z,2023-12-28 22:44:58.620000+00:00,-78.0928,-1.7562,164.91,4.2,mb,"15 km WSW of Palora, Ecuador"
us6000m24p,2024-01-06 01:03:31.563000+00:00,-81.0475,-1.3156,10.0,4.5,mb,"52 km W of Jipijapa, Ecuador"
us6000m26z,2024-01-06 11:51:34.489000+00:00,-79.7851,-2.2219,83.278,4.4,mb,"9 km ESE of Eloy Alfaro, Ecuador"
us6000m2g7,2024-01-08 12:59:52.208000+00:00,-81.9572,-2.4091,10.0,4.6,mb,"113 km W of Salinas, Ecuador"
us6000m2g9,2024-01-08 13:06:56.285000+00:00,-81.8388,-2.5314,10.0,4.6,mb,"104 km WSW of Salinas, Ecuador"
us7000ltcs,2024-01-24 01:42:11.505000+00:00,-77.6843,-3.1744,10.0,4.5,mb,"95 km SE of Sucúa, Ecuador"
us7000luh6,2024-01-28 05:19:05.061000+00:00,-80.3235,-3.8201,35.382,4.4,mb,"20 km SW of Matapalo, Peru"
us7000lxnx,2024-02-08 02:36:12.771000+00:00,-78.9339,1.2167,77.318,4.4,mb,"6 km ESE of Valdez, Ecuador"
us7000lxy9,2024-02-09 08:44:16.531000+00:00,-80.9261,-0.9735,10.0,4.4,mb,"23 km W of Manta, Ecuador"
us7000lzcf,2024-02-15 06:45:34.125000+00:00,-77.6488,-1.7319,166.527,4.8,mb,"35 km E of Palora, Ecuador"
us7000lzqj,2024-02-16 19:02:32.417000+00:00,-80.7707,-2.0009,32.311,4.2,mb,"26 km NNE of Santa Elena, Ecuador"
us7000m1dh,2024-02-24 19:12:56.851000+00:00,-81.1548,-0.9392,10.0,4.6,mb,"49 km W of Manta, Ecuador"
us7000m1gh,2024-02-25 07:27:03.237000+00:00,-80.0034,0.1948,24.429,4.6,mwr,"14 km NNE of Pedernales, Ecuador"
us6000mjsn,2024-03-13 08:26:38.917000+00:00,-81.1198,-0.6921,10.0,4.5,mb,"54 km WNW of Manta, Ecuador"
us6000mjsq,2024-03-13 09:23:35.007000+00:00,-77.5175,-3.5036,10.582,4.3,mb,"118 km E of Gualaquiza, Ecuador"
us6000mjeb,2024-03-17 05:56:41.034000+00:00,-77.1613,-5.3197,9.925,4.5,mb,"75 km N of Segunda Jerusalén - Azunguillo, Peru"
us6000mkhw,2024-03-18 23:40:53.426000+00:00,-75.829,-4.7954,120.219,4.3,mb,"50 km NNW of Lagunas, Peru"
us7000m9de,2024-03-26 12:30:46.162000+00:00,-81.7108,-3.5916,10.0,4.1,mb,"92 km NW of El Alto, Peru"
us7000m8wi,2024-03-30 08:56:17.434000+00:00,-80.9371,-3.7337,25.594,4.3,mb,"29 km WSW of Zorritos, Peru"
us7000mcvw,2024-04-09 03:07:04.680000+00:00,-80.9823,-3.8582,35.0,4.5,mb,"28 km NNE of Máncora, Peru"
us7000mbbj,2024-04-11 04:20:38.804000+00:00,-80.0909,-1.9647,65.893,4.1,mwr,"9 km S of Lomas de Sargentillo, Ecuador"
us7000mc1b,2024-04-14 10:58:42.151000+00:00,-80.9147,-1.5879,19.142,4.5,mb,"45 km SW of Jipijapa, Ecuador"
us7000mdqs,2024-04-21 23:22:32.776000+00:00,-81.9309,-3.4452,10.0,4.6,mb,"120 km NW of El Alto, Peru"
us6000mw9l,2024-05-04 04:00:32.314000+00:00,-76.5756,-4.5459,114.242,4.9,mb,"33 km NNE of Barranca, Peru"
us6000mwfa,2024-05-05 06:11:07.336000+00:00,-76.027,2.0194,12.009,4.4,mb,"3 km NNE of Saladoblanco, Colombia"
us6000mwpy,2024-05-06 15:17:03.966000+00:00,-77.5722,0.4474,4.838,4.9,mww,"32 km ESE of San Gabriel, Ecuador"
us6000mwq2,2024-05-06 15:32:31.412000+00:00,-77.5688,0.4825,8.031,4.8,mww,"31 km ESE of San Gabriel, Ecuador"
us6000mx3a,2024-05-07 22:22:47.616000+00:00,-81.9917,-4.4386,10.0,4.4,mb,"81 km W of Talara, Peru"
us6000myff,2024-05-14 03:00:35.837000+00:00,-77.6581,-4.6609,10.0,4.5,mb,"110 km W of Barranca, Peru"
us6000myjz,2024-05-14 16:39:55.019000+00:00,-77.8395,-2.8696,30.205,4.4,mb,"58 km SE of Sucúa, Ecuador"
us6000mzyb,2024-05-21 02:43:10.935000+00:00,-79.6819,-3.7141,84.173,5.1,mww,"3 km S of Piñas, Ecuador"
us7000msuc,2024-06-16 17:32:12.805000+00:00,-77.695,-1.9579,13.734,4.5,mb,"41 km SE of Palora, Ecuador"
us7000mt41,2024-06-18 02:22:10.098000+00:00,-76.671,-3.8928,106.228,5.5,mww,"53 km SSW of Alianza Cristiana, Peru"
us7000mt8i,2024-06-18 17:11:01.492000+00:00,-77.2246,-2.1885,144.004,4.6,mb,"98 km ESE of Palora, Ecuador"
us7000mths,2024-06-19 22:15:04.783000+00:00,-77.2879,-4.0785,117.775,4.2,mb,"107 km NW of Barranca, Peru"
us7000mtr3,2024-06-21 06:02:51.539000+00:00,-78.7579,-2.4551,98.435,4.4,mwr,"23 km ENE of Cañar, Ecuador"
us7000mxti,2024-07-01 05:27:51.380000+00:00,-78.2865,-0.1306,10.0,4.4,mb,"8 km NE of Oyambarillo, Ecuador"
us6000nafg,2024-07-05 07:06:59.484000+00:00,-81.6824,-0.7614,10.0,4.4,mb,"110 km WNW of Manta, Ecuador"
us7000n0qm,2024-07-21 23:56:22.172000+00:00,-78.6486,-4.8705,35.0,4.4,mb,"49 km NE of San Ignacio, Peru"
us6000nfje,2024-07-25 05:44:16.035000+00:00,-76.4987,-3.0689,117.89,4.7,mb,"45 km N of Alianza Cristiana, Peru"
us6000nggb,2024-07-28 06:04:34.479000+00:00,-80.0589,-2.7785,10.0,4.1,mb,"30 km WNW of Baláo, Ecuador"
us7000n7y1,2024-08-01 12:35:02.202000+00:00,-79.7656,2.2475,10.0,4.0,mb,"119 km WNW of Tumaco, Colombia"
us6000ni0h,2024-08-04 06:00:26.679000+00:00,-77.4333,-1.3059,197.728,4.2,mb,"54 km SE of Tena, Ecuador"
us6000ni0m,2024-08-04 06:57:04.532000+00:00,-78.6111,-3.7868,103.103,4.4,mb,"17 km ENE of Yantzaza, Ecuador"
us6000ni3u,2024-08-04 23:42:55+00:00,-77.531,-2.3806,39.929,4.4,mwr,"65 km E of Macas, Ecuador"
us6000npn5,2024-09-04 13:57:14.324000+00:00,-77.6956,-1.5846,184.843,4.4,mb,"32 km ENE of Palora, Ecuador"
us6000ntv6,2024-09-23 14:40:34.376000+00:00,-77.7983,-2.4687,120.537,4.2,mb,"39 km ESE of Macas, Ecuador"
us7000nhes,2024-10-01 09:07:36.362000+00:00,-80.8407,-2.6626,35.0,4.5,mwr,"48 km S of La Libertad, Ecuador"
us7000nhew,2024-10-01 09:17:15.591000+00:00,-80.895,-2.6694,35.0,4.6,mb,"48 km S of La Libertad, Ecuador"
us6000nwsi,2024-10-05 23:54:06.547000+00:00,-80.337,-1.9285,35.0,4.1,ml,"17 km SW of Pedro Carbo, Ecuador"
us6000nz6y,2024-10-16 22:04:48.380000+00:00,-79.7589,2.1028,10.0,4.7,mb,"112 km WNW of Tumaco, Colombia"
us7000nnjj,2024-10-28 01:22:44.080000+00:00,-79.4503,-2.377,88.15,4.4,mb,"13 km WNW of La Troncal, Ecuador"
us7000np04,2024-10-30 13:12:10.865000+00:00,-80.661,-0.6415,35.0,4.2,ml,"26 km W of Bahía de Caráquez, Ecuador"
us7000nqcu,2024-11-07 05:59:19.771000+00:00,-78.0185,-2.4513,113.059,4.2,mb,"17 km E of Sucúa, Ecuador"
us7000nqkx,2024-11-08 10:37:42.623000+00:00,-77.4738,-1.4492,190.812,5.1,mww,"58 km E of Puyo, Ecuador"
us7000nqyh,2024-11-10 06:44:27.665000+00:00,-75.4979,-4.1655,10.0,4.5,mb,"119 km N of Lagunas, Peru"
us6000p7cc,2024-11-24 00:56:04.636000+00:00,-78.2878,-2.3757,112.431,4.3,mb,"15 km NW of Sucúa, Ecuador"
us7000nvc6,2024-12-01 22:45:49.457000+00:00,-80.9853,-5.2019,35.0,4.3,mb,"18 km SE of Paita, Peru"
us7000nwcz,2024-12-05 23:14:13.612000+00:00,-80.5495,-1.4822,30.936,4.4,mb,"15 km SSE of Jipijapa, Ecuador"
us7000nyw6,2024-12-14 18:05:16.955000+00:00,-80.6605,-1.5331,40.045,4.4,mb,"22 km SSW of Jipijapa, Ecuador"
us6000pfdr,2024-12-23 23:00:52.184000+00:00,-77.9319,-1.6086,181.076,4.4,mb,"10 km NNE of Palora, Ecuador"
us6000pibx,2025-01-07 03:37:29.214000+00:00,-77.2282,-1.9216,161.491,4.7,mb,"85 km ESE of Palora, Ecuador"
us6000pj1z,2025-01-09 23:09:44.363000+00:00,-78.7949,-0.9953,10.0,4.0,mb,"11 km WSW of Pujilí, Ecuador"
us6000pjm2,2025-01-13 02:20:54.549000+00:00,-79.7517,-2.2781,90.55,5.0,mww,"16 km SE of Eloy Alfaro, Ecuador"
us6000pjxc,2025-01-14 15:52:33.789000+00:00,-78.0352,-1.784,150.095,4.2,mb,"12 km SW of Palora, Ecuador"
us7000pa4m,2025-01-21 11:29:45.534000+00:00,-80.2295,-2.6227,53.664,4.2,mb,"17 km E of Playas, Ecuador"
us7000pahy,2025-01-31 23:02:28.845000+00:00,-78.0956,-0.8609,8.0,5.5,mww,"32 km W of Archidona, Ecuador"
us7000pajt,2025-02-01 01:50:50.277000+00:00,-78.1352,-0.8465,10.0,4.3,mb,"37 km W of Archidona, Ecuador"
us7000palx,2025-02-01 11:05:50.660000+00:00,-78.1383,-0.8167,10.0,4.7,mwr,"38 km WNW of Archidona, Ecuador"
us7000pam3,2025-02-01 11:27:31.041000+00:00,-78.1318,-0.8286,10.0,4.5,mb,"37 km WNW of Archidona, Ecuador"
us7000pb6s,2025-02-04 07:45:13.544000+00:00,-79.9818,-3.644,70.943,4.6,mb,"21 km S of Santa Rosa, Ecuador"
us7000pbgl,2025-02-05 08:21:34.425000+00:00,-78.1268,-1.873,147.729,4.9,mb,"26 km SW of Palora, Ecuador"
us7000pd1e,2025-02-12 00:58:54.797000+00:00,-76.5761,-2.4221,139.658,4.1,mb,"117 km N of Alianza Cristiana, Peru"
us7000pe29,2025-02-16 04:49:35.297000+00:00,-80.8697,-3.7634,43.401,4.3,mb,"23 km WSW of Zorritos, Peru"
us7000pecc,2025-02-17 21:30:31.284000+00:00,-80.9834,-0.6894,10.0,4.0,mb,"42 km NW of Manta, Ecuador"
us7000pfdh,2025-02-22 01:06:51.034000+00:00,-80.7627,-3.9494,41.517,4.4,mb,"12 km W of Cañaveral, Peru"
us7000pfks,2025-02-23 07:25:17.202000+00:00,-77.5594,-1.1862,10.0,4.8,mwr,"35 km SE of Tena, Ecuador"
us6000pxlb,2025-03-08 05:37:41.913000+00:00,-77.5464,-1.3443,191.941,5.3,mww,"48 km SE of Tena, Ecuador"
us6000q6tf,2025-04-07 12:17:18.273000+00:00,-80.8657,-5.248,41.447,4.3,mb,"18 km NW of Tablazo Norte, Peru"
us6000q5um,2025-04-13 22:11:22.270000+00:00,-77.8491,-1.4197,161.905,4.4,mb,"18 km ENE of Puyo, Ecuador"
us6000q62p,2025-04-15 00:07:59.361000+00:00,-78.0334,-1.5667,161.451,4.0,mb,"9 km SSW of Puyo, Ecuador"
us6000q6cg,2025-04-16 00:07:04.050000+00:00,-80.8788,0.1429,10.0,4.4,mb,"92 km W of Pedernales, Ecuador"
us6000q75b,2025-04-19 02:20:17.032000+00:00,-77.6433,-3.4875,10.0,4.6,mb,"104 km E of Gualaquiza, Ecuador"
us7000pu39,2025-04-21 22:23:17.999000+00:00,-76.2563,-5.3915,10.0,4.8,mb,"58 km NNW of Yurimaguas, Peru"
us7000pv06,2025-04-25 11:44:52.634000+00:00,-79.5319,1.0835,18.0,6.3,mww,"19 km NE of Esmeraldas, Ecuador"
us7000pv5z,2025-04-26 02:40:24.350000+00:00,-79.0806,-5.2911,112.199,4.2,mb,"18 km SSW of San Ignacio, Peru"
us7000pwli,2025-05-02 15:06:53.791000+00:00,-77.2832,-3.6407,104.742,4.4,mb,"96 km W of Alianza Cristiana, Peru"
us7000pwwy,2025-05-03 14:50:14.676000+00:00,-77.9905,-0.628,1.702,4.5,mwr,"37 km NNW of Archidona, Ecuador"
us7000px81,2025-05-05 09:17:23.248000+00:00,-79.8935,-3.0415,63.412,4.1,mb,"16 km SSW of Baláo, Ecuador"
us7000pxkc,2025-05-06 20:33:39.240000+00:00,-77.8274,-1.8981,156.913,4.2,mb,"26 km SE of Palora, Ecuador"
us7000pxx7,2025-05-08 11:22:40.880000+00:00,-80.7011,-3.8399,45.0,5.4,mww,"12 km NNW of Cañaveral, Peru"
us7000pyez,2025-05-10 12:12:53.089000+00:00,-79.706,-2.5964,10.0,4.4,mwr,"12 km NW of Naranjal, Ecuador"
us7000pyg8,2025-05-10 18:02:26.606000+00:00,-77.6831,-1.6311,172.909,4.2,mb,"32 km ENE of Palora, Ecuador"
us7000pyhr,2025-05-11 01:29:58.305000+00:00,-80.8004,-3.9693,40.959,4.7,mb,"13 km NNW of Papayal, Peru"
us7000pyhv,2025-05-11 02:07:09.460000+00:00,-80.808,-3.9323,35.0,4.7,mb,"17 km W of Cañaveral, Peru"
us7000pyii,2025-05-11 05:16:48.782000+00:00,-80.9703,-3.986,26.134,4.6,mb,"15 km NNE of Máncora, Peru"
us7000q1rn,2025-05-27 11:29:36.194000+00:00,-77.8727,-1.444,164.528,4.4,mb,"15 km ENE of Puyo, Ecuador"
us6000qk7i,2025-06-14 03:31:36.618000+00:00,-80.8907,-1.2913,10.0,4.6,mb,"35 km W of Jipijapa, Ecuador"
us6000qkr0,2025-06-17 02:46:26.793000+00:00,-78.2111,-0.9126,10.0,5.0,mww,"44 km ENE of San Miguel de Salcedo, Ecuador"
us6000qkrr,2025-06-17 06:47:15.562000+00:00,-78.1101,-0.8783,4.899,4.2,mb,"33 km W of Archidona, Ecuador"
us6000ql5b,2025-06-19 01:06:23.890000+00:00,-78.1327,-0.8567,10.0,4.4,mb,"36 km W of Archidona, Ecuador"
us6000qli3,2025-06-20 19:58:33.019000+00:00,-76.2254,2.4911,35.053,4.4,mb,"18 km WSW of Inzá, Colombia"
us6000qlnk,2025-06-21 19:18:48.533000+00:00,-79.6742,-2.6158,49.966,5.2,mww,"8 km NW of Naranjal, Ecuador"
us7000q8a0,2025-06-23 21:36:29.929000+00:00,-80.9737,-1.511,10.0,4.0,ml,"47 km WSW of Jipijapa, Ecuador"
us7000q91v,2025-06-27 06:31:53.768000+00:00,-80.0324,-2.1982,61.56,4.7,mb,"3 km WSW of Santa Lucía, Ecuador"
us7000qbe7,2025-07-08 17:36:09.023000+00:00,-79.7091,0.8665,42.703,4.6,mb,"11 km SSW of Esmeraldas, Ecuador"
us7000qbyk,2025-07-11 04:12:36.938000+00:00,-75.5425,-3.0688,133.839,4.4,mb,"108 km ENE of Alianza Cristiana, Peru"
us7000qe4h,2025-07-20 21:06:32.639000+00:00,-79.3622,0.4719,57.913,4.4,mb,"20 km NE of Rosa Zarate, Ecuador"
us6000qvgc,2025-07-27 07:36:13.589000+00:00,-77.9864,-1.609,171.439,4.1,mb,"10 km NNW of Palora, Ecuador"
us6000qvm0,2025-07-28 12:34:01.516000+00:00,-79.8973,-3.5845,59.178,4.4,mb,"16 km SSE of Santa Rosa, Ecuador"
us6000r1kx,2025-08-16 10:47:02.299000+00:00,-78.3584,-0.589,10.0,4.6,mb,"24 km ESE of Machachi, Ecuador"
us6000r2by,2025-08-20 15:06:59.764000+00:00,-76.2677,-3.8222,112.687,4.9,mb,"42 km SSE of Alianza Cristiana, Peru"
us6000r3gp,2025-08-24 10:50:32.963000+00:00,-79.0147,-2.3844,94.391,4.8,mb,"21 km NNW of Cañar, Ecuador"
us7000qqvw,2025-08-25 18:10:57.293000+00:00,-79.9559,2.1354,10.0,4.9,mww,"134 km NNW of Esmeraldas, Ecuador"
us7000qqzi,2025-08-26 07:30:30.244000+00:00,-80.9351,-3.7474,25.8,4.4,mb,"29 km WSW of Zorritos, Peru"
us7000qr8m,2025-08-27 04:26:23.607000+00:00,-80.3547,-4.1365,52.124,4.2,mb,"39 km ESE of Cañaveral, Peru"
us7000qthm,2025-09-03 14:56:45.140000+00:00,-77.856,-1.5015,161.773,5.3,mww,"16 km E of Puyo, Ecuador"
us7000qu91,2025-09-05 17:42:32.285000+00:00,-81.0466,-1.821,3.061,5.4,mww,"44 km NNW of Salinas, Ecuador"
us7000qvej,2025-09-11 09:19:41.988000+00:00,-80.2418,-3.0498,52.291,4.2,mb,"36 km NW of Puerto Bolívar, Ecuador"
us7000qw1p,2025-09-13 21:18:36.570000+00:00,-81.0175,-1.8288,10.0,4.4,mb,"43 km N of Salinas, Ecuador"
us7000qw23,2025-09-13 23:59:55.076000+00:00,-81.1699,-1.732,10.0,4.8,mb,"58 km NNW of Salinas, Ecuador"
us7000qwff,2025-09-16 03:54:49.142000+00:00,-81.0281,-1.6625,10.0,4.7,mb,"60 km SW of Jipijapa, Ecuador"
us7000qx6e,2025-09-19 01:49:50.251000+00:00,-80.7338,-1.4,39.893,4.6,mb,"18 km WSW of Jipijapa, Ecuador"
us7000qxh4,2025-09-19 22:33:06.743000+00:00,-80.324,-0.5341,34.003,4.9,mb,"13 km ENE of Bahía de Caráquez, Ecuador"
us7000qxk0,2025-09-20 12:46:06.042000+00:00,-77.9048,-3.2878,99.569,4.0,mb,"76 km E of Gualaquiza, Ecuador"
us6000rcz1,2025-09-25 23:40:15.388000+00:00,-77.9383,-1.353,171.311,4.3,mb,"16 km NNE of Puyo, Ecuador"
us6000rd6t,2025-09-26 17:25:01.915000+00:00,-77.4063,-2.346,6.582,4.2,mb,"78 km E of Macas, Ecuador"
us6000riyc,2025-10-02 14:52:50.750000+00:00,-79.9972,0.5213,12.915,4.3,mb,"10 km SSE of Muisne, Ecuador"
us6000rf82,2025-10-07 01:27:59.527000+00:00,-80.281,-0.4711,38.23,4.4,mb,"21 km NE of Bahía de Caráquez, Ecuador"
us6000rgmu,2025-10-11 23:52:28.147000+00:00,-80.8889,-5.1691,43.081,4.4,mb,"24 km W of San Martin, Peru"
us6000rik7,2025-10-22 00:05:44.495000+00:00,-79.8408,-3.6137,77.13,5.5,mww,"19 km WNW of Piñas, Ecuador"
us6000rlcc,2025-11-04 07:14:14.875000+00:00,-76.5241,-4.0796,121.567,4.2,mb,"67 km S of Alianza Cristiana, Peru"
us6000rm0g,2025-11-06 23:11:15.301000+00:00,-77.6039,-1.2716,186.918,4.5,mb,"38 km SE of Tena, Ecuador"
us6000rnv4,2025-11-17 23:13:51.062000+00:00,-77.8568,-1.321,177.305,4.2,mb,"24 km NE of Puyo, Ecuador"
us7000rn73,2025-12-13 09:40:52.633000+00:00,-79.0621,-1.7801,10.0,4.0,mwr,"8 km SSW of San Miguel, Ecuador"
us6000ruuw,2025-12-14 20:23:42.032000+00:00,-78.0415,-1.7675,155.618,4.5,mb,"11 km SW of Palora, Ecuador"
us6000rv5p,2025-12-16 00:30:40.757000+00:00,-77.7537,-1.5529,181.434,4.1,mb,"28 km NE of Palora, Ecuador"
us6000rw3h,2025-12-19 21:59:54.472000+00:00,-77.9623,-0.7716,10.0,5.1,mww,"22 km NW of Archidona, Ecuador"
