perfil,semiancho_faja_m,distancia_m,n_ground,z_mediana_ground_m,z_p25_ground_m,z_p75_ground_m
P1,2.5,0.5,0,,,
P1,2.5,1.5,0,,,
P1,2.5,2.5,0,,,
P1,2.5,3.5,0,,,
P1,2.5,4.5,0,,,
P1,2.5,5.5,0,,,
P1,2.5,6.5,4,608.4199829101562,608.4199829101562,608.4199829101562
P1,2.5,7.5,3,610.8900146484375,610.885009765625,610.9150085449219
P1,2.5,8.5,10,610.7550048828125,610.6149749755859,610.9199829101562
P1,2.5,9.5,8,610.97998046875,610.9500122070312,610.9924926757812
P1,2.5,10.5,21,611.1300048828125,611.1099853515625,611.1900024414062
P1,2.5,11.5,14,611.3699951171875,611.33251953125,611.4149932861328
P1,2.5,12.5,11,611.510009765625,611.4149780273438,611.5250244140625
P1,2.5,13.5,24,610.7750244140625,610.510009765625,610.9850158691406
P1,2.5,14.5,1,,,
P1,2.5,15.5,0,,,
P1,2.5,16.5,3,610.9500122070312,610.9500122070312,610.9500122070312
P1,2.5,17.5,72,610.7550048828125,610.6574859619141,610.8724975585938
P1,2.5,18.5,95,610.739990234375,610.60498046875,610.9000244140625
P1,2.5,19.5,58,610.760009765625,610.6300048828125,610.8900146484375
P1,2.5,20.5,1,,,
P1,2.5,21.5,0,,,
P1,2.5,22.5,0,,,
P1,2.5,23.5,0,,,
P1,2.5,24.5,0,,,
P1,2.5,25.5,0,,,
P1,2.5,26.5,0,,,
P1,2.5,27.5,0,,,
P1,2.5,28.5,0,,,
P1,2.5,29.5,0,,,
P1,2.5,30.5,0,,,
P1,2.5,31.5,0,,,
P1,2.5,32.5,0,,,
P1,2.5,33.5,0,,,
P1,2.5,34.5,0,,,
P1,2.5,35.5,0,,,
P1,2.5,36.5,0,,,
P1,2.5,37.5,0,,,
P1,2.5,38.5,22,611.5549926757812,611.4525146484375,611.5875244140625
P1,2.5,39.5,9,611.510009765625,611.4400024414062,611.5499877929688
P1,2.5,40.5,0,,,
P1,2.5,41.5,0,,,
P1,2.5,42.5,0,,,
P1,2.5,43.5,0,,,
P1,2.5,44.5,5,611.3599853515625,611.3099975585938,611.4000244140625
P1,2.5,45.5,6,611.7550048828125,611.6899871826172,611.7750244140625
P1,2.5,46.5,37,612.3099975585938,612.219970703125,612.47998046875
P1,2.5,47.5,17,613.0900268554688,612.72998046875,613.1300048828125
P1,2.5,48.5,81,613.1500244140625,613.0999755859375,613.1799926757812
P1,2.5,49.5,114,613.0900268554688,613.010009765625,613.22998046875
P1,2.5,50.5,105,612.989990234375,612.9600219726562,613.0399780273438
P1,2.5,51.5,102,613.0,612.97998046875,613.02001953125
P1,2.5,52.5,106,613.0700073242188,613.0325164794922,613.0999755859375
P1,2.5,53.5,102,613.1699829101562,613.1325073242188,613.2100219726562
P1,2.5,54.5,105,613.2999877929688,613.22998046875,613.3699951171875
P1,2.5,55.5,109,613.52001953125,613.4500122070312,613.5800170898438
P1,2.5,56.5,104,613.6699829101562,613.6074829101562,613.739990234375
P1,2.5,57.5,114,613.9099731445312,613.8099975585938,614.02001953125
P1,2.5,58.5,114,614.25,614.1624755859375,614.3300170898438
P1,2.5,59.5,101,614.5,614.4299926757812,614.6099853515625
P1,2.5,60.5,108,614.7850341796875,614.7100219726562,614.8699951171875
P1,2.5,61.5,119,615.1900024414062,615.0700073242188,615.3099975585938
P1,2.5,62.5,144,615.6749877929688,615.5374908447266,615.8425140380859
P1,2.5,63.5,141,616.239990234375,616.0800170898438,616.4000244140625
P1,2.5,64.5,153,616.8300170898438,616.7000122070312,617.0
P1,2.5,65.5,157,617.4099731445312,617.260009765625,617.5499877929688
P1,2.5,66.5,151,618.0599975585938,617.9299926757812,618.2050170898438
P1,2.5,67.5,136,618.7100219726562,618.5700073242188,618.8599853515625
P1,2.5,68.5,52,619.4549560546875,619.3200073242188,619.7224731445312
P1,2.5,69.5,52,621.9949951171875,621.75,622.1974945068359
P1,2.5,70.5,112,624.8200073242188,624.7675170898438,624.9124755859375
P1,2.5,71.5,107,624.8699951171875,624.7999877929688,625.0050048828125
P1,2.5,72.5,106,624.9600219726562,624.8900146484375,625.0700073242188
P1,2.5,73.5,109,625.02001953125,624.969970703125,625.0800170898438
P1,2.5,74.5,106,625.0800170898438,625.030029296875,625.1500244140625
P1,2.5,75.5,103,625.1199951171875,625.0499877929688,625.1950073242188
P1,2.5,76.5,106,625.1300048828125,625.0599975585938,625.2000122070312
P1,2.5,77.5,107,625.0900268554688,625.030029296875,625.1849975585938
P1,2.5,78.5,108,625.1500244140625,625.0399780273438,625.2725219726562
P1,2.5,79.5,112,625.135009765625,625.02001953125,625.2424926757812
P1,2.5,80.5,121,625.25,625.1699829101562,625.3599853515625
P1,2.5,81.5,115,625.25,625.1400146484375,625.364990234375
P1,2.5,82.5,103,625.2999877929688,625.260009765625,625.3800048828125
P1,2.5,83.5,110,625.4400024414062,625.3499755859375,625.4874877929688
P1,2.5,84.5,111,625.4500122070312,625.3400268554688,625.52001953125
P1,2.5,85.5,111,625.3900146484375,625.2949829101562,625.469970703125
P1,2.5,86.5,108,625.2650146484375,625.219970703125,625.3699951171875
P1,2.5,87.5,110,625.2000122070312,625.0800170898438,625.25
P1,2.5,88.5,60,624.0650024414062,623.9249877929688,624.1699829101562
P1,2.5,89.5,99,623.77001953125,623.6300048828125,623.989990234375
P1,2.5,90.5,98,623.6749877929688,623.4500122070312,623.9375
P1,2.5,91.5,73,623.77001953125,623.5900268554688,623.9500122070312
P1,2.5,92.5,80,623.9749755859375,623.6875,624.1699829101562
P1,2.5,93.5,59,624.6400146484375,624.52001953125,624.8049926757812
P1,2.5,94.5,30,625.4349975585938,625.2125091552734,625.6275024414062
P1,2.5,95.5,61,625.6799926757812,625.6400146484375,625.7100219726562
P1,2.5,96.5,107,625.6099853515625,625.5800170898438,625.6649780273438
P1,2.5,97.5,99,625.6199951171875,625.5700073242188,625.6599731445312
P1,2.5,98.5,140,625.8900146484375,625.7000122070312,626.1124877929688
P1,2.5,99.5,88,626.3800048828125,626.2525024414062,626.6299896240234
P1,2.5,100.5,90,626.6300048828125,626.5225219726562,626.739990234375
P1,2.5,101.5,113,626.780029296875,626.5900268554688,626.9500122070312
P1,2.5,102.5,96,626.719970703125,626.4674835205078,626.989990234375
P1,2.5,103.5,110,626.6900024414062,626.5325164794922,626.8375244140625
P1,2.5,104.5,73,626.6900024414062,626.5800170898438,626.7899780273438
P1,2.5,105.5,64,626.844970703125,626.780029296875,627.0225219726562
P1,2.5,106.5,90,627.010009765625,626.8350067138672,627.0599975585938
P1,2.5,107.5,105,627.1799926757812,627.0700073242188,627.260009765625
P1,2.5,108.5,59,627.3400268554688,627.2349853515625,627.4450073242188
P1,2.5,109.5,67,627.2899780273438,627.1900024414062,627.385009765625
P1,2.5,110.5,76,627.2100219726562,627.1699829101562,627.25
P1,2.5,111.5,93,627.1500244140625,627.0499877929688,627.25
P1,2.5,112.5,112,626.989990234375,626.8599853515625,627.1525115966797
P1,2.5,113.5,94,627.0700073242188,627.0025024414062,627.177490234375
P1,2.5,114.5,73,627.2100219726562,627.1400146484375,627.2899780273438
P1,2.5,115.5,54,627.2000122070312,627.0700073242188,627.239990234375
P1,2.5,116.5,42,626.8499755859375,626.780029296875,626.9375
P1,2.5,117.5,25,626.469970703125,626.4199829101562,626.5499877929688
P1,2.5,118.5,10,626.5,626.4675140380859,626.5424957275391
P1,2.5,119.5,15,626.719970703125,626.5599975585938,626.739990234375
P1,2.5,120.5,18,626.3300170898438,626.2224731445312,626.4624786376953
P1,2.5,121.5,36,626.2249755859375,626.1500244140625,626.280029296875
P1,2.5,122.5,37,626.0499877929688,625.989990234375,626.1099853515625
P1,2.5,123.5,29,625.9600219726562,625.9299926757812,625.989990234375
P1,2.5,124.5,10,625.9249877929688,625.8950042724609,625.95751953125
P1,2.5,125.5,27,625.989990234375,625.9649963378906,626.1300048828125
P1,2.5,126.5,22,625.9649658203125,625.9400024414062,625.989990234375
P1,2.5,127.5,26,625.9149780273438,625.8724975585938,625.9849853515625
P1,2.5,128.5,12,625.8399658203125,625.8150024414062,625.8524780273438
P1,2.5,129.5,0,,,
P1,2.5,130.5,0,,,
P1,2.5,131.5,0,,,
P1,2.5,132.5,0,,,
P1,2.5,133.5,0,,,
P1,2.5,134.5,20,624.8150024414062,624.7899780273438,624.8925170898438
P1,2.5,135.5,36,624.7349853515625,624.6174926757812,624.8375091552734
P1,2.5,136.5,48,624.6300048828125,624.4674835205078,624.8499755859375
P1,2.5,137.5,82,624.5499877929688,624.4224853515625,624.7874908447266
P1,2.5,138.5,65,624.5499877929688,624.510009765625,624.6199951171875
P1,2.5,139.5,38,624.5850219726562,624.5499877929688,624.6750030517578
P1,2.5,140.5,3,624.510009765625,624.5050048828125,624.5350036621094
P1,2.5,141.5,11,624.5999755859375,624.5750122070312,624.60498046875
P1,2.5,142.5,12,624.6199951171875,624.5999755859375,624.6325073242188
P1,2.5,143.5,2,,,
P1,2.5,144.5,51,625.0599975585938,624.8250122070312,625.5750122070312
P1,2.5,145.5,91,625.7000122070312,624.89501953125,626.3099975585938
P1,2.5,146.5,140,625.7950439453125,625.0549926757812,626.9824829101562
P1,2.5,147.5,151,625.8599853515625,625.3350219726562,627.4400024414062
P1,2.5,148.5,134,626.9199829101562,625.9675140380859,627.6325073242188
P1,2.5,149.5,141,627.3699951171875,626.5599975585938,627.8699951171875
P1,2.5,150.5,143,627.75,627.0650024414062,628.0
P1,2.5,151.5,138,628.010009765625,627.5650024414062,628.1099853515625
P1,2.5,152.5,121,628.1400146484375,628.0,628.260009765625
P1,2.5,153.5,101,628.25,628.1500244140625,628.3499755859375
P1,2.5,154.5,79,628.3499755859375,628.22998046875,628.4000244140625
P1,2.5,155.5,50,628.3599853515625,628.2625122070312,628.4000244140625
P1,2.5,156.5,56,628.3499755859375,628.22998046875,628.510009765625
P1,2.5,157.5,48,628.3049926757812,628.2575073242188,628.4749755859375
P1,2.5,158.5,1,,,
P1,2.5,159.5,19,628.4400024414062,628.3250122070312,628.5050048828125
P1,2.5,160.5,35,628.22998046875,627.8999938964844,628.4400024414062
P1,2.5,161.5,0,,,
P1,2.5,162.5,0,,,
P1,2.5,163.5,0,,,
P1,2.5,164.5,0,,,
P1,2.5,165.5,0,,,
P1,2.5,166.5,0,,,
P1,2.5,167.5,0,,,
P1,2.5,168.5,0,,,
P1,2.5,169.5,0,,,
P1,2.5,170.5,0,,,
P1,2.5,171.5,0,,,
P1,2.5,172.5,0,,,
P1,2.5,173.5,0,,,
P1,2.5,174.5,0,,,
P1,2.5,175.5,2,,,
P1,2.5,176.5,0,,,
P1,2.5,177.5,0,,,
P1,2.5,178.5,0,,,
P1,2.5,179.5,0,,,
P1,5.0,0.5,20,608.4000244140625,608.2775268554688,608.510009765625
P1,5.0,1.5,0,,,
P1,5.0,2.5,1,,,
P1,5.0,3.5,6,607.97998046875,607.97998046875,607.97998046875
P1,5.0,4.5,0,,,
P1,5.0,5.5,0,,,
P1,5.0,6.5,16,610.3349609375,609.7774810791016,610.4924926757812
P1,5.0,7.5,20,610.8800048828125,610.6749877929688,610.9400024414062
P1,5.0,8.5,13,610.6599731445312,610.47998046875,610.9199829101562
P1,5.0,9.5,16,610.9199829101562,610.4249725341797,610.97998046875
P1,5.0,10.5,30,611.114990234375,610.9924926757812,611.16748046875
P1,5.0,11.5,19,611.3400268554688,611.2550048828125,611.4000244140625
P1,5.0,12.5,76,610.7149658203125,610.5574951171875,611.3599853515625
P1,5.0,13.5,124,610.7750244140625,610.5750122070312,610.9525146484375
P1,5.0,14.5,112,610.60498046875,610.489990234375,610.72998046875
P1,5.0,15.5,108,610.7100219726562,610.5875244140625,610.9650115966797
P1,5.0,16.5,61,610.6699829101562,610.5800170898438,611.2100219726562
P1,5.0,17.5,147,610.6799926757812,610.5700073242188,610.8300170898438
P1,5.0,18.5,125,610.6699829101562,610.5499877929688,610.8300170898438
P1,5.0,19.5,75,610.739990234375,610.5900268554688,610.8900146484375
P1,5.0,20.5,22,611.14501953125,611.0375213623047,611.177490234375
P1,5.0,21.5,14,611.2949829101562,611.1174774169922,611.3175048828125
P1,5.0,22.5,10,611.2349853515625,611.1924896240234,611.3525085449219
P1,5.0,23.5,10,610.9599609375,610.9400024414062,611.0349884033203
P1,5.0,24.5,6,612.0999755859375,612.0999755859375,612.1899719238281
P1,5.0,25.5,19,612.7000122070312,612.5500183105469,612.77001953125
P1,5.0,26.5,13,613.1500244140625,613.030029296875,613.2100219726562
P1,5.0,27.5,0,,,
P1,5.0,28.5,0,,,
P1,5.0,29.5,0,,,
P1,5.0,30.5,0,,,
P1,5.0,31.5,0,,,
P1,5.0,32.5,0,,,
P1,5.0,33.5,3,613.3099975585938,613.2749938964844,613.375
P1,5.0,34.5,6,613.1749877929688,613.0575103759766,613.2624816894531
P1,5.0,35.5,8,613.0,612.9924926757812,613.0125122070312
P1,5.0,36.5,5,612.1099853515625,612.1099853515625,612.2999877929688
P1,5.0,37.5,27,612.1599731445312,612.0800170898438,612.3200073242188
P1,5.0,38.5,44,612.02001953125,611.5574951171875,612.2575073242188
P1,5.0,39.5,32,612.3099975585938,611.5775146484375,612.4425048828125
P1,5.0,40.5,16,612.2999877929688,612.2324981689453,612.3900146484375
P1,5.0,41.5,4,612.125,612.0924835205078,612.1525115966797
P1,5.0,42.5,2,,,
P1,5.0,43.5,0,,,
P1,5.0,44.5,35,611.27001953125,611.219970703125,611.3099975585938
P1,5.0,45.5,65,611.760009765625,611.6400146484375,612.1400146484375
P1,5.0,46.5,91,612.25,612.0499877929688,612.4550170898438
P1,5.0,47.5,39,613.030029296875,612.7650146484375,613.1199951171875
P1,5.0,48.5,203,613.0800170898438,612.9600219726562,613.1549987792969
P1,5.0,49.5,217,613.0700073242188,612.989990234375,613.1500244140625
P1,5.0,50.5,208,612.989990234375,612.9500122070312,613.0399780273438
P1,5.0,51.5,205,613.0,612.969970703125,613.030029296875
P1,5.0,52.5,209,613.0800170898438,613.0499877929688,613.1199951171875
P1,5.0,53.5,206,613.1599731445312,613.1224975585938,613.20751953125
P1,5.0,54.5,210,613.2899780273438,613.219970703125,613.3499755859375
P1,5.0,55.5,211,613.4500122070312,613.364990234375,613.5449829101562
P1,5.0,56.5,206,613.5900268554688,613.530029296875,613.677490234375
P1,5.0,57.5,231,613.8200073242188,613.72998046875,613.9500122070312
P1,5.0,58.5,221,614.1799926757812,614.030029296875,614.280029296875
P1,5.0,59.5,223,614.4199829101562,614.280029296875,614.5399780273438
P1,5.0,60.5,237,614.760009765625,614.6500244140625,614.8900146484375
P1,5.0,61.5,260,615.1799926757812,615.0399780273438,615.3400268554688
P1,5.0,62.5,289,615.6799926757812,615.52001953125,615.8800048828125
P1,5.0,63.5,302,616.25,616.0599975585938,616.4674835205078
P1,5.0,64.5,332,616.905029296875,616.697509765625,617.0700073242188
P1,5.0,65.5,358,617.5499877929688,617.3699951171875,617.7575073242188
P1,5.0,66.5,433,618.3300170898438,618.0900268554688,620.0499877929688
P1,5.0,67.5,329,619.0,618.739990234375,619.530029296875
P1,5.0,68.5,180,619.9849853515625,619.6799926757812,620.6475067138672
P1,5.0,69.5,227,622.3499755859375,621.9400024414062,623.5250244140625
P1,5.0,70.5,232,624.8049926757812,624.6699829101562,624.969970703125
P1,5.0,71.5,213,624.8699951171875,624.77001953125,625.0700073242188
P1,5.0,72.5,212,624.969970703125,624.8574829101562,625.1900024414062
P1,5.0,73.5,215,625.010009765625,624.9099731445312,625.0900268554688
P1,5.0,74.5,212,625.0399780273438,624.9400024414062,625.1199951171875
P1,5.0,75.5,218,625.0599975585938,624.9924926757812,625.1799926757812
P1,5.0,76.5,211,625.1099853515625,625.0399780273438,625.2100219726562
P1,5.0,77.5,217,625.0900268554688,625.0,625.239990234375
P1,5.0,78.5,211,625.1699829101562,625.010009765625,625.3200073242188
P1,5.0,79.5,228,625.1799926757812,625.0499877929688,625.27001953125
P1,5.0,80.5,235,625.260009765625,625.0950012207031,625.4599914550781
P1,5.0,81.5,237,625.219970703125,625.0599975585938,625.3599853515625
P1,5.0,82.5,215,625.260009765625,625.1199951171875,625.3400268554688
P1,5.0,83.5,223,625.4099731445312,625.2550048828125,625.5
P1,5.0,84.5,217,625.4299926757812,625.260009765625,625.5399780273438
P1,5.0,85.5,221,625.3499755859375,625.22998046875,625.47998046875
P1,5.0,86.5,204,625.2999877929688,625.22998046875,625.4400024414062
P1,5.0,87.5,201,625.219970703125,625.1400146484375,625.280029296875
P1,5.0,88.5,107,624.239990234375,624.02001953125,625.2100219726562
P1,5.0,89.5,150,623.9249877929688,623.6624755859375,625.1074829101562
P1,5.0,90.5,209,623.9299926757812,623.4400024414062,624.7999877929688
P1,5.0,91.5,186,623.9199829101562,623.4025115966797,624.625
P1,5.0,92.5,221,624.0,623.510009765625,625.02001953125
P1,5.0,93.5,149,624.6199951171875,624.3699951171875,624.9199829101562
P1,5.0,94.5,84,625.8800048828125,625.5950012207031,625.9625091552734
P1,5.0,95.5,129,625.739990234375,625.6699829101562,625.9000244140625
P1,5.0,96.5,204,625.6500244140625,625.5900268554688,625.739990234375
P1,5.0,97.5,217,625.6500244140625,625.5800170898438,625.72998046875
P1,5.0,98.5,256,625.8699951171875,625.6199951171875,626.1199951171875
P1,5.0,99.5,169,626.3800048828125,625.989990234375,626.530029296875
P1,5.0,100.5,160,626.5900268554688,626.3399810791016,626.75
P1,5.0,101.5,203,626.77001953125,626.3300170898438,626.9500122070312
P1,5.0,102.5,150,626.5850219726562,626.3400268554688,626.9874877929688
P1,5.0,103.5,162,626.6099853515625,626.3699951171875,626.7874908447266
P1,5.0,104.5,124,626.6500244140625,626.5499877929688,626.77001953125
P1,5.0,105.5,131,626.77001953125,626.625,626.9150085449219
P1,5.0,106.5,186,627.0350341796875,626.79248046875,627.27001953125
P1,5.0,107.5,177,627.1900024414062,627.0499877929688,627.27001953125
P1,5.0,108.5,107,627.3400268554688,627.2449951171875,627.4349975585938
P1,5.0,109.5,104,627.35498046875,627.2474975585938,627.4124755859375
P1,5.0,110.5,116,627.25,627.1900024414062,627.3624877929688
P1,5.0,111.5,131,627.22998046875,627.0750122070312,627.2899780273438
P1,5.0,112.5,164,627.02001953125,626.9000244140625,627.1599731445312
P1,5.0,113.5,149,627.010009765625,626.8499755859375,627.1199951171875
P1,5.0,114.5,124,627.0999755859375,626.9600219726562,627.239990234375
P1,5.0,115.5,63,627.1799926757812,627.0700073242188,627.239990234375
P1,5.0,116.5,80,626.9000244140625,626.7999877929688,627.0175018310547
P1,5.0,117.5,64,626.5449829101562,626.4849853515625,626.6199951171875
P1,5.0,118.5,35,626.47998046875,626.375,626.52001953125
P1,5.0,119.5,47,626.1900024414062,626.1199951171875,626.5099792480469
P1,5.0,120.5,27,626.3200073242188,626.2249755859375,626.3900146484375
P1,5.0,121.5,36,626.2249755859375,626.1500244140625,626.280029296875
P1,5.0,122.5,37,626.0499877929688,625.989990234375,626.1099853515625
P1,5.0,123.5,45,625.9500122070312,625.9099731445312,626.010009765625
P1,5.0,124.5,36,625.989990234375,625.9099731445312,626.1199951171875
P1,5.0,125.5,39,625.969970703125,625.9100036621094,626.0350036621094
P1,5.0,126.5,22,625.9649658203125,625.9400024414062,625.989990234375
P1,5.0,127.5,26,625.9149780273438,625.8724975585938,625.9849853515625
P1,5.0,128.5,12,625.8399658203125,625.8150024414062,625.8524780273438
P1,5.0,129.5,0,,,
P1,5.0,130.5,0,,,
P1,5.0,131.5,0,,,
P1,5.0,132.5,0,,,
P1,5.0,133.5,19,625.719970703125,625.6199951171875,625.7750244140625
P1,5.0,134.5,52,625.6300048828125,624.8099975585938,625.7100219726562
P1,5.0,135.5,94,624.8200073242188,624.7224731445312,625.6699829101562
P1,5.0,136.5,93,624.9400024414062,624.6199951171875,625.6699829101562
P1,5.0,137.5,158,624.739990234375,624.52001953125,625.6375122070312
P1,5.0,138.5,156,624.5900268554688,624.510009765625,625.1524963378906
P1,5.0,139.5,99,624.6900024414062,624.5599975585938,625.2650146484375
P1,5.0,140.5,34,624.969970703125,624.72998046875,625.3274841308594
P1,5.0,141.5,35,624.75,624.5999755859375,624.9750061035156
P1,5.0,142.5,64,624.949951171875,624.6875,625.2075042724609
P1,5.0,143.5,79,625.8800048828125,625.02001953125,626.5749816894531
P1,5.0,144.5,130,626.1300048828125,625.1799926757812,627.1425170898438
P1,5.0,145.5,153,626.52001953125,625.25,627.3300170898438
P1,5.0,146.5,195,626.77001953125,625.27001953125,627.4349975585938
P1,5.0,147.5,217,626.6900024414062,625.4500122070312,627.52001953125
P1,5.0,148.5,198,627.375,626.0050048828125,627.677490234375
P1,5.0,149.5,213,627.5800170898438,626.780029296875,627.7999877929688
P1,5.0,150.5,243,627.6699829101562,627.0,627.9199829101562
P1,5.0,151.5,216,627.8250122070312,627.469970703125,628.0499877929688
P1,5.0,152.5,168,628.0900268554688,627.8200073242188,628.1900024414062
P1,5.0,153.5,117,628.219970703125,628.0800170898438,628.3499755859375
P1,5.0,154.5,96,628.3400268554688,628.2174835205078,628.4025115966797
P1,5.0,155.5,55,628.3699951171875,628.27001953125,628.4249877929688
P1,5.0,156.5,56,628.3499755859375,628.22998046875,628.510009765625
P1,5.0,157.5,48,628.3049926757812,628.2575073242188,628.4749755859375
P1,5.0,158.5,1,,,
P1,5.0,159.5,43,628.969970703125,628.4550170898438,629.239990234375
P1,5.0,160.5,98,628.625,628.2650146484375,629.0800170898438
P1,5.0,161.5,28,628.530029296875,628.3775024414062,628.7774963378906
P1,5.0,162.5,0,,,
P1,5.0,163.5,0,,,
P1,5.0,164.5,0,,,
P1,5.0,165.5,0,,,
P1,5.0,166.5,0,,,
P1,5.0,167.5,0,,,
P1,5.0,168.5,0,,,
P1,5.0,169.5,0,,,
P1,5.0,170.5,0,,,
P1,5.0,171.5,0,,,
P1,5.0,172.5,0,,,
P1,5.0,173.5,0,,,
P1,5.0,174.5,0,,,
P1,5.0,175.5,2,,,
P1,5.0,176.5,0,,,
P1,5.0,177.5,0,,,
P1,5.0,178.5,0,,,
P1,5.0,179.5,0,,,
P1,7.5,0.5,58,608.469970703125,608.3074951171875,608.5499877929688
P1,7.5,1.5,17,608.9099731445312,608.25,608.969970703125
P1,7.5,2.5,37,608.739990234375,608.2999877929688,609.1699829101562
P1,7.5,3.5,43,608.3900146484375,608.125,608.9599914550781
P1,7.5,4.5,29,608.989990234375,608.8300170898438,609.2100219726562
P1,7.5,5.5,20,609.02001953125,608.8600158691406,609.1224975585938
P1,7.5,6.5,35,609.1400146484375,608.7650146484375,610.3150024414062
P1,7.5,7.5,43,609.3699951171875,608.9700012207031,610.875
P1,7.5,8.5,24,610.1799926757812,609.6024780273438,610.6724853515625
P1,7.5,9.5,39,610.0,609.760009765625,610.9049987792969
P1,7.5,10.5,35,611.0999755859375,610.9649963378906,611.1549987792969
P1,7.5,11.5,49,610.780029296875,610.6400146484375,611.2899780273438
P1,7.5,12.5,151,610.6599731445312,610.510009765625,610.989990234375
P1,7.5,13.5,172,610.72998046875,610.530029296875,610.9600219726562
P1,7.5,14.5,224,610.5599975585938,610.47998046875,610.72998046875
P1,7.5,15.5,199,610.6300048828125,610.5399780273438,610.7899780273438
P1,7.5,16.5,114,610.5900268554688,610.530029296875,610.6799926757812
P1,7.5,17.5,194,610.6400146484375,610.5499877929688,610.7874908447266
P1,7.5,18.5,142,610.6799926757812,610.5499877929688,610.8300170898438
P1,7.5,19.5,87,610.75,610.614990234375,610.885009765625
P1,7.5,20.5,45,610.8800048828125,610.760009765625,611.1400146484375
P1,7.5,21.5,61,610.97998046875,610.8699951171875,611.1699829101562
P1,7.5,22.5,99,611.3699951171875,611.1799926757812,611.5350036621094
P1,7.5,23.5,82,611.6199951171875,611.4724731445312,611.760009765625
P1,7.5,24.5,57,611.8400268554688,611.780029296875,611.9099731445312
P1,7.5,25.5,63,612.0900268554688,611.9400024414062,612.5150146484375
P1,7.5,26.5,48,612.510009765625,612.3975219726562,612.8000183105469
P1,7.5,27.5,0,,,
P1,7.5,28.5,0,,,
P1,7.5,29.5,0,,,
P1,7.5,30.5,0,,,
P1,7.5,31.5,0,,,
P1,7.5,32.5,2,,,
P1,7.5,33.5,30,613.2650146484375,613.1450042724609,613.3800048828125
P1,7.5,34.5,44,613.3800048828125,613.2874908447266,613.4650115966797
P1,7.5,35.5,57,613.02001953125,612.9099731445312,613.27001953125
P1,7.5,36.5,39,613.0800170898438,612.9249877929688,613.135009765625
P1,7.5,37.5,44,612.3350219726562,612.1275024414062,613.1325073242188
P1,7.5,38.5,62,612.2000122070312,611.58251953125,612.5150146484375
P1,7.5,39.5,70,612.489990234375,612.33251953125,612.6074829101562
P1,7.5,40.5,59,612.5800170898438,612.4400024414062,612.6849975585938
P1,7.5,41.5,42,612.4249877929688,612.2625122070312,612.510009765625
P1,7.5,42.5,54,612.1400146484375,612.0025024414062,612.239990234375
P1,7.5,43.5,3,611.969970703125,611.9649963378906,612.0349731445312
P1,7.5,44.5,78,611.1900024414062,611.0625,611.2675170898438
P1,7.5,45.5,90,611.8250122070312,611.6525115966797,612.1500244140625
P1,7.5,46.5,154,612.1649780273438,611.9000244140625,612.3300170898438
P1,7.5,47.5,85,612.9299926757812,612.5599975585938,613.1300048828125
P1,7.5,48.5,298,613.0999755859375,612.9824829101562,613.2000122070312
P1,7.5,49.5,319,613.0599975585938,612.969970703125,613.1500244140625
P1,7.5,50.5,317,613.0,612.9400024414062,613.0800170898438
P1,7.5,51.5,311,613.0,612.969970703125,613.0499877929688
P1,7.5,52.5,312,613.0900268554688,613.0499877929688,613.1500244140625
P1,7.5,53.5,315,613.1599731445312,613.1199951171875,613.2100219726562
P1,7.5,54.5,324,613.2999877929688,613.22998046875,613.3699951171875
P1,7.5,55.5,341,613.4500122070312,613.3599853515625,613.5700073242188
P1,7.5,56.5,344,613.6199951171875,613.5399780273438,613.77001953125
P1,7.5,57.5,388,613.9199829101562,613.77001953125,614.1599731445312
P1,7.5,58.5,352,614.25,614.0700073242188,614.4324951171875
P1,7.5,59.5,369,614.489990234375,614.3300170898438,614.6400146484375
P1,7.5,60.5,403,614.8300170898438,614.6900024414062,615.0150146484375
P1,7.5,61.5,390,615.2550048828125,615.0999755859375,615.4199829101562
P1,7.5,62.5,418,615.760009765625,615.552490234375,615.95751953125
P1,7.5,63.5,418,616.3499755859375,616.1500244140625,616.5599975585938
P1,7.5,64.5,438,616.989990234375,616.760009765625,617.2000122070312
P1,7.5,65.5,465,617.6300048828125,617.4099731445312,617.9099731445312
P1,7.5,66.5,510,618.3900146484375,618.1400146484375,619.1074981689453
P1,7.5,67.5,414,619.0,618.7899780273438,619.4974975585938
P1,7.5,68.5,310,620.25,619.760009765625,621.6699981689453
P1,7.5,69.5,381,622.8699951171875,622.0599975585938,623.8900146484375
P1,7.5,70.5,299,624.77001953125,624.6000061035156,624.9500122070312
P1,7.5,71.5,309,624.8599853515625,624.719970703125,625.1300048828125
P1,7.5,72.5,330,624.97998046875,624.802490234375,625.27001953125
P1,7.5,73.5,328,625.02001953125,624.8300170898438,625.1425170898438
P1,7.5,74.5,321,625.0499877929688,624.8800048828125,625.219970703125
P1,7.5,75.5,324,625.0599975585938,624.9074859619141,625.25
P1,7.5,76.5,316,625.1099853515625,624.989990234375,625.2899780273438
P1,7.5,77.5,325,625.0900268554688,624.9600219726562,625.2999877929688
P1,7.5,78.5,321,625.1699829101562,625.0,625.3599853515625
P1,7.5,79.5,345,625.1699829101562,625.02001953125,625.2999877929688
P1,7.5,80.5,341,625.239990234375,625.0399780273438,625.4099731445312
P1,7.5,81.5,345,625.1799926757812,625.030029296875,625.3300170898438
P1,7.5,82.5,325,625.22998046875,625.0700073242188,625.3400268554688
P1,7.5,83.5,339,625.27001953125,625.14501953125,625.4500122070312
P1,7.5,84.5,320,625.280029296875,625.1900024414062,625.4824829101562
P1,7.5,85.5,324,625.280029296875,625.2000122070312,625.4299926757812
P1,7.5,86.5,292,625.25,625.1900024414062,625.4025115966797
P1,7.5,87.5,257,625.219970703125,625.1699829101562,625.280029296875
P1,7.5,88.5,160,625.1900024414062,624.1400146484375,625.2899780273438
P1,7.5,89.5,202,624.260009765625,623.7224731445312,625.2874908447266
P1,7.5,90.5,267,624.3099975585938,623.469970703125,625.135009765625
P1,7.5,91.5,248,624.2750244140625,623.5800170898438,624.9525146484375
P1,7.5,92.5,313,624.1199951171875,623.5800170898438,625.22998046875
P1,7.5,93.5,237,624.739990234375,624.3699951171875,625.52001953125
P1,7.5,94.5,140,625.7100219726562,625.5,625.9299926757812
P1,7.5,95.5,203,625.739990234375,625.6599731445312,625.8599853515625
P1,7.5,96.5,285,625.6699829101562,625.5999755859375,625.8300170898438
P1,7.5,97.5,306,625.6599731445312,625.5700073242188,625.8499755859375
P1,7.5,98.5,343,625.9000244140625,625.5700073242188,626.27001953125
P1,7.5,99.5,270,626.3900146484375,625.5900268554688,626.6599731445312
P1,7.5,100.5,252,626.6099853515625,625.8674926757812,626.8800048828125
P1,7.5,101.5,270,626.8400268554688,626.3699951171875,627.0499877929688
P1,7.5,102.5,209,626.780029296875,626.3599853515625,627.22998046875
P1,7.5,103.5,205,626.6699829101562,626.3800048828125,627.030029296875
P1,7.5,104.5,186,626.6500244140625,626.530029296875,626.9199981689453
P1,7.5,105.5,201,626.7999877929688,626.5900268554688,627.25
P1,7.5,106.5,251,627.0999755859375,626.8200073242188,627.3900146484375
P1,7.5,107.5,276,627.1950073242188,627.0,627.3200073242188
P1,7.5,108.5,177,627.280029296875,627.2000122070312,627.4299926757812
P1,7.5,109.5,159,627.3699951171875,627.27001953125,627.4199829101562
P1,7.5,110.5,166,627.3049926757812,627.2100219726562,627.4199829101562
P1,7.5,111.5,177,627.239990234375,627.1099853515625,627.3499755859375
P1,7.5,112.5,216,627.02001953125,626.9199829101562,627.1425170898438
P1,7.5,113.5,202,626.969970703125,626.8400268554688,627.0775146484375
P1,7.5,114.5,166,627.0599975585938,626.8524780273438,627.2000122070312
P1,7.5,115.5,68,627.1799926757812,627.0700073242188,627.239990234375
P1,7.5,116.5,94,626.905029296875,626.7999877929688,626.989990234375
P1,7.5,117.5,67,626.5499877929688,626.47998046875,626.6199951171875
P1,7.5,118.5,73,626.1199951171875,625.6599731445312,626.469970703125
P1,7.5,119.5,82,626.094970703125,625.6749877929688,626.2174835205078
P1,7.5,120.5,58,625.77001953125,625.6399993896484,626.3175048828125
P1,7.5,121.5,74,625.8250122070312,625.6824951171875,626.219970703125
P1,7.5,122.5,76,625.9099731445312,625.6375122070312,626.04248046875
P1,7.5,123.5,82,625.8900146484375,625.6849975585938,625.9600219726562
P1,7.5,124.5,74,625.875,625.6724853515625,625.9824981689453
P1,7.5,125.5,55,625.969970703125,625.9000244140625,626.0499877929688
P1,7.5,126.5,42,625.9849853515625,625.9324951171875,626.0949859619141
P1,7.5,127.5,30,625.9299926757812,625.8800048828125,626.0550079345703
P1,7.5,128.5,23,625.8800048828125,625.8399963378906,628.1099853515625
P1,7.5,129.5,0,,,
P1,7.5,130.5,0,,,
P1,7.5,131.5,5,626.0900268554688,626.0700073242188,626.1099853515625
P1,7.5,132.5,7,626.0900268554688,626.0800170898438,626.1099853515625
P1,7.5,133.5,29,625.6900024414062,625.6199951171875,625.77001953125
P1,7.5,134.5,71,625.4099731445312,624.8699951171875,625.7000122070312
P1,7.5,135.5,118,624.8800048828125,624.7424926757812,625.6574859619141
P1,7.5,136.5,110,624.9549560546875,624.6925048828125,625.6699829101562
P1,7.5,137.5,176,624.7949829101562,624.5275268554688,625.6500244140625
P1,7.5,138.5,186,624.6500244140625,624.5325164794922,625.5750122070312
P1,7.5,139.5,112,624.719970703125,624.5775146484375,625.3450012207031
P1,7.5,140.5,40,624.969970703125,624.7374877929688,625.2825012207031
P1,7.5,141.5,39,624.7999877929688,624.5999755859375,625.0350036621094
P1,7.5,142.5,123,625.530029296875,624.8999938964844,626.0650024414062
P1,7.5,143.5,155,626.489990234375,625.8699951171875,626.7949829101562
P1,7.5,144.5,183,626.9400024414062,625.6099853515625,627.2099914550781
P1,7.5,145.5,204,627.1300048828125,625.8200073242188,627.3200073242188
P1,7.5,146.5,247,627.22998046875,625.5050048828125,627.4099731445312
P1,7.5,147.5,267,627.3400268554688,625.489990234375,627.489990234375
P1,7.5,148.5,252,627.3900146484375,626.1099853515625,627.6124877929688
P1,7.5,149.5,261,627.489990234375,626.969970703125,627.780029296875
P1,7.5,150.5,294,627.5650024414062,627.1224975585938,627.8499755859375
P1,7.5,151.5,270,627.72998046875,627.4824829101562,628.010009765625
P1,7.5,152.5,196,628.0,627.6900024414062,628.1824951171875
P1,7.5,153.5,126,628.239990234375,628.0999755859375,628.3599853515625
P1,7.5,154.5,99,628.3499755859375,628.219970703125,628.4149780273438
P1,7.5,155.5,55,628.3699951171875,628.27001953125,628.4249877929688
P1,7.5,156.5,56,628.3499755859375,628.22998046875,628.510009765625
P1,7.5,157.5,48,628.3049926757812,628.2575073242188,628.4749755859375
P1,7.5,158.5,3,629.3699951171875,628.9750061035156,629.4400024414062
P1,7.5,159.5,99,629.4000244140625,629.0900268554688,629.52001953125
P1,7.5,160.5,144,629.0800170898438,628.4674835205078,629.4600219726562
P1,7.5,161.5,35,628.5499877929688,628.4750061035156,629.0450134277344
P1,7.5,162.5,0,,,
P1,7.5,163.5,0,,,
P1,7.5,164.5,0,,,
P1,7.5,165.5,0,,,
P1,7.5,166.5,0,,,
P1,7.5,167.5,0,,,
P1,7.5,168.5,0,,,
P1,7.5,169.5,0,,,
P1,7.5,170.5,0,,,
P1,7.5,171.5,0,,,
P1,7.5,172.5,0,,,
P1,7.5,173.5,0,,,
P1,7.5,174.5,0,,,
P1,7.5,175.5,2,,,
P1,7.5,176.5,0,,,
P1,7.5,177.5,0,,,
P1,7.5,178.5,0,,,
P1,7.5,179.5,0,,,
P2,2.5,0.5,0,,,
P2,2.5,1.5,0,,,
P2,2.5,2.5,0,,,
P2,2.5,3.5,1,,,
P2,2.5,4.5,1,,,
P2,2.5,5.5,3,607.5,607.489990234375,607.510009765625
P2,2.5,6.5,2,,,
P2,2.5,7.5,0,,,
P2,2.5,8.5,0,,,
P2,2.5,9.5,1,,,
P2,2.5,10.5,27,610.2999877929688,610.1699829101562,610.4299926757812
P2,2.5,11.5,83,610.260009765625,610.0599975585938,610.3400268554688
P2,2.5,12.5,95,610.27001953125,610.1199951171875,610.3200073242188
P2,2.5,13.5,94,610.27001953125,610.0625,610.3200073242188
P2,2.5,14.5,83,610.3499755859375,610.22998046875,610.4649963378906
P2,2.5,15.5,107,610.3200073242188,610.2100219726562,610.4149780273438
P2,2.5,16.5,111,610.280029296875,610.1900024414062,610.3699951171875
P2,2.5,17.5,99,610.3300170898438,610.1699829101562,610.4049987792969
P2,2.5,18.5,114,610.0599975585938,609.8425140380859,610.22998046875
P2,2.5,19.5,24,610.0599975585938,610.010009765625,610.1124877929688
P2,2.5,20.5,24,610.0499877929688,609.9974975585938,610.0999755859375
P2,2.5,21.5,5,610.010009765625,610.010009765625,610.0800170898438
P2,2.5,22.5,4,610.6650390625,610.6200103759766,610.7200164794922
P2,2.5,23.5,14,610.655029296875,610.5650024414062,610.7224884033203
P2,2.5,24.5,51,610.6199951171875,610.5999755859375,610.6500244140625
P2,2.5,25.5,58,610.6300048828125,610.6199951171875,610.6500244140625
P2,2.5,26.5,50,610.6799926757812,610.6599731445312,610.697509765625
P2,2.5,27.5,26,610.8150024414062,610.780029296875,610.8400268554688
P2,2.5,28.5,18,610.8200073242188,610.7999877929688,610.8375244140625
P2,2.5,29.5,18,610.7149658203125,610.6925048828125,610.7550048828125
P2,2.5,30.5,7,610.8699951171875,610.85498046875,610.875
P2,2.5,31.5,13,610.8499755859375,610.8099975585938,610.9199829101562
P2,2.5,32.5,38,610.6799926757812,610.6300048828125,610.7675170898438
P2,2.5,33.5,26,610.5850219726562,610.5700073242188,610.6174926757812
P2,2.5,34.5,0,,,
P2,2.5,35.5,0,,,
P2,2.5,36.5,0,,,
P2,2.5,37.5,0,,,
P2,2.5,38.5,0,,,
P2,2.5,39.5,0,,,
P2,2.5,40.5,0,,,
P2,2.5,41.5,0,,,
P2,2.5,42.5,1,,,
P2,2.5,43.5,74,610.6950073242188,610.3199920654297,610.9400024414062
P2,2.5,44.5,71,611.1599731445312,611.010009765625,611.3049926757812
P2,2.5,45.5,0,,,
P2,2.5,46.5,0,,,
P2,2.5,47.5,14,612.7999877929688,612.7575073242188,612.8574829101562
P2,2.5,48.5,31,612.77001953125,612.75,612.8099975585938
P2,2.5,49.5,39,613.02001953125,612.89501953125,613.1900024414062
P2,2.5,50.5,46,613.3099975585938,613.2349853515625,613.364990234375
P2,2.5,51.5,61,613.2899780273438,613.1199951171875,613.4000244140625
P2,2.5,52.5,96,613.2899780273438,613.2000122070312,613.33251953125
P2,2.5,53.5,72,613.344970703125,613.2750244140625,613.4525146484375
P2,2.5,54.5,63,613.4600219726562,613.3499755859375,613.530029296875
P2,2.5,55.5,70,613.469970703125,613.4099731445312,613.5474853515625
P2,2.5,56.5,114,613.4400024414062,613.322509765625,613.5399780273438
P2,2.5,57.5,119,613.0399780273438,612.9199829101562,613.2050170898438
P2,2.5,58.5,108,612.885009765625,612.780029296875,613.02001953125
P2,2.5,59.5,111,612.7000122070312,612.6300048828125,612.8699951171875
P2,2.5,60.5,155,612.7899780273438,612.5950012207031,613.0850219726562
P2,2.5,61.5,21,613.0999755859375,612.9400024414062,613.1599731445312
P2,2.5,62.5,0,,,
P2,2.5,63.5,0,,,
P2,2.5,64.5,0,,,
P2,2.5,65.5,0,,,
P2,2.5,66.5,0,,,
P2,2.5,67.5,0,,,
P2,2.5,68.5,0,,,
P2,2.5,69.5,0,,,
P2,2.5,70.5,0,,,
P2,2.5,71.5,0,,,
P2,2.5,72.5,0,,,
P2,2.5,73.5,5,619.4099731445312,619.3400268554688,619.4099731445312
P2,2.5,74.5,0,,,
P2,2.5,75.5,6,620.1700439453125,620.0199890136719,620.3124847412109
P2,2.5,76.5,2,,,
P2,2.5,77.5,4,621.3499755859375,621.3224792480469,621.3624877929688
P2,2.5,78.5,5,621.6199951171875,621.52001953125,621.6199951171875
P2,2.5,79.5,7,622.2100219726562,622.0450134277344,622.239990234375
P2,2.5,80.5,9,621.3200073242188,621.219970703125,621.530029296875
P2,2.5,81.5,21,621.4000244140625,621.260009765625,621.47998046875
P2,2.5,82.5,11,619.010009765625,618.9250183105469,619.2099914550781
P2,2.5,83.5,24,618.72998046875,618.625,618.885009765625
P2,2.5,84.5,33,618.8900146484375,618.7100219726562,619.260009765625
P2,2.5,85.5,39,618.969970703125,618.8450012207031,619.1400146484375
P2,2.5,86.5,22,619.2349853515625,619.0650024414062,619.3400268554688
P2,2.5,87.5,15,619.5499877929688,619.0900268554688,620.125
P2,2.5,88.5,7,619.3400268554688,619.3300170898438,619.469970703125
P2,2.5,89.5,0,,,
P2,2.5,90.5,13,625.1900024414062,625.1699829101562,625.280029296875
P2,2.5,91.5,0,,,
P2,2.5,92.5,0,,,
P2,2.5,93.5,0,,,
P2,2.5,94.5,0,,,
P2,2.5,95.5,0,,,
P2,2.5,96.5,0,,,
P2,2.5,97.5,0,,,
P2,2.5,98.5,0,,,
P2,2.5,99.5,0,,,
P2,2.5,100.5,0,,,
P2,2.5,101.5,0,,,
P2,2.5,102.5,0,,,
P2,2.5,103.5,0,,,
P2,2.5,104.5,0,,,
P2,2.5,105.5,0,,,
P2,2.5,106.5,0,,,
P2,2.5,107.5,0,,,
P2,2.5,108.5,0,,,
P2,2.5,109.5,0,,,
P2,2.5,110.5,0,,,
P2,2.5,111.5,0,,,
P2,2.5,112.5,0,,,
P2,2.5,113.5,0,,,
P2,2.5,114.5,0,,,
P2,2.5,115.5,0,,,
P2,2.5,116.5,0,,,
P2,2.5,117.5,28,622.0800170898438,621.885009765625,622.1525115966797
P2,2.5,118.5,42,621.9349975585938,621.8699951171875,622.0474853515625
P2,2.5,119.5,49,621.8900146484375,621.6900024414062,622.0399780273438
P2,2.5,120.5,92,622.0449829101562,621.75,622.1724853515625
P2,2.5,121.5,53,621.9099731445312,621.7100219726562,622.1099853515625
P2,2.5,122.5,50,622.260009765625,622.1925048828125,622.5700225830078
P2,2.5,123.5,39,622.5599975585938,622.4249877929688,622.7200012207031
P2,2.5,124.5,19,622.7100219726562,622.5950012207031,622.8049926757812
P2,2.5,125.5,19,624.22998046875,624.0799865722656,624.4199829101562
P2,2.5,126.5,20,624.4449462890625,624.2274932861328,624.5449829101562
P2,2.5,127.5,9,626.219970703125,626.1099853515625,626.3599853515625
P2,2.5,128.5,14,627.6900024414062,627.5325164794922,627.7750244140625
P2,2.5,129.5,83,627.77001953125,627.5450134277344,627.9550170898438
P2,2.5,130.5,66,627.8599853515625,627.6699829101562,628.0700073242188
P2,2.5,131.5,103,628.280029296875,628.1999816894531,628.3400268554688
P2,2.5,132.5,83,628.2999877929688,628.2249755859375,628.3699951171875
P2,2.5,133.5,49,628.4099731445312,628.3499755859375,628.4600219726562
P2,2.5,134.5,35,628.469970703125,628.4349975585938,628.52001953125
P2,2.5,135.5,36,628.530029296875,628.489990234375,628.5700073242188
P2,2.5,136.5,47,628.5999755859375,628.5350036621094,628.719970703125
P2,2.5,137.5,35,628.5700073242188,628.5399780273438,628.6900024414062
P2,2.5,138.5,25,628.7100219726562,628.5999755859375,628.8099975585938
P2,2.5,139.5,39,628.6500244140625,628.614990234375,628.7000122070312
P2,2.5,140.5,42,628.7149658203125,628.6699829101562,628.7575073242188
P2,2.5,141.5,40,628.7899780273438,628.7474975585938,628.9000244140625
P2,2.5,142.5,60,628.8400268554688,628.7999877929688,628.8699951171875
P2,2.5,143.5,60,628.9099731445312,628.8800048828125,628.9400024414062
P2,2.5,144.5,23,629.02001953125,628.989990234375,629.0499877929688
P2,2.5,145.5,0,,,
P2,2.5,146.5,0,,,
P2,2.5,147.5,0,,,
P2,2.5,148.5,0,,,
P2,2.5,149.5,0,,,
P2,2.5,150.5,0,,,
P2,2.5,151.5,0,,,
P2,2.5,152.5,0,,,
P2,2.5,153.5,0,,,
P2,2.5,154.5,0,,,
P2,2.5,155.5,0,,,
P2,2.5,156.5,0,,,
P2,2.5,157.5,0,,,
P2,2.5,158.5,0,,,
P2,2.5,159.5,0,,,
P2,2.5,160.5,0,,,
P2,2.5,161.5,0,,,
P2,2.5,162.5,0,,,
P2,2.5,163.5,0,,,
P2,2.5,164.5,0,,,
P2,2.5,165.5,0,,,
P2,2.5,166.5,0,,,
P2,2.5,167.5,4,630.0900268554688,630.0900268554688,630.0900268554688
P2,2.5,168.5,0,,,
P2,2.5,169.5,0,,,
P2,2.5,170.5,0,,,
P2,2.5,171.5,0,,,
P2,2.5,172.5,0,,,
P2,2.5,173.5,0,,,
P2,2.5,174.5,0,,,
P2,2.5,175.5,0,,,
P2,2.5,176.5,0,,,
P2,2.5,177.5,0,,,
P2,2.5,178.5,0,,,
P2,2.5,179.5,0,,,
P2,5.0,0.5,23,607.22998046875,607.2100219726562,607.2550048828125
P2,5.0,1.5,17,607.239990234375,607.219970703125,607.25
P2,5.0,2.5,7,607.25,607.2349853515625,607.260009765625
P2,5.0,3.5,4,607.2349853515625,607.2274780273438,607.3349914550781
P2,5.0,4.5,1,,,
P2,5.0,5.5,3,607.5,607.489990234375,607.510009765625
P2,5.0,6.5,2,,,
P2,5.0,7.5,1,,,
P2,5.0,8.5,0,,,
P2,5.0,9.5,1,,,
P2,5.0,10.5,38,610.375,610.2249755859375,610.5175170898438
P2,5.0,11.5,129,610.3300170898438,610.1099853515625,610.4099731445312
P2,5.0,12.5,155,610.260009765625,610.0399780273438,610.4349975585938
P2,5.0,13.5,139,610.219970703125,609.8800048828125,610.3200073242188
P2,5.0,14.5,135,610.3599853515625,610.0400085449219,610.489990234375
P2,5.0,15.5,154,610.25,610.0050048828125,610.4000244140625
P2,5.0,16.5,177,610.2100219726562,609.989990234375,610.3499755859375
P2,5.0,17.5,177,610.3599853515625,610.1300048828125,610.4600219726562
P2,5.0,18.5,193,610.0999755859375,609.719970703125,610.3200073242188
P2,5.0,19.5,80,610.3350219726562,610.1425170898438,610.4400024414062
P2,5.0,20.5,74,610.2550048828125,610.10498046875,610.4000244140625
P2,5.0,21.5,27,610.2999877929688,610.0850219726562,610.3500061035156
P2,5.0,22.5,4,610.6650390625,610.6200103759766,610.7200164794922
P2,5.0,23.5,15,610.6400146484375,610.5499877929688,610.7149963378906
P2,5.0,24.5,51,610.6199951171875,610.5999755859375,610.6500244140625
P2,5.0,25.5,60,610.6300048828125,610.6199951171875,610.6500244140625
P2,5.0,26.5,66,610.6900024414062,610.6699829101562,610.7174835205078
P2,5.0,27.5,47,610.77001953125,610.719970703125,610.8350219726562
P2,5.0,28.5,44,610.719970703125,610.6900024414062,610.8099975585938
P2,5.0,29.5,26,610.7050170898438,610.6900024414062,610.7374877929688
P2,5.0,30.5,8,610.864990234375,610.8499755859375,610.8724975585938
P2,5.0,31.5,25,610.9099731445312,610.8499755859375,610.9500122070312
P2,5.0,32.5,63,610.72998046875,610.6549987792969,610.8499755859375
P2,5.0,33.5,35,610.6099853515625,610.5800170898438,610.6500244140625
P2,5.0,34.5,0,,,
P2,5.0,35.5,0,,,
P2,5.0,36.5,0,,,
P2,5.0,37.5,0,,,
P2,5.0,38.5,0,,,
P2,5.0,39.5,0,,,
P2,5.0,40.5,0,,,
P2,5.0,41.5,0,,,
P2,5.0,42.5,1,,,
P2,5.0,43.5,93,610.489990234375,610.25,610.9099731445312
P2,5.0,44.5,174,610.760009765625,610.4000244140625,611.1524810791016
P2,5.0,45.5,70,610.5150146484375,610.1099853515625,610.8900146484375
P2,5.0,46.5,32,610.344970703125,610.2000122070312,610.6500244140625
P2,5.0,47.5,41,610.7100219726562,610.4500122070312,612.75
P2,5.0,48.5,61,612.77001953125,610.9000244140625,612.9199829101562
P2,5.0,49.5,100,612.989990234375,612.5449829101562,613.22998046875
P2,5.0,50.5,143,613.1900024414062,612.0950012207031,613.3300170898438
P2,5.0,51.5,156,613.0999755859375,612.0125122070312,613.2550048828125
P2,5.0,52.5,198,613.1900024414062,613.08251953125,613.2999877929688
P2,5.0,53.5,188,613.1900024414062,612.6375122070312,613.3300170898438
P2,5.0,54.5,150,613.2650146484375,613.0499877929688,613.4099731445312
P2,5.0,55.5,148,613.385009765625,613.2000122070312,613.4824829101562
P2,5.0,56.5,233,613.239990234375,613.0399780273438,613.4500122070312
P2,5.0,57.5,239,613.1199951171875,612.9199829101562,613.3099975585938
P2,5.0,58.5,165,613.010009765625,612.8300170898438,613.2999877929688
P2,5.0,59.5,176,612.780029296875,612.6599731445312,613.1425170898438
P2,5.0,60.5,230,612.760009765625,612.5700073242188,613.0900268554688
P2,5.0,61.5,97,613.0599975585938,612.6199951171875,613.239990234375
P2,5.0,62.5,55,612.9400024414062,612.4849853515625,613.1699829101562
P2,5.0,63.5,42,613.6400146484375,613.16748046875,614.0549926757812
P2,5.0,64.5,16,614.7050170898438,614.4850006103516,615.1849975585938
P2,5.0,65.5,5,615.72998046875,615.6300048828125,615.7999877929688
P2,5.0,66.5,4,619.1900024414062,619.0999908447266,619.2875213623047
P2,5.0,67.5,0,,,
P2,5.0,68.5,0,,,
P2,5.0,69.5,0,,,
P2,5.0,70.5,0,,,
P2,5.0,71.5,0,,,
P2,5.0,72.5,3,620.6300048828125,620.5800170898438,620.7449951171875
P2,5.0,73.5,12,620.8150024414062,619.4099731445312,620.8524780273438
P2,5.0,74.5,16,620.64501953125,620.1749877929688,620.9824829101562
P2,5.0,75.5,23,621.0599975585938,620.4349975585938,621.4549865722656
P2,5.0,76.5,20,621.6799926757812,621.5800170898438,621.780029296875
P2,5.0,77.5,6,621.375,621.3499755859375,621.9249877929688
P2,5.0,78.5,18,622.02001953125,621.7975006103516,622.1275024414062
P2,5.0,79.5,21,622.2899780273438,622.1799926757812,622.5599975585938
P2,5.0,80.5,24,622.8250122070312,621.5100250244141,623.0
P2,5.0,81.5,52,623.530029296875,621.447509765625,624.41748046875
P2,5.0,82.5,126,620.875,620.0999755859375,624.0700073242188
P2,5.0,83.5,142,620.4949951171875,618.9625091552734,624.1325073242188
P2,5.0,84.5,129,619.989990234375,618.9000244140625,624.760009765625
P2,5.0,85.5,164,619.6199951171875,619.0,620.6749877929688
P2,5.0,86.5,150,619.6799926757812,619.0900268554688,624.9099731445312
P2,5.0,87.5,138,620.260009765625,619.3624877929688,625.030029296875
P2,5.0,88.5,99,619.739990234375,619.2999877929688,625.239990234375
P2,5.0,89.5,83,625.25,619.3500061035156,625.4000244140625
P2,5.0,90.5,106,625.4000244140625,619.989990234375,625.5800170898438
P2,5.0,91.5,76,625.27001953125,620.9975128173828,625.5
P2,5.0,92.5,70,621.9649658203125,621.4425048828125,625.2675170898438
P2,5.0,93.5,28,622.9749755859375,622.635009765625,625.5375213623047
P2,5.0,94.5,25,625.7999877929688,625.739990234375,625.8499755859375
P2,5.0,95.5,32,625.6799926757812,625.6500244140625,625.77001953125
P2,5.0,96.5,16,625.5850219726562,625.3675079345703,625.7150115966797
P2,5.0,97.5,24,625.5050048828125,625.3875122070312,625.5950164794922
P2,5.0,98.5,21,625.8599853515625,625.77001953125,625.9500122070312
P2,5.0,99.5,21,625.6199951171875,625.6099853515625,626.0599975585938
P2,5.0,100.5,0,,,
P2,5.0,101.5,30,626.0599975585938,625.9324951171875,626.1400146484375
P2,5.0,102.5,30,626.2850341796875,626.239990234375,626.3099975585938
P2,5.0,103.5,10,621.2249755859375,621.1374969482422,626.2324981689453
P2,5.0,104.5,0,,,
P2,5.0,105.5,0,,,
P2,5.0,106.5,0,,,
P2,5.0,107.5,0,,,
P2,5.0,108.5,0,,,
P2,5.0,109.5,0,,,
P2,5.0,110.5,0,,,
P2,5.0,111.5,0,,,
P2,5.0,112.5,0,,,
P2,5.0,113.5,0,,,
P2,5.0,114.5,19,624.0700073242188,624.0150146484375,624.3049926757812
P2,5.0,115.5,45,624.0499877929688,623.8800048828125,624.1400146484375
P2,5.0,116.5,39,623.9199829101562,623.7050170898438,624.0900268554688
P2,5.0,117.5,52,622.22998046875,622.0625,623.5275115966797
P2,5.0,118.5,86,622.1799926757812,621.9400024414062,623.4949951171875
P2,5.0,119.5,78,622.0650024414062,621.8674926757812,622.4599914550781
P2,5.0,120.5,121,622.0800170898438,621.7999877929688,622.25
P2,5.0,121.5,105,621.739990234375,621.47998046875,622.1099853515625
P2,5.0,122.5,140,622.2449951171875,621.989990234375,624.3125
P2,5.0,123.5,116,622.5499877929688,622.3599853515625,624.7025146484375
P2,5.0,124.5,87,622.8099975585938,622.5750122070312,625.1849975585938
P2,5.0,125.5,41,625.3200073242188,624.22998046875,625.719970703125
P2,5.0,126.5,48,626.1300048828125,624.4874877929688,626.5149993896484
P2,5.0,127.5,16,626.4400024414062,626.2024841308594,627.030029296875
P2,5.0,128.5,14,627.6900024414062,627.5325164794922,627.7750244140625
P2,5.0,129.5,85,627.72998046875,627.530029296875,627.9500122070312
P2,5.0,130.5,86,627.760009765625,627.5499877929688,628.02001953125
P2,5.0,131.5,151,628.22998046875,627.885009765625,628.3099975585938
P2,5.0,132.5,140,628.2249755859375,628.0,628.33251953125
P2,5.0,133.5,117,628.3400268554688,628.2000122070312,628.4199829101562
P2,5.0,134.5,60,628.4450073242188,628.4000244140625,628.4824829101562
P2,5.0,135.5,45,628.5,628.4600219726562,628.5599975585938
P2,5.0,136.5,66,628.5449829101562,628.3900146484375,628.6599731445312
P2,5.0,137.5,68,628.5150146484375,628.447509765625,628.5700073242188
P2,5.0,138.5,58,628.5599975585938,628.4924926757812,628.6699981689453
P2,5.0,139.5,69,628.6099853515625,628.52001953125,628.6500244140625
P2,5.0,140.5,59,628.6799926757812,628.5150146484375,628.7349853515625
P2,5.0,141.5,73,628.72998046875,628.5599975585938,628.8099975585938
P2,5.0,142.5,93,628.7999877929688,628.5800170898438,628.8499755859375
P2,5.0,143.5,71,628.9099731445312,628.8800048828125,628.9500122070312
P2,5.0,144.5,37,629.02001953125,628.989990234375,629.0399780273438
P2,5.0,145.5,0,,,
P2,5.0,146.5,0,,,
P2,5.0,147.5,0,,,
P2,5.0,148.5,0,,,
P2,5.0,149.5,0,,,
P2,5.0,150.5,0,,,
P2,5.0,151.5,2,,,
P2,5.0,152.5,9,629.9299926757812,629.9099731445312,629.9500122070312
P2,5.0,153.5,3,629.989990234375,629.9750061035156,630.0050048828125
P2,5.0,154.5,0,,,
P2,5.0,155.5,0,,,
P2,5.0,156.5,0,,,
P2,5.0,157.5,0,,,
P2,5.0,158.5,0,,,
P2,5.0,159.5,0,,,
P2,5.0,160.5,7,630.3699951171875,630.2599792480469,630.4099731445312
P2,5.0,161.5,8,630.469970703125,630.385009765625,630.4849853515625
P2,5.0,162.5,0,,,
P2,5.0,163.5,0,,,
P2,5.0,164.5,0,,,
P2,5.0,165.5,2,,,
P2,5.0,166.5,10,630.1849975585938,630.0774993896484,630.2100219726562
P2,5.0,167.5,15,630.0900268554688,629.8999938964844,630.25
P2,5.0,168.5,0,,,
P2,5.0,169.5,0,,,
P2,5.0,170.5,0,,,
P2,5.0,171.5,0,,,
P2,5.0,172.5,0,,,
P2,5.0,173.5,0,,,
P2,5.0,174.5,0,,,
P2,5.0,175.5,12,623.0750122070312,622.9400024414062,623.3599853515625
P2,5.0,176.5,53,623.1099853515625,623.0499877929688,623.22998046875
P2,5.0,177.5,36,623.0150146484375,622.9375152587891,623.0774993896484
P2,5.0,178.5,37,622.8599853515625,622.780029296875,622.9099731445312
P2,5.0,179.5,44,622.97998046875,622.8724975585938,623.030029296875
P2,7.5,0.5,76,607.239990234375,607.2100219726562,607.2625122070312
P2,7.5,1.5,69,607.25,607.22998046875,607.280029296875
P2,7.5,2.5,61,607.2899780273438,607.260009765625,607.3200073242188
P2,7.5,3.5,56,607.2949829101562,607.260009765625,607.33251953125
P2,7.5,4.5,46,607.3099975585938,607.2825164794922,607.3499755859375
P2,7.5,5.5,47,607.3300170898438,607.3049926757812,607.3800048828125
P2,7.5,6.5,41,607.3200073242188,607.2999877929688,607.3699951171875
P2,7.5,7.5,38,607.3400268554688,607.3200073242188,607.3574829101562
P2,7.5,8.5,27,607.3699951171875,607.3499755859375,607.3900146484375
P2,7.5,9.5,18,607.4149780273438,607.4000244140625,607.4299926757812
P2,7.5,10.5,53,610.280029296875,607.4600219726562,610.489990234375
P2,7.5,11.5,179,610.3599853515625,610.1600036621094,610.4500122070312
P2,7.5,12.5,211,610.3200073242188,610.1099853515625,610.4400024414062
P2,7.5,13.5,187,610.2899780273438,609.9649963378906,610.489990234375
P2,7.5,14.5,165,610.4199829101562,610.2000122070312,610.6400146484375
P2,7.5,15.5,190,610.3300170898438,610.0599975585938,610.5875244140625
P2,7.5,16.5,207,610.260009765625,610.02001953125,610.4199829101562
P2,7.5,17.5,194,610.375,610.1425170898438,610.510009765625
P2,7.5,18.5,237,610.219970703125,609.7999877929688,610.5
P2,7.5,19.5,114,610.4299926757812,610.2374877929688,610.510009765625
P2,7.5,20.5,92,610.3250122070312,610.1400146484375,610.4299926757812
P2,7.5,21.5,36,610.2650146484375,610.0075073242188,610.3624877929688
P2,7.5,22.5,6,610.7149658203125,610.6475067138672,610.7675170898438
P2,7.5,23.5,15,610.6400146484375,610.5499877929688,610.7149963378906
P2,7.5,24.5,51,610.6199951171875,610.5999755859375,610.6500244140625
P2,7.5,25.5,60,610.6300048828125,610.6199951171875,610.6500244140625
P2,7.5,26.5,67,610.6900024414062,610.6699829101562,610.719970703125
P2,7.5,27.5,52,610.77001953125,610.719970703125,610.8300170898438
P2,7.5,28.5,48,610.719970703125,610.697509765625,610.802490234375
P2,7.5,29.5,26,610.7050170898438,610.6900024414062,610.7374877929688
P2,7.5,30.5,8,610.864990234375,610.8499755859375,610.8724975585938
P2,7.5,31.5,25,610.9099731445312,610.8499755859375,610.9500122070312
P2,7.5,32.5,63,610.72998046875,610.6549987792969,610.8499755859375
P2,7.5,33.5,35,610.6099853515625,610.5800170898438,610.6500244140625
P2,7.5,34.5,0,,,
P2,7.5,35.5,0,,,
P2,7.5,36.5,0,,,
P2,7.5,37.5,0,,,
P2,7.5,38.5,0,,,
P2,7.5,39.5,0,,,
P2,7.5,40.5,0,,,
P2,7.5,41.5,0,,,
P2,7.5,42.5,1,,,
P2,7.5,43.5,97,610.510009765625,610.260009765625,610.9000244140625
P2,7.5,44.5,211,610.6699829101562,610.4099731445312,611.0900268554688
P2,7.5,45.5,87,610.4099731445312,609.9450073242188,610.85498046875
P2,7.5,46.5,69,610.0700073242188,610.010009765625,610.3099975585938
P2,7.5,47.5,97,610.3099975585938,610.1799926757812,610.719970703125
P2,7.5,48.5,162,612.75,610.5025024414062,613.0474853515625
P2,7.5,49.5,202,612.8900146484375,610.7474975585938,613.02001953125
P2,7.5,50.5,251,612.9199829101562,611.1150207519531,613.219970703125
P2,7.5,51.5,264,612.9099731445312,611.4375,613.1400146484375
P2,7.5,52.5,318,613.0350341796875,611.7324829101562,613.2675170898438
P2,7.5,53.5,296,612.9550170898438,612.010009765625,613.260009765625
P2,7.5,54.5,279,613.0,611.9849853515625,613.2949829101562
P2,7.5,55.5,274,613.2000122070312,612.1249847412109,613.4099731445312
P2,7.5,56.5,355,613.2000122070312,612.760009765625,613.4500122070312
P2,7.5,57.5,384,613.1199951171875,612.8300170898438,613.4025115966797
P2,7.5,58.5,307,613.0399780273438,612.6849975585938,613.875
P2,7.5,59.5,295,612.760009765625,612.5350036621094,613.5700073242188
P2,7.5,60.5,352,612.760009765625,612.5175170898438,613.3450164794922
P2,7.5,61.5,227,613.1699829101562,612.1849975585938,614.9649963378906
P2,7.5,62.5,249,615.1799926757812,612.22998046875,616.1599731445312
P2,7.5,63.5,184,614.1500244140625,612.5374908447266,617.8624877929688
P2,7.5,64.5,127,614.9099731445312,612.6849975585938,619.1050109863281
P2,7.5,65.5,104,615.5800170898438,612.9525146484375,619.969970703125
P2,7.5,66.5,107,615.739990234375,613.1800231933594,620.635009765625
P2,7.5,67.5,113,621.25,616.0399780273438,621.9299926757812
P2,7.5,68.5,117,621.9600219726562,621.1400146484375,622.6599731445312
P2,7.5,69.5,92,622.7650146484375,622.0500183105469,623.4075164794922
P2,7.5,70.5,99,622.760009765625,616.2850036621094,623.6849975585938
P2,7.5,71.5,120,622.6099853515625,621.4299774169922,623.8425140380859
P2,7.5,72.5,160,622.1749877929688,621.08251953125,623.4625091552734
P2,7.5,73.5,148,621.6099853515625,620.8175048828125,622.5950164794922
P2,7.5,74.5,88,621.030029296875,620.8549957275391,621.3825073242188
P2,7.5,75.5,104,621.469970703125,621.1074829101562,621.9849853515625
P2,7.5,76.5,124,621.969970703125,621.66748046875,623.0399780273438
P2,7.5,77.5,105,622.5499877929688,622.1799926757812,623.260009765625
P2,7.5,78.5,50,624.375,622.1224975585938,624.45751953125
P2,7.5,79.5,56,624.5150146484375,622.5449981689453,624.58251953125
P2,7.5,80.5,78,624.594970703125,623.02001953125,624.7550048828125
P2,7.5,81.5,110,624.5449829101562,623.0825042724609,624.70751953125
P2,7.5,82.5,180,623.8699951171875,620.3900146484375,624.7424926757812
P2,7.5,83.5,195,623.97998046875,619.8650207519531,624.8200073242188
P2,7.5,84.5,179,624.6599731445312,619.2850036621094,624.9749755859375
P2,7.5,85.5,214,620.2999877929688,619.2750091552734,624.8599853515625
P2,7.5,86.5,206,621.0050048828125,619.219970703125,625.0599975585938
P2,7.5,87.5,187,624.9400024414062,619.75,625.1549987792969
P2,7.5,88.5,187,625.02001953125,619.3300170898438,625.2149963378906
P2,7.5,89.5,167,625.2000122070312,619.3099975585938,625.2999877929688
P2,7.5,90.5,198,625.2899780273438,619.6900024414062,625.469970703125
P2,7.5,91.5,207,621.1300048828125,619.2449951171875,625.4199829101562
P2,7.5,92.5,201,621.469970703125,619.4400024414062,625.3699951171875
P2,7.5,93.5,206,621.0599975585938,619.9575042724609,625.4600219726562
P2,7.5,94.5,97,625.6699829101562,621.9500122070312,625.780029296875
P2,7.5,95.5,82,625.6500244140625,625.572509765625,625.697509765625
P2,7.5,96.5,68,625.4500122070312,625.3800048828125,625.552490234375
P2,7.5,97.5,89,625.6199951171875,625.489990234375,625.7000122070312
P2,7.5,98.5,81,625.6799926757812,625.6099853515625,625.780029296875
P2,7.5,99.5,38,625.6300048828125,625.5449829101562,625.7149810791016
P2,7.5,100.5,8,625.7050170898438,625.6900024414062,625.7750091552734
P2,7.5,101.5,84,625.8900146484375,625.7899780273438,626.04248046875
P2,7.5,102.5,101,626.0999755859375,625.97998046875,626.260009765625
P2,7.5,103.5,125,621.1900024414062,620.3800048828125,626.0999755859375
P2,7.5,104.5,47,626.2999877929688,620.6050109863281,626.3499755859375
P2,7.5,105.5,28,626.4600219726562,626.3999786376953,626.5125122070312
P2,7.5,106.5,26,626.3599853515625,626.2624969482422,626.4674835205078
P2,7.5,107.5,8,626.875,626.4275054931641,627.0649871826172
P2,7.5,108.5,0,,,
P2,7.5,109.5,0,,,
P2,7.5,110.5,17,619.9400024414062,619.6799926757812,620.4000244140625
P2,7.5,111.5,9,620.3800048828125,620.3200073242188,620.4600219726562
P2,7.5,112.5,0,,,
P2,7.5,113.5,0,,,
P2,7.5,114.5,19,624.0700073242188,624.0150146484375,624.3049926757812
P2,7.5,115.5,53,624.0900268554688,623.9000244140625,624.3200073242188
P2,7.5,116.5,84,624.1749877929688,623.9649810791016,624.572509765625
P2,7.5,117.5,90,623.5899658203125,622.1950073242188,624.0700073242188
P2,7.5,118.5,114,622.594970703125,622.0,623.947509765625
P2,7.5,119.5,96,622.1500244140625,621.8900146484375,623.8400268554688
P2,7.5,120.5,156,622.1400146484375,621.7474975585938,624.0400085449219
P2,7.5,121.5,131,621.7100219726562,621.3699951171875,622.135009765625
P2,7.5,122.5,177,622.260009765625,621.9600219726562,624.4400024414062
P2,7.5,123.5,128,622.5250244140625,622.3400268554688,624.7025146484375
P2,7.5,124.5,89,622.8200073242188,622.5800170898438,625.2000122070312
P2,7.5,125.5,41,625.3200073242188,624.22998046875,625.719970703125
P2,7.5,126.5,48,626.1300048828125,624.4874877929688,626.5149993896484
P2,7.5,127.5,16,626.4400024414062,626.2024841308594,627.030029296875
P2,7.5,128.5,14,627.6900024414062,627.5325164794922,627.7750244140625
P2,7.5,129.5,87,627.719970703125,627.52001953125,627.9450073242188
P2,7.5,130.5,86,627.760009765625,627.5499877929688,628.02001953125
P2,7.5,131.5,163,628.1400146484375,627.8599853515625,628.3049926757812
P2,7.5,132.5,166,628.1950073242188,628.0125122070312,628.3275146484375
P2,7.5,133.5,174,628.2949829101562,628.2000122070312,628.3900146484375
P2,7.5,134.5,108,628.3499755859375,628.25,628.4500122070312
P2,7.5,135.5,96,628.3300170898438,628.260009765625,628.5
P2,7.5,136.5,118,628.364990234375,628.260009765625,628.5599975585938
P2,7.5,137.5,113,628.4299926757812,628.280029296875,628.530029296875
P2,7.5,138.5,103,628.4600219726562,628.3599853515625,628.5650024414062
P2,7.5,139.5,127,628.4600219726562,628.4000244140625,628.6099853515625
P2,7.5,140.5,102,628.47998046875,628.2575073242188,628.6900024414062
P2,7.5,141.5,120,628.530029296875,628.2650146484375,628.7424926757812
P2,7.5,142.5,135,628.6099853515625,628.47998046875,628.8300170898438
P2,7.5,143.5,85,628.9000244140625,628.8599853515625,628.9500122070312
P2,7.5,144.5,37,629.02001953125,628.989990234375,629.0399780273438
P2,7.5,145.5,0,,,
P2,7.5,146.5,0,,,
P2,7.5,147.5,0,,,
P2,7.5,148.5,0,,,
P2,7.5,149.5,0,,,
P2,7.5,150.5,0,,,
P2,7.5,151.5,4,629.9299926757812,629.9124908447266,629.9450073242188
P2,7.5,152.5,16,629.9299926757812,629.89501953125,629.9525146484375
P2,7.5,153.5,4,629.9849853515625,629.9749908447266,629.9974975585938
P2,7.5,154.5,0,,,
P2,7.5,155.5,0,,,
P2,7.5,156.5,0,,,
P2,7.5,157.5,0,,,
P2,7.5,158.5,0,,,
P2,7.5,159.5,0,,,
P2,7.5,160.5,7,630.3699951171875,630.2599792480469,630.4099731445312
P2,7.5,161.5,12,630.4749755859375,630.385009765625,630.5325012207031
P2,7.5,162.5,0,,,
P2,7.5,163.5,3,630.469970703125,630.4599914550781,630.4849853515625
P2,7.5,164.5,5,630.5599975585938,630.22998046875,630.6300048828125
P2,7.5,165.5,14,630.4649658203125,630.3375091552734,630.5
P2,7.5,166.5,47,630.0700073242188,629.8699951171875,630.2050170898438
P2,7.5,167.5,15,630.0900268554688,629.8999938964844,630.25
P2,7.5,168.5,0,,,
P2,7.5,169.5,0,,,
P2,7.5,170.5,0,,,
P2,7.5,171.5,5,628.3499755859375,628.3400268554688,628.3499755859375
P2,7.5,172.5,0,,,
P2,7.5,173.5,0,,,
P2,7.5,174.5,0,,,
P2,7.5,175.5,12,623.0750122070312,622.9400024414062,623.3599853515625
P2,7.5,176.5,54,623.1199951171875,623.0499877929688,623.22998046875
P2,7.5,177.5,55,623.0700073242188,622.9949951171875,623.280029296875
P2,7.5,178.5,76,623.1500244140625,622.8674926757812,623.2725219726562
P2,7.5,179.5,82,623.1600341796875,622.9724731445312,623.3200073242188
P3,2.5,0.5,0,,,
P3,2.5,1.5,0,,,
P3,2.5,2.5,0,,,
P3,2.5,3.5,0,,,
P3,2.5,4.5,0,,,
P3,2.5,5.5,0,,,
P3,2.5,6.5,0,,,
P3,2.5,7.5,0,,,
P3,2.5,8.5,0,,,
P3,2.5,9.5,0,,,
P3,2.5,10.5,0,,,
P3,2.5,11.5,0,,,
P3,2.5,12.5,0,,,
P3,2.5,13.5,0,,,
P3,2.5,14.5,0,,,
P3,2.5,15.5,0,,,
P3,2.5,16.5,0,,,
P3,2.5,17.5,0,,,
P3,2.5,18.5,0,,,
P3,2.5,19.5,0,,,
P3,2.5,20.5,0,,,
P3,2.5,21.5,0,,,
P3,2.5,22.5,0,,,
P3,2.5,23.5,0,,,
P3,2.5,24.5,0,,,
P3,2.5,25.5,9,608.1199951171875,608.0999755859375,608.1400146484375
P3,2.5,26.5,16,608.135009765625,608.1300048828125,608.1699829101562
P3,2.5,27.5,24,608.219970703125,608.1900024414062,608.22998046875
P3,2.5,28.5,33,608.22998046875,608.2100219726562,608.25
P3,2.5,29.5,39,608.260009765625,608.239990234375,608.280029296875
P3,2.5,30.5,52,608.2899780273438,608.2775268554688,608.3099975585938
P3,2.5,31.5,39,608.3499755859375,608.3300170898438,608.3699951171875
P3,2.5,32.5,58,608.4099731445312,608.3900146484375,608.4299926757812
P3,2.5,33.5,72,608.4450073242188,608.4299926757812,608.4600219726562
P3,2.5,34.5,87,608.47998046875,608.4600219726562,608.489990234375
P3,2.5,35.5,97,608.52001953125,608.5,608.530029296875
P3,2.5,36.5,104,608.5700073242188,608.5499877929688,608.5800170898438
P3,2.5,37.5,102,608.6199951171875,608.5999755859375,608.6400146484375
P3,2.5,38.5,95,608.6599731445312,608.6400146484375,608.6799926757812
P3,2.5,39.5,79,608.719970703125,608.6900024414062,608.739990234375
P3,2.5,40.5,66,608.760009765625,608.72998046875,608.780029296875
P3,2.5,41.5,58,608.8099975585938,608.7899780273438,608.8300170898438
P3,2.5,42.5,48,608.864990234375,608.8499755859375,608.8825073242188
P3,2.5,43.5,31,608.8900146484375,608.8800048828125,608.9099731445312
P3,2.5,44.5,22,608.9199829101562,608.9099731445312,608.947509765625
P3,2.5,45.5,12,608.9849853515625,608.9600219726562,609.0025024414062
P3,2.5,46.5,1,,,
P3,2.5,47.5,0,,,
P3,2.5,48.5,0,,,
P3,2.5,49.5,0,,,
P3,2.5,50.5,0,,,
P3,2.5,51.5,0,,,
P3,2.5,52.5,0,,,
P3,2.5,53.5,0,,,
P3,2.5,54.5,1,,,
P3,2.5,55.5,29,610.02001953125,609.969970703125,610.1500244140625
P3,2.5,56.5,61,610.5,610.22998046875,610.5900268554688
P3,2.5,57.5,92,610.5700073242188,610.5275268554688,610.6824951171875
P3,2.5,58.5,104,610.6599731445312,610.5999755859375,610.77001953125
P3,2.5,59.5,101,610.7100219726562,610.6099853515625,610.7999877929688
P3,2.5,60.5,108,610.77001953125,610.6875,610.8624877929688
P3,2.5,61.5,101,610.7899780273438,610.7000122070312,610.9099731445312
P3,2.5,62.5,36,610.969970703125,610.8275146484375,611.0275115966797
P3,2.5,63.5,6,611.1099853515625,611.0800170898438,611.1400146484375
P3,2.5,64.5,0,,,
P3,2.5,65.5,0,,,
P3,2.5,66.5,0,,,
P3,2.5,67.5,0,,,
P3,2.5,68.5,0,,,
P3,2.5,69.5,7,614.1699829101562,614.1600036621094,614.1900024414062
P3,2.5,70.5,51,611.9400024414062,611.8099975585938,612.1099853515625
P3,2.5,71.5,78,611.8099975585938,611.760009765625,611.9649810791016
P3,2.5,72.5,86,611.844970703125,611.7725219726562,611.9949951171875
P3,2.5,73.5,31,612.0599975585938,611.9550170898438,612.1849975585938
P3,2.5,74.5,0,,,
P3,2.5,75.5,0,,,
P3,2.5,76.5,0,,,
P3,2.5,77.5,0,,,
P3,2.5,78.5,0,,,
P3,2.5,79.5,0,,,
P3,2.5,80.5,0,,,
P3,2.5,81.5,0,,,
P3,2.5,82.5,9,614.6500244140625,614.5999755859375,614.6900024414062
P3,2.5,83.5,11,614.4500122070312,614.3899841308594,614.5499877929688
P3,2.5,84.5,35,614.239990234375,614.0699768066406,614.4700012207031
P3,2.5,85.5,28,614.2099609375,614.030029296875,614.3649749755859
P3,2.5,86.5,28,614.3200073242188,614.2224884033203,614.489990234375
P3,2.5,87.5,31,614.1500244140625,614.0800170898438,614.4649963378906
P3,2.5,88.5,25,614.2100219726562,614.1900024414062,614.2899780273438
P3,2.5,89.5,40,614.39501953125,614.2000122070312,614.5275115966797
P3,2.5,90.5,30,614.5900268554688,614.5,614.6574859619141
P3,2.5,91.5,26,614.8400268554688,614.7725219726562,614.9749908447266
P3,2.5,92.5,0,,,
P3,2.5,93.5,2,,,
P3,2.5,94.5,38,614.7049560546875,614.4824829101562,615.0924835205078
P3,2.5,95.5,96,615.1199951171875,614.8775024414062,615.27001953125
P3,2.5,96.5,77,615.280029296875,615.1500244140625,615.3300170898438
P3,2.5,97.5,75,615.2100219726562,615.0700073242188,615.3300170898438
P3,2.5,98.5,64,615.1900024414062,615.1174926757812,615.3499755859375
P3,2.5,99.5,30,615.2850341796875,615.22998046875,615.3175048828125
P3,2.5,100.5,23,615.3900146484375,615.3599853515625,615.4649963378906
P3,2.5,101.5,17,615.6799926757812,615.5800170898438,615.8599853515625
P3,2.5,102.5,9,616.0,615.989990234375,616.030029296875
P3,2.5,103.5,1,,,
P3,2.5,104.5,0,,,
P3,2.5,105.5,2,,,
P3,2.5,106.5,0,,,
P3,2.5,107.5,0,,,
P3,2.5,108.5,0,,,
P3,2.5,109.5,0,,,
P3,2.5,110.5,0,,,
P3,2.5,111.5,0,,,
P3,2.5,112.5,1,,,
P3,2.5,113.5,1,,,
P3,2.5,114.5,16,618.6500244140625,618.5399780273438,618.7850189208984
P3,2.5,115.5,37,618.7899780273438,618.6099853515625,618.8699951171875
P3,2.5,116.5,5,618.8900146484375,618.8499755859375,619.0700073242188
P3,2.5,117.5,0,,,
P3,2.5,118.5,0,,,
P3,2.5,119.5,7,618.25,618.1649780273438,618.7050170898438
P3,2.5,120.5,45,618.4299926757812,618.3800048828125,618.6099853515625
P3,2.5,121.5,41,618.4199829101562,618.3599853515625,618.469970703125
P3,2.5,122.5,18,618.6099853515625,618.3824920654297,618.8074951171875
P3,2.5,123.5,30,619.5800170898438,619.3175048828125,619.66748046875
P3,2.5,124.5,30,620.6199951171875,620.4500122070312,620.70751953125
P3,2.5,125.5,8,620.6199951171875,620.3499755859375,620.927490234375
P3,2.5,126.5,17,620.239990234375,620.1300048828125,620.5499877929688
P3,2.5,127.5,52,620.375,620.1300048828125,620.5325164794922
P3,2.5,128.5,40,620.3900146484375,620.2374877929688,620.5999755859375
P3,2.5,129.5,15,620.469970703125,620.3800048828125,620.6099853515625
P3,2.5,130.5,0,,,
P3,2.5,131.5,0,,,
P3,2.5,132.5,0,,,
P3,2.5,133.5,0,,,
P3,2.5,134.5,0,,,
P3,2.5,135.5,5,619.719970703125,619.719970703125,619.719970703125
P3,2.5,136.5,22,619.9400024414062,619.8724975585938,620.0075073242188
P3,2.5,137.5,26,619.7650146484375,619.6550140380859,619.885009765625
P3,2.5,138.5,19,619.3800048828125,619.2899780273438,619.4400024414062
P3,2.5,139.5,36,619.4549560546875,619.3100128173828,619.5625
P3,2.5,140.5,0,,,
P3,2.5,141.5,0,,,
P3,2.5,142.5,0,,,
P3,2.5,143.5,0,,,
P3,2.5,144.5,0,,,
P3,2.5,145.5,0,,,
P3,2.5,146.5,0,,,
P3,2.5,147.5,0,,,
P3,2.5,148.5,0,,,
P3,2.5,149.5,0,,,
P3,2.5,150.5,0,,,
P3,2.5,151.5,0,,,
P3,2.5,152.5,0,,,
P3,2.5,153.5,0,,,
P3,2.5,154.5,0,,,
P3,2.5,155.5,0,,,
P3,2.5,156.5,0,,,
P3,2.5,157.5,0,,,
P3,2.5,158.5,0,,,
P3,2.5,159.5,15,629.77001953125,629.6799926757812,629.8399963378906
P3,2.5,160.5,14,629.9550170898438,629.9025115966797,629.9974975585938
P3,2.5,161.5,0,,,
P3,2.5,162.5,0,,,
P3,2.5,163.5,0,,,
P3,2.5,164.5,0,,,
P3,2.5,165.5,2,,,
P3,2.5,166.5,0,,,
P3,2.5,167.5,0,,,
P3,2.5,168.5,0,,,
P3,2.5,169.5,0,,,
P3,2.5,170.5,8,629.7899780273438,629.7474975585938,629.8049926757812
P3,2.5,171.5,79,629.8300170898438,629.6799926757812,629.8800048828125
P3,2.5,172.5,32,629.675048828125,629.3825073242188,629.8825073242188
P3,2.5,173.5,0,,,
P3,2.5,174.5,0,,,
P3,2.5,175.5,0,,,
P3,2.5,176.5,0,,,
P3,2.5,177.5,0,,,
P3,2.5,178.5,0,,,
P3,2.5,179.5,0,,,
P3,5.0,0.5,0,,,
P3,5.0,1.5,0,,,
P3,5.0,2.5,0,,,
P3,5.0,3.5,0,,,
P3,5.0,4.5,0,,,
P3,5.0,5.5,0,,,
P3,5.0,6.5,0,,,
P3,5.0,7.5,0,,,
P3,5.0,8.5,0,,,
P3,5.0,9.5,0,,,
P3,5.0,10.5,0,,,
P3,5.0,11.5,0,,,
P3,5.0,12.5,0,,,
P3,5.0,13.5,0,,,
P3,5.0,14.5,0,,,
P3,5.0,15.5,0,,,
P3,5.0,16.5,0,,,
P3,5.0,17.5,0,,,
P3,5.0,18.5,0,,,
P3,5.0,19.5,4,607.7550048828125,607.7449951171875,607.7675018310547
P3,5.0,20.5,13,607.8200073242188,607.7899780273438,607.8400268554688
P3,5.0,21.5,20,607.9249877929688,607.9099731445312,607.9324951171875
P3,5.0,22.5,30,607.9550170898438,607.9299926757812,608.0
P3,5.0,23.5,37,607.989990234375,607.9600219726562,608.010009765625
P3,5.0,24.5,64,608.0449829101562,608.010009765625,608.072509765625
P3,5.0,25.5,90,608.14501953125,608.0999755859375,608.9249877929688
P3,5.0,26.5,106,608.1900024414062,608.1599731445312,609.0349884033203
P3,5.0,27.5,75,608.2100219726562,608.1900024414062,608.22998046875
P3,5.0,28.5,93,608.239990234375,608.219970703125,608.25
P3,5.0,29.5,89,608.260009765625,608.239990234375,608.280029296875
P3,5.0,30.5,102,608.2899780273438,608.27001953125,608.3175048828125
P3,5.0,31.5,72,608.3400268554688,608.3200073242188,608.3599853515625
P3,5.0,32.5,96,608.4000244140625,608.3699951171875,608.4199829101562
P3,5.0,33.5,112,608.4400024414062,608.4199829101562,608.4600219726562
P3,5.0,34.5,125,608.469970703125,608.4600219726562,608.489990234375
P3,5.0,35.5,127,608.510009765625,608.489990234375,608.530029296875
P3,5.0,36.5,132,608.5700073242188,608.5499877929688,608.5800170898438
P3,5.0,37.5,118,608.6199951171875,608.5999755859375,608.6400146484375
P3,5.0,38.5,119,608.6699829101562,608.6400146484375,608.6900024414062
P3,5.0,39.5,113,608.72998046875,608.7100219726562,608.760009765625
P3,5.0,40.5,107,608.780029296875,608.75,608.7999877929688
P3,5.0,41.5,104,608.8200073242188,608.7899780273438,608.8400268554688
P3,5.0,42.5,103,608.8699951171875,608.8499755859375,608.8800048828125
P3,5.0,43.5,83,608.9099731445312,608.8900146484375,608.9400024414062
P3,5.0,44.5,89,608.97998046875,608.9400024414062,609.010009765625
P3,5.0,45.5,63,609.02001953125,608.989990234375,609.0499877929688
P3,5.0,46.5,53,609.0800170898438,609.0399780273438,609.0999755859375
P3,5.0,47.5,42,609.155029296875,609.1124877929688,609.1900024414062
P3,5.0,48.5,33,609.2100219726562,609.1900024414062,609.22998046875
P3,5.0,49.5,20,609.25,609.2149810791016,609.2750091552734
P3,5.0,50.5,4,609.3200073242188,609.2924957275391,609.33251953125
P3,5.0,51.5,0,,,
P3,5.0,52.5,0,,,
P3,5.0,53.5,0,,,
P3,5.0,54.5,1,,,
P3,5.0,55.5,44,610.02001953125,609.8025054931641,610.1099853515625
P3,5.0,56.5,107,610.510009765625,610.1799926757812,610.72998046875
P3,5.0,57.5,170,610.5900268554688,610.4249877929688,610.7999877929688
P3,5.0,58.5,199,610.6799926757812,610.4849853515625,610.8599853515625
P3,5.0,59.5,214,610.7100219726562,610.4625091552734,610.8574829101562
P3,5.0,60.5,209,610.77001953125,610.6099853515625,610.9299926757812
P3,5.0,61.5,214,610.780029296875,610.5999755859375,610.969970703125
P3,5.0,62.5,96,611.0499877929688,610.947509765625,611.1400146484375
P3,5.0,63.5,33,611.1400146484375,611.0999755859375,611.1799926757812
P3,5.0,64.5,0,,,
P3,5.0,65.5,0,,,
P3,5.0,66.5,0,,,
P3,5.0,67.5,12,614.0250244140625,613.9674835205078,614.0950164794922
P3,5.0,68.5,33,614.0,613.9600219726562,614.0599975585938
P3,5.0,69.5,53,613.9600219726562,613.8800048828125,614.0499877929688
P3,5.0,70.5,89,612.1199951171875,611.8599853515625,613.8499755859375
P3,5.0,71.5,180,612.0900268554688,611.8099975585938,613.4050140380859
P3,5.0,72.5,148,611.97998046875,611.8200073242188,612.1849975585938
P3,5.0,73.5,68,612.0850219726562,612.0075073242188,612.1900024414062
P3,5.0,74.5,8,612.1699829101562,612.1424865722656,612.2350158691406
P3,5.0,75.5,0,,,
P3,5.0,76.5,0,,,
P3,5.0,77.5,0,,,
P3,5.0,78.5,20,613.9599609375,613.2724914550781,614.1425170898438
P3,5.0,79.5,26,613.6799926757812,613.3599853515625,614.1625061035156
P3,5.0,80.5,10,614.3399658203125,614.08251953125,614.6825103759766
P3,5.0,81.5,16,614.6400146484375,614.5474853515625,614.6799926757812
P3,5.0,82.5,31,614.510009765625,614.4049987792969,614.6099853515625
P3,5.0,83.5,15,614.510009765625,614.3899841308594,614.5950012207031
P3,5.0,84.5,35,614.239990234375,614.0699768066406,614.4700012207031
P3,5.0,85.5,28,614.2099609375,614.030029296875,614.3649749755859
P3,5.0,86.5,28,614.3200073242188,614.2224884033203,614.489990234375
P3,5.0,87.5,46,614.2650146484375,614.1224975585938,614.4674835205078
P3,5.0,88.5,50,614.364990234375,614.2100219726562,614.5800170898438
P3,5.0,89.5,77,614.6900024414062,614.3900146484375,615.0599975585938
P3,5.0,90.5,52,614.6849975585938,614.5675048828125,615.2725219726562
P3,5.0,91.5,30,614.875,614.780029296875,615.0075073242188
P3,5.0,92.5,0,,,
P3,5.0,93.5,4,615.375,615.3600006103516,615.4000091552734
P3,5.0,94.5,45,614.6099853515625,614.27001953125,615.0399780273438
P3,5.0,95.5,102,615.1199951171875,614.8400115966797,615.2775268554688
P3,5.0,96.5,87,615.27001953125,615.1400146484375,615.3300170898438
P3,5.0,97.5,81,615.22998046875,615.0800170898438,615.3800048828125
P3,5.0,98.5,84,615.1400146484375,615.0374908447266,615.2825164794922
P3,5.0,99.5,97,614.9199829101562,614.1599731445312,615.219970703125
P3,5.0,100.5,96,615.1099853515625,614.4949951171875,615.3425140380859
P3,5.0,101.5,83,615.489990234375,614.85498046875,615.614990234375
P3,5.0,102.5,64,615.7099609375,615.4624786376953,615.9425048828125
P3,5.0,103.5,59,615.739990234375,615.3999938964844,616.0350036621094
P3,5.0,104.5,25,615.3400268554688,615.1500244140625,615.5999755859375
P3,5.0,105.5,18,616.385009765625,615.3574981689453,616.6099853515625
P3,5.0,106.5,0,,,
P3,5.0,107.5,0,,,
P3,5.0,108.5,0,,,
P3,5.0,109.5,0,,,
P3,5.0,110.5,0,,,
P3,5.0,111.5,0,,,
P3,5.0,112.5,6,621.010009765625,620.9949951171875,621.0175170898438
P3,5.0,113.5,15,621.2000122070312,620.9599914550781,621.375
P3,5.0,114.5,16,618.6500244140625,618.5399780273438,618.7850189208984
P3,5.0,115.5,37,618.7899780273438,618.6099853515625,618.8699951171875
P3,5.0,116.5,5,618.8900146484375,618.8499755859375,619.0700073242188
P3,5.0,117.5,2,,,
P3,5.0,118.5,5,619.280029296875,619.22998046875,619.280029296875
P3,5.0,119.5,10,618.4450073242188,618.1899871826172,618.7325134277344
P3,5.0,120.5,77,618.530029296875,618.3900146484375,618.8900146484375
P3,5.0,121.5,79,618.469970703125,618.39501953125,619.6050109863281
P3,5.0,122.5,53,619.469970703125,618.5999755859375,620.1699829101562
P3,5.0,123.5,54,619.5350341796875,619.33251953125,619.739990234375
P3,5.0,124.5,30,620.6199951171875,620.4500122070312,620.70751953125
P3,5.0,125.5,18,620.300048828125,620.0300140380859,620.7550048828125
P3,5.0,126.5,39,620.219970703125,620.1050109863281,620.864990234375
P3,5.0,127.5,88,620.4299926757812,620.1375122070312,620.7525024414062
P3,5.0,128.5,84,620.489990234375,620.2374877929688,620.8124847412109
P3,5.0,129.5,33,620.5800170898438,620.260009765625,620.7000122070312
P3,5.0,130.5,36,620.4500122070312,620.2525024414062,620.6599731445312
P3,5.0,131.5,16,619.8599853515625,619.7299957275391,620.3999938964844
P3,5.0,132.5,18,620.135009765625,620.072509765625,620.2550048828125
P3,5.0,133.5,2,,,
P3,5.0,134.5,0,,,
P3,5.0,135.5,5,619.719970703125,619.719970703125,619.719970703125
P3,5.0,136.5,52,619.85498046875,619.7775268554688,619.9625091552734
P3,5.0,137.5,100,619.5499877929688,619.427490234375,619.7625122070312
P3,5.0,138.5,74,619.3049926757812,619.1925048828125,619.4199829101562
P3,5.0,139.5,84,619.35498046875,619.27001953125,619.530029296875
P3,5.0,140.5,12,619.385009765625,619.3574829101562,619.4425048828125
P3,5.0,141.5,6,619.739990234375,619.739990234375,619.739990234375
P3,5.0,142.5,0,,,
P3,5.0,143.5,0,,,
P3,5.0,144.5,0,,,
P3,5.0,145.5,0,,,
P3,5.0,146.5,0,,,
P3,5.0,147.5,0,,,
P3,5.0,148.5,0,,,
P3,5.0,149.5,0,,,
P3,5.0,150.5,0,,,
P3,5.0,151.5,0,,,
P3,5.0,152.5,0,,,
P3,5.0,153.5,0,,,
P3,5.0,154.5,0,,,
P3,5.0,155.5,0,,,
P3,5.0,156.5,0,,,
P3,5.0,157.5,0,,,
P3,5.0,158.5,8,628.5899658203125,628.3099975585938,628.9199829101562
P3,5.0,159.5,59,629.2999877929688,629.2000122070312,629.5900268554688
P3,5.0,160.5,28,629.6700439453125,629.3499755859375,629.9525146484375
P3,5.0,161.5,0,,,
P3,5.0,162.5,0,,,
P3,5.0,163.5,0,,,
P3,5.0,164.5,0,,,
P3,5.0,165.5,2,,,
P3,5.0,166.5,4,630.2249755859375,630.2149810791016,630.2324829101562
P3,5.0,167.5,7,630.27001953125,630.2550048828125,630.2799987792969
P3,5.0,168.5,3,630.3599853515625,630.3599853515625,630.364990234375
P3,5.0,169.5,0,,,
P3,5.0,170.5,14,629.7550048828125,629.7249755859375,629.7899780273438
P3,5.0,171.5,106,629.7100219726562,629.5999755859375,629.8599853515625
P3,5.0,172.5,36,629.6099853515625,629.2949981689453,629.864990234375
P3,5.0,173.5,0,,,
P3,5.0,174.5,0,,,
P3,5.0,175.5,0,,,
P3,5.0,176.5,0,,,
P3,5.0,177.5,0,,,
P3,5.0,178.5,0,,,
P3,5.0,179.5,0,,,
P3,7.5,0.5,59,608.47998046875,608.10498046875,609.0050048828125
P3,7.5,1.5,50,607.85498046875,607.8200073242188,608.0800170898438
P3,7.5,2.5,44,607.8099975585938,607.77001953125,607.8499755859375
P3,7.5,3.5,36,607.8900146484375,607.8574829101562,608.0599975585938
P3,7.5,4.5,16,608.02001953125,607.9600219726562,608.072509765625
P3,7.5,5.5,0,,,
P3,7.5,6.5,0,,,
P3,7.5,7.5,0,,,
P3,7.5,8.5,7,610.0700073242188,610.0650024414062,610.1650085449219
P3,7.5,9.5,0,,,
P3,7.5,10.5,0,,,
P3,7.5,11.5,0,,,
P3,7.5,12.5,0,,,
P3,7.5,13.5,5,607.5700073242188,607.5599975585938,607.5800170898438
P3,7.5,14.5,12,607.625,607.6099853515625,607.6325073242188
P3,7.5,15.5,19,607.6599731445312,607.6400146484375,607.6699829101562
P3,7.5,16.5,26,607.6699829101562,607.6525115966797,607.6875
P3,7.5,17.5,36,607.6900024414062,607.677490234375,607.7100219726562
P3,7.5,18.5,46,607.75,607.72998046875,607.77001953125
P3,7.5,19.5,57,607.8099975585938,607.7899780273438,607.8300170898438
P3,7.5,20.5,63,607.8599853515625,607.8300170898438,607.8900146484375
P3,7.5,21.5,75,607.9299926757812,607.9099731445312,607.9500122070312
P3,7.5,22.5,103,607.969970703125,607.9500122070312,608.0150146484375
P3,7.5,23.5,102,608.010009765625,607.97998046875,608.0399780273438
P3,7.5,24.5,129,608.0499877929688,608.010009765625,608.0900268554688
P3,7.5,25.5,145,608.1099853515625,608.0700073242188,608.2100219726562
P3,7.5,26.5,157,608.1599731445312,608.1199951171875,608.219970703125
P3,7.5,27.5,119,608.1900024414062,608.1500244140625,608.219970703125
P3,7.5,28.5,122,608.219970703125,608.2000122070312,608.25
P3,7.5,29.5,113,608.25,608.219970703125,608.27001953125
P3,7.5,30.5,109,608.2899780273438,608.27001953125,608.3099975585938
P3,7.5,31.5,111,608.3599853515625,608.3350219726562,608.6199951171875
P3,7.5,32.5,102,608.4000244140625,608.3699951171875,608.4299926757812
P3,7.5,33.5,112,608.4400024414062,608.4199829101562,608.4600219726562
P3,7.5,34.5,125,608.469970703125,608.4600219726562,608.489990234375
P3,7.5,35.5,127,608.510009765625,608.489990234375,608.530029296875
P3,7.5,36.5,132,608.5700073242188,608.5499877929688,608.5800170898438
P3,7.5,37.5,118,608.6199951171875,608.5999755859375,608.6400146484375
P3,7.5,38.5,119,608.6699829101562,608.6400146484375,608.6900024414062
P3,7.5,39.5,113,608.72998046875,608.7100219726562,608.760009765625
P3,7.5,40.5,107,608.780029296875,608.75,608.7999877929688
P3,7.5,41.5,104,608.8200073242188,608.7899780273438,608.8400268554688
P3,7.5,42.5,109,608.8699951171875,608.8499755859375,608.8900146484375
P3,7.5,43.5,116,608.9249877929688,608.9000244140625,608.9525146484375
P3,7.5,44.5,148,609.0,608.9600219726562,609.1425170898438
P3,7.5,45.5,110,609.0399780273438,609.010009765625,609.0800170898438
P3,7.5,46.5,104,609.1199951171875,609.0775146484375,609.1500244140625
P3,7.5,47.5,93,609.1699829101562,609.1400146484375,609.2000122070312
P3,7.5,48.5,82,609.2100219726562,609.1699829101562,609.22998046875
P3,7.5,49.5,71,609.280029296875,609.25,609.3099975585938
P3,7.5,50.5,56,609.3400268554688,609.3275146484375,609.3599853515625
P3,7.5,51.5,41,609.4000244140625,609.3800048828125,609.4199829101562
P3,7.5,52.5,28,609.4550170898438,609.4299926757812,609.47998046875
P3,7.5,53.5,33,609.530029296875,609.5,610.4199829101562
P3,7.5,54.5,36,610.6849975585938,609.5474853515625,610.7224731445312
P3,7.5,55.5,93,610.1500244140625,609.8200073242188,610.6900024414062
P3,7.5,56.5,169,610.6900024414062,610.2100219726562,610.8599853515625
P3,7.5,57.5,225,610.719970703125,610.510009765625,610.8900146484375
P3,7.5,58.5,255,610.77001953125,610.5700073242188,610.9199829101562
P3,7.5,59.5,265,610.7999877929688,610.5399780273438,610.9299926757812
P3,7.5,60.5,265,610.8599853515625,610.6400146484375,610.97998046875
P3,7.5,61.5,276,610.8800048828125,610.6174926757812,611.02001953125
P3,7.5,62.5,171,611.0999755859375,610.9349975585938,611.1799926757812
P3,7.5,63.5,98,611.25,611.1199951171875,611.3800048828125
P3,7.5,64.5,13,611.5399780273438,611.3099975585938,611.7000122070312
P3,7.5,65.5,27,610.5900268554688,610.4700012207031,611.7099914550781
P3,7.5,66.5,43,611.5499877929688,610.5350036621094,611.7949829101562
P3,7.5,67.5,72,611.824951171875,611.5374908447266,613.7100067138672
P3,7.5,68.5,107,612.8599853515625,611.6900024414062,613.9500122070312
P3,7.5,69.5,119,613.3499755859375,611.9100036621094,613.9400024414062
P3,7.5,70.5,163,612.0800170898438,611.8699951171875,613.1100158691406
P3,7.5,71.5,251,612.0900268554688,611.9000244140625,613.125
P3,7.5,72.5,206,612.0599975585938,611.8900146484375,612.2000122070312
P3,7.5,73.5,120,612.1849975585938,612.0599975585938,612.25
P3,7.5,74.5,51,612.4199829101562,612.2850036621094,612.489990234375
P3,7.5,75.5,2,,,
P3,7.5,76.5,0,,,
P3,7.5,77.5,0,,,
P3,7.5,78.5,40,613.8699951171875,613.7025146484375,614.1500244140625
P3,7.5,79.5,70,613.7949829101562,613.6500244140625,614.0599975585938
P3,7.5,80.5,75,614.1699829101562,613.9649963378906,614.4249877929688
P3,7.5,81.5,93,614.5800170898438,614.3699951171875,614.8200073242188
P3,7.5,82.5,47,614.5399780273438,614.4450073242188,614.6500244140625
P3,7.5,83.5,22,614.594970703125,614.427490234375,615.9874877929688
P3,7.5,84.5,37,614.260009765625,614.0999755859375,614.530029296875
P3,7.5,85.5,28,614.2099609375,614.030029296875,614.3649749755859
P3,7.5,86.5,28,614.3200073242188,614.2224884033203,614.489990234375
P3,7.5,87.5,46,614.2650146484375,614.1224975585938,614.4674835205078
P3,7.5,88.5,50,614.364990234375,614.2100219726562,614.5800170898438
P3,7.5,89.5,77,614.6900024414062,614.3900146484375,615.0599975585938
P3,7.5,90.5,52,614.6849975585938,614.5675048828125,615.2725219726562
P3,7.5,91.5,30,614.875,614.780029296875,615.0075073242188
P3,7.5,92.5,0,,,
P3,7.5,93.5,4,615.375,615.3600006103516,615.4000091552734
P3,7.5,94.5,45,614.6099853515625,614.27001953125,615.0399780273438
P3,7.5,95.5,102,615.1199951171875,614.8400115966797,615.2775268554688
P3,7.5,96.5,87,615.27001953125,615.1400146484375,615.3300170898438
P3,7.5,97.5,81,615.22998046875,615.0800170898438,615.3800048828125
P3,7.5,98.5,84,615.1400146484375,615.0374908447266,615.2825164794922
P3,7.5,99.5,106,614.7100219726562,614.0375213623047,615.197509765625
P3,7.5,100.5,137,614.5499877929688,613.8499755859375,615.280029296875
P3,7.5,101.5,174,614.5499877929688,614.0425262451172,615.510009765625
P3,7.5,102.5,138,614.9600219726562,614.3775024414062,615.64501953125
P3,7.5,103.5,117,615.1699829101562,614.75,615.739990234375
P3,7.5,104.5,81,615.0800170898438,614.989990234375,615.1400146484375
P3,7.5,105.5,50,615.114990234375,615.0599975585938,615.4324798583984
P3,7.5,106.5,13,615.25,615.1799926757812,615.3099975585938
P3,7.5,107.5,0,,,
P3,7.5,108.5,6,617.18994140625,617.1224822998047,617.2799835205078
P3,7.5,109.5,3,618.6599731445312,618.6499938964844,618.6699829101562
P3,7.5,110.5,9,618.3499755859375,618.3200073242188,618.3699951171875
P3,7.5,111.5,12,618.5,618.4299926757812,618.5549774169922
P3,7.5,112.5,15,618.5800170898438,618.4749755859375,621.0
P3,7.5,113.5,20,620.97998046875,620.3699951171875,621.3274993896484
P3,7.5,114.5,18,618.7049560546875,618.54248046875,618.8449859619141
P3,7.5,115.5,37,618.7899780273438,618.6099853515625,618.8699951171875
P3,7.5,116.5,28,618.8250122070312,618.7849884033203,618.8524780273438
P3,7.5,117.5,2,,,
P3,7.5,118.5,5,619.280029296875,619.22998046875,619.280029296875
P3,7.5,119.5,10,618.4450073242188,618.1899871826172,618.7325134277344
P3,7.5,120.5,98,618.6849975585938,618.4025115966797,619.7149963378906
P3,7.5,121.5,86,618.5050048828125,618.4025115966797,619.9324951171875
P3,7.5,122.5,53,619.469970703125,618.5999755859375,620.1699829101562
P3,7.5,123.5,54,619.5350341796875,619.33251953125,619.739990234375
P3,7.5,124.5,30,620.6199951171875,620.4500122070312,620.70751953125
P3,7.5,125.5,18,620.300048828125,620.0300140380859,620.7550048828125
P3,7.5,126.5,39,620.219970703125,620.1050109863281,620.864990234375
P3,7.5,127.5,88,620.4299926757812,620.1375122070312,620.7525024414062
P3,7.5,128.5,84,620.489990234375,620.2374877929688,620.8124847412109
P3,7.5,129.5,51,620.47998046875,620.3599853515625,620.6950073242188
P3,7.5,130.5,63,620.22998046875,620.0050048828125,620.4550170898438
P3,7.5,131.5,44,619.969970703125,619.8099975585938,620.4000244140625
P3,7.5,132.5,30,620.3349609375,620.1224975585938,620.6275177001953
P3,7.5,133.5,10,620.1500244140625,620.1124877929688,620.20751953125
P3,7.5,134.5,17,620.2100219726562,620.1500244140625,620.3200073242188
P3,7.5,135.5,12,619.719970703125,619.6949768066406,620.0099945068359
P3,7.5,136.5,68,619.8699951171875,619.7874908447266,620.0
P3,7.5,137.5,140,619.6799926757812,619.469970703125,619.8699951171875
P3,7.5,138.5,96,619.3800048828125,619.239990234375,619.6599731445312
P3,7.5,139.5,88,619.3599853515625,619.2775268554688,619.5599975585938
P3,7.5,140.5,12,619.385009765625,619.3574829101562,619.4425048828125
P3,7.5,141.5,6,619.739990234375,619.739990234375,619.739990234375
P3,7.5,142.5,0,,,
P3,7.5,143.5,0,,,
P3,7.5,144.5,0,,,
P3,7.5,145.5,0,,,
P3,7.5,146.5,0,,,
P3,7.5,147.5,0,,,
P3,7.5,148.5,0,,,
P3,7.5,149.5,0,,,
P3,7.5,150.5,0,,,
P3,7.5,151.5,0,,,
P3,7.5,152.5,0,,,
P3,7.5,153.5,0,,,
P3,7.5,154.5,0,,,
P3,7.5,155.5,0,,,
P3,7.5,156.5,0,,,
P3,7.5,157.5,0,,,
P3,7.5,158.5,8,628.5899658203125,628.3099975585938,628.9199829101562
P3,7.5,159.5,59,629.2999877929688,629.2000122070312,629.5900268554688
P3,7.5,160.5,50,629.155029296875,628.719970703125,629.8274841308594
P3,7.5,161.5,32,629.094970703125,628.9949951171875,629.2150115966797
P3,7.5,162.5,3,629.3900146484375,629.3600158691406,629.4700012207031
P3,7.5,163.5,0,,,
P3,7.5,164.5,0,,,
P3,7.5,165.5,2,,,
P3,7.5,166.5,21,630.3599853515625,630.2899780273438,630.4600219726562
P3,7.5,167.5,58,630.3200073242188,630.2999877929688,630.3400268554688
P3,7.5,168.5,18,630.3399658203125,630.3200073242188,630.3599853515625
P3,7.5,169.5,0,,,
P3,7.5,170.5,24,629.60498046875,629.25,629.7650146484375
P3,7.5,171.5,142,629.6300048828125,629.3125,629.8400268554688
P3,7.5,172.5,37,629.5999755859375,629.280029296875,629.8599853515625
P3,7.5,173.5,0,,,
P3,7.5,174.5,0,,,
P3,7.5,175.5,0,,,
P3,7.5,176.5,0,,,
P3,7.5,177.5,0,,,
P3,7.5,178.5,0,,,
P3,7.5,179.5,0,,,
P4,2.5,0.5,72,607.8699951171875,607.7899780273438,608.010009765625
P4,2.5,1.5,79,607.8800048828125,607.7899780273438,607.9649963378906
P4,2.5,2.5,11,607.9400024414062,607.875,607.9950256347656
P4,2.5,3.5,0,,,
P4,2.5,4.5,0,,,
P4,2.5,5.5,0,,,
P4,2.5,6.5,0,,,
P4,2.5,7.5,0,,,
P4,2.5,8.5,0,,,
P4,2.5,9.5,0,,,
P4,2.5,10.5,0,,,
P4,2.5,11.5,0,,,
P4,2.5,12.5,0,,,
P4,2.5,13.5,4,608.3150024414062,608.3049926757812,608.3375091552734
P4,2.5,14.5,22,608.3699951171875,608.3175048828125,608.427490234375
P4,2.5,15.5,48,608.3699951171875,608.3074951171875,608.4199829101562
P4,2.5,16.5,18,608.3099975585938,608.2825164794922,608.3400268554688
P4,2.5,17.5,43,608.3699951171875,608.3350219726562,608.4349975585938
P4,2.5,18.5,58,608.4949951171875,608.4099731445312,608.5850219726562
P4,2.5,19.5,57,608.530029296875,608.4500122070312,608.75
P4,2.5,20.5,56,608.6699829101562,608.5275268554688,608.83251953125
P4,2.5,21.5,50,608.7750244140625,608.5724945068359,608.9099731445312
P4,2.5,22.5,52,608.72998046875,608.6699829101562,608.7725219726562
P4,2.5,23.5,33,608.7899780273438,608.77001953125,608.9000244140625
P4,2.5,24.5,3,609.1400146484375,609.0450134277344,609.1600036621094
P4,2.5,25.5,3,609.1300048828125,609.0350036621094,609.1400146484375
P4,2.5,26.5,1,,,
P4,2.5,27.5,23,608.6799926757812,608.6699829101562,608.7000122070312
P4,2.5,28.5,57,608.7100219726562,608.6900024414062,608.719970703125
P4,2.5,29.5,75,608.7000122070312,608.6699829101562,608.7100219726562
P4,2.5,30.5,39,608.6699829101562,608.6500244140625,608.6799926757812
P4,2.5,31.5,2,,,
P4,2.5,32.5,0,,,
P4,2.5,33.5,0,,,
P4,2.5,34.5,0,,,
P4,2.5,35.5,0,,,
P4,2.5,36.5,4,608.72998046875,608.7224884033203,608.7324829101562
P4,2.5,37.5,7,608.9199829101562,608.8300170898438,609.010009765625
P4,2.5,38.5,1,,,
P4,2.5,39.5,0,,,
P4,2.5,40.5,0,,,
P4,2.5,41.5,0,,,
P4,2.5,42.5,0,,,
P4,2.5,43.5,0,,,
P4,2.5,44.5,0,,,
P4,2.5,45.5,0,,,
P4,2.5,46.5,0,,,
P4,2.5,47.5,0,,,
P4,2.5,48.5,0,,,
P4,2.5,49.5,0,,,
P4,2.5,50.5,0,,,
P4,2.5,51.5,0,,,
P4,2.5,52.5,0,,,
P4,2.5,53.5,0,,,
P4,2.5,54.5,0,,,
P4,2.5,55.5,0,,,
P4,2.5,56.5,0,,,
P4,2.5,57.5,0,,,
P4,2.5,58.5,0,,,
P4,2.5,59.5,0,,,
P4,2.5,60.5,0,,,
P4,2.5,61.5,0,,,
P4,2.5,62.5,0,,,
P4,2.5,63.5,0,,,
P4,2.5,64.5,0,,,
P4,2.5,65.5,0,,,
P4,2.5,66.5,0,,,
P4,2.5,67.5,0,,,
P4,2.5,68.5,0,,,
P4,2.5,69.5,0,,,
P4,2.5,70.5,2,,,
P4,2.5,71.5,16,611.135009765625,611.0349884033203,611.2575073242188
P4,2.5,72.5,23,611.1500244140625,611.0299987792969,611.2250061035156
P4,2.5,73.5,26,611.0499877929688,610.9949951171875,611.0900268554688
P4,2.5,74.5,23,611.010009765625,610.9849853515625,611.0749816894531
P4,2.5,75.5,21,611.0399780273438,611.02001953125,611.0800170898438
P4,2.5,76.5,33,611.1300048828125,611.1099853515625,611.1599731445312
P4,2.5,77.5,44,611.22998046875,611.2000122070312,611.260009765625
P4,2.5,78.5,47,611.3200073242188,611.2999877929688,611.35498046875
P4,2.5,79.5,51,611.4099731445312,611.3699951171875,611.4450073242188
P4,2.5,80.5,69,611.510009765625,611.47998046875,611.5399780273438
P4,2.5,81.5,71,611.5999755859375,611.5750122070312,611.6300048828125
P4,2.5,82.5,82,611.6900024414062,611.6500244140625,611.72998046875
P4,2.5,83.5,87,611.7899780273438,611.75,611.8300170898438
P4,2.5,84.5,71,611.8900146484375,611.8499755859375,611.9199829101562
P4,2.5,85.5,62,611.97998046875,611.9324951171875,612.0175170898438
P4,2.5,86.5,59,612.0499877929688,612.010009765625,612.0950012207031
P4,2.5,87.5,70,612.1699829101562,612.1124877929688,612.219970703125
P4,2.5,88.5,62,612.280029296875,612.219970703125,612.3200073242188
P4,2.5,89.5,56,612.35498046875,612.3099975585938,612.3900146484375
P4,2.5,90.5,50,612.4400024414062,612.3900146484375,612.5
P4,2.5,91.5,40,612.5449829101562,612.510009765625,612.58251953125
P4,2.5,92.5,31,612.6300048828125,612.5999755859375,612.6649780273438
P4,2.5,93.5,18,612.719970703125,612.6950073242188,612.739990234375
P4,2.5,94.5,14,612.8250122070312,612.802490234375,612.8499755859375
P4,2.5,95.5,4,612.9149780273438,612.9049835205078,612.927490234375
P4,2.5,96.5,0,,,
P4,2.5,97.5,0,,,
P4,2.5,98.5,0,,,
P4,2.5,99.5,0,,,
P4,2.5,100.5,0,,,
P4,2.5,101.5,0,,,
P4,2.5,102.5,2,,,
P4,2.5,103.5,15,615.9600219726562,615.8450012207031,616.2149963378906
P4,2.5,104.5,10,615.85498046875,615.7999877929688,615.8925170898438
P4,2.5,105.5,4,616.3499755859375,616.2799835205078,616.4050140380859
P4,2.5,106.5,0,,,
P4,2.5,107.5,0,,,
P4,2.5,108.5,0,,,
P4,2.5,109.5,0,,,
P4,2.5,110.5,0,,,
P4,2.5,111.5,0,,,
P4,2.5,112.5,0,,,
P4,2.5,113.5,0,,,
P4,2.5,114.5,0,,,
P4,2.5,115.5,0,,,
P4,2.5,116.5,0,,,
P4,2.5,117.5,0,,,
P4,2.5,118.5,0,,,
P4,2.5,119.5,0,,,
P4,2.5,120.5,0,,,
P4,2.5,121.5,0,,,
P4,2.5,122.5,0,,,
P4,2.5,123.5,0,,,
P4,2.5,124.5,0,,,
P4,2.5,125.5,0,,,
P4,2.5,126.5,0,,,
P4,2.5,127.5,0,,,
P4,2.5,128.5,0,,,
P4,2.5,129.5,0,,,
P4,2.5,130.5,0,,,
P4,2.5,131.5,0,,,
P4,2.5,132.5,0,,,
P4,2.5,133.5,0,,,
P4,2.5,134.5,0,,,
P4,2.5,135.5,0,,,
P4,2.5,136.5,1,,,
P4,2.5,137.5,37,621.260009765625,620.989990234375,621.3699951171875
P4,2.5,138.5,52,621.1799926757812,620.9550170898438,621.2525024414062
P4,2.5,139.5,1,,,
P4,2.5,140.5,19,621.0,620.8350219726562,621.0849914550781
P4,2.5,141.5,47,621.1300048828125,621.0350036621094,621.239990234375
P4,2.5,142.5,54,620.905029296875,620.8400268554688,620.9600219726562
P4,2.5,143.5,54,621.2449951171875,621.0350189208984,621.3549957275391
P4,2.5,144.5,11,621.4400024414062,621.3699951171875,621.5250244140625
P4,2.5,145.5,0,,,
P4,2.5,146.5,0,,,
P4,2.5,147.5,0,,,
P4,2.5,148.5,0,,,
P4,2.5,149.5,0,,,
P4,2.5,150.5,0,,,
P4,2.5,151.5,0,,,
P4,2.5,152.5,0,,,
P4,2.5,153.5,0,,,
P4,2.5,154.5,0,,,
P4,2.5,155.5,0,,,
P4,2.5,156.5,0,,,
P4,2.5,157.5,0,,,
P4,2.5,158.5,0,,,
P4,2.5,159.5,0,,,
P4,2.5,160.5,16,627.5350341796875,627.4400024414062,627.6625213623047
P4,2.5,161.5,34,627.60498046875,627.572509765625,627.6400146484375
P4,2.5,162.5,92,627.6199951171875,627.489990234375,627.7025146484375
P4,2.5,163.5,57,627.6400146484375,627.5700073242188,627.6900024414062
P4,2.5,164.5,53,627.6599731445312,627.6199951171875,627.6900024414062
P4,2.5,165.5,3,627.8099975585938,627.7900085449219,627.8099975585938
P4,2.5,166.5,0,,,
P4,2.5,167.5,0,,,
P4,2.5,168.5,0,,,
P4,2.5,169.5,0,,,
P4,2.5,170.5,0,,,
P4,2.5,171.5,0,,,
P4,2.5,172.5,0,,,
P4,2.5,173.5,0,,,
P4,2.5,174.5,0,,,
P4,2.5,175.5,25,627.530029296875,627.5,627.5499877929688
P4,2.5,176.5,79,627.5999755859375,627.5599975585938,627.6400146484375
P4,2.5,177.5,64,627.7249755859375,627.6699829101562,627.864990234375
P4,2.5,178.5,0,,,
P4,2.5,179.5,0,,,
P4,5.0,0.5,176,607.9199829101562,607.7974853515625,608.1099853515625
P4,5.0,1.5,164,607.9249877929688,607.8099975585938,608.0325164794922
P4,5.0,2.5,60,607.8499755859375,607.7999877929688,607.9199829101562
P4,5.0,3.5,18,607.7100219726562,607.6900024414062,607.7374877929688
P4,5.0,4.5,9,607.8900146484375,607.8400268554688,607.9099731445312
P4,5.0,5.5,0,,,
P4,5.0,6.5,0,,,
P4,5.0,7.5,0,,,
P4,5.0,8.5,0,,,
P4,5.0,9.5,0,,,
P4,5.0,10.5,0,,,
P4,5.0,11.5,0,,,
P4,5.0,12.5,0,,,
P4,5.0,13.5,46,608.3599853515625,608.3200073242188,608.4099731445312
P4,5.0,14.5,75,608.3499755859375,608.3250122070312,608.385009765625
P4,5.0,15.5,115,608.3699951171875,608.3200073242188,608.4550170898438
P4,5.0,16.5,129,608.3800048828125,608.3300170898438,608.47998046875
P4,5.0,17.5,137,608.4299926757812,608.3400268554688,608.5599975585938
P4,5.0,18.5,139,608.5399780273438,608.4149780273438,608.7249755859375
P4,5.0,19.5,135,608.6500244140625,608.489990234375,609.0800170898438
P4,5.0,20.5,117,608.5599975585938,608.47998046875,608.8599853515625
P4,5.0,21.5,124,608.7149658203125,608.47998046875,608.9425048828125
P4,5.0,22.5,106,608.719970703125,608.5700073242188,608.7974853515625
P4,5.0,23.5,97,608.7899780273438,608.6799926757812,608.8900146484375
P4,5.0,24.5,51,608.8499755859375,608.780029296875,608.9949951171875
P4,5.0,25.5,12,609.0850219726562,608.9850006103516,609.1525115966797
P4,5.0,26.5,37,608.7100219726562,608.6900024414062,608.72998046875
P4,5.0,27.5,91,608.72998046875,608.7000122070312,608.760009765625
P4,5.0,28.5,99,608.719970703125,608.7050170898438,608.739990234375
P4,5.0,29.5,79,608.7000122070312,608.6699829101562,608.7149963378906
P4,5.0,30.5,63,608.6599731445312,608.6400146484375,608.6699829101562
P4,5.0,31.5,48,608.6599731445312,608.6400146484375,608.6699829101562
P4,5.0,32.5,18,608.6749877929688,608.6624755859375,608.6900024414062
P4,5.0,33.5,0,,,
P4,5.0,34.5,0,,,
P4,5.0,35.5,0,,,
P4,5.0,36.5,6,608.7349853515625,608.72998046875,608.7474975585938
P4,5.0,37.5,31,608.8900146484375,608.85498046875,608.9199829101562
P4,5.0,38.5,48,608.8900146484375,608.8574829101562,608.9199829101562
P4,5.0,39.5,36,608.8800048828125,608.8574829101562,608.9099731445312
P4,5.0,40.5,5,608.8099975585938,608.7999877929688,608.8400268554688
P4,5.0,41.5,0,,,
P4,5.0,42.5,0,,,
P4,5.0,43.5,0,,,
P4,5.0,44.5,0,,,
P4,5.0,45.5,0,,,
P4,5.0,46.5,0,,,
P4,5.0,47.5,0,,,
P4,5.0,48.5,0,,,
P4,5.0,49.5,0,,,
P4,5.0,50.5,0,,,
P4,5.0,51.5,0,,,
P4,5.0,52.5,0,,,
P4,5.0,53.5,0,,,
P4,5.0,54.5,0,,,
P4,5.0,55.5,0,,,
P4,5.0,56.5,0,,,
P4,5.0,57.5,0,,,
P4,5.0,58.5,0,,,
P4,5.0,59.5,0,,,
P4,5.0,60.5,0,,,
P4,5.0,61.5,0,,,
P4,5.0,62.5,0,,,
P4,5.0,63.5,0,,,
P4,5.0,64.5,0,,,
P4,5.0,65.5,0,,,
P4,5.0,66.5,1,,,
P4,5.0,67.5,11,610.4400024414062,610.4199829101562,610.4550170898438
P4,5.0,68.5,17,610.5,610.47998046875,610.530029296875
P4,5.0,69.5,22,610.5499877929688,610.5325164794922,610.5574951171875
P4,5.0,70.5,46,610.6500244140625,610.6099853515625,610.697509765625
P4,5.0,71.5,76,610.864990234375,610.7374877929688,612.2625122070312
P4,5.0,72.5,107,611.02001953125,610.8450012207031,611.8450012207031
P4,5.0,73.5,148,611.094970703125,610.9199829101562,611.552490234375
P4,5.0,74.5,135,611.0499877929688,610.97998046875,611.375
P4,5.0,75.5,128,611.1099853515625,611.0499877929688,611.4025115966797
P4,5.0,76.5,130,611.1599731445312,611.1199951171875,611.4349975585938
P4,5.0,77.5,136,611.25,611.2000122070312,611.4425048828125
P4,5.0,78.5,132,611.3300170898438,611.280029296875,611.52001953125
P4,5.0,79.5,122,611.4099731445312,611.3599853515625,611.489990234375
P4,5.0,80.5,107,611.510009765625,611.4500122070312,611.5499877929688
P4,5.0,81.5,99,611.5900268554688,611.5449829101562,611.6300048828125
P4,5.0,82.5,87,611.6799926757812,611.6400146484375,611.72998046875
P4,5.0,83.5,87,611.7899780273438,611.75,611.8300170898438
P4,5.0,84.5,71,611.8900146484375,611.8499755859375,611.9199829101562
P4,5.0,85.5,62,611.97998046875,611.9324951171875,612.0175170898438
P4,5.0,86.5,59,612.0499877929688,612.010009765625,612.0950012207031
P4,5.0,87.5,74,612.1799926757812,612.1199951171875,612.2274780273438
P4,5.0,88.5,82,612.2999877929688,612.239990234375,612.3400268554688
P4,5.0,89.5,89,612.3900146484375,612.3300170898438,612.4299926757812
P4,5.0,90.5,92,612.5,612.4375,612.5399780273438
P4,5.0,91.5,93,612.6099853515625,612.5599975585938,612.6500244140625
P4,5.0,92.5,80,612.7100219726562,612.6574859619141,612.7525024414062
P4,5.0,93.5,70,612.8099975585938,612.760009765625,612.8499755859375
P4,5.0,94.5,65,612.9099731445312,612.8599853515625,612.9600219726562
P4,5.0,95.5,56,613.0350341796875,612.97998046875,613.0700073242188
P4,5.0,96.5,47,613.1400146484375,613.0950012207031,613.1749877929688
P4,5.0,97.5,35,613.239990234375,613.2050170898438,613.27001953125
P4,5.0,98.5,30,613.3499755859375,613.3125,613.3900146484375
P4,5.0,99.5,18,613.4500122070312,613.4299926757812,613.469970703125
P4,5.0,100.5,16,613.5499877929688,613.5075073242188,613.5900268554688
P4,5.0,101.5,4,613.6300048828125,613.6199951171875,613.6525115966797
P4,5.0,102.5,2,,,
P4,5.0,103.5,25,616.1799926757812,615.9400024414062,616.4000244140625
P4,5.0,104.5,20,615.77001953125,614.3424835205078,615.8599853515625
P4,5.0,105.5,16,615.8150024414062,615.6850128173828,616.2399749755859
P4,5.0,106.5,0,,,
P4,5.0,107.5,0,,,
P4,5.0,108.5,0,,,
P4,5.0,109.5,0,,,
P4,5.0,110.5,0,,,
P4,5.0,111.5,0,,,
P4,5.0,112.5,0,,,
P4,5.0,113.5,0,,,
P4,5.0,114.5,0,,,
P4,5.0,115.5,0,,,
P4,5.0,116.5,0,,,
P4,5.0,117.5,0,,,
P4,5.0,118.5,0,,,
P4,5.0,119.5,0,,,
P4,5.0,120.5,0,,,
P4,5.0,121.5,0,,,
P4,5.0,122.5,0,,,
P4,5.0,123.5,0,,,
P4,5.0,124.5,0,,,
P4,5.0,125.5,0,,,
P4,5.0,126.5,0,,,
P4,5.0,127.5,0,,,
P4,5.0,128.5,0,,,
P4,5.0,129.5,0,,,
P4,5.0,130.5,3,617.9099731445312,617.9099731445312,617.9599914550781
P4,5.0,131.5,9,617.8699951171875,617.760009765625,621.510009765625
P4,5.0,132.5,3,621.239990234375,621.22998046875,621.2649841308594
P4,5.0,133.5,10,620.7850341796875,620.760009765625,620.8250122070312
P4,5.0,134.5,20,620.8499755859375,620.8275146484375,620.875
P4,5.0,135.5,16,620.8800048828125,620.8599853515625,620.8925170898438
P4,5.0,136.5,40,620.9649658203125,620.8800048828125,621.2225189208984
P4,5.0,137.5,61,621.0399780273438,620.9099731445312,621.3300170898438
P4,5.0,138.5,99,620.8699951171875,619.4649963378906,621.2249755859375
P4,5.0,139.5,53,619.02001953125,618.8499755859375,619.1599731445312
P4,5.0,140.5,94,619.4000244140625,618.8900146484375,619.989990234375
P4,5.0,141.5,79,621.0399780273438,620.9400024414062,621.1749877929688
P4,5.0,142.5,81,620.9099731445312,620.8400268554688,620.989990234375
P4,5.0,143.5,93,621.280029296875,621.0599975585938,621.4099731445312
P4,5.0,144.5,30,621.6749877929688,621.5050048828125,621.9250030517578
P4,5.0,145.5,32,623.3349609375,622.3675079345703,623.4650115966797
P4,5.0,146.5,19,623.0900268554688,623.02001953125,623.1449890136719
P4,5.0,147.5,0,,,
P4,5.0,148.5,0,,,
P4,5.0,149.5,0,,,
P4,5.0,150.5,0,,,
P4,5.0,151.5,0,,,
P4,5.0,152.5,0,,,
P4,5.0,153.5,0,,,
P4,5.0,154.5,0,,,
P4,5.0,155.5,0,,,
P4,5.0,156.5,0,,,
P4,5.0,157.5,0,,,
P4,5.0,158.5,0,,,
P4,5.0,159.5,0,,,
P4,5.0,160.5,45,627.2999877929688,627.219970703125,627.4400024414062
P4,5.0,161.5,75,627.4400024414062,627.2799987792969,627.5999755859375
P4,5.0,162.5,136,627.510009765625,627.4375,627.6724853515625
P4,5.0,163.5,71,627.6599731445312,627.6099853515625,627.7000122070312
P4,5.0,164.5,87,627.7000122070312,627.6500244140625,627.864990234375
P4,5.0,165.5,41,628.0800170898438,627.9000244140625,628.1199951171875
P4,5.0,166.5,31,628.0999755859375,628.0750122070312,628.1500244140625
P4,5.0,167.5,11,628.0800170898438,628.0549926757812,628.0950012207031
P4,5.0,168.5,0,,,
P4,5.0,169.5,0,,,
P4,5.0,170.5,0,,,
P4,5.0,171.5,0,,,
P4,5.0,172.5,2,,,
P4,5.0,173.5,15,627.719970703125,627.7000122070312,627.72998046875
P4,5.0,174.5,1,,,
P4,5.0,175.5,48,627.469970703125,627.3474884033203,627.5325164794922
P4,5.0,176.5,149,627.5800170898438,627.5399780273438,627.6199951171875
P4,5.0,177.5,107,627.719970703125,627.6500244140625,627.8150024414062
P4,5.0,178.5,36,627.5850219726562,627.5075073242188,627.6525115966797
P4,5.0,179.5,12,627.8099975585938,627.7749786376953,627.822509765625
P4,7.5,0.5,237,607.8699951171875,607.739990234375,608.0700073242188
P4,7.5,1.5,223,607.8599853515625,607.7249755859375,607.989990234375
P4,7.5,2.5,112,607.7750244140625,607.697509765625,607.8599853515625
P4,7.5,3.5,69,607.75,607.719970703125,607.7999877929688
P4,7.5,4.5,74,607.8300170898438,607.780029296875,607.9000244140625
P4,7.5,5.5,28,607.9949951171875,607.8900146484375,608.04248046875
P4,7.5,6.5,6,607.8900146484375,607.8900146484375,607.8900146484375
P4,7.5,7.5,0,,,
P4,7.5,8.5,0,,,
P4,7.5,9.5,0,,,
P4,7.5,10.5,0,,,
P4,7.5,11.5,12,608.4449462890625,608.3599853515625,608.5999755859375
P4,7.5,12.5,2,,,
P4,7.5,13.5,52,608.3599853515625,608.3200073242188,608.4149780273438
P4,7.5,14.5,106,608.3599853515625,608.3099975585938,608.4099731445312
P4,7.5,15.5,205,608.4199829101562,608.3300170898438,608.5700073242188
P4,7.5,16.5,219,608.4500122070312,608.3400268554688,608.7100219726562
P4,7.5,17.5,194,608.47998046875,608.3699951171875,608.75
P4,7.5,18.5,180,608.594970703125,608.4500122070312,608.8475189208984
P4,7.5,19.5,166,608.6799926757812,608.52001953125,609.1074829101562
P4,7.5,20.5,130,608.5900268554688,608.47998046875,608.8375244140625
P4,7.5,21.5,129,608.719970703125,608.47998046875,608.9400024414062
P4,7.5,22.5,114,608.72998046875,608.572509765625,608.8499755859375
P4,7.5,23.5,128,608.8200073242188,608.7474975585938,608.9625091552734
P4,7.5,24.5,92,608.875,608.7974853515625,609.0499877929688
P4,7.5,25.5,57,608.75,608.72998046875,608.780029296875
P4,7.5,26.5,92,608.739990234375,608.7100219726562,608.77001953125
P4,7.5,27.5,149,608.760009765625,608.719970703125,608.7999877929688
P4,7.5,28.5,146,608.739990234375,608.7100219726562,608.7974853515625
P4,7.5,29.5,108,608.7000122070312,608.6699829101562,608.719970703125
P4,7.5,30.5,67,608.6599731445312,608.6400146484375,608.6749877929688
P4,7.5,31.5,83,608.6500244140625,608.6300048828125,608.6599731445312
P4,7.5,32.5,69,608.6500244140625,608.6300048828125,608.6699829101562
P4,7.5,33.5,13,608.6599731445312,608.6400146484375,608.6799926757812
P4,7.5,34.5,0,,,
P4,7.5,35.5,0,,,
P4,7.5,36.5,29,609.1400146484375,609.0999755859375,609.1799926757812
P4,7.5,37.5,58,608.9849853515625,608.8900146484375,609.0399780273438
P4,7.5,38.5,50,608.89501953125,608.8599853515625,608.927490234375
P4,7.5,39.5,36,608.8800048828125,608.8574829101562,608.9099731445312
P4,7.5,40.5,5,608.8099975585938,608.7999877929688,608.8400268554688
P4,7.5,41.5,0,,,
P4,7.5,42.5,1,,,
P4,7.5,43.5,8,609.094970703125,609.0399932861328,609.1425170898438
P4,7.5,44.5,16,609.02001953125,609.0,609.1400146484375
P4,7.5,45.5,8,609.02001953125,608.9550170898438,609.1074829101562
P4,7.5,46.5,2,,,
P4,7.5,47.5,1,,,
P4,7.5,48.5,0,,,
P4,7.5,49.5,0,,,
P4,7.5,50.5,0,,,
P4,7.5,51.5,0,,,
P4,7.5,52.5,0,,,
P4,7.5,53.5,0,,,
P4,7.5,54.5,0,,,
P4,7.5,55.5,0,,,
P4,7.5,56.5,0,,,
P4,7.5,57.5,0,,,
P4,7.5,58.5,0,,,
P4,7.5,59.5,0,,,
P4,7.5,60.5,1,,,
P4,7.5,61.5,11,610.0499877929688,610.0150146484375,610.0750122070312
P4,7.5,62.5,19,610.1300048828125,610.10498046875,610.14501953125
P4,7.5,63.5,27,610.1599731445312,610.14501953125,610.1849975585938
P4,7.5,64.5,34,610.2149658203125,610.1900024414062,610.2474975585938
P4,7.5,65.5,43,610.2899780273438,610.260009765625,610.3099975585938
P4,7.5,66.5,52,610.3599853515625,610.3300170898438,610.3900146484375
P4,7.5,67.5,62,610.4299926757812,610.4099731445312,610.4500122070312
P4,7.5,68.5,84,610.5050048828125,610.47998046875,610.5399780273438
P4,7.5,69.5,130,610.5900268554688,610.5399780273438,612.3099975585938
P4,7.5,70.5,152,610.6699829101562,610.6099853515625,612.4625091552734
P4,7.5,71.5,163,610.760009765625,610.7000122070312,612.3200073242188
P4,7.5,72.5,208,611.0650024414062,610.8074951171875,612.030029296875
P4,7.5,73.5,244,611.114990234375,610.9099731445312,612.0025024414062
P4,7.5,74.5,209,611.1599731445312,610.969970703125,611.9000244140625
P4,7.5,75.5,196,611.2550048828125,611.0474853515625,611.9650115966797
P4,7.5,76.5,159,611.1699829101562,611.1099853515625,611.6699829101562
P4,7.5,77.5,188,611.2899780273438,611.2100219726562,611.9724731445312
P4,7.5,78.5,176,611.3699951171875,611.2999877929688,611.9675140380859
P4,7.5,79.5,146,611.4299926757812,611.3699951171875,611.7100219726562
P4,7.5,80.5,128,611.52001953125,611.4674835205078,611.7625122070312
P4,7.5,81.5,134,611.6199951171875,611.5599975585938,612.0275268554688
P4,7.5,82.5,125,611.719970703125,611.6599731445312,612.0399780273438
P4,7.5,83.5,118,611.8200073242188,611.77001953125,612.0675048828125
P4,7.5,84.5,99,611.9199829101562,611.8699951171875,612.2999877929688
P4,7.5,85.5,87,612.010009765625,611.9600219726562,612.3200073242188
P4,7.5,86.5,75,612.0700073242188,612.02001953125,612.1549987792969
P4,7.5,87.5,79,612.1799926757812,612.1199951171875,612.239990234375
P4,7.5,88.5,82,612.2999877929688,612.239990234375,612.3400268554688
P4,7.5,89.5,89,612.3900146484375,612.3300170898438,612.4299926757812
P4,7.5,90.5,92,612.5,612.4375,612.5399780273438
P4,7.5,91.5,99,612.6199951171875,612.5599975585938,612.6500244140625
P4,7.5,92.5,92,612.719970703125,612.6599731445312,612.760009765625
P4,7.5,93.5,100,612.8400268554688,612.7874908447266,612.8900146484375
P4,7.5,94.5,103,612.9500122070312,612.9000244140625,612.9949951171875
P4,7.5,95.5,106,613.0800170898438,613.030029296875,613.1400146484375
P4,7.5,96.5,100,613.219970703125,613.1400146484375,613.27001953125
P4,7.5,97.5,81,613.3400268554688,613.25,613.4000244140625
P4,7.5,98.5,81,613.4299926757812,613.3800048828125,613.489990234375
P4,7.5,99.5,66,613.5350341796875,613.4724731445312,613.5999755859375
P4,7.5,100.5,59,613.6300048828125,613.5900268554688,613.7000122070312
P4,7.5,101.5,56,613.7750244140625,613.7100219726562,613.8099975585938
P4,7.5,102.5,49,613.8900146484375,613.8400268554688,613.9299926757812
P4,7.5,103.5,68,614.0599975585938,614.0,615.9600219726562
P4,7.5,104.5,53,614.1699829101562,614.1099853515625,614.3599853515625
P4,7.5,105.5,43,614.280029296875,614.239990234375,615.7799987792969
P4,7.5,106.5,17,614.3599853515625,614.3300170898438,614.3800048828125
P4,7.5,107.5,14,614.4649658203125,614.4425048828125,614.5374908447266
P4,7.5,108.5,19,614.6500244140625,614.5950012207031,616.4649963378906
P4,7.5,109.5,26,616.239990234375,614.72998046875,616.4400024414062
P4,7.5,110.5,7,614.9000244140625,614.8600158691406,616.1799926757812
P4,7.5,111.5,5,617.5,616.6699829101562,617.5399780273438
P4,7.5,112.5,0,,,
P4,7.5,113.5,0,,,
P4,7.5,114.5,5,618.260009765625,615.8300170898438,618.280029296875
P4,7.5,115.5,2,,,
P4,7.5,116.5,0,,,
P4,7.5,117.5,0,,,
P4,7.5,118.5,0,,,
P4,7.5,119.5,0,,,
P4,7.5,120.5,0,,,
P4,7.5,121.5,0,,,
P4,7.5,122.5,0,,,
P4,7.5,123.5,0,,,
P4,7.5,124.5,0,,,
P4,7.5,125.5,0,,,
P4,7.5,126.5,0,,,
P4,7.5,127.5,0,,,
P4,7.5,128.5,17,618.2999877929688,618.1300048828125,618.2999877929688
P4,7.5,129.5,44,618.0350341796875,617.7974853515625,618.2100219726562
P4,7.5,130.5,57,617.760009765625,617.7100219726562,617.9000244140625
P4,7.5,131.5,60,617.77001953125,617.75,617.8200073242188
P4,7.5,132.5,54,617.7899780273438,617.760009765625,617.8300170898438
P4,7.5,133.5,78,618.3499755859375,618.1925048828125,618.510009765625
P4,7.5,134.5,65,618.47998046875,618.4099731445312,620.8300170898438
P4,7.5,135.5,67,618.4400024414062,618.385009765625,620.8350219726562
P4,7.5,136.5,114,619.3699951171875,618.4099731445312,620.8800048828125
P4,7.5,137.5,131,619.9400024414062,618.5050048828125,621.02001953125
P4,7.5,138.5,203,620.02001953125,618.6900024414062,621.0
P4,7.5,139.5,164,619.1749877929688,618.95751953125,620.3799896240234
P4,7.5,140.5,125,619.5,619.0700073242188,620.02001953125
P4,7.5,141.5,80,621.0499877929688,620.9400024414062,621.1925048828125
P4,7.5,142.5,88,620.9299926757812,620.8474884033203,621.010009765625
P4,7.5,143.5,115,621.3300170898438,621.1099853515625,621.6349792480469
P4,7.5,144.5,35,621.780029296875,621.5250244140625,622.0249938964844
P4,7.5,145.5,33,623.3099975585938,622.3900146484375,623.4600219726562
P4,7.5,146.5,19,623.0900268554688,623.02001953125,623.1449890136719
P4,7.5,147.5,0,,,
P4,7.5,148.5,0,,,
P4,7.5,149.5,0,,,
P4,7.5,150.5,0,,,
P4,7.5,151.5,0,,,
P4,7.5,152.5,0,,,
P4,7.5,153.5,0,,,
P4,7.5,154.5,0,,,
P4,7.5,155.5,0,,,
P4,7.5,156.5,0,,,
P4,7.5,157.5,8,625.4550170898438,625.3900146484375,625.5550079345703
P4,7.5,158.5,32,626.3099975585938,626.0499877929688,626.58251953125
P4,7.5,159.5,74,627.0549926757812,626.9349975585938,627.16748046875
P4,7.5,160.5,109,627.2000122070312,627.0499877929688,627.3300170898438
P4,7.5,161.5,110,627.5549926757812,627.3250122070312,627.6400146484375
P4,7.5,162.5,185,627.6400146484375,627.4600219726562,627.7999877929688
P4,7.5,163.5,120,627.719970703125,627.6500244140625,627.9824829101562
P4,7.5,164.5,140,627.9749755859375,627.6799926757812,628.1525115966797
P4,7.5,165.5,73,628.1300048828125,628.0800170898438,628.2100219726562
P4,7.5,166.5,34,628.1099853515625,628.0800170898438,628.1500244140625
P4,7.5,167.5,11,628.0800170898438,628.0549926757812,628.0950012207031
P4,7.5,168.5,0,,,
P4,7.5,169.5,0,,,
P4,7.5,170.5,2,,,
P4,7.5,171.5,30,628.0350341796875,627.9600219726562,628.2575073242188
P4,7.5,172.5,51,627.9199829101562,627.8800048828125,628.0350036621094
P4,7.5,173.5,64,627.739990234375,627.719970703125,627.83251953125
P4,7.5,174.5,54,627.6400146484375,627.6099853515625,627.7000122070312
P4,7.5,175.5,81,627.52001953125,627.4400024414062,627.5599975585938
P4,7.5,176.5,191,627.5700073242188,627.510009765625,627.5999755859375
P4,7.5,177.5,159,627.6599731445312,627.5499877929688,627.7650146484375
P4,7.5,178.5,48,627.5999755859375,627.510009765625,627.7224731445312
P4,7.5,179.5,17,627.8200073242188,627.7999877929688,628.0499877929688
P5,2.5,0.5,0,,,
P5,2.5,1.5,0,,,
P5,2.5,2.5,0,,,
P5,2.5,3.5,0,,,
P5,2.5,4.5,0,,,
P5,2.5,5.5,0,,,
P5,2.5,6.5,0,,,
P5,2.5,7.5,0,,,
P5,2.5,8.5,12,610.260009765625,610.2149810791016,610.322509765625
P5,2.5,9.5,16,610.25,610.135009765625,610.3150024414062
P5,2.5,10.5,34,610.4249877929688,610.3250122070312,610.5399932861328
P5,2.5,11.5,47,610.5599975585938,610.3500061035156,610.6799926757812
P5,2.5,12.5,34,610.5350341796875,610.4575042724609,610.6375122070312
P5,2.5,13.5,10,610.7249755859375,610.6724853515625,610.7675170898438
P5,2.5,14.5,2,,,
P5,2.5,15.5,0,,,
P5,2.5,16.5,0,,,
P5,2.5,17.5,0,,,
P5,2.5,18.5,0,,,
P5,2.5,19.5,9,608.9600219726562,608.9500122070312,608.989990234375
P5,2.5,20.5,0,,,
P5,2.5,21.5,22,608.85498046875,608.8400268554688,608.8599853515625
P5,2.5,22.5,84,608.8499755859375,608.8300170898438,608.8624877929688
P5,2.5,23.5,111,608.8699951171875,608.8499755859375,608.8800048828125
P5,2.5,24.5,35,608.8699951171875,608.85498046875,608.8900146484375
P5,2.5,25.5,0,,,
P5,2.5,26.5,19,608.760009765625,608.7449951171875,608.7750244140625
P5,2.5,27.5,52,608.780029296875,608.760009765625,608.802490234375
P5,2.5,28.5,51,608.8099975585938,608.7899780273438,608.8300170898438
P5,2.5,29.5,42,608.8200073242188,608.8099975585938,608.8300170898438
P5,2.5,30.5,29,608.8200073242188,608.8099975585938,608.8300170898438
P5,2.5,31.5,14,608.8350219726562,608.822509765625,608.8499755859375
P5,2.5,32.5,2,,,
P5,2.5,33.5,0,,,
P5,2.5,34.5,0,,,
P5,2.5,35.5,0,,,
P5,2.5,36.5,6,609.10498046875,609.0350189208984,609.1375122070312
P5,2.5,37.5,9,608.97998046875,608.9500122070312,609.0499877929688
P5,2.5,38.5,23,608.989990234375,608.9400024414062,609.10498046875
P5,2.5,39.5,32,608.97998046875,608.9500122070312,609.0700073242188
P5,2.5,40.5,34,608.97998046875,608.9600219726562,609.0850219726562
P5,2.5,41.5,37,609.010009765625,608.97998046875,609.0900268554688
P5,2.5,42.5,42,608.9949951171875,608.9625091552734,609.072509765625
P5,2.5,43.5,52,609.0150146484375,608.989990234375,609.0750122070312
P5,2.5,44.5,33,609.0,608.97998046875,609.030029296875
P5,2.5,45.5,15,609.0499877929688,609.02001953125,609.1000061035156
P5,2.5,46.5,32,609.030029296875,609.02001953125,609.04248046875
P5,2.5,47.5,31,609.030029296875,609.02001953125,609.0499877929688
P5,2.5,48.5,23,609.0499877929688,609.030029296875,609.1749877929688
P5,2.5,49.5,42,609.2149658203125,609.08251953125,609.3300170898438
P5,2.5,50.5,3,609.1300048828125,609.125,609.135009765625
P5,2.5,51.5,1,,,
P5,2.5,52.5,8,609.1500244140625,609.1375122070312,609.1624755859375
P5,2.5,53.5,25,609.1900024414062,609.1599731445312,609.219970703125
P5,2.5,54.5,62,609.4550170898438,609.4000244140625,609.52001953125
P5,2.5,55.5,62,609.4849853515625,609.4400024414062,609.5574951171875
P5,2.5,56.5,39,609.4500122070312,609.4100036621094,609.489990234375
P5,2.5,57.5,1,,,
P5,2.5,58.5,29,609.2899780273438,609.27001953125,609.3200073242188
P5,2.5,59.5,162,609.6599731445312,609.4974975585938,609.9849853515625
P5,2.5,60.5,158,610.344970703125,610.1124877929688,610.52001953125
P5,2.5,61.5,111,610.6500244140625,610.5350036621094,610.739990234375
P5,2.5,62.5,114,610.844970703125,610.5325164794922,610.9500122070312
P5,2.5,63.5,83,611.0399780273438,610.89501953125,611.1300048828125
P5,2.5,64.5,116,611.489990234375,611.3400268554688,611.6425170898438
P5,2.5,65.5,102,611.9949951171875,611.7650146484375,612.1400146484375
P5,2.5,66.5,97,612.27001953125,612.1099853515625,612.4099731445312
P5,2.5,67.5,86,612.4099731445312,612.33251953125,612.4674835205078
P5,2.5,68.5,47,612.4500122070312,612.4199829101562,612.469970703125
P5,2.5,69.5,32,612.4349975585938,612.3474884033203,612.469970703125
P5,2.5,70.5,6,612.5050048828125,612.4849853515625,612.5475006103516
P5,2.5,71.5,0,,,
P5,2.5,72.5,0,,,
P5,2.5,73.5,0,,,
P5,2.5,74.5,0,,,
P5,2.5,75.5,0,,,
P5,2.5,76.5,0,,,
P5,2.5,77.5,0,,,
P5,2.5,78.5,0,,,
P5,2.5,79.5,0,,,
P5,2.5,80.5,0,,,
P5,2.5,81.5,0,,,
P5,2.5,82.5,12,613.0700073242188,613.0549926757812,613.0900268554688
P5,2.5,83.5,44,613.0399780273438,612.9874877929688,613.1024780273438
P5,2.5,84.5,112,613.010009765625,612.9299926757812,613.0900268554688
P5,2.5,85.5,88,613.0499877929688,612.97998046875,613.1325073242188
P5,2.5,86.5,118,613.0350341796875,612.9199829101562,613.1300048828125
P5,2.5,87.5,95,613.0800170898438,612.9450073242188,613.1549987792969
P5,2.5,88.5,122,612.9349975585938,612.8524780273438,613.0875244140625
P5,2.5,89.5,100,612.780029296875,612.760009765625,612.822509765625
P5,2.5,90.5,74,612.780029296875,612.77001953125,612.7999877929688
P5,2.5,91.5,110,612.8200073242188,612.7999877929688,612.8300170898438
P5,2.5,92.5,97,612.8400268554688,612.8200073242188,612.8599853515625
P5,2.5,93.5,114,612.8499755859375,612.8300170898438,612.8699951171875
P5,2.5,94.5,93,612.8699951171875,612.8499755859375,612.8800048828125
P5,2.5,95.5,111,612.8900146484375,612.8699951171875,612.9199829101562
P5,2.5,96.5,98,613.0999755859375,612.97998046875,613.2349853515625
P5,2.5,97.5,84,613.5499877929688,613.45751953125,613.6325073242188
P5,2.5,98.5,75,613.8200073242188,613.7449951171875,613.9000244140625
P5,2.5,99.5,18,614.0350341796875,614.0,614.0599975585938
P5,2.5,100.5,0,,,
P5,2.5,101.5,0,,,
P5,2.5,102.5,0,,,
P5,2.5,103.5,0,,,
P5,2.5,104.5,1,,,
P5,2.5,105.5,7,616.8400268554688,616.8150024414062,616.885009765625
P5,2.5,106.5,23,616.8800048828125,616.7999877929688,616.9149780273438
P5,2.5,107.5,45,616.8099975585938,616.7000122070312,616.8699951171875
P5,2.5,108.5,77,616.6199951171875,616.530029296875,616.7100219726562
P5,2.5,109.5,78,616.4400024414062,616.3125,616.5999755859375
P5,2.5,110.5,101,616.239990234375,616.1300048828125,616.3499755859375
P5,2.5,111.5,99,616.1799926757812,616.0800170898438,616.280029296875
P5,2.5,112.5,143,616.489990234375,616.3300170898438,616.7149963378906
P5,2.5,113.5,78,616.9849853515625,616.7899780273438,617.0800170898438
P5,2.5,114.5,81,617.3200073242188,617.219970703125,617.4600219726562
P5,2.5,115.5,100,617.594970703125,617.4874877929688,617.719970703125
P5,2.5,116.5,101,617.5,617.4500122070312,617.5499877929688
P5,2.5,117.5,110,617.5,617.47998046875,617.52001953125
P5,2.5,118.5,92,617.52001953125,617.510009765625,617.5399780273438
P5,2.5,119.5,114,617.5399780273438,617.52001953125,617.5675048828125
P5,2.5,120.5,92,617.5800170898438,617.5399780273438,617.6300048828125
P5,2.5,121.5,116,617.719970703125,617.5999755859375,617.79248046875
P5,2.5,122.5,93,617.8099975585938,617.6900024414062,617.9299926757812
P5,2.5,123.5,116,617.8400268554688,617.77001953125,617.9299926757812
P5,2.5,124.5,112,618.0900268554688,617.9500122070312,618.2100219726562
P5,2.5,125.5,68,618.22998046875,618.010009765625,618.375
P5,2.5,126.5,31,618.3699951171875,618.2449951171875,618.510009765625
P5,2.5,127.5,24,619.5250244140625,619.5,619.552490234375
P5,2.5,128.5,30,619.4150390625,619.2449951171875,619.6300048828125
P5,2.5,129.5,54,619.4000244140625,619.0750122070312,619.6574859619141
P5,2.5,130.5,35,619.2899780273438,619.1399841308594,619.5449829101562
P5,2.5,131.5,40,619.4450073242188,619.3499755859375,619.5025024414062
P5,2.5,132.5,82,619.6099853515625,619.52001953125,619.72998046875
P5,2.5,133.5,38,619.739990234375,619.6124877929688,619.8499908447266
P5,2.5,134.5,34,619.9149780273438,619.7650146484375,620.0700073242188
P5,2.5,135.5,27,620.1400146484375,619.9649963378906,620.2650146484375
P5,2.5,136.5,11,620.4400024414062,620.3599853515625,620.5750122070312
P5,2.5,137.5,0,,,
P5,2.5,138.5,19,620.8300170898438,620.6699829101562,620.875
P5,2.5,139.5,45,620.760009765625,620.6099853515625,620.8599853515625
P5,2.5,140.5,47,620.9199829101562,620.7900085449219,621.135009765625
P5,2.5,141.5,37,620.9400024414062,620.6199951171875,621.0499877929688
P5,2.5,142.5,23,620.780029296875,620.7349853515625,620.8300170898438
P5,2.5,143.5,30,620.9550170898438,620.8825073242188,621.0175170898438
P5,2.5,144.5,25,621.0999755859375,621.0700073242188,621.1500244140625
P5,2.5,145.5,38,621.280029296875,621.239990234375,621.3275146484375
P5,2.5,146.5,38,621.4599609375,621.4099731445312,621.489990234375
P5,2.5,147.5,54,621.6400146484375,621.58251953125,621.6799926757812
P5,2.5,148.5,49,621.7999877929688,621.760009765625,621.8400268554688
P5,2.5,149.5,65,621.9600219726562,621.9199829101562,622.0
P5,2.5,150.5,58,622.1599731445312,622.1124877929688,622.2000122070312
P5,2.5,151.5,51,622.3300170898438,622.280029296875,622.3800048828125
P5,2.5,152.5,65,622.47998046875,622.4299926757812,622.530029296875
P5,2.5,153.5,52,622.6500244140625,622.5999755859375,622.7000122070312
P5,2.5,154.5,65,622.8300170898438,622.77001953125,622.8599853515625
P5,2.5,155.5,64,622.989990234375,622.9500122070312,623.030029296875
P5,2.5,156.5,86,623.1300048828125,623.0900268554688,623.1799926757812
P5,2.5,157.5,79,623.2899780273438,623.239990234375,623.3300170898438
P5,2.5,158.5,106,623.4500122070312,623.4099731445312,623.5075073242188
P5,2.5,159.5,94,623.6099853515625,623.5700073242188,623.6500244140625
P5,2.5,160.5,112,623.739990234375,623.697509765625,623.7825164794922
P5,2.5,161.5,95,623.8800048828125,623.8400268554688,623.9199829101562
P5,2.5,162.5,112,624.0150146484375,623.9774780273438,624.0599975585938
P5,2.5,163.5,102,624.1400146484375,624.1099853515625,624.1799926757812
P5,2.5,164.5,84,624.260009765625,624.219970703125,624.2999877929688
P5,2.5,165.5,82,624.3900146484375,624.3524780273438,624.4299926757812
P5,2.5,166.5,67,624.5,624.469970703125,624.5399780273438
P5,2.5,167.5,79,624.5599975585938,624.530029296875,624.5900268554688
P5,2.5,168.5,71,624.6500244140625,624.5999755859375,624.6950073242188
P5,2.5,169.5,58,624.72998046875,624.6900024414062,624.760009765625
P5,2.5,170.5,69,624.7999877929688,624.77001953125,624.8599853515625
P5,2.5,171.5,72,624.9000244140625,624.8574829101562,624.969970703125
P5,2.5,172.5,79,624.9400024414062,624.9099731445312,625.010009765625
P5,2.5,173.5,71,625.0,624.969970703125,625.0599975585938
P5,2.5,174.5,54,625.0499877929688,625.02001953125,625.0800170898438
P5,2.5,175.5,60,625.14501953125,625.1074829101562,625.2100219726562
P5,2.5,176.5,42,625.2000122070312,625.1699829101562,625.2874908447266
P5,2.5,177.5,46,625.2650146484375,625.22998046875,625.3775024414062
P5,2.5,178.5,36,625.4149780273438,625.2899780273438,625.4724731445312
P5,2.5,179.5,39,625.510009765625,625.4149780273438,625.5950012207031
P5,5.0,0.5,0,,,
P5,5.0,1.5,0,,,
P5,5.0,2.5,0,,,
P5,5.0,3.5,0,,,
P5,5.0,4.5,0,,,
P5,5.0,5.5,0,,,
P5,5.0,6.5,0,,,
P5,5.0,7.5,0,,,
P5,5.0,8.5,12,610.260009765625,610.2149810791016,610.322509765625
P5,5.0,9.5,20,610.2349853515625,610.114990234375,610.3099975585938
P5,5.0,10.5,40,610.4249877929688,610.2949981689453,610.58251953125
P5,5.0,11.5,56,610.614990234375,610.427490234375,610.7424926757812
P5,5.0,12.5,43,610.5700073242188,610.489990234375,610.6749877929688
P5,5.0,13.5,23,610.739990234375,610.6900024414062,610.780029296875
P5,5.0,14.5,11,610.7899780273438,610.7550048828125,610.8900146484375
P5,5.0,15.5,0,,,
P5,5.0,16.5,0,,,
P5,5.0,17.5,10,609.0849609375,609.0200042724609,609.1599884033203
P5,5.0,18.5,51,608.97998046875,608.9299926757812,609.0350036621094
P5,5.0,19.5,16,608.9550170898438,608.9299926757812,608.989990234375
P5,5.0,20.5,7,608.8499755859375,608.8350219726562,608.8599853515625
P5,5.0,21.5,70,608.8599853515625,608.8400268554688,608.8699951171875
P5,5.0,22.5,155,608.8499755859375,608.8200073242188,608.8800048828125
P5,5.0,23.5,184,608.85498046875,608.8200073242188,608.8800048828125
P5,5.0,24.5,83,608.8599853515625,608.8300170898438,608.8800048828125
P5,5.0,25.5,33,608.8400268554688,608.8099975585938,608.8599853515625
P5,5.0,26.5,64,608.8400268554688,608.77001953125,608.9099731445312
P5,5.0,27.5,105,608.8099975585938,608.77001953125,608.8300170898438
P5,5.0,28.5,125,608.8300170898438,608.7999877929688,608.8499755859375
P5,5.0,29.5,102,608.8200073242188,608.7999877929688,608.8400268554688
P5,5.0,30.5,80,608.8400268554688,608.8200073242188,608.8599853515625
P5,5.0,31.5,60,608.8599853515625,608.8400268554688,608.8800048828125
P5,5.0,32.5,37,608.8599853515625,608.8499755859375,608.8900146484375
P5,5.0,33.5,30,608.9749755859375,608.9299926757812,609.010009765625
P5,5.0,34.5,41,608.969970703125,608.9400024414062,609.010009765625
P5,5.0,35.5,36,608.9400024414062,608.927490234375,608.9600219726562
P5,5.0,36.5,51,608.9199829101562,608.9000244140625,608.9600219726562
P5,5.0,37.5,50,608.9500122070312,608.9199829101562,608.97998046875
P5,5.0,38.5,71,608.9500122070312,608.9349975585938,608.97998046875
P5,5.0,39.5,77,608.9600219726562,608.9400024414062,608.97998046875
P5,5.0,40.5,73,608.969970703125,608.9400024414062,608.989990234375
P5,5.0,41.5,72,608.97998046875,608.9500122070312,609.02001953125
P5,5.0,42.5,64,608.9949951171875,608.969970703125,609.030029296875
P5,5.0,43.5,76,609.010009765625,608.9874877929688,609.08251953125
P5,5.0,44.5,51,609.02001953125,608.9949951171875,609.10498046875
P5,5.0,45.5,65,609.0499877929688,609.030029296875,609.0700073242188
P5,5.0,46.5,76,609.030029296875,609.02001953125,609.0599975585938
P5,5.0,47.5,83,609.0499877929688,609.030029296875,609.0650024414062
P5,5.0,48.5,65,609.0599975585938,609.0399780273438,609.0900268554688
P5,5.0,49.5,72,609.0900268554688,609.0700073242188,609.2524871826172
P5,5.0,50.5,16,609.0900268554688,609.0675048828125,609.1024780273438
P5,5.0,51.5,36,609.1599731445312,609.1375122070312,609.1900024414062
P5,5.0,52.5,75,609.25,609.2100219726562,609.364990234375
P5,5.0,53.5,102,609.280029296875,609.22998046875,609.3400268554688
P5,5.0,54.5,154,609.405029296875,609.3099975585938,609.5
P5,5.0,55.5,141,609.4500122070312,609.3499755859375,609.5399780273438
P5,5.0,56.5,96,609.3499755859375,609.3099975585938,609.4299926757812
P5,5.0,57.5,47,609.280029296875,609.260009765625,609.3099975585938
P5,5.0,58.5,63,609.2999877929688,609.27001953125,609.3450012207031
P5,5.0,59.5,234,609.6599731445312,609.47998046875,609.9974975585938
P5,5.0,60.5,259,610.1699829101562,609.8150024414062,610.4600219726562
P5,5.0,61.5,230,610.4600219726562,610.10498046875,610.6900024414062
P5,5.0,62.5,249,610.6400146484375,610.3900146484375,610.8800048828125
P5,5.0,63.5,191,610.9400024414062,610.7249755859375,611.0700073242188
P5,5.0,64.5,187,611.3400268554688,611.135009765625,611.5399780273438
P5,5.0,65.5,156,611.7449951171875,611.4375,612.0700073242188
P5,5.0,66.5,155,612.0800170898438,611.5449829101562,612.3150024414062
P5,5.0,67.5,143,612.2899780273438,611.8200073242188,612.4349975585938
P5,5.0,68.5,115,612.3099975585938,611.9500122070312,612.4400024414062
P5,5.0,69.5,86,612.3300170898438,612.2525024414062,612.427490234375
P5,5.0,70.5,37,612.4299926757812,612.3499755859375,612.469970703125
P5,5.0,71.5,1,,,
P5,5.0,72.5,4,612.885009765625,612.8349914550781,612.9124755859375
P5,5.0,73.5,14,613.0350341796875,612.8250122070312,613.1500244140625
P5,5.0,74.5,21,613.0700073242188,612.989990234375,613.1699829101562
P5,5.0,75.5,36,613.1500244140625,613.0800170898438,613.2549896240234
P5,5.0,76.5,39,613.2999877929688,613.1900024414062,613.3450012207031
P5,5.0,77.5,32,613.364990234375,613.2874908447266,613.41748046875
P5,5.0,78.5,38,613.3499755859375,613.2999877929688,613.677490234375
P5,5.0,79.5,47,613.2899780273438,613.1749877929688,613.4949951171875
P5,5.0,80.5,41,613.219970703125,613.0900268554688,613.4500122070312
P5,5.0,81.5,48,613.1699829101562,613.0574951171875,613.3350067138672
P5,5.0,82.5,64,613.125,613.0700073242188,613.1799926757812
P5,5.0,83.5,96,613.0350341796875,612.8800048828125,613.1124877929688
P5,5.0,84.5,225,613.0499877929688,612.9600219726562,613.1400146484375
P5,5.0,85.5,184,613.0599975585938,613.0,613.1400146484375
P5,5.0,86.5,228,613.0599975585938,612.9500122070312,613.1400146484375
P5,5.0,87.5,180,613.0250244140625,612.9099731445312,613.1724853515625
P5,5.0,88.5,229,612.8699951171875,612.8200073242188,613.0399780273438
P5,5.0,89.5,178,612.780029296875,612.760009765625,612.8099975585938
P5,5.0,90.5,161,612.7899780273438,612.77001953125,612.7999877929688
P5,5.0,91.5,214,612.8099975585938,612.7999877929688,612.8300170898438
P5,5.0,92.5,191,612.8400268554688,612.8200073242188,612.8599853515625
P5,5.0,93.5,219,612.8499755859375,612.8200073242188,612.8800048828125
P5,5.0,94.5,186,612.8699951171875,612.8400268554688,612.9000244140625
P5,5.0,95.5,221,612.9299926757812,612.8900146484375,612.97998046875
P5,5.0,96.5,187,613.0999755859375,612.9949951171875,613.2999877929688
P5,5.0,97.5,195,613.530029296875,613.2349853515625,613.6649780273438
P5,5.0,98.5,167,613.8200073242188,613.6300048828125,613.9400024414062
P5,5.0,99.5,115,614.0800170898438,613.969970703125,614.3800048828125
P5,5.0,100.5,48,614.5449829101562,614.3975219726562,614.6450042724609
P5,5.0,101.5,19,615.1799926757812,615.114990234375,615.2650146484375
P5,5.0,102.5,2,,,
P5,5.0,103.5,0,,,
P5,5.0,104.5,2,,,
P5,5.0,105.5,28,616.6400146484375,616.5650024414062,616.8775024414062
P5,5.0,106.5,103,616.530029296875,616.27001953125,616.9149780273438
P5,5.0,107.5,157,616.760009765625,616.47998046875,617.030029296875
P5,5.0,108.5,185,616.7100219726562,616.5499877929688,617.0399780273438
P5,5.0,109.5,178,616.5750122070312,616.4199829101562,617.0800170898438
P5,5.0,110.5,233,616.4400024414062,616.25,616.7100219726562
P5,5.0,111.5,202,616.405029296875,616.1900024414062,616.625
P5,5.0,112.5,261,616.739990234375,616.4600219726562,617.0399780273438
P5,5.0,113.5,116,617.0350341796875,616.8674926757812,617.1925048828125
P5,5.0,114.5,123,617.4600219726562,617.2850036621094,617.72998046875
P5,5.0,115.5,170,617.6199951171875,617.5225219726562,617.7100219726562
P5,5.0,116.5,206,617.52001953125,617.489990234375,617.5675048828125
P5,5.0,117.5,218,617.510009765625,617.489990234375,617.5399780273438
P5,5.0,118.5,176,617.52001953125,617.510009765625,617.5499877929688
P5,5.0,119.5,194,617.5399780273438,617.52001953125,617.5875244140625
P5,5.0,120.5,195,617.6699829101562,617.5800170898438,617.7850036621094
P5,5.0,121.5,230,617.72998046875,617.5999755859375,617.9000244140625
P5,5.0,122.5,172,617.780029296875,617.6300048828125,617.9299926757812
P5,5.0,123.5,212,617.8900146484375,617.75,618.04248046875
P5,5.0,124.5,192,618.1099853515625,617.91748046875,618.2000122070312
P5,5.0,125.5,149,618.22998046875,618.0399780273438,618.4000244140625
P5,5.0,126.5,64,618.3699951171875,618.2650146484375,618.5850067138672
P5,5.0,127.5,58,619.52001953125,618.572509765625,619.6549835205078
P5,5.0,128.5,81,619.6799926757812,619.3400268554688,619.8699951171875
P5,5.0,129.5,110,619.5800170898438,619.2625122070312,619.697509765625
P5,5.0,130.5,57,619.489990234375,619.22998046875,619.5599975585938
P5,5.0,131.5,91,619.75,619.4700012207031,619.9049987792969
P5,5.0,132.5,110,619.6599731445312,619.52001953125,619.8150024414062
P5,5.0,133.5,73,619.739990234375,619.47998046875,619.989990234375
P5,5.0,134.5,90,619.9149780273438,619.4724731445312,620.0800170898438
P5,5.0,135.5,91,620.0700073242188,619.625,620.25
P5,5.0,136.5,89,620.1599731445312,619.760009765625,620.4500122070312
P5,5.0,137.5,60,619.9500122070312,619.9000244140625,620.0325164794922
P5,5.0,138.5,73,620.1400146484375,620.0700073242188,620.5900268554688
P5,5.0,139.5,102,620.3200073242188,620.25,620.739990234375
P5,5.0,140.5,99,620.4600219726562,620.4000244140625,620.9599914550781
P5,5.0,141.5,95,620.5999755859375,620.530029296875,620.6649780273438
P5,5.0,142.5,69,620.760009765625,620.7100219726562,620.7999877929688
P5,5.0,143.5,89,620.9099731445312,620.8599853515625,620.9600219726562
P5,5.0,144.5,74,621.0700073242188,621.0399780273438,621.1199951171875
P5,5.0,145.5,102,621.25,621.2000122070312,621.2999877929688
P5,5.0,146.5,90,621.4249877929688,621.3699951171875,621.47998046875
P5,5.0,147.5,112,621.5900268554688,621.5399780273438,621.6525115966797
P5,5.0,148.5,113,621.760009765625,621.7100219726562,621.8200073242188
P5,5.0,149.5,142,621.9400024414062,621.8800048828125,622.0275268554688
P5,5.0,150.5,116,622.1400146484375,622.0700073242188,622.2100219726562
P5,5.0,151.5,95,622.2899780273438,622.1799926757812,622.3599853515625
P5,5.0,152.5,106,622.4400024414062,622.3900146484375,622.510009765625
P5,5.0,153.5,89,622.5900268554688,622.52001953125,622.6599731445312
P5,5.0,154.5,108,622.7650146484375,622.6875,622.8400268554688
P5,5.0,155.5,104,622.9500122070312,622.8400268554688,623.010009765625
P5,5.0,156.5,138,623.0900268554688,622.989990234375,623.1475219726562
P5,5.0,157.5,122,623.2349853515625,623.1599731445312,623.3099975585938
P5,5.0,158.5,159,623.4099731445312,623.3350219726562,623.469970703125
P5,5.0,159.5,138,623.5800170898438,623.5125122070312,623.6300048828125
P5,5.0,160.5,164,623.72998046875,623.6699829101562,623.77001953125
P5,5.0,161.5,137,623.8800048828125,623.8300170898438,623.9299926757812
P5,5.0,162.5,163,624.030029296875,623.9849853515625,624.0800170898438
P5,5.0,163.5,143,624.1599731445312,624.1199951171875,624.2000122070312
P5,5.0,164.5,132,624.2949829101562,624.239990234375,624.3400268554688
P5,5.0,165.5,124,624.4099731445312,624.3699951171875,624.4500122070312
P5,5.0,166.5,118,624.52001953125,624.489990234375,624.5474853515625
P5,5.0,167.5,134,624.5800170898438,624.5499877929688,624.6199951171875
P5,5.0,168.5,126,624.6900024414062,624.6300048828125,624.719970703125
P5,5.0,169.5,109,624.77001953125,624.719970703125,624.8099975585938
P5,5.0,170.5,154,624.8800048828125,624.8200073242188,624.9600219726562
P5,5.0,171.5,123,624.9500122070312,624.8900146484375,624.989990234375
P5,5.0,172.5,133,625.0,624.9299926757812,625.0599975585938
P5,5.0,173.5,120,625.0599975585938,624.989990234375,625.1400146484375
P5,5.0,174.5,106,625.1300048828125,625.0499877929688,625.1900024414062
P5,5.0,175.5,114,625.2100219726562,625.1400146484375,625.260009765625
P5,5.0,176.5,90,625.25,625.2000122070312,625.2999877929688
P5,5.0,177.5,101,625.3200073242188,625.260009765625,625.3699951171875
P5,5.0,178.5,86,625.375,625.3125,625.4199829101562
P5,5.0,179.5,98,625.4149780273438,625.3699951171875,625.4674835205078
P5,7.5,0.5,0,,,
P5,7.5,1.5,0,,,
P5,7.5,2.5,0,,,
P5,7.5,3.5,0,,,
P5,7.5,4.5,0,,,
P5,7.5,5.5,0,,,
P5,7.5,6.5,0,,,
P5,7.5,7.5,0,,,
P5,7.5,8.5,12,610.260009765625,610.2149810791016,610.322509765625
P5,7.5,9.5,20,610.2349853515625,610.114990234375,610.3099975585938
P5,7.5,10.5,40,610.4249877929688,610.2949981689453,610.58251953125
P5,7.5,11.5,56,610.614990234375,610.427490234375,610.7424926757812
P5,7.5,12.5,43,610.5700073242188,610.489990234375,610.6749877929688
P5,7.5,13.5,23,610.739990234375,610.6900024414062,610.780029296875
P5,7.5,14.5,11,610.7899780273438,610.7550048828125,610.8900146484375
P5,7.5,15.5,0,,,
P5,7.5,16.5,0,,,
P5,7.5,17.5,10,609.0849609375,609.0200042724609,609.1599884033203
P5,7.5,18.5,54,608.989990234375,608.9299926757812,609.0499877929688
P5,7.5,19.5,16,608.9550170898438,608.9299926757812,608.989990234375
P5,7.5,20.5,41,608.8900146484375,608.8699951171875,608.9199829101562
P5,7.5,21.5,124,608.8699951171875,608.8499755859375,608.9000244140625
P5,7.5,22.5,221,608.8599853515625,608.8300170898438,608.8800048828125
P5,7.5,23.5,283,608.8400268554688,608.8200073242188,608.8699951171875
P5,7.5,24.5,135,608.8300170898438,608.8099975585938,608.8599853515625
P5,7.5,25.5,126,608.8300170898438,608.8099975585938,608.8699951171875
P5,7.5,26.5,115,608.8599853515625,608.8049926757812,608.8900146484375
P5,7.5,27.5,165,608.8099975585938,608.7899780273438,608.8400268554688
P5,7.5,28.5,184,608.8300170898438,608.8099975585938,608.8499755859375
P5,7.5,29.5,174,608.8300170898438,608.802490234375,608.8499755859375
P5,7.5,30.5,134,608.8499755859375,608.8200073242188,608.8800048828125
P5,7.5,31.5,124,608.8699951171875,608.8499755859375,608.8900146484375
P5,7.5,32.5,91,608.8699951171875,608.8499755859375,608.8900146484375
P5,7.5,33.5,68,608.9299926757812,608.8975219726562,608.97998046875
P5,7.5,34.5,96,608.969970703125,608.9400024414062,609.010009765625
P5,7.5,35.5,52,608.9400024414062,608.9199829101562,608.9600219726562
P5,7.5,36.5,52,608.9199829101562,608.9000244140625,608.9600219726562
P5,7.5,37.5,50,608.9500122070312,608.9199829101562,608.97998046875
P5,7.5,38.5,71,608.9500122070312,608.9349975585938,608.97998046875
P5,7.5,39.5,77,608.9600219726562,608.9400024414062,608.97998046875
P5,7.5,40.5,73,608.969970703125,608.9400024414062,608.989990234375
P5,7.5,41.5,77,608.97998046875,608.9500122070312,609.0399780273438
P5,7.5,42.5,113,609.030029296875,608.989990234375,609.0900268554688
P5,7.5,43.5,117,609.030029296875,609.0,609.0999755859375
P5,7.5,44.5,105,609.0399780273438,609.010009765625,609.0700073242188
P5,7.5,45.5,115,609.0499877929688,609.0399780273438,609.0800170898438
P5,7.5,46.5,125,609.0599975585938,609.030029296875,609.0800170898438
P5,7.5,47.5,134,609.0599975585938,609.0399780273438,609.0900268554688
P5,7.5,48.5,113,609.0800170898438,609.0599975585938,609.1099853515625
P5,7.5,49.5,124,609.1099853515625,609.0800170898438,609.1599731445312
P5,7.5,50.5,74,609.1699829101562,609.1300048828125,609.197509765625
P5,7.5,51.5,140,609.219970703125,609.1900024414062,609.3400268554688
P5,7.5,52.5,169,609.260009765625,609.22998046875,609.47998046875
P5,7.5,53.5,176,609.27001953125,609.2374877929688,609.3624877929688
P5,7.5,54.5,219,609.3300170898438,609.280029296875,609.469970703125
P5,7.5,55.5,208,609.4199829101562,609.2999877929688,609.5499877929688
P5,7.5,56.5,155,609.3099975585938,609.2899780273438,609.375
P5,7.5,57.5,93,609.2899780273438,609.27001953125,609.3200073242188
P5,7.5,58.5,84,609.3099975585938,609.280029296875,609.3400268554688
P5,7.5,59.5,234,609.6599731445312,609.47998046875,609.9974975585938
P5,7.5,60.5,274,610.1699829101562,609.7899780273438,610.4774780273438
P5,7.5,61.5,312,610.375,609.6900024414062,610.6724853515625
P5,7.5,62.5,328,610.5449829101562,610.1574859619141,610.8699951171875
P5,7.5,63.5,239,610.8800048828125,610.5350036621094,611.0399780273438
P5,7.5,64.5,213,611.3400268554688,611.1199951171875,611.5399780273438
P5,7.5,65.5,199,611.739990234375,611.4400024414062,612.0700073242188
P5,7.5,66.5,210,611.9749755859375,611.5499877929688,612.3099975585938
P5,7.5,67.5,187,612.1400146484375,611.6099853515625,612.4199829101562
P5,7.5,68.5,164,612.0250244140625,611.8099975585938,612.4199829101562
P5,7.5,69.5,105,612.2899780273438,612.1500244140625,612.4099731445312
P5,7.5,70.5,65,612.3200073242188,611.9000244140625,612.4400024414062
P5,7.5,71.5,55,612.1799926757812,611.9949951171875,612.3099975585938
P5,7.5,72.5,62,612.614990234375,612.5125122070312,612.7174835205078
P5,7.5,73.5,63,612.8800048828125,612.7899780273438,613.0150146484375
P5,7.5,74.5,72,612.969970703125,612.9400024414062,613.0499877929688
P5,7.5,75.5,85,613.1199951171875,613.0499877929688,613.239990234375
P5,7.5,76.5,92,613.2550048828125,613.0625,613.3499755859375
P5,7.5,77.5,85,613.219970703125,613.0800170898438,613.3400268554688
P5,7.5,78.5,92,613.1600341796875,613.0675048828125,613.3400268554688
P5,7.5,79.5,93,613.1500244140625,612.9600219726562,613.2999877929688
P5,7.5,80.5,96,613.0350341796875,612.969970703125,613.1925048828125
P5,7.5,81.5,94,613.0900268554688,613.030029296875,613.1900024414062
P5,7.5,82.5,112,613.1099853515625,613.0700073242188,613.1599731445312
P5,7.5,83.5,177,613.0499877929688,612.8499755859375,613.1900024414062
P5,7.5,84.5,333,613.0599975585938,612.9400024414062,613.1699829101562
P5,7.5,85.5,289,613.0999755859375,613.02001953125,613.1599731445312
P5,7.5,86.5,332,613.0599975585938,612.9500122070312,613.1300048828125
P5,7.5,87.5,286,612.9600219726562,612.9000244140625,613.0999755859375
P5,7.5,88.5,337,612.8599853515625,612.7999877929688,612.9299926757812
P5,7.5,89.5,282,612.780029296875,612.760009765625,612.8300170898438
P5,7.5,90.5,270,612.7899780273438,612.780029296875,612.8099975585938
P5,7.5,91.5,325,612.8200073242188,612.7999877929688,612.8300170898438
P5,7.5,92.5,290,612.8400268554688,612.8099975585938,612.8599853515625
P5,7.5,93.5,334,612.8599853515625,612.8200073242188,612.9000244140625
P5,7.5,94.5,296,612.9099731445312,612.8599853515625,613.0
P5,7.5,95.5,332,612.969970703125,612.9099731445312,613.0999755859375
P5,7.5,96.5,285,613.1599731445312,613.0399780273438,613.3800048828125
P5,7.5,97.5,301,613.5499877929688,613.219970703125,613.77001953125
P5,7.5,98.5,272,613.8200073242188,613.530029296875,614.0925140380859
P5,7.5,99.5,203,614.030029296875,613.85498046875,614.4049987792969
P5,7.5,100.5,114,614.4400024414062,614.2324829101562,614.5999755859375
P5,7.5,101.5,73,615.0599975585938,614.8499755859375,615.22998046875
P5,7.5,102.5,38,615.4649658203125,615.2750091552734,615.6024932861328
P5,7.5,103.5,3,615.72998046875,615.6849975585938,615.864990234375
P5,7.5,104.5,5,616.47998046875,616.010009765625,616.6400146484375
P5,7.5,105.5,34,616.6400146484375,616.552490234375,616.8350219726562
P5,7.5,106.5,152,616.489990234375,616.2974853515625,616.9199829101562
P5,7.5,107.5,231,616.760009765625,616.4550170898438,617.02001953125
P5,7.5,108.5,275,616.75,616.5150146484375,617.0950012207031
P5,7.5,109.5,285,616.5599975585938,616.3300170898438,617.1300048828125
P5,7.5,110.5,351,616.510009765625,616.3049926757812,616.9299926757812
P5,7.5,111.5,319,616.5599975585938,616.2650146484375,616.8699951171875
P5,7.5,112.5,365,616.8400268554688,616.469970703125,617.2999877929688
P5,7.5,113.5,147,617.0,616.6950073242188,617.1549987792969
P5,7.5,114.5,179,617.3900146484375,617.10498046875,617.7550048828125
P5,7.5,115.5,268,617.6099853515625,617.447509765625,617.739990234375
P5,7.5,116.5,300,617.52001953125,617.469970703125,617.5700073242188
P5,7.5,117.5,303,617.5,617.47998046875,617.530029296875
P5,7.5,118.5,256,617.52001953125,617.5,617.5399780273438
P5,7.5,119.5,276,617.5399780273438,617.52001953125,617.5800170898438
P5,7.5,120.5,271,617.7000122070312,617.5900268554688,617.8450012207031
P5,7.5,121.5,293,617.7999877929688,617.6199951171875,618.0800170898438
P5,7.5,122.5,225,617.9000244140625,617.6799926757812,618.0700073242188
P5,7.5,123.5,270,617.9550170898438,617.7899780273438,618.2374877929688
P5,7.5,124.5,235,618.1599731445312,617.9749755859375,618.3099975585938
P5,7.5,125.5,204,618.3699951171875,618.1074829101562,618.8925170898438
P5,7.5,126.5,119,618.6900024414062,618.2850036621094,619.4550170898438
P5,7.5,127.5,129,619.5999755859375,618.5800170898438,619.7100219726562
P5,7.5,128.5,160,619.6699829101562,619.0175170898438,619.7324829101562
P5,7.5,129.5,197,619.5900268554688,619.0399780273438,619.7100219726562
P5,7.5,130.5,158,619.489990234375,618.7999877929688,619.5999755859375
P5,7.5,131.5,195,619.5399780273438,619.2300109863281,619.77001953125
P5,7.5,132.5,220,619.635009765625,619.1300048828125,619.7899780273438
P5,7.5,133.5,162,619.7550048828125,619.2725219726562,619.927490234375
P5,7.5,134.5,200,619.8900146484375,619.427490234375,619.969970703125
P5,7.5,135.5,180,619.9600219726562,619.5599975585938,620.1599731445312
P5,7.5,136.5,176,619.8499755859375,619.719970703125,620.2825164794922
P5,7.5,137.5,157,619.9500122070312,619.8699951171875,620.1300048828125
P5,7.5,138.5,125,620.0900268554688,620.02001953125,620.1599731445312
P5,7.5,139.5,157,620.260009765625,620.1799926757812,620.5800170898438
P5,7.5,140.5,143,620.4099731445312,620.3450012207031,620.8250122070312
P5,7.5,141.5,150,620.5399780273438,620.47998046875,620.6199951171875
P5,7.5,142.5,113,620.7100219726562,620.6300048828125,620.77001953125
P5,7.5,143.5,144,620.8599853515625,620.7899780273438,620.9299926757812
P5,7.5,144.5,120,621.030029296875,620.9099731445312,621.0925140380859
P5,7.5,145.5,153,621.2000122070312,621.0800170898438,621.27001953125
P5,7.5,146.5,125,621.3900146484375,621.280029296875,621.4500122070312
P5,7.5,147.5,143,621.5599975585938,621.4500122070312,621.6400146484375
P5,7.5,148.5,134,621.739990234375,621.6500244140625,621.8074951171875
P5,7.5,149.5,153,621.9400024414062,621.8699951171875,622.030029296875
P5,7.5,150.5,120,622.1400146484375,622.0599975585938,622.2100219726562
P5,7.5,151.5,129,622.3099975585938,622.1900024414062,622.3900146484375
P5,7.5,152.5,154,622.489990234375,622.4199829101562,622.5499877929688
P5,7.5,153.5,140,622.6599731445312,622.5599975585938,622.739990234375
P5,7.5,154.5,134,622.7999877929688,622.7025146484375,622.8900146484375
P5,7.5,155.5,132,622.9649658203125,622.8674926757812,623.0599975585938
P5,7.5,156.5,149,623.0900268554688,622.989990234375,623.1500244140625
P5,7.5,157.5,131,623.239990234375,623.1699829101562,623.3200073242188
P5,7.5,158.5,163,623.4099731445312,623.3400268554688,623.4849853515625
P5,7.5,159.5,138,623.5800170898438,623.5125122070312,623.6300048828125
P5,7.5,160.5,164,623.72998046875,623.6699829101562,623.77001953125
P5,7.5,161.5,137,623.8800048828125,623.8300170898438,623.9299926757812
P5,7.5,162.5,163,624.030029296875,623.9849853515625,624.0800170898438
P5,7.5,163.5,143,624.1599731445312,624.1199951171875,624.2000122070312
P5,7.5,164.5,132,624.2949829101562,624.239990234375,624.3400268554688
P5,7.5,165.5,124,624.4099731445312,624.3699951171875,624.4500122070312
P5,7.5,166.5,119,624.52001953125,624.489990234375,624.5499877929688
P5,7.5,167.5,145,624.5900268554688,624.5499877929688,624.6199951171875
P5,7.5,168.5,155,624.6900024414062,624.6500244140625,624.72998046875
P5,7.5,169.5,147,624.780029296875,624.739990234375,624.8099975585938
P5,7.5,170.5,201,624.8800048828125,624.8300170898438,624.9400024414062
P5,7.5,171.5,165,624.9500122070312,624.9099731445312,624.989990234375
P5,7.5,172.5,170,625.02001953125,624.9500122070312,625.0599975585938
P5,7.5,173.5,162,625.0900268554688,625.010009765625,625.1500244140625
P5,7.5,174.5,162,625.1699829101562,625.08251953125,625.2100219726562
P5,7.5,175.5,168,625.2349853515625,625.1699829101562,625.27001953125
P5,7.5,176.5,141,625.2999877929688,625.22998046875,625.3300170898438
P5,7.5,177.5,156,625.3599853515625,625.2874908447266,625.4000244140625
P5,7.5,178.5,133,625.4099731445312,625.3499755859375,625.4500122070312
P5,7.5,179.5,154,625.4500122070312,625.4000244140625,625.4974975585938
P6,2.5,0.5,0,,,
P6,2.5,1.5,0,,,
P6,2.5,2.5,0,,,
P6,2.5,3.5,0,,,
P6,2.5,4.5,0,,,
P6,2.5,5.5,0,,,
P6,2.5,6.5,0,,,
P6,2.5,7.5,0,,,
P6,2.5,8.5,0,,,
P6,2.5,9.5,0,,,
P6,2.5,10.5,0,,,
P6,2.5,11.5,0,,,
P6,2.5,12.5,0,,,
P6,2.5,13.5,0,,,
P6,2.5,14.5,0,,,
P6,2.5,15.5,0,,,
P6,2.5,16.5,52,609.0,608.97998046875,609.0225219726562
P6,2.5,17.5,101,609.0,608.97998046875,609.030029296875
P6,2.5,18.5,106,609.0499877929688,609.010009765625,609.0800170898438
P6,2.5,19.5,102,609.030029296875,609.010009765625,609.0574951171875
P6,2.5,20.5,99,609.0,608.97998046875,609.0399780273438
P6,2.5,21.5,56,608.9600219726562,608.9299926757812,609.2650146484375
P6,2.5,22.5,2,,,
P6,2.5,23.5,3,609.3200073242188,609.3200073242188,609.3600158691406
P6,2.5,24.5,0,,,
P6,2.5,25.5,0,,,
P6,2.5,26.5,0,,,
P6,2.5,27.5,0,,,
P6,2.5,28.5,0,,,
P6,2.5,29.5,0,,,
P6,2.5,30.5,0,,,
P6,2.5,31.5,0,,,
P6,2.5,32.5,0,,,
P6,2.5,33.5,0,,,
P6,2.5,34.5,0,,,
P6,2.5,35.5,0,,,
P6,2.5,36.5,0,,,
P6,2.5,37.5,0,,,
P6,2.5,38.5,0,,,
P6,2.5,39.5,26,609.8499755859375,609.79248046875,609.9600219726562
P6,2.5,40.5,84,609.760009765625,609.7100219726562,609.8125
P6,2.5,41.5,85,609.7000122070312,609.6599731445312,609.77001953125
P6,2.5,42.5,83,609.6699829101562,609.6500244140625,609.7349853515625
P6,2.5,43.5,94,609.6599731445312,609.6400146484375,609.6900024414062
P6,2.5,44.5,108,609.6599731445312,609.6300048828125,609.6799926757812
P6,2.5,45.5,102,609.5599975585938,609.530029296875,609.6099853515625
P6,2.5,46.5,87,609.6099853515625,609.5499877929688,609.6699829101562
P6,2.5,47.5,77,609.760009765625,609.6900024414062,609.8200073242188
P6,2.5,48.5,16,609.7650146484375,609.6574859619141,609.8475189208984
P6,2.5,49.5,43,609.7999877929688,609.6799926757812,610.010009765625
P6,2.5,50.5,1,,,
P6,2.5,51.5,0,,,
P6,2.5,52.5,0,,,
P6,2.5,53.5,0,,,
P6,2.5,54.5,0,,,
P6,2.5,55.5,23,612.2899780273438,612.260009765625,612.3099975585938
P6,2.5,56.5,84,612.260009765625,612.239990234375,612.2899780273438
P6,2.5,57.5,105,612.2899780273438,612.27001953125,612.3099975585938
P6,2.5,58.5,101,612.3099975585938,612.2899780273438,612.3300170898438
P6,2.5,59.5,103,612.3599853515625,612.3300170898438,612.39501953125
P6,2.5,60.5,102,612.4400024414062,612.4199829101562,612.469970703125
P6,2.5,61.5,105,612.510009765625,612.469970703125,612.5700073242188
P6,2.5,62.5,102,612.5999755859375,612.5625,612.6400146484375
P6,2.5,63.5,107,612.6699829101562,612.5999755859375,612.7000122070312
P6,2.5,64.5,105,612.719970703125,612.6799926757812,612.75
P6,2.5,65.5,102,612.77001953125,612.75,612.7899780273438
P6,2.5,66.5,102,612.7999877929688,612.780029296875,612.8200073242188
P6,2.5,67.5,106,612.8400268554688,612.8200073242188,612.8499755859375
P6,2.5,68.5,102,612.8499755859375,612.8200073242188,612.8674926757812
P6,2.5,69.5,104,612.8499755859375,612.8275146484375,612.8900146484375
P6,2.5,70.5,100,612.8350219726562,612.7999877929688,612.8699951171875
P6,2.5,71.5,106,612.8099975585938,612.780029296875,612.8775024414062
P6,2.5,72.5,107,612.7999877929688,612.77001953125,612.8200073242188
P6,2.5,73.5,100,612.7949829101562,612.77001953125,612.8300170898438
P6,2.5,74.5,103,612.7899780273438,612.75,612.8200073242188
P6,2.5,75.5,100,612.8049926757812,612.7899780273438,612.8300170898438
P6,2.5,76.5,109,612.7999877929688,612.780029296875,612.8200073242188
P6,2.5,77.5,102,612.7899780273438,612.77001953125,612.8099975585938
P6,2.5,78.5,86,612.780029296875,612.760009765625,612.7899780273438
P6,2.5,79.5,20,612.760009765625,612.7374877929688,612.780029296875
P6,2.5,80.5,39,612.6699829101562,612.635009765625,612.72998046875
P6,2.5,81.5,58,612.8200073242188,612.7725219726562,612.8599853515625
P6,2.5,82.5,107,612.72998046875,612.7100219726562,612.760009765625
P6,2.5,83.5,99,612.6699829101562,612.6599731445312,612.6900024414062
P6,2.5,84.5,104,612.6900024414062,612.6699829101562,612.7100219726562
P6,2.5,85.5,101,612.739990234375,612.72998046875,612.760009765625
P6,2.5,86.5,102,612.760009765625,612.739990234375,612.7775268554688
P6,2.5,87.5,62,612.7550048828125,612.739990234375,612.77001953125
P6,2.5,88.5,28,612.75,612.7000122070312,612.85498046875
P6,2.5,89.5,66,612.8200073242188,612.7424926757812,612.9049835205078
P6,2.5,90.5,84,613.0700073242188,612.969970703125,613.1624755859375
P6,2.5,91.5,38,613.4749755859375,613.3825073242188,613.5599975585938
P6,2.5,92.5,15,614.0399780273438,613.9849853515625,614.1100158691406
P6,2.5,93.5,0,,,
P6,2.5,94.5,3,614.8200073242188,614.7250061035156,614.9200134277344
P6,2.5,95.5,2,,,
P6,2.5,96.5,14,614.5150146484375,614.4650115966797,614.6024932861328
P6,2.5,97.5,36,614.5999755859375,614.5374908447266,614.6425170898438
P6,2.5,98.5,43,614.5599975585938,614.39501953125,614.8500061035156
P6,2.5,99.5,56,614.6749877929688,614.469970703125,614.8975067138672
P6,2.5,100.5,49,614.8900146484375,614.8300170898438,614.969970703125
P6,2.5,101.5,15,614.72998046875,614.6699829101562,614.8999938964844
P6,2.5,102.5,11,614.6900024414062,614.6050109863281,614.7649841308594
P6,2.5,103.5,4,614.3399658203125,614.3175048828125,614.3724822998047
P6,2.5,104.5,0,,,
P6,2.5,105.5,0,,,
P6,2.5,106.5,0,,,
P6,2.5,107.5,0,,,
P6,2.5,108.5,0,,,
P6,2.5,109.5,0,,,
P6,2.5,110.5,0,,,
P6,2.5,111.5,0,,,
P6,2.5,112.5,0,,,
P6,2.5,113.5,0,,,
P6,2.5,114.5,0,,,
P6,2.5,115.5,0,,,
P6,2.5,116.5,0,,,
P6,2.5,117.5,0,,,
P6,2.5,118.5,0,,,
P6,2.5,119.5,0,,,
P6,2.5,120.5,0,,,
P6,2.5,121.5,0,,,
P6,2.5,122.5,0,,,
P6,2.5,123.5,12,618.9299926757812,618.8625030517578,619.0450134277344
P6,2.5,124.5,17,618.7000122070312,618.6699829101562,618.72998046875
P6,2.5,125.5,41,619.1900024414062,618.969970703125,619.3400268554688
P6,2.5,126.5,62,619.1599731445312,619.0050048828125,619.2974853515625
P6,2.5,127.5,74,619.3800048828125,619.2025146484375,619.5150146484375
P6,2.5,128.5,39,619.969970703125,619.7550048828125,620.030029296875
P6,2.5,129.5,58,620.2149658203125,620.1624755859375,620.25
P6,2.5,130.5,62,620.3699951171875,620.2825164794922,620.41748046875
P6,2.5,131.5,32,620.2449951171875,620.0875244140625,620.3425140380859
P6,2.5,132.5,36,619.9349975585938,619.7474975585938,620.1299896240234
P6,2.5,133.5,34,619.8049926757812,619.7725219726562,619.8674926757812
P6,2.5,134.5,24,619.969970703125,619.9375,620.1425170898438
P6,2.5,135.5,6,620.3900146484375,620.3375091552734,620.3975219726562
P6,2.5,136.5,0,,,
P6,2.5,137.5,0,,,
P6,2.5,138.5,0,,,
P6,2.5,139.5,0,,,
P6,2.5,140.5,0,,,
P6,2.5,141.5,3,622.0999755859375,622.0950012207031,622.114990234375
P6,2.5,142.5,1,,,
P6,2.5,143.5,0,,,
P6,2.5,144.5,0,,,
P6,2.5,145.5,0,,,
P6,2.5,146.5,0,,,
P6,2.5,147.5,0,,,
P6,2.5,148.5,0,,,
P6,2.5,149.5,0,,,
P6,2.5,150.5,7,622.8499755859375,622.8400268554688,622.8949890136719
P6,2.5,151.5,18,622.9349975585938,622.8925170898438,622.97998046875
P6,2.5,152.5,34,622.885009765625,622.8400268554688,622.95751953125
P6,2.5,153.5,41,622.989990234375,622.9500122070312,623.02001953125
P6,2.5,154.5,14,623.0900268554688,623.052490234375,623.1474761962891
P6,2.5,155.5,11,623.22998046875,623.2099914550781,623.25
P6,2.5,156.5,2,,,
P6,2.5,157.5,54,623.1900024414062,623.1425170898438,623.22998046875
P6,2.5,158.5,20,623.3350219726562,623.27001953125,623.3825073242188
P6,2.5,159.5,8,623.4849853515625,623.469970703125,623.5350189208984
P6,2.5,160.5,2,,,
P6,2.5,161.5,1,,,
P6,2.5,162.5,0,,,
P6,2.5,163.5,2,,,
P6,2.5,164.5,55,625.5499877929688,625.25,625.77001953125
P6,2.5,165.5,65,625.530029296875,625.3400268554688,625.6500244140625
P6,2.5,166.5,78,625.530029296875,625.4224853515625,625.697509765625
P6,2.5,167.5,85,625.72998046875,625.5599975585938,625.8300170898438
P6,2.5,168.5,37,625.72998046875,625.6400146484375,625.8200073242188
P6,2.5,169.5,32,625.7449951171875,625.5849761962891,625.8950042724609
P6,2.5,170.5,57,626.010009765625,625.6400146484375,626.2899780273438
P6,2.5,171.5,96,626.1749877929688,625.7824859619141,626.4824829101562
P6,2.5,172.5,86,626.5150146484375,626.0925140380859,626.6174926757812
P6,2.5,173.5,98,626.5499877929688,626.375,626.760009765625
P6,2.5,174.5,83,626.6900024414062,626.3650207519531,626.9099731445312
P6,2.5,175.5,80,626.7249755859375,626.5374908447266,626.9400024414062
P6,2.5,176.5,88,626.5599975585938,626.2924957275391,626.760009765625
P6,2.5,177.5,82,626.5400390625,626.0875091552734,626.6900024414062
P6,2.5,178.5,83,626.5499877929688,626.1499938964844,626.6900024414062
P6,2.5,179.5,73,626.510009765625,626.2100219726562,626.5900268554688
P6,5.0,0.5,0,,,
P6,5.0,1.5,0,,,
P6,5.0,2.5,0,,,
P6,5.0,3.5,0,,,
P6,5.0,4.5,0,,,
P6,5.0,5.5,0,,,
P6,5.0,6.5,0,,,
P6,5.0,7.5,0,,,
P6,5.0,8.5,0,,,
P6,5.0,9.5,0,,,
P6,5.0,10.5,0,,,
P6,5.0,11.5,0,,,
P6,5.0,12.5,0,,,
P6,5.0,13.5,16,609.344970703125,609.1950073242188,609.375
P6,5.0,14.5,17,609.1900024414062,609.1500244140625,609.3099975585938
P6,5.0,15.5,0,,,
P6,5.0,16.5,85,609.030029296875,609.0,609.0900268554688
P6,5.0,17.5,190,609.0150146484375,608.97998046875,609.1099853515625
P6,5.0,18.5,207,609.0499877929688,608.989990234375,609.0999755859375
P6,5.0,19.5,207,609.030029296875,609.0,609.0700073242188
P6,5.0,20.5,189,609.0,608.969970703125,609.0399780273438
P6,5.0,21.5,139,608.9600219726562,608.9299926757812,609.1549987792969
P6,5.0,22.5,15,608.9299926757812,608.9099731445312,609.0800170898438
P6,5.0,23.5,3,609.3200073242188,609.3200073242188,609.3600158691406
P6,5.0,24.5,0,,,
P6,5.0,25.5,0,,,
P6,5.0,26.5,0,,,
P6,5.0,27.5,3,609.7999877929688,609.7699890136719,609.8049926757812
P6,5.0,28.5,0,,,
P6,5.0,29.5,0,,,
P6,5.0,30.5,0,,,
P6,5.0,31.5,0,,,
P6,5.0,32.5,0,,,
P6,5.0,33.5,0,,,
P6,5.0,34.5,0,,,
P6,5.0,35.5,0,,,
P6,5.0,36.5,0,,,
P6,5.0,37.5,0,,,
P6,5.0,38.5,3,609.739990234375,609.739990234375,609.739990234375
P6,5.0,39.5,44,609.8099975585938,609.7474975585938,609.9224853515625
P6,5.0,40.5,126,609.739990234375,609.7000122070312,609.7999877929688
P6,5.0,41.5,132,609.6900024414062,609.6699829101562,609.739990234375
P6,5.0,42.5,127,609.6699829101562,609.6500244140625,609.7050170898438
P6,5.0,43.5,148,609.6599731445312,609.6400146484375,609.6900024414062
P6,5.0,44.5,152,609.6500244140625,609.6300048828125,609.6900024414062
P6,5.0,45.5,166,609.5650024414062,609.530029296875,609.6300048828125
P6,5.0,46.5,136,609.5800170898438,609.5275268554688,609.6525115966797
P6,5.0,47.5,139,609.7100219726562,609.6300048828125,609.8049926757812
P6,5.0,48.5,59,609.760009765625,609.60498046875,609.875
P6,5.0,49.5,64,609.8049926757812,609.66748046875,610.0399780273438
P6,5.0,50.5,52,609.7000122070312,609.6174926757812,609.7825164794922
P6,5.0,51.5,17,609.719970703125,609.7000122070312,609.739990234375
P6,5.0,52.5,3,609.6699829101562,609.6549987792969,609.6900024414062
P6,5.0,53.5,0,,,
P6,5.0,54.5,6,612.3049926757812,612.2775115966797,612.3175048828125
P6,5.0,55.5,77,612.2999877929688,612.27001953125,612.3400268554688
P6,5.0,56.5,135,612.2899780273438,612.25,612.3900146484375
P6,5.0,57.5,186,612.2999877929688,612.27001953125,612.4000244140625
P6,5.0,58.5,207,612.3099975585938,612.280029296875,612.3800048828125
P6,5.0,59.5,205,612.3599853515625,612.3099975585938,612.4400024414062
P6,5.0,60.5,206,612.4400024414062,612.3900146484375,612.510009765625
P6,5.0,61.5,205,612.510009765625,612.4299926757812,612.6099853515625
P6,5.0,62.5,207,612.5999755859375,612.510009765625,612.6599731445312
P6,5.0,63.5,207,612.6699829101562,612.5599975585938,612.7100219726562
P6,5.0,64.5,206,612.719970703125,612.6624755859375,612.75
P6,5.0,65.5,204,612.760009765625,612.719970703125,612.7899780273438
P6,5.0,66.5,206,612.7999877929688,612.75,612.8300170898438
P6,5.0,67.5,206,612.8400268554688,612.7999877929688,612.8699951171875
P6,5.0,68.5,209,612.8499755859375,612.7999877929688,612.8900146484375
P6,5.0,69.5,209,612.8499755859375,612.7999877929688,612.9099731445312
P6,5.0,70.5,197,612.8400268554688,612.780029296875,612.9000244140625
P6,5.0,71.5,211,612.7999877929688,612.760009765625,612.8900146484375
P6,5.0,72.5,210,612.7999877929688,612.760009765625,612.8599853515625
P6,5.0,73.5,200,612.7899780273438,612.7374877929688,612.8499755859375
P6,5.0,74.5,209,612.7899780273438,612.72998046875,612.8499755859375
P6,5.0,75.5,203,612.8099975585938,612.77001953125,612.8499755859375
P6,5.0,76.5,208,612.7999877929688,612.77001953125,612.8499755859375
P6,5.0,77.5,203,612.7899780273438,612.77001953125,612.8200073242188
P6,5.0,78.5,149,612.77001953125,612.760009765625,612.7899780273438
P6,5.0,79.5,65,612.760009765625,612.739990234375,612.77001953125
P6,5.0,80.5,85,612.719970703125,612.6799926757812,612.75
P6,5.0,81.5,144,612.8049926757812,612.75,612.8599853515625
P6,5.0,82.5,178,612.739990234375,612.7100219726562,612.8599853515625
P6,5.0,83.5,189,612.6900024414062,612.6699829101562,612.719970703125
P6,5.0,84.5,211,612.7000122070312,612.6799926757812,612.72998046875
P6,5.0,85.5,208,612.739990234375,612.719970703125,612.760009765625
P6,5.0,86.5,176,612.760009765625,612.739990234375,612.780029296875
P6,5.0,87.5,113,612.760009765625,612.739990234375,612.77001953125
P6,5.0,88.5,93,612.760009765625,612.72998046875,612.7899780273438
P6,5.0,89.5,82,612.7949829101562,612.719970703125,612.8875122070312
P6,5.0,90.5,130,613.030029296875,612.83251953125,613.1574859619141
P6,5.0,91.5,72,613.4949951171875,613.3975219726562,613.6099853515625
P6,5.0,92.5,33,613.989990234375,613.8499755859375,614.0599975585938
P6,5.0,93.5,7,613.8099975585938,613.6099853515625,613.9299926757812
P6,5.0,94.5,9,614.02001953125,613.989990234375,614.6300048828125
P6,5.0,95.5,6,614.1700439453125,614.1099853515625,614.6575012207031
P6,5.0,96.5,14,614.5150146484375,614.4650115966797,614.6024932861328
P6,5.0,97.5,40,614.594970703125,614.5225219726562,614.6400146484375
P6,5.0,98.5,65,614.47998046875,614.3200073242188,614.7100219726562
P6,5.0,99.5,92,614.469970703125,614.260009765625,614.7675018310547
P6,5.0,100.5,71,614.8599853515625,614.7349853515625,614.9600219726562
P6,5.0,101.5,16,614.75,614.6749877929688,614.9224853515625
P6,5.0,102.5,15,614.6900024414062,614.5249938964844,614.7550048828125
P6,5.0,103.5,4,614.3399658203125,614.3175048828125,614.3724822998047
P6,5.0,104.5,0,,,
P6,5.0,105.5,0,,,
P6,5.0,106.5,0,,,
P6,5.0,107.5,0,,,
P6,5.0,108.5,0,,,
P6,5.0,109.5,0,,,
P6,5.0,110.5,0,,,
P6,5.0,111.5,0,,,
P6,5.0,112.5,0,,,
P6,5.0,113.5,19,616.02001953125,615.9100036621094,616.0800170898438
P6,5.0,114.5,37,616.4099731445312,616.280029296875,616.510009765625
P6,5.0,115.5,24,616.7900390625,616.6925048828125,616.9099731445312
P6,5.0,116.5,1,,,
P6,5.0,117.5,0,,,
P6,5.0,118.5,4,618.875,618.8699951171875,618.8874969482422
P6,5.0,119.5,2,,,
P6,5.0,120.5,12,619.0850219726562,619.0000152587891,619.1224975585938
P6,5.0,121.5,26,619.0150146484375,618.8375091552734,619.2249908447266
P6,5.0,122.5,46,618.9849853515625,618.6950073242188,619.1925048828125
P6,5.0,123.5,67,618.8599853515625,618.7650146484375,619.0050048828125
P6,5.0,124.5,115,618.7999877929688,618.6699829101562,619.614990234375
P6,5.0,125.5,113,618.9000244140625,618.780029296875,619.3300170898438
P6,5.0,126.5,119,619.0999755859375,618.969970703125,619.27001953125
P6,5.0,127.5,125,619.3400268554688,619.1400146484375,619.5
P6,5.0,128.5,47,620.0,619.8049926757812,620.0800170898438
P6,5.0,129.5,107,620.1900024414062,620.125,620.22998046875
P6,5.0,130.5,125,620.1400146484375,619.9000244140625,620.3699951171875
P6,5.0,131.5,80,619.8300170898438,619.6875,620.1450042724609
P6,5.0,132.5,91,619.8400268554688,619.7550048828125,619.9600219726562
P6,5.0,133.5,91,619.9299926757812,619.7999877929688,620.10498046875
P6,5.0,134.5,79,620.0399780273438,619.9649963378906,620.1500244140625
P6,5.0,135.5,63,620.219970703125,620.0599975585938,620.3150024414062
P6,5.0,136.5,41,620.4099731445312,620.3599853515625,620.5900268554688
P6,5.0,137.5,12,620.3350219726562,619.9874877929688,620.3524780273438
P6,5.0,138.5,6,619.97998046875,619.97998046875,620.1000061035156
P6,5.0,139.5,0,,,
P6,5.0,140.5,0,,,
P6,5.0,141.5,10,620.7149658203125,620.6475067138672,621.7625274658203
P6,5.0,142.5,19,620.7899780273438,620.6549987792969,621.2050170898438
P6,5.0,143.5,2,,,
P6,5.0,144.5,7,620.8099975585938,620.760009765625,621.0700073242188
P6,5.0,145.5,0,,,
P6,5.0,146.5,0,,,
P6,5.0,147.5,0,,,
P6,5.0,148.5,3,621.280029296875,621.2650146484375,621.280029296875
P6,5.0,149.5,2,,,
P6,5.0,150.5,39,622.8200073242188,622.780029296875,622.8400268554688
P6,5.0,151.5,124,622.7650146484375,622.5775146484375,622.8599853515625
P6,5.0,152.5,134,622.8250122070312,622.75,622.9375
P6,5.0,153.5,73,623.02001953125,622.9600219726562,623.1599731445312
P6,5.0,154.5,49,623.2100219726562,623.1599731445312,623.22998046875
P6,5.0,155.5,13,623.22998046875,623.2000122070312,623.25
P6,5.0,156.5,2,,,
P6,5.0,157.5,72,623.2149658203125,623.1599731445312,623.2999877929688
P6,5.0,158.5,71,623.4000244140625,623.3599853515625,623.4500122070312
P6,5.0,159.5,65,623.6199951171875,623.5399780273438,623.7100219726562
P6,5.0,160.5,48,623.9949951171875,623.8875122070312,624.1325073242188
P6,5.0,161.5,16,624.7249755859375,624.6200103759766,624.8399963378906
P6,5.0,162.5,24,625.2000122070312,625.1174926757812,625.29248046875
P6,5.0,163.5,9,625.3099975585938,625.260009765625,625.3900146484375
P6,5.0,164.5,72,625.3150024414062,625.16748046875,625.739990234375
P6,5.0,165.5,82,625.4450073242188,625.2324829101562,625.6099853515625
P6,5.0,166.5,101,625.47998046875,625.3300170898438,625.6199951171875
P6,5.0,167.5,102,625.6600341796875,625.4349975585938,625.8175048828125
P6,5.0,168.5,45,625.7100219726562,625.5599975585938,625.8200073242188
P6,5.0,169.5,61,625.510009765625,625.2100219726562,625.75
P6,5.0,170.5,76,625.8699951171875,625.6199951171875,626.280029296875
P6,5.0,171.5,97,626.1699829101562,625.7899780273438,626.47998046875
P6,5.0,172.5,88,626.510009765625,626.0974884033203,626.6124877929688
P6,5.0,173.5,139,626.4500122070312,626.1300048828125,626.6749877929688
P6,5.0,174.5,136,626.3049926757812,626.1174926757812,626.8200073242188
P6,5.0,175.5,132,626.5050048828125,626.1900024414062,626.802490234375
P6,5.0,176.5,141,626.4199829101562,626.22998046875,626.6300048828125
P6,5.0,177.5,133,626.4400024414062,626.3099975585938,626.6199951171875
P6,5.0,178.5,146,626.5050048828125,626.3200073242188,626.6699829101562
P6,5.0,179.5,122,626.530029296875,626.4099731445312,626.6099853515625
P6,7.5,0.5,0,,,
P6,7.5,1.5,0,,,
P6,7.5,2.5,0,,,
P6,7.5,3.5,0,,,
P6,7.5,4.5,0,,,
P6,7.5,5.5,0,,,
P6,7.5,6.5,1,,,
P6,7.5,7.5,2,,,
P6,7.5,8.5,0,,,
P6,7.5,9.5,0,,,
P6,7.5,10.5,0,,,
P6,7.5,11.5,0,,,
P6,7.5,12.5,4,609.6400146484375,609.6175079345703,609.6800231933594
P6,7.5,13.5,36,609.3900146484375,609.3574829101562,609.4425048828125
P6,7.5,14.5,43,609.2000122070312,609.1500244140625,609.3150024414062
P6,7.5,15.5,25,609.1400146484375,609.1099853515625,609.1599731445312
P6,7.5,16.5,137,609.0999755859375,609.02001953125,609.1699829101562
P6,7.5,17.5,241,609.0499877929688,608.989990234375,609.1599731445312
P6,7.5,18.5,291,609.0599975585938,608.989990234375,609.1300048828125
P6,7.5,19.5,307,609.02001953125,608.97998046875,609.0800170898438
P6,7.5,20.5,271,608.989990234375,608.969970703125,609.0499877929688
P6,7.5,21.5,239,608.9500122070312,608.9199829101562,609.1799926757812
P6,7.5,22.5,61,608.8900146484375,608.8599853515625,608.9199829101562
P6,7.5,23.5,3,609.3200073242188,609.3200073242188,609.3600158691406
P6,7.5,24.5,0,,,
P6,7.5,25.5,0,,,
P6,7.5,26.5,13,609.3800048828125,609.2999877929688,609.469970703125
P6,7.5,27.5,51,609.4400024414062,609.35498046875,609.6600036621094
P6,7.5,28.5,43,609.5800170898438,609.4600219726562,609.9700012207031
P6,7.5,29.5,31,609.6400146484375,609.5700073242188,609.6699829101562
P6,7.5,30.5,33,609.7899780273438,609.75,609.8200073242188
P6,7.5,31.5,24,609.8250122070312,609.7999877929688,609.8699951171875
P6,7.5,32.5,17,609.8599853515625,609.8300170898438,609.8699951171875
P6,7.5,33.5,3,609.969970703125,609.9049987792969,609.9849853515625
P6,7.5,34.5,4,610.175048828125,610.0775146484375,610.2800140380859
P6,7.5,35.5,4,609.594970703125,609.5350189208984,609.7824859619141
P6,7.5,36.5,7,609.0599975585938,609.0350036621094,609.114990234375
P6,7.5,37.5,13,609.0599975585938,609.030029296875,609.1599731445312
P6,7.5,38.5,15,609.02001953125,608.9849853515625,609.0499877929688
P6,7.5,39.5,68,609.77001953125,609.1100006103516,609.8450164794922
P6,7.5,40.5,154,609.7249755859375,609.6699829101562,609.7899780273438
P6,7.5,41.5,175,609.6799926757812,609.6300048828125,609.7349853515625
P6,7.5,42.5,169,609.6599731445312,609.6199951171875,609.6900024414062
P6,7.5,43.5,198,609.6500244140625,609.6099853515625,609.6799926757812
P6,7.5,44.5,199,609.6400146484375,609.5750122070312,609.6699829101562
P6,7.5,45.5,217,609.5399780273438,609.47998046875,609.5999755859375
P6,7.5,46.5,186,609.5499877929688,609.469970703125,609.6199951171875
P6,7.5,47.5,192,609.6400146484375,609.5399780273438,609.780029296875
P6,7.5,48.5,96,609.5800170898438,609.45751953125,609.802490234375
P6,7.5,49.5,97,609.6799926757812,609.530029296875,609.8599853515625
P6,7.5,50.5,101,609.6500244140625,609.510009765625,609.760009765625
P6,7.5,51.5,42,609.7100219726562,609.6425170898438,609.7474975585938
P6,7.5,52.5,3,609.6699829101562,609.6549987792969,609.6900024414062
P6,7.5,53.5,0,,,
P6,7.5,54.5,6,612.3049926757812,612.2775115966797,612.3175048828125
P6,7.5,55.5,86,612.2999877929688,612.2725219726562,612.3875122070312
P6,7.5,56.5,183,612.3400268554688,612.260009765625,612.4400024414062
P6,7.5,57.5,240,612.3300170898438,612.280029296875,612.4600219726562
P6,7.5,58.5,288,612.3200073242188,612.280029296875,612.4600219726562
P6,7.5,59.5,306,612.3599853515625,612.280029296875,612.510009765625
P6,7.5,60.5,312,612.4400024414062,612.3200073242188,612.5999755859375
P6,7.5,61.5,308,612.510009765625,612.3900146484375,612.6425170898438
P6,7.5,62.5,315,612.5900268554688,612.4299926757812,612.6699829101562
P6,7.5,63.5,309,612.6699829101562,612.510009765625,612.719970703125
P6,7.5,64.5,312,612.719970703125,612.6099853515625,612.760009765625
P6,7.5,65.5,302,612.760009765625,612.6900024414062,612.7999877929688
P6,7.5,66.5,313,612.7999877929688,612.7100219726562,612.8400268554688
P6,7.5,67.5,309,612.8400268554688,612.739990234375,612.8900146484375
P6,7.5,68.5,311,612.8499755859375,612.75,612.9000244140625
P6,7.5,69.5,312,612.8499755859375,612.739990234375,612.9199829101562
P6,7.5,70.5,304,612.8400268554688,612.75,612.9199829101562
P6,7.5,71.5,313,612.8099975585938,612.739990234375,612.9000244140625
P6,7.5,72.5,313,612.7999877929688,612.719970703125,612.8800048828125
P6,7.5,73.5,304,612.7899780273438,612.6900024414062,612.8699951171875
P6,7.5,74.5,310,612.7899780273438,612.7000122070312,612.8975219726562
P6,7.5,75.5,308,612.8099975585938,612.739990234375,612.8925170898438
P6,7.5,76.5,310,612.7999877929688,612.75,612.8800048828125
P6,7.5,77.5,282,612.7899780273438,612.739990234375,612.8300170898438
P6,7.5,78.5,198,612.760009765625,612.739990234375,612.780029296875
P6,7.5,79.5,121,612.760009765625,612.739990234375,612.77001953125
P6,7.5,80.5,132,612.739990234375,612.7000122070312,612.760009765625
P6,7.5,81.5,193,612.7999877929688,612.75,612.8499755859375
P6,7.5,82.5,232,612.780029296875,612.719970703125,612.9224853515625
P6,7.5,83.5,296,612.7249755859375,612.6799926757812,612.8499755859375
P6,7.5,84.5,310,612.72998046875,612.6900024414062,612.780029296875
P6,7.5,85.5,298,612.75,612.72998046875,612.780029296875
P6,7.5,86.5,225,612.75,612.739990234375,612.77001953125
P6,7.5,87.5,186,612.75,612.739990234375,612.77001953125
P6,7.5,88.5,202,612.77001953125,612.739990234375,612.8674926757812
P6,7.5,89.5,161,612.7999877929688,612.75,612.97998046875
P6,7.5,90.5,226,613.0700073242188,612.77001953125,613.27001953125
P6,7.5,91.5,177,613.3499755859375,613.25,613.469970703125
P6,7.5,92.5,153,613.5900268554688,613.4500122070312,613.7999877929688
P6,7.5,93.5,121,613.9199829101562,613.6099853515625,614.0599975585938
P6,7.5,94.5,116,614.0750122070312,613.77001953125,614.3800048828125
P6,7.5,95.5,59,613.9000244140625,613.8250122070312,614.0350036621094
P6,7.5,96.5,69,614.0499877929688,613.9500122070312,614.1900024414062
P6,7.5,97.5,93,614.0399780273438,613.8599853515625,614.5599975585938
P6,7.5,98.5,116,614.1799926757812,613.969970703125,614.510009765625
P6,7.5,99.5,113,614.4000244140625,614.1699829101562,614.6799926757812
P6,7.5,100.5,71,614.8599853515625,614.7349853515625,614.9600219726562
P6,7.5,101.5,16,614.75,614.6749877929688,614.9224853515625
P6,7.5,102.5,15,614.6900024414062,614.5249938964844,614.7550048828125
P6,7.5,103.5,4,614.3399658203125,614.3175048828125,614.3724822998047
P6,7.5,104.5,0,,,
P6,7.5,105.5,0,,,
P6,7.5,106.5,0,,,
P6,7.5,107.5,0,,,
P6,7.5,108.5,0,,,
P6,7.5,109.5,0,,,
P6,7.5,110.5,0,,,
P6,7.5,111.5,0,,,
P6,7.5,112.5,12,615.625,615.5324859619141,615.6924896240234
P6,7.5,113.5,73,615.7999877929688,615.7100219726562,616.0
P6,7.5,114.5,122,616.2899780273438,616.1099853515625,616.4400024414062
P6,7.5,115.5,75,616.739990234375,616.6199951171875,616.8699951171875
P6,7.5,116.5,48,617.0050048828125,616.927490234375,617.1224975585938
P6,7.5,117.5,30,617.3299560546875,617.2150115966797,618.1549835205078
P6,7.5,118.5,54,618.2899780273438,618.2025146484375,618.4974975585938
P6,7.5,119.5,70,618.5150146484375,618.3524780273438,618.8125
P6,7.5,120.5,57,618.8699951171875,618.4400024414062,619.0399780273438
P6,7.5,121.5,87,618.8599853515625,618.7149963378906,619.0150146484375
P6,7.5,122.5,111,618.5599975585938,618.4500122070312,618.9400024414062
P6,7.5,123.5,124,618.739990234375,618.5675048828125,618.9124755859375
P6,7.5,124.5,167,618.7000122070312,618.6500244140625,619.5549926757812
P6,7.5,125.5,167,618.8200073242188,618.6849975585938,619.14501953125
P6,7.5,126.5,175,618.969970703125,618.8099975585938,619.1699829101562
P6,7.5,127.5,161,619.25,619.02001953125,619.4600219726562
P6,7.5,128.5,125,619.719970703125,618.8400268554688,619.9199829101562
P6,7.5,129.5,168,620.1199951171875,619.6875,620.2000122070312
P6,7.5,130.5,193,619.9000244140625,619.7100219726562,620.27001953125
P6,7.5,131.5,137,619.8699951171875,619.72998046875,620.0800170898438
P6,7.5,132.5,145,619.9600219726562,619.7999877929688,620.260009765625
P6,7.5,133.5,155,620.02001953125,619.8250122070312,620.1749877929688
P6,7.5,134.5,170,619.9600219726562,619.83251953125,620.0850219726562
P6,7.5,135.5,165,620.27001953125,620.0399780273438,620.4199829101562
P6,7.5,136.5,106,620.4600219726562,620.3524780273438,620.6375122070312
P6,7.5,137.5,120,620.3499755859375,619.9699859619141,620.4600219726562
P6,7.5,138.5,123,620.02001953125,619.5750122070312,620.47998046875
P6,7.5,139.5,78,619.6649780273438,619.5025024414062,620.6099853515625
P6,7.5,140.5,88,620.364990234375,619.7725219726562,620.6300048828125
P6,7.5,141.5,72,620.6500244140625,620.5974884033203,620.7224731445312
P6,7.5,142.5,72,620.6500244140625,620.1300048828125,620.6900024414062
P6,7.5,143.5,18,620.7899780273438,620.760009765625,620.8150024414062
P6,7.5,144.5,35,620.8499755859375,620.7999877929688,620.9049987792969
P6,7.5,145.5,18,621.135009765625,620.9550018310547,621.4525146484375
P6,7.5,146.5,22,621.344970703125,621.0625,621.6275024414062
P6,7.5,147.5,47,621.2899780273438,621.1400146484375,621.530029296875
P6,7.5,148.5,52,621.4749755859375,621.2874908447266,621.6724853515625
P6,7.5,149.5,24,621.9199829101562,621.885009765625,621.97998046875
P6,7.5,150.5,68,622.4849853515625,622.1574859619141,622.8300170898438
P6,7.5,151.5,218,622.5800170898438,622.4199829101562,622.8049926757812
P6,7.5,152.5,188,622.7899780273438,622.6699829101562,622.9025115966797
P6,7.5,153.5,93,623.0499877929688,622.9600219726562,623.1799926757812
P6,7.5,154.5,70,623.22998046875,623.1925048828125,623.260009765625
P6,7.5,155.5,13,623.22998046875,623.2000122070312,623.25
P6,7.5,156.5,2,,,
P6,7.5,157.5,72,623.2149658203125,623.1599731445312,623.2999877929688
P6,7.5,158.5,77,623.4000244140625,623.3699951171875,623.4600219726562
P6,7.5,159.5,115,623.6799926757812,623.5800170898438,623.780029296875
P6,7.5,160.5,60,624.0250244140625,623.9074859619141,624.1300048828125
P6,7.5,161.5,16,624.7249755859375,624.6200103759766,624.8399963378906
P6,7.5,162.5,24,625.2000122070312,625.1174926757812,625.29248046875
P6,7.5,163.5,9,625.3099975585938,625.260009765625,625.3900146484375
P6,7.5,164.5,72,625.3150024414062,625.16748046875,625.739990234375
P6,7.5,165.5,82,625.4450073242188,625.2324829101562,625.6099853515625
P6,7.5,166.5,101,625.47998046875,625.3300170898438,625.6199951171875
P6,7.5,167.5,102,625.6600341796875,625.4349975585938,625.8175048828125
P6,7.5,168.5,45,625.7100219726562,625.5599975585938,625.8200073242188
P6,7.5,169.5,61,625.510009765625,625.2100219726562,625.75
P6,7.5,170.5,76,625.8699951171875,625.6199951171875,626.280029296875
P6,7.5,171.5,97,626.1699829101562,625.7899780273438,626.47998046875
P6,7.5,172.5,88,626.510009765625,626.0974884033203,626.6124877929688
P6,7.5,173.5,174,626.2000122070312,625.9224853515625,626.5875244140625
P6,7.5,174.5,190,626.1400146484375,625.9099731445312,626.5775146484375
P6,7.5,175.5,179,626.219970703125,626.0499877929688,626.6549987792969
P6,7.5,176.5,195,626.2899780273438,626.1300048828125,626.5399780273438
P6,7.5,177.5,188,626.344970703125,626.1799926757812,626.530029296875
P6,7.5,178.5,195,626.3699951171875,626.2899780273438,626.5999755859375
P6,7.5,179.5,174,626.4600219726562,626.3800048828125,626.5700073242188
P7,2.5,0.5,13,610.8699951171875,610.8200073242188,610.8900146484375
P7,2.5,1.5,7,611.280029296875,611.1199951171875,611.3249816894531
P7,2.5,2.5,10,611.1199951171875,611.052490234375,611.2475128173828
P7,2.5,3.5,1,,,
P7,2.5,4.5,12,610.8599853515625,610.7924957275391,610.9650115966797
P7,2.5,5.5,0,,,
P7,2.5,6.5,1,,,
P7,2.5,7.5,0,,,
P7,2.5,8.5,0,,,
P7,2.5,9.5,15,610.0499877929688,609.8150024414062,610.1650085449219
P7,2.5,10.5,38,609.969970703125,609.8599853515625,610.0574951171875
P7,2.5,11.5,74,609.760009765625,609.6799926757812,609.8400268554688
P7,2.5,12.5,13,609.5499877929688,609.530029296875,609.6099853515625
P7,2.5,13.5,60,609.635009765625,609.5800170898438,609.7125091552734
P7,2.5,14.5,105,609.5900268554688,609.530029296875,609.6900024414062
P7,2.5,15.5,102,609.5800170898438,609.530029296875,609.6300048828125
P7,2.5,16.5,98,609.530029296875,609.4824829101562,609.5900268554688
P7,2.5,17.5,32,609.4450073242188,609.4099731445312,609.5025024414062
P7,2.5,18.5,0,,,
P7,2.5,19.5,0,,,
P7,2.5,20.5,0,,,
P7,2.5,21.5,0,,,
P7,2.5,22.5,0,,,
P7,2.5,23.5,0,,,
P7,2.5,24.5,0,,,
P7,2.5,25.5,0,,,
P7,2.5,26.5,0,,,
P7,2.5,27.5,0,,,
P7,2.5,28.5,0,,,
P7,2.5,29.5,0,,,
P7,2.5,30.5,0,,,
P7,2.5,31.5,0,,,
P7,2.5,32.5,0,,,
P7,2.5,33.5,0,,,
P7,2.5,34.5,0,,,
P7,2.5,35.5,0,,,
P7,2.5,36.5,0,,,
P7,2.5,37.5,0,,,
P7,2.5,38.5,0,,,
P7,2.5,39.5,0,,,
P7,2.5,40.5,0,,,
P7,2.5,41.5,0,,,
P7,2.5,42.5,6,611.239990234375,611.0975036621094,611.3525085449219
P7,2.5,43.5,5,611.2999877929688,611.1900024414062,611.4000244140625
P7,2.5,44.5,0,,,
P7,2.5,45.5,5,611.0,610.989990234375,611.0399780273438
P7,2.5,46.5,1,,,
P7,2.5,47.5,21,611.1699829101562,611.02001953125,611.2100219726562
P7,2.5,48.5,13,611.2899780273438,611.1599731445312,611.75
P7,2.5,49.5,91,612.1699829101562,611.9299926757812,612.22998046875
P7,2.5,50.5,107,612.2899780273438,612.1099853515625,612.3400268554688
P7,2.5,51.5,105,612.280029296875,612.239990234375,612.3099975585938
P7,2.5,52.5,104,612.3099975585938,612.280029296875,612.3699951171875
P7,2.5,53.5,101,612.3200073242188,612.280029296875,612.3800048828125
P7,2.5,54.5,108,612.3350219726562,612.2899780273438,612.4099731445312
P7,2.5,55.5,101,612.3499755859375,612.3300170898438,612.3800048828125
P7,2.5,56.5,102,612.3699951171875,612.3400268554688,612.4199829101562
P7,2.5,57.5,105,612.4199829101562,612.3800048828125,612.469970703125
P7,2.5,58.5,105,612.52001953125,612.469970703125,612.5999755859375
P7,2.5,59.5,100,612.6099853515625,612.5499877929688,612.6525115966797
P7,2.5,60.5,104,612.6199951171875,612.5599975585938,612.6699829101562
P7,2.5,61.5,96,612.6699829101562,612.6199951171875,612.719970703125
P7,2.5,62.5,104,612.7349853515625,612.6400146484375,612.8599853515625
P7,2.5,63.5,108,612.7949829101562,612.7000122070312,612.8699951171875
P7,2.5,64.5,104,612.719970703125,612.6799926757812,612.7949829101562
P7,2.5,65.5,102,612.6799926757812,612.5750122070312,612.7100219726562
P7,2.5,66.5,102,612.6799926757812,612.5125122070312,612.7100219726562
P7,2.5,67.5,107,612.6500244140625,612.5399780273438,612.7149963378906
P7,2.5,68.5,93,612.7999877929688,612.719970703125,612.8900146484375
P7,2.5,69.5,98,613.0250244140625,612.8800048828125,613.1300048828125
P7,2.5,70.5,104,613.0350341796875,612.9299926757812,613.1425170898438
P7,2.5,71.5,106,612.864990234375,612.8200073242188,612.9299926757812
P7,2.5,72.5,105,612.8300170898438,612.780029296875,612.9099731445312
P7,2.5,73.5,105,612.8499755859375,612.77001953125,612.9500122070312
P7,2.5,74.5,101,613.0800170898438,612.8300170898438,613.1300048828125
P7,2.5,75.5,101,613.0700073242188,612.969970703125,613.1300048828125
P7,2.5,76.5,103,613.0800170898438,612.9749755859375,613.1099853515625
P7,2.5,77.5,105,613.0,612.9400024414062,613.0599975585938
P7,2.5,78.5,104,612.9100341796875,612.7675170898438,613.0625
P7,2.5,79.5,80,612.739990234375,612.719970703125,612.802490234375
P7,2.5,80.5,91,612.72998046875,612.7149963378906,612.7449951171875
P7,2.5,81.5,106,612.75,612.72998046875,612.760009765625
P7,2.5,82.5,93,612.739990234375,612.72998046875,612.760009765625
P7,2.5,83.5,129,613.1300048828125,612.8900146484375,613.3900146484375
P7,2.5,84.5,122,613.4849853515625,613.0625,613.7249908447266
P7,2.5,85.5,109,614.010009765625,613.5599975585938,614.25
P7,2.5,86.5,70,613.9749755859375,613.6699829101562,614.3699798583984
P7,2.5,87.5,55,614.010009765625,613.7749938964844,614.4599914550781
P7,2.5,88.5,44,613.7550048828125,613.5599975585938,614.2524871826172
P7,2.5,89.5,39,613.7000122070312,613.60498046875,614.280029296875
P7,2.5,90.5,60,614.010009765625,613.7274780273438,614.9299926757812
P7,2.5,91.5,128,614.489990234375,614.0225219726562,614.802490234375
P7,2.5,92.5,104,614.1500244140625,613.8300170898438,614.3800048828125
P7,2.5,93.5,105,614.1199951171875,613.9600219726562,614.3599853515625
P7,2.5,94.5,110,614.4649658203125,613.9550018310547,614.9400024414062
P7,2.5,95.5,75,614.219970703125,613.7750244140625,614.6499938964844
P7,2.5,96.5,75,614.47998046875,614.1500244140625,614.7100219726562
P7,2.5,97.5,65,614.22998046875,614.0399780273438,614.3200073242188
P7,2.5,98.5,40,614.0800170898438,613.947509765625,614.2525024414062
P7,2.5,99.5,33,614.1900024414062,614.030029296875,614.3300170898438
P7,2.5,100.5,37,614.1500244140625,613.97998046875,614.3099975585938
P7,2.5,101.5,50,614.1599731445312,614.0225219726562,614.3499755859375
P7,2.5,102.5,35,614.1400146484375,613.9400024414062,614.2100219726562
P7,2.5,103.5,22,614.0050048828125,613.9625091552734,614.114990234375
P7,2.5,104.5,36,614.0700073242188,614.010009765625,614.2249755859375
P7,2.5,105.5,44,614.1749877929688,614.0974884033203,614.2449951171875
P7,2.5,106.5,117,614.239990234375,614.1300048828125,614.3400268554688
P7,2.5,107.5,102,614.1099853515625,614.0325164794922,614.2174835205078
P7,2.5,108.5,107,614.1400146484375,614.0800170898438,614.2000122070312
P7,2.5,109.5,102,614.2050170898438,614.1199951171875,614.280029296875
P7,2.5,110.5,102,614.2750244140625,614.1799926757812,614.3900146484375
P7,2.5,111.5,106,614.405029296875,614.27001953125,614.5
P7,2.5,112.5,84,614.5499877929688,614.4874877929688,614.6199951171875
P7,2.5,113.5,24,614.6400146484375,614.6275024414062,614.6875
P7,2.5,114.5,3,614.8099975585938,614.7699890136719,614.8150024414062
P7,2.5,115.5,0,,,
P7,2.5,116.5,0,,,
P7,2.5,117.5,0,,,
P7,2.5,118.5,0,,,
P7,2.5,119.5,0,,,
P7,2.5,120.5,0,,,
P7,2.5,121.5,0,,,
P7,2.5,122.5,0,,,
P7,2.5,123.5,4,620.0999755859375,620.0875244140625,620.1124877929688
P7,2.5,124.5,45,619.9500122070312,619.8900146484375,620.010009765625
P7,2.5,125.5,87,619.97998046875,619.89501953125,620.0599975585938
P7,2.5,126.5,58,619.9600219726562,619.7725219726562,620.0875244140625
P7,2.5,127.5,35,619.7899780273438,619.7200012207031,619.9450073242188
P7,2.5,128.5,6,620.02001953125,619.989990234375,620.0349884033203
P7,2.5,129.5,0,,,
P7,2.5,130.5,0,,,
P7,2.5,131.5,0,,,
P7,2.5,132.5,0,,,
P7,2.5,133.5,0,,,
P7,2.5,134.5,0,,,
P7,2.5,135.5,0,,,
P7,2.5,136.5,0,,,
P7,2.5,137.5,0,,,
P7,2.5,138.5,0,,,
P7,2.5,139.5,0,,,
P7,2.5,140.5,2,,,
P7,2.5,141.5,0,,,
P7,2.5,142.5,0,,,
P7,2.5,143.5,3,622.4000244140625,622.3900146484375,622.4150085449219
P7,2.5,144.5,27,622.1099853515625,621.9550170898438,622.22998046875
P7,2.5,145.5,44,622.0,621.875,622.1500244140625
P7,2.5,146.5,111,621.8499755859375,621.6799926757812,621.9400024414062
P7,2.5,147.5,107,621.5499877929688,621.489990234375,621.6300048828125
P7,2.5,148.5,46,621.60498046875,621.5700073242188,621.6400146484375
P7,2.5,149.5,2,,,
P7,2.5,150.5,6,621.550048828125,621.530029296875,621.5700073242188
P7,2.5,151.5,75,621.6599731445312,621.6000061035156,621.72998046875
P7,2.5,152.5,78,621.780029296875,621.6925048828125,621.8499755859375
P7,2.5,153.5,42,622.2049560546875,622.1224975585938,622.2899780273438
P7,2.5,154.5,12,622.6300048828125,622.5600128173828,622.7624969482422
P7,2.5,155.5,5,623.530029296875,623.5,623.530029296875
P7,2.5,156.5,28,623.885009765625,623.70751953125,623.9650115966797
P7,2.5,157.5,16,624.4100341796875,624.1900024414062,624.489990234375
P7,2.5,158.5,13,624.7100219726562,624.6699829101562,624.739990234375
P7,2.5,159.5,38,624.8900146484375,624.8425140380859,625.0075073242188
P7,2.5,160.5,83,625.0499877929688,624.9949951171875,625.1599731445312
P7,2.5,161.5,108,625.2000122070312,625.1574859619141,625.2725219726562
P7,2.5,162.5,110,625.260009765625,625.2125091552734,625.2899780273438
P7,2.5,163.5,100,625.239990234375,625.1799926757812,625.3425140380859
P7,2.5,164.5,74,625.2999877929688,625.2100219726562,625.3975219726562
P7,2.5,165.5,47,625.3800048828125,625.3499755859375,625.4199829101562
P7,2.5,166.5,72,625.5750122070312,625.41748046875,625.6224975585938
P7,2.5,167.5,84,625.6799926757812,625.5474853515625,625.7850189208984
P7,2.5,168.5,84,625.510009765625,625.447509765625,625.5999755859375
P7,2.5,169.5,66,625.60498046875,625.3900146484375,625.7775268554688
P7,2.5,170.5,22,625.7650146484375,625.6824951171875,625.8524932861328
P7,2.5,171.5,0,,,
P7,2.5,172.5,1,,,
P7,2.5,173.5,0,,,
P7,2.5,174.5,0,,,
P7,2.5,175.5,0,,,
P7,2.5,176.5,13,626.1699829101562,626.1199951171875,626.2000122070312
P7,2.5,177.5,84,626.1500244140625,626.1049957275391,626.2224731445312
P7,2.5,178.5,19,626.02001953125,625.9100036621094,626.1300048828125
P7,2.5,179.5,17,625.6699829101562,625.6199951171875,625.7999877929688
P7,5.0,0.5,40,610.875,610.7374877929688,610.989990234375
P7,5.0,1.5,24,611.0549926757812,610.9349975585938,611.2200164794922
P7,5.0,2.5,27,610.97998046875,610.9000244140625,611.1000061035156
P7,5.0,3.5,6,610.9749755859375,610.9474945068359,611.0025024414062
P7,5.0,4.5,51,610.719970703125,610.635009765625,610.885009765625
P7,5.0,5.5,2,,,
P7,5.0,6.5,22,610.9149780273438,610.8200073242188,610.947509765625
P7,5.0,7.5,17,611.1300048828125,611.0599975585938,611.239990234375
P7,5.0,8.5,10,611.405029296875,611.375,611.4574737548828
P7,5.0,9.5,74,610.1900024414062,610.08251953125,610.2899780273438
P7,5.0,10.5,91,609.8699951171875,609.7949829101562,609.9949951171875
P7,5.0,11.5,97,609.760009765625,609.6799926757812,609.8400268554688
P7,5.0,12.5,94,609.780029296875,609.6425170898438,609.8400268554688
P7,5.0,13.5,126,609.72998046875,609.5925140380859,609.8175048828125
P7,5.0,14.5,160,609.5800170898438,609.4874877929688,609.7100219726562
P7,5.0,15.5,168,609.5399780273438,609.4600219726562,609.6199951171875
P7,5.0,16.5,151,609.489990234375,609.4450073242188,609.5650024414062
P7,5.0,17.5,82,609.4000244140625,609.3699951171875,609.4299926757812
P7,5.0,18.5,4,609.344970703125,609.3275146484375,609.3674926757812
P7,5.0,19.5,0,,,
P7,5.0,20.5,0,,,
P7,5.0,21.5,0,,,
P7,5.0,22.5,4,609.9099731445312,609.8149871826172,610.094970703125
P7,5.0,23.5,5,609.7999877929688,609.7899780273438,609.8300170898438
P7,5.0,24.5,7,609.9299926757812,609.89501953125,609.9500122070312
P7,5.0,25.5,13,610.1699829101562,610.0399780273438,610.2999877929688
P7,5.0,26.5,0,,,
P7,5.0,27.5,0,,,
P7,5.0,28.5,4,610.9299926757812,610.9299926757812,610.9299926757812
P7,5.0,29.5,5,610.5700073242188,610.5700073242188,610.5700073242188
P7,5.0,30.5,0,,,
P7,5.0,31.5,7,611.3499755859375,611.3399963378906,611.3999938964844
P7,5.0,32.5,4,611.2650146484375,611.1850128173828,611.3300170898438
P7,5.0,33.5,12,611.5499877929688,611.3900146484375,611.6699829101562
P7,5.0,34.5,0,,,
P7,5.0,35.5,0,,,
P7,5.0,36.5,0,,,
P7,5.0,37.5,0,,,
P7,5.0,38.5,0,,,
P7,5.0,39.5,0,,,
P7,5.0,40.5,0,,,
P7,5.0,41.5,0,,,
P7,5.0,42.5,6,611.239990234375,611.0975036621094,611.3525085449219
P7,5.0,43.5,23,610.9199829101562,610.8900146484375,610.9500122070312
P7,5.0,44.5,59,611.1900024414062,610.9700012207031,611.3949890136719
P7,5.0,45.5,27,611.0700073242188,610.9649963378906,611.1000061035156
P7,5.0,46.5,4,610.9349975585938,610.9124908447266,610.9600067138672
P7,5.0,47.5,22,611.1749877929688,611.0425109863281,611.2324981689453
P7,5.0,48.5,23,611.7999877929688,611.239990234375,612.2950134277344
P7,5.0,49.5,176,612.0800170898438,611.77001953125,612.2000122070312
P7,5.0,50.5,190,612.2000122070312,611.8125,612.2999877929688
P7,5.0,51.5,203,612.260009765625,612.1900024414062,612.3099975585938
P7,5.0,52.5,193,612.2999877929688,612.27001953125,612.3599853515625
P7,5.0,53.5,187,612.3200073242188,612.280029296875,612.3800048828125
P7,5.0,54.5,203,612.3599853515625,612.3049926757812,612.4299926757812
P7,5.0,55.5,207,612.4000244140625,612.3499755859375,612.47998046875
P7,5.0,56.5,210,612.47998046875,612.3724975585938,612.5775146484375
P7,5.0,57.5,218,612.5150146484375,612.4199829101562,612.5999755859375
P7,5.0,58.5,196,612.5599975585938,612.5,612.6500244140625
P7,5.0,59.5,176,612.6199951171875,612.5499877929688,612.6799926757812
P7,5.0,60.5,188,612.6400146484375,612.5900268554688,612.6900024414062
P7,5.0,61.5,168,612.6799926757812,612.6099853515625,612.7224731445312
P7,5.0,62.5,189,612.719970703125,612.6199951171875,612.8300170898438
P7,5.0,63.5,211,612.7100219726562,612.6500244140625,612.8049926757812
P7,5.0,64.5,209,612.7000122070312,612.6199951171875,612.739990234375
P7,5.0,65.5,207,612.6799926757812,612.5,612.719970703125
P7,5.0,66.5,204,612.6900024414062,612.5599975585938,612.739990234375
P7,5.0,67.5,212,612.7000122070312,612.6199951171875,612.7899780273438
P7,5.0,68.5,191,612.8599853515625,612.739990234375,612.969970703125
P7,5.0,69.5,195,613.0399780273438,612.89501953125,613.1300048828125
P7,5.0,70.5,215,612.989990234375,612.9400024414062,613.0599975585938
P7,5.0,71.5,204,612.8900146484375,612.8400268554688,612.9500122070312
P7,5.0,72.5,207,612.8400268554688,612.7999877929688,612.9400024414062
P7,5.0,73.5,204,612.8400268554688,612.780029296875,613.030029296875
P7,5.0,74.5,191,612.97998046875,612.7899780273438,613.135009765625
P7,5.0,75.5,199,613.0599975585938,612.9500122070312,613.1099853515625
P7,5.0,76.5,212,613.0499877929688,612.9400024414062,613.1099853515625
P7,5.0,77.5,195,612.969970703125,612.875,613.0700073242188
P7,5.0,78.5,161,612.8800048828125,612.75,613.0599975585938
P7,5.0,79.5,125,612.72998046875,612.7100219726562,612.7899780273438
P7,5.0,80.5,163,612.72998046875,612.7100219726562,612.739990234375
P7,5.0,81.5,202,612.739990234375,612.72998046875,612.760009765625
P7,5.0,82.5,196,612.75,612.739990234375,612.780029296875
P7,5.0,83.5,248,613.1400146484375,612.8775024414062,613.469970703125
P7,5.0,84.5,152,613.3499755859375,612.91748046875,613.6699829101562
P7,5.0,85.5,172,613.5700073242188,613.1400146484375,614.1925048828125
P7,5.0,86.5,126,613.614990234375,613.2125091552734,614.0075073242188
P7,5.0,87.5,110,613.5400390625,613.2999877929688,614.0449981689453
P7,5.0,88.5,109,613.510009765625,613.3699951171875,614.0800170898438
P7,5.0,89.5,106,613.5800170898438,613.5,614.280029296875
P7,5.0,90.5,126,614.4500122070312,613.760009765625,614.91748046875
P7,5.0,91.5,182,614.6649780273438,614.2525024414062,614.8574829101562
P7,5.0,92.5,157,614.3800048828125,614.030029296875,614.6300048828125
P7,5.0,93.5,164,614.39501953125,614.0374908447266,614.625
P7,5.0,94.5,173,614.5800170898438,614.22998046875,614.8200073242188
P7,5.0,95.5,147,614.3900146484375,614.1799926757812,614.64501953125
P7,5.0,96.5,131,614.47998046875,614.2750244140625,614.6549987792969
P7,5.0,97.5,116,614.2949829101562,614.2100219726562,614.4099731445312
P7,5.0,98.5,104,614.3900146484375,614.177490234375,614.6325073242188
P7,5.0,99.5,85,614.5800170898438,614.280029296875,614.9299926757812
P7,5.0,100.5,87,614.4299926757812,614.1849975585938,614.6199951171875
P7,5.0,101.5,107,614.4400024414062,614.1749877929688,614.5950012207031
P7,5.0,102.5,93,614.510009765625,614.2000122070312,614.8599853515625
P7,5.0,103.5,81,614.510009765625,614.1900024414062,614.719970703125
P7,5.0,104.5,89,614.2999877929688,614.0800170898438,614.5
P7,5.0,105.5,98,614.1900024414062,614.0700073242188,614.2999877929688
P7,5.0,106.5,207,614.260009765625,614.1699829101562,614.3900146484375
P7,5.0,107.5,208,614.2050170898438,614.0700073242188,614.3099975585938
P7,5.0,108.5,214,614.2050170898438,614.1099853515625,614.3175048828125
P7,5.0,109.5,209,614.27001953125,614.1199951171875,614.4400024414062
P7,5.0,110.5,216,614.3699951171875,614.1900024414062,614.5
P7,5.0,111.5,210,614.4249877929688,614.239990234375,614.510009765625
P7,5.0,112.5,173,614.5700073242188,614.469970703125,614.6400146484375
P7,5.0,113.5,96,614.6400146484375,614.5875244140625,614.7025146484375
P7,5.0,114.5,44,614.7449951171875,614.6524810791016,614.8099975585938
P7,5.0,115.5,1,,,
P7,5.0,116.5,0,,,
P7,5.0,117.5,0,,,
P7,5.0,118.5,0,,,
P7,5.0,119.5,0,,,
P7,5.0,120.5,0,,,
P7,5.0,121.5,0,,,
P7,5.0,122.5,0,,,
P7,5.0,123.5,4,620.0999755859375,620.0875244140625,620.1124877929688
P7,5.0,124.5,58,619.9299926757812,619.8800048828125,620.010009765625
P7,5.0,125.5,135,619.989990234375,619.8349914550781,620.0999755859375
P7,5.0,126.5,114,619.77001953125,619.6900024414062,620.0075073242188
P7,5.0,127.5,72,619.9149780273438,619.7899780273438,620.0225219726562
P7,5.0,128.5,8,620.02001953125,619.97998046875,620.0474853515625
P7,5.0,129.5,0,,,
P7,5.0,130.5,0,,,
P7,5.0,131.5,0,,,
P7,5.0,132.5,0,,,
P7,5.0,133.5,0,,,
P7,5.0,134.5,0,,,
P7,5.0,135.5,0,,,
P7,5.0,136.5,11,620.219970703125,620.1199951171875,620.6000061035156
P7,5.0,137.5,4,619.969970703125,619.95751953125,619.989990234375
P7,5.0,138.5,45,620.8300170898438,620.3499755859375,621.530029296875
P7,5.0,139.5,91,620.7999877929688,620.1999816894531,621.7250061035156
P7,5.0,140.5,70,620.6300048828125,620.29248046875,621.1049957275391
P7,5.0,141.5,47,620.6799926757812,620.5599975585938,620.8150024414062
P7,5.0,142.5,27,621.010009765625,620.9349975585938,621.0800170898438
P7,5.0,143.5,36,621.3099975585938,621.1875,621.7550048828125
P7,5.0,144.5,118,621.6599731445312,621.530029296875,621.8049926757812
P7,5.0,145.5,158,621.8099975585938,621.6550140380859,621.91748046875
P7,5.0,146.5,206,621.8300170898438,621.4500122070312,621.97998046875
P7,5.0,147.5,181,621.5599975585938,621.469970703125,621.8800048828125
P7,5.0,148.5,102,621.6849975585938,621.6024780273438,621.75
P7,5.0,149.5,29,621.760009765625,621.6599731445312,621.7899780273438
P7,5.0,150.5,33,621.469970703125,621.3900146484375,621.5
P7,5.0,151.5,87,621.6500244140625,621.5800170898438,621.72998046875
P7,5.0,152.5,123,621.8499755859375,621.760009765625,621.9400024414062
P7,5.0,153.5,82,622.1749877929688,622.0900268554688,622.2899780273438
P7,5.0,154.5,49,622.5599975585938,622.469970703125,622.6900024414062
P7,5.0,155.5,46,623.0449829101562,622.9124755859375,623.2725219726562
P7,5.0,156.5,57,623.7899780273438,623.6699829101562,623.9600219726562
P7,5.0,157.5,47,624.239990234375,624.1400146484375,624.489990234375
P7,5.0,158.5,33,624.7100219726562,624.6199951171875,624.739990234375
P7,5.0,159.5,57,624.8800048828125,624.8400268554688,624.9400024414062
P7,5.0,160.5,112,625.0399780273438,624.97998046875,625.1124877929688
P7,5.0,161.5,126,625.1900024414062,625.1425170898438,625.260009765625
P7,5.0,162.5,164,625.25,625.1900024414062,625.2899780273438
P7,5.0,163.5,196,625.22998046875,625.1699829101562,625.3099975585938
P7,5.0,164.5,166,625.260009765625,625.1900024414062,625.3474884033203
P7,5.0,165.5,90,625.3349609375,625.260009765625,625.4099731445312
P7,5.0,166.5,101,625.5,625.3400268554688,625.6099853515625
P7,5.0,167.5,132,625.6500244140625,625.52001953125,625.7125091552734
P7,5.0,168.5,131,625.5900268554688,625.47998046875,625.7149963378906
P7,5.0,169.5,82,625.60498046875,625.4224853515625,625.7999877929688
P7,5.0,170.5,56,625.5499877929688,625.4500122070312,625.760009765625
P7,5.0,171.5,43,625.760009765625,625.6649780273438,625.8450012207031
P7,5.0,172.5,19,625.8900146484375,625.8150024414062,625.9550170898438
P7,5.0,173.5,1,,,
P7,5.0,174.5,23,625.8699951171875,625.8400268554688,625.9199829101562
P7,5.0,175.5,22,625.905029296875,625.7949829101562,625.9400024414062
P7,5.0,176.5,47,625.7100219726562,625.6099853515625,626.135009765625
P7,5.0,177.5,101,626.1199951171875,626.0599975585938,626.1900024414062
P7,5.0,178.5,57,625.9400024414062,625.9000244140625,626.02001953125
P7,5.0,179.5,70,625.7449951171875,625.6599731445312,625.8200073242188
P7,7.5,0.5,52,610.8200073242188,610.7174835205078,610.9675140380859
P7,7.5,1.5,27,611.0499877929688,610.9199829101562,611.1750183105469
P7,7.5,2.5,37,610.97998046875,610.9000244140625,611.0800170898438
P7,7.5,3.5,25,610.8300170898438,610.719970703125,610.9299926757812
P7,7.5,4.5,53,610.719970703125,610.6099853515625,610.8699951171875
P7,7.5,5.5,2,,,
P7,7.5,6.5,39,610.9299926757812,610.8550109863281,610.97998046875
P7,7.5,7.5,19,611.1500244140625,611.0650024414062,611.25
P7,7.5,8.5,28,610.8499755859375,610.677490234375,611.375
P7,7.5,9.5,147,610.2000122070312,610.0900268554688,610.3099975585938
P7,7.5,10.5,109,609.8800048828125,609.8099975585938,609.97998046875
P7,7.5,11.5,135,609.8300170898438,609.72998046875,609.9149780273438
P7,7.5,12.5,173,609.8400268554688,609.719970703125,609.9299926757812
P7,7.5,13.5,231,609.72998046875,609.5549926757812,609.8900146484375
P7,7.5,14.5,224,609.6500244140625,609.489990234375,609.8624877929688
P7,7.5,15.5,228,609.5,609.3900146484375,609.6099853515625
P7,7.5,16.5,201,609.4600219726562,609.3900146484375,609.5399780273438
P7,7.5,17.5,134,609.3699951171875,609.3400268554688,609.4074859619141
P7,7.5,18.5,35,609.3200073242188,609.2999877929688,609.3300170898438
P7,7.5,19.5,0,,,
P7,7.5,20.5,6,609.780029296875,609.7100067138672,609.8350219726562
P7,7.5,21.5,4,609.8800048828125,609.864990234375,609.9600067138672
P7,7.5,22.5,18,609.8599853515625,609.83251953125,609.9225006103516
P7,7.5,23.5,22,609.875,609.83251953125,609.9450073242188
P7,7.5,24.5,11,609.9600219726562,609.9150085449219,610.0199890136719
P7,7.5,25.5,13,610.1699829101562,610.0399780273438,610.2999877929688
P7,7.5,26.5,0,,,
P7,7.5,27.5,2,,,
P7,7.5,28.5,21,610.489990234375,610.3200073242188,610.9299926757812
P7,7.5,29.5,33,610.5700073242188,610.4199829101562,610.8900146484375
P7,7.5,30.5,14,611.6700439453125,611.5625,611.7849884033203
P7,7.5,31.5,23,611.510009765625,611.3999938964844,611.5900268554688
P7,7.5,32.5,8,611.3300170898438,611.2975158691406,611.3825073242188
P7,7.5,33.5,34,611.780029296875,611.6100158691406,612.0324859619141
P7,7.5,34.5,10,612.2850341796875,612.239990234375,612.3250122070312
P7,7.5,35.5,0,,,
P7,7.5,36.5,0,,,
P7,7.5,37.5,0,,,
P7,7.5,38.5,0,,,
P7,7.5,39.5,0,,,
P7,7.5,40.5,2,,,
P7,7.5,41.5,4,611.1950073242188,611.1500244140625,611.239990234375
P7,7.5,42.5,8,611.239990234375,611.1725158691406,611.4100036621094
P7,7.5,43.5,25,610.9199829101562,610.8900146484375,610.9500122070312
P7,7.5,44.5,63,611.1500244140625,610.9700012207031,611.375
P7,7.5,45.5,27,611.0700073242188,610.9649963378906,611.1000061035156
P7,7.5,46.5,4,610.9349975585938,610.9124908447266,610.9600067138672
P7,7.5,47.5,22,611.1749877929688,611.0425109863281,611.2324981689453
P7,7.5,48.5,23,611.7999877929688,611.239990234375,612.2950134277344
P7,7.5,49.5,211,611.9000244140625,611.6649780273438,612.1900024414062
P7,7.5,50.5,239,612.010009765625,611.780029296875,612.2899780273438
P7,7.5,51.5,254,612.22998046875,612.0599975585938,612.2999877929688
P7,7.5,52.5,245,612.280029296875,612.22998046875,612.3300170898438
P7,7.5,53.5,239,612.3200073242188,612.280029296875,612.3699951171875
P7,7.5,54.5,254,612.3499755859375,612.2999877929688,612.4199829101562
P7,7.5,55.5,259,612.4299926757812,612.3599853515625,612.4949951171875
P7,7.5,56.5,284,612.510009765625,612.4099731445312,612.760009765625
P7,7.5,57.5,294,612.5350341796875,612.4400024414062,612.6574859619141
P7,7.5,58.5,267,612.5800170898438,612.510009765625,612.6599731445312
P7,7.5,59.5,244,612.6199951171875,612.5474853515625,612.6900024414062
P7,7.5,60.5,277,612.6500244140625,612.5800170898438,612.739990234375
P7,7.5,61.5,249,612.6799926757812,612.5900268554688,612.72998046875
P7,7.5,62.5,244,612.7449951171875,612.6300048828125,612.8400268554688
P7,7.5,63.5,292,612.719970703125,612.6599731445312,612.8200073242188
P7,7.5,64.5,295,612.7000122070312,612.5750122070312,612.7949829101562
P7,7.5,65.5,286,612.7000122070312,612.52001953125,612.760009765625
P7,7.5,66.5,283,612.719970703125,612.6400146484375,612.7999877929688
P7,7.5,67.5,295,612.760009765625,612.6549987792969,612.864990234375
P7,7.5,68.5,278,612.8800048828125,612.7899780273438,612.9600219726562
P7,7.5,69.5,277,612.9600219726562,612.8599853515625,613.0999755859375
P7,7.5,70.5,298,612.9600219726562,612.8800048828125,613.0399780273438
P7,7.5,71.5,292,612.8800048828125,612.8400268554688,612.9299926757812
P7,7.5,72.5,309,612.8400268554688,612.8099975585938,612.9299926757812
P7,7.5,73.5,309,612.8499755859375,612.780029296875,612.9600219726562
P7,7.5,74.5,299,612.9299926757812,612.7999877929688,613.1099853515625
P7,7.5,75.5,305,613.0399780273438,612.8800048828125,613.1099853515625
P7,7.5,76.5,309,612.969970703125,612.780029296875,613.0900268554688
P7,7.5,77.5,255,612.9099731445312,612.7550048828125,613.030029296875
P7,7.5,78.5,191,612.8200073242188,612.719970703125,613.0449829101562
P7,7.5,79.5,178,612.719970703125,612.7000122070312,612.7575073242188
P7,7.5,80.5,212,612.72998046875,612.7100219726562,612.739990234375
P7,7.5,81.5,271,612.739990234375,612.72998046875,612.760009765625
P7,7.5,82.5,343,612.77001953125,612.75,612.9400024414062
P7,7.5,83.5,351,613.1400146484375,612.7899780273438,613.5999755859375
P7,7.5,84.5,171,613.280029296875,612.885009765625,613.7000122070312
P7,7.5,85.5,187,613.5,613.010009765625,614.1749877929688
P7,7.5,86.5,159,613.5999755859375,613.1400146484375,614.0499877929688
P7,7.5,87.5,196,613.5400390625,613.27001953125,614.3499755859375
P7,7.5,88.5,215,613.52001953125,613.3599853515625,614.510009765625
P7,7.5,89.5,193,613.6599731445312,613.52001953125,614.5700073242188
P7,7.5,90.5,166,614.6199951171875,613.8375091552734,614.8699951171875
P7,7.5,91.5,233,614.7000122070312,614.4500122070312,614.8499755859375
P7,7.5,92.5,213,614.5900268554688,614.1799926757812,614.780029296875
P7,7.5,93.5,221,614.52001953125,614.1599731445312,614.72998046875
P7,7.5,94.5,235,614.6599731445312,614.4049987792969,614.9049987792969
P7,7.5,95.5,202,614.594970703125,614.219970703125,614.8900146484375
P7,7.5,96.5,181,614.6199951171875,614.3699951171875,614.8300170898438
P7,7.5,97.5,177,614.4099731445312,614.27001953125,614.5499877929688
P7,7.5,98.5,171,614.52001953125,614.3450012207031,614.7850036621094
P7,7.5,99.5,147,614.75,614.4750061035156,614.885009765625
P7,7.5,100.5,137,614.5900268554688,614.4000244140625,614.7899780273438
P7,7.5,101.5,156,614.47998046875,614.3574829101562,614.6500244140625
P7,7.5,102.5,147,614.6599731445312,614.3800048828125,614.7449951171875
P7,7.5,103.5,134,614.6900024414062,614.4000244140625,614.7775268554688
P7,7.5,104.5,141,614.489990234375,614.2100219726562,614.5999755859375
P7,7.5,105.5,150,614.3099975585938,614.1400146484375,614.45751953125
P7,7.5,106.5,274,614.2999877929688,614.1799926757812,614.469970703125
P7,7.5,107.5,308,614.239990234375,614.1300048828125,614.4299926757812
P7,7.5,108.5,320,614.260009765625,614.1500244140625,614.4025115966797
P7,7.5,109.5,314,614.3699951171875,614.1900024414062,614.5374908447266
P7,7.5,110.5,319,614.4099731445312,614.260009765625,614.5800170898438
P7,7.5,111.5,314,614.469970703125,614.3400268554688,614.530029296875
P7,7.5,112.5,253,614.5800170898438,614.47998046875,614.6400146484375
P7,7.5,113.5,157,614.6599731445312,614.6099853515625,614.739990234375
P7,7.5,114.5,62,614.7650146484375,614.6824951171875,614.8099975585938
P7,7.5,115.5,1,,,
P7,7.5,116.5,0,,,
P7,7.5,117.5,0,,,
P7,7.5,118.5,0,,,
P7,7.5,119.5,0,,,
P7,7.5,120.5,1,,,
P7,7.5,121.5,2,,,
P7,7.5,122.5,2,,,
P7,7.5,123.5,26,620.385009765625,619.3800048828125,621.0
P7,7.5,124.5,87,619.8800048828125,619.22998046875,619.9649963378906
P7,7.5,125.5,152,619.9600219726562,619.5775146484375,620.0900268554688
P7,7.5,126.5,116,619.77001953125,619.6875,620.010009765625
P7,7.5,127.5,75,619.9199829101562,619.7899780273438,620.0399780273438
P7,7.5,128.5,8,620.02001953125,619.97998046875,620.0474853515625
P7,7.5,129.5,0,,,
P7,7.5,130.5,0,,,
P7,7.5,131.5,0,,,
P7,7.5,132.5,4,619.219970703125,619.1675109863281,619.2749938964844
P7,7.5,133.5,10,619.0700073242188,619.030029296875,619.1024932861328
P7,7.5,134.5,2,,,
P7,7.5,135.5,24,619.9749755859375,619.6674957275391,620.4275054931641
P7,7.5,136.5,73,619.5800170898438,619.3099975585938,619.9400024414062
P7,7.5,137.5,62,619.4299926757812,619.3425140380859,619.530029296875
P7,7.5,138.5,100,619.7100219726562,619.5800170898438,620.6449890136719
P7,7.5,139.5,143,620.1400146484375,619.885009765625,621.1799926757812
P7,7.5,140.5,124,620.25,620.1199951171875,620.7024993896484
P7,7.5,141.5,104,620.5399780273438,620.3775024414062,620.6799926757812
P7,7.5,142.5,75,620.8699951171875,620.6900024414062,621.0050048828125
P7,7.5,143.5,114,621.27001953125,621.0999755859375,621.3875122070312
P7,7.5,144.5,202,621.530029296875,621.4400024414062,621.6799926757812
P7,7.5,145.5,240,621.6900024414062,621.39501953125,621.8599853515625
P7,7.5,146.5,265,621.739990234375,621.3499755859375,621.9500122070312
P7,7.5,147.5,187,621.5599975585938,621.469970703125,621.9099731445312
P7,7.5,148.5,139,621.739990234375,621.6300048828125,621.8450012207031
P7,7.5,149.5,97,621.8499755859375,621.6599731445312,621.9299926757812
P7,7.5,150.5,50,621.4349975585938,621.3599853515625,621.5175170898438
P7,7.5,151.5,87,621.6500244140625,621.5800170898438,621.72998046875
P7,7.5,152.5,134,621.8699951171875,621.7625122070312,621.9500122070312
P7,7.5,153.5,143,622.1699829101562,622.0999755859375,622.260009765625
P7,7.5,154.5,102,622.5599975585938,622.4824829101562,622.6799926757812
P7,7.5,155.5,93,622.8900146484375,622.7999877929688,623.0399780273438
P7,7.5,156.5,59,623.780029296875,623.6400146484375,623.9550170898438
P7,7.5,157.5,66,624.14501953125,623.9474945068359,624.4149932861328
P7,7.5,158.5,46,624.6749877929688,624.1475067138672,624.7274780273438
P7,7.5,159.5,88,624.8300170898438,624.125,624.9099731445312
P7,7.5,160.5,133,625.010009765625,624.9199829101562,625.0900268554688
P7,7.5,161.5,151,625.1799926757812,625.0999755859375,625.25
P7,7.5,162.5,201,625.22998046875,625.1300048828125,625.280029296875
P7,7.5,163.5,239,625.2000122070312,625.1300048828125,625.2899780273438
P7,7.5,164.5,230,625.219970703125,625.1400146484375,625.3099975585938
P7,7.5,165.5,119,625.3099975585938,625.239990234375,625.4099731445312
P7,7.5,166.5,101,625.5,625.3400268554688,625.6099853515625
P7,7.5,167.5,133,625.6500244140625,625.52001953125,625.7100219726562
P7,7.5,168.5,135,625.5900268554688,625.4849853515625,625.7249755859375
P7,7.5,169.5,86,625.6300048828125,625.4324951171875,625.8150024414062
P7,7.5,170.5,69,625.6199951171875,625.4600219726562,625.780029296875
P7,7.5,171.5,59,625.77001953125,625.7099914550781,625.85498046875
P7,7.5,172.5,28,625.8350219726562,625.7675170898438,625.9324951171875
P7,7.5,173.5,1,,,
P7,7.5,174.5,34,625.905029296875,625.8599853515625,626.0125122070312
P7,7.5,175.5,30,625.9249877929688,625.8400115966797,625.9674835205078
P7,7.5,176.5,52,625.719970703125,625.625,626.1275024414062
P7,7.5,177.5,128,626.1099853515625,625.9774780273438,626.1599731445312
P7,7.5,178.5,93,625.9500122070312,625.9000244140625,626.0399780273438
P7,7.5,179.5,121,625.7100219726562,625.6400146484375,625.8200073242188
P8,2.5,0.5,0,,,
P8,2.5,1.5,0,,,
P8,2.5,2.5,6,611.52001953125,611.4949951171875,611.5750274658203
P8,2.5,3.5,40,611.5449829101562,611.447509765625,611.5900268554688
P8,2.5,4.5,105,611.4299926757812,611.3200073242188,611.5599975585938
P8,2.5,5.5,98,611.4000244140625,611.3200073242188,611.489990234375
P8,2.5,6.5,37,611.2899780273438,611.25,611.3400268554688
P8,2.5,7.5,4,611.6500244140625,611.6300048828125,611.6649780273438
P8,2.5,8.5,19,611.7999877929688,611.6349792480469,611.8599853515625
P8,2.5,9.5,21,611.77001953125,611.5900268554688,611.9099731445312
P8,2.5,10.5,17,613.030029296875,613.0,613.0599975585938
P8,2.5,11.5,54,612.9199829101562,612.6799926757812,612.9600219726562
P8,2.5,12.5,97,612.8300170898438,612.7100219726562,612.9099731445312
P8,2.5,13.5,105,612.8200073242188,612.6300048828125,612.8699951171875
P8,2.5,14.5,102,612.7999877929688,612.5625,612.8499755859375
P8,2.5,15.5,105,612.760009765625,612.530029296875,612.8099975585938
P8,2.5,16.5,100,612.7100219726562,612.5275268554688,612.77001953125
P8,2.5,17.5,97,612.7100219726562,612.530029296875,612.760009765625
P8,2.5,18.5,92,612.6900024414062,612.5374908447266,612.739990234375
P8,2.5,19.5,100,612.6950073242188,612.5875244140625,612.72998046875
P8,2.5,20.5,104,612.6900024414062,612.5574951171875,612.719970703125
P8,2.5,21.5,103,612.6099853515625,612.5599975585938,612.6950073242188
P8,2.5,22.5,99,612.5700073242188,612.5399780273438,612.5999755859375
P8,2.5,23.5,106,612.52001953125,612.489990234375,612.5499877929688
P8,2.5,24.5,101,612.4600219726562,612.4299926757812,612.510009765625
P8,2.5,25.5,102,612.39501953125,612.3425140380859,612.4299926757812
P8,2.5,26.5,106,612.35498046875,612.302490234375,612.3900146484375
P8,2.5,27.5,105,612.2999877929688,612.260009765625,612.3599853515625
P8,2.5,28.5,99,612.25,612.2000122070312,612.3250122070312
P8,2.5,29.5,104,612.219970703125,612.1599731445312,612.3125
P8,2.5,30.5,104,612.219970703125,612.1799926757812,612.2825164794922
P8,2.5,31.5,102,612.239990234375,612.2100219726562,612.27001953125
P8,2.5,32.5,102,612.2449951171875,612.2100219726562,612.27001953125
P8,2.5,33.5,104,612.25,612.22998046875,612.27001953125
P8,2.5,34.5,107,612.280029296875,612.260009765625,612.3099975585938
P8,2.5,35.5,98,612.2899780273438,612.260009765625,612.3300170898438
P8,2.5,36.5,107,612.27001953125,612.22998046875,612.2999877929688
P8,2.5,37.5,101,612.2999877929688,612.27001953125,612.3300170898438
P8,2.5,38.5,101,612.2899780273438,612.25,612.3400268554688
P8,2.5,39.5,100,612.25,612.1900024414062,612.280029296875
P8,2.5,40.5,48,612.239990234375,612.1875,612.27001953125
P8,2.5,41.5,10,612.3099975585938,612.2999877929688,612.3874816894531
P8,2.5,42.5,0,,,
P8,2.5,43.5,0,,,
P8,2.5,44.5,0,,,
P8,2.5,45.5,0,,,
P8,2.5,46.5,0,,,
P8,2.5,47.5,0,,,
P8,2.5,48.5,0,,,
P8,2.5,49.5,0,,,
P8,2.5,50.5,0,,,
P8,2.5,51.5,0,,,
P8,2.5,52.5,0,,,
P8,2.5,53.5,0,,,
P8,2.5,54.5,0,,,
P8,2.5,55.5,0,,,
P8,2.5,56.5,0,,,
P8,2.5,57.5,0,,,
P8,2.5,58.5,0,,,
P8,2.5,59.5,0,,,
P8,2.5,60.5,0,,,
P8,2.5,61.5,0,,,
P8,2.5,62.5,0,,,
P8,2.5,63.5,0,,,
P8,2.5,64.5,0,,,
P8,2.5,65.5,0,,,
P8,2.5,66.5,0,,,
P8,2.5,67.5,0,,,
P8,2.5,68.5,0,,,
P8,2.5,69.5,0,,,
P8,2.5,70.5,0,,,
P8,2.5,71.5,0,,,
P8,2.5,72.5,0,,,
P8,2.5,73.5,0,,,
P8,2.5,74.5,0,,,
P8,2.5,75.5,0,,,
P8,2.5,76.5,0,,,
P8,2.5,77.5,0,,,
P8,2.5,78.5,0,,,
P8,2.5,79.5,0,,,
P8,2.5,80.5,0,,,
P8,2.5,81.5,0,,,
P8,2.5,82.5,0,,,
P8,2.5,83.5,9,613.0900268554688,613.0599975585938,613.1099853515625
P8,2.5,84.5,9,613.1300048828125,613.1199951171875,613.1400146484375
P8,2.5,85.5,11,613.1799926757812,613.1649780273438,613.2250061035156
P8,2.5,86.5,2,,,
P8,2.5,87.5,0,,,
P8,2.5,88.5,6,613.3699951171875,613.35498046875,613.4375152587891
P8,2.5,89.5,10,613.5,613.4625091552734,613.5625
P8,2.5,90.5,16,613.64501953125,613.5700073242188,613.6624755859375
P8,2.5,91.5,18,613.7449951171875,613.6925048828125,613.864990234375
P8,2.5,92.5,28,614.02001953125,613.8474884033203,614.2025146484375
P8,2.5,93.5,43,614.1599731445312,613.9500122070312,614.4349975585938
P8,2.5,94.5,46,614.3699951171875,614.1174774169922,614.6475219726562
P8,2.5,95.5,65,614.6199951171875,614.280029296875,614.8099975585938
P8,2.5,96.5,73,614.6500244140625,614.4400024414062,614.9099731445312
P8,2.5,97.5,88,614.7099609375,614.4074859619141,615.0925140380859
P8,2.5,98.5,72,614.6700439453125,614.41748046875,615.1124877929688
P8,2.5,99.5,76,614.5499877929688,614.469970703125,614.8950042724609
P8,2.5,100.5,98,614.8150024414062,614.6199951171875,615.2249908447266
P8,2.5,101.5,102,614.949951171875,614.72998046875,615.3275146484375
P8,2.5,102.5,95,614.9000244140625,614.780029296875,615.2100219726562
P8,2.5,103.5,69,615.0,614.8699951171875,615.22998046875
P8,2.5,104.5,103,615.1699829101562,615.0350036621094,615.3499755859375
P8,2.5,105.5,73,615.1699829101562,615.0900268554688,615.3699951171875
P8,2.5,106.5,70,615.52001953125,615.1974945068359,615.72998046875
P8,2.5,107.5,59,615.6699829101562,615.22998046875,615.8450012207031
P8,2.5,108.5,26,615.7900390625,615.302490234375,616.2274780273438
P8,2.5,109.5,13,615.3300170898438,615.3200073242188,615.3499755859375
P8,2.5,110.5,7,615.4299926757812,615.364990234375,615.5199890136719
P8,2.5,111.5,0,,,
P8,2.5,112.5,0,,,
P8,2.5,113.5,0,,,
P8,2.5,114.5,0,,,
P8,2.5,115.5,0,,,
P8,2.5,116.5,0,,,
P8,2.5,117.5,1,,,
P8,2.5,118.5,17,618.3900146484375,618.27001953125,618.52001953125
P8,2.5,119.5,29,618.3599853515625,618.3200073242188,618.4299926757812
P8,2.5,120.5,22,618.47998046875,618.4199829101562,618.5675048828125
P8,2.5,121.5,41,618.5700073242188,618.4400024414062,618.7000122070312
P8,2.5,122.5,70,619.02001953125,618.8499755859375,619.1500244140625
P8,2.5,123.5,62,619.5549926757812,619.4349975585938,619.6599731445312
P8,2.5,124.5,10,620.199951171875,620.0625152587891,620.4525146484375
P8,2.5,125.5,15,620.47998046875,620.4550170898438,620.510009765625
P8,2.5,126.5,8,620.5599975585938,620.5275268554688,620.5750122070312
P8,2.5,127.5,28,620.5150146484375,620.427490234375,620.5599975585938
P8,2.5,128.5,5,620.6699829101562,620.5800170898438,620.6900024414062
P8,2.5,129.5,1,,,
P8,2.5,130.5,2,,,
P8,2.5,131.5,0,,,
P8,2.5,132.5,0,,,
P8,2.5,133.5,0,,,
P8,2.5,134.5,0,,,
P8,2.5,135.5,0,,,
P8,2.5,136.5,1,,,
P8,2.5,137.5,7,621.9099731445312,621.9000244140625,621.9649963378906
P8,2.5,138.5,3,621.8900146484375,621.875,621.9049987792969
P8,2.5,139.5,0,,,
P8,2.5,140.5,16,621.5350341796875,621.5075073242188,621.7100219726562
P8,2.5,141.5,32,621.655029296875,621.5525054931641,621.7175140380859
P8,2.5,142.5,70,621.3800048828125,621.2725219726562,621.47998046875
P8,2.5,143.5,104,621.4349975585938,621.27001953125,621.5
P8,2.5,144.5,111,621.2899780273438,621.1749877929688,621.3800048828125
P8,2.5,145.5,75,621.22998046875,621.2000122070312,621.2750244140625
P8,2.5,146.5,27,621.2899780273438,621.260009765625,621.3200073242188
P8,2.5,147.5,0,,,
P8,2.5,148.5,18,621.1749877929688,621.1500244140625,621.2274780273438
P8,2.5,149.5,42,621.25,621.1724853515625,621.3074951171875
P8,2.5,150.5,10,621.375,621.3524780273438,621.3900146484375
P8,2.5,151.5,3,621.719970703125,621.7049865722656,621.7599792480469
P8,2.5,152.5,0,,,
P8,2.5,153.5,0,,,
P8,2.5,154.5,0,,,
P8,2.5,155.5,0,,,
P8,2.5,156.5,0,,,
P8,2.5,157.5,9,624.7000122070312,624.6799926757812,624.719970703125
P8,2.5,158.5,8,624.7650146484375,624.7274780273438,624.8300170898438
P8,2.5,159.5,17,624.8699951171875,624.8400268554688,624.9099731445312
P8,2.5,160.5,13,625.0399780273438,625.010009765625,625.0599975585938
P8,2.5,161.5,30,625.1649780273438,625.1124877929688,625.2000122070312
P8,2.5,162.5,54,625.2100219726562,625.1624755859375,625.2775268554688
P8,2.5,163.5,68,625.1400146484375,625.1099853515625,625.1799926757812
P8,2.5,164.5,59,625.2000122070312,625.14501953125,625.239990234375
P8,2.5,165.5,47,625.280029296875,625.25,625.3150024414062
P8,2.5,166.5,64,625.4299926757812,625.3375244140625,625.5
P8,2.5,167.5,95,625.6500244140625,625.5350036621094,625.75
P8,2.5,168.5,65,625.6099853515625,625.52001953125,625.739990234375
P8,2.5,169.5,62,625.760009765625,625.4849853515625,625.8574829101562
P8,2.5,170.5,70,625.6749877929688,625.5499877929688,625.8175048828125
P8,2.5,171.5,40,625.8049926757812,625.7575073242188,625.8624877929688
P8,2.5,172.5,7,625.9600219726562,625.9150085449219,626.0
P8,2.5,173.5,12,625.885009765625,625.8599853515625,625.9349822998047
P8,2.5,174.5,31,625.8699951171875,625.7949829101562,625.9199829101562
P8,2.5,175.5,19,625.6799926757812,625.6099853515625,625.9450073242188
P8,2.5,176.5,50,626.0599975585938,625.6900024414062,626.1199951171875
P8,2.5,177.5,64,626.1099853515625,625.9874877929688,626.1599731445312
P8,2.5,178.5,47,625.8900146484375,625.8450012207031,625.9199829101562
P8,2.5,179.5,64,625.6500244140625,625.5900268554688,625.719970703125
P8,5.0,0.5,4,611.9649658203125,611.947509765625,611.9749755859375
P8,5.0,1.5,0,,,
P8,5.0,2.5,42,611.530029296875,611.4824829101562,611.7149963378906
P8,5.0,3.5,122,611.594970703125,611.4299926757812,611.719970703125
P8,5.0,4.5,182,611.4649658203125,611.2899780273438,611.6300048828125
P8,5.0,5.5,182,611.3699951171875,611.2000122070312,611.5275268554688
P8,5.0,6.5,91,611.2000122070312,611.10498046875,611.2949829101562
P8,5.0,7.5,57,611.8099975585938,611.6699829101562,611.989990234375
P8,5.0,8.5,38,611.9149780273438,611.8049926757812,612.3424835205078
P8,5.0,9.5,68,611.5850219726562,611.375,612.8825073242188
P8,5.0,10.5,76,611.8300170898438,611.5599975585938,612.969970703125
P8,5.0,11.5,150,612.760009765625,612.2150115966797,612.9299926757812
P8,5.0,12.5,210,612.8300170898438,612.6300048828125,612.9400024414062
P8,5.0,13.5,206,612.8200073242188,612.5999755859375,612.8900146484375
P8,5.0,14.5,196,612.7850341796875,612.5399780273438,612.8499755859375
P8,5.0,15.5,201,612.72998046875,612.52001953125,612.8300170898438
P8,5.0,16.5,206,612.7050170898438,612.5,612.7899780273438
P8,5.0,17.5,192,612.7050170898438,612.489990234375,612.7899780273438
P8,5.0,18.5,186,612.7100219726562,612.489990234375,612.760009765625
P8,5.0,19.5,208,612.6900024414062,612.4500122070312,612.72998046875
P8,5.0,20.5,206,612.6749877929688,612.530029296875,612.719970703125
P8,5.0,21.5,206,612.64501953125,612.5800170898438,612.72998046875
P8,5.0,22.5,206,612.594970703125,612.5599975585938,612.6574859619141
P8,5.0,23.5,205,612.52001953125,612.47998046875,612.5499877929688
P8,5.0,24.5,206,612.4600219726562,612.4199829101562,612.5
P8,5.0,25.5,204,612.4099731445312,612.3400268554688,612.4400024414062
P8,5.0,26.5,203,612.3699951171875,612.280029296875,612.4199829101562
P8,5.0,27.5,206,612.3049926757812,612.1900024414062,612.3900146484375
P8,5.0,28.5,208,612.25,612.1400146484375,612.3499755859375
P8,5.0,29.5,206,612.2249755859375,612.072509765625,612.3400268554688
P8,5.0,30.5,205,612.219970703125,612.0599975585938,612.3099975585938
P8,5.0,31.5,206,612.2449951171875,612.1325073242188,612.2999877929688
P8,5.0,32.5,209,612.239990234375,612.1500244140625,612.280029296875
P8,5.0,33.5,206,612.239990234375,612.2100219726562,612.280029296875
P8,5.0,34.5,206,612.280029296875,612.239990234375,612.3099975585938
P8,5.0,35.5,205,612.27001953125,612.22998046875,612.3200073242188
P8,5.0,36.5,199,612.27001953125,612.2249755859375,612.3099975585938
P8,5.0,37.5,174,612.2999877929688,612.260009765625,612.3599853515625
P8,5.0,38.5,172,612.2999877929688,612.239990234375,612.3699951171875
P8,5.0,39.5,137,612.239990234375,612.1400146484375,612.280029296875
P8,5.0,40.5,49,612.239990234375,612.1900024414062,612.27001953125
P8,5.0,41.5,10,612.3099975585938,612.2999877929688,612.3874816894531
P8,5.0,42.5,0,,,
P8,5.0,43.5,0,,,
P8,5.0,44.5,0,,,
P8,5.0,45.5,0,,,
P8,5.0,46.5,0,,,
P8,5.0,47.5,0,,,
P8,5.0,48.5,0,,,
P8,5.0,49.5,0,,,
P8,5.0,50.5,0,,,
P8,5.0,51.5,0,,,
P8,5.0,52.5,0,,,
P8,5.0,53.5,0,,,
P8,5.0,54.5,0,,,
P8,5.0,55.5,0,,,
P8,5.0,56.5,0,,,
P8,5.0,57.5,0,,,
P8,5.0,58.5,0,,,
P8,5.0,59.5,0,,,
P8,5.0,60.5,0,,,
P8,5.0,61.5,0,,,
P8,5.0,62.5,0,,,
P8,5.0,63.5,0,,,
P8,5.0,64.5,0,,,
P8,5.0,65.5,0,,,
P8,5.0,66.5,0,,,
P8,5.0,67.5,0,,,
P8,5.0,68.5,0,,,
P8,5.0,69.5,0,,,
P8,5.0,70.5,0,,,
P8,5.0,71.5,0,,,
P8,5.0,72.5,0,,,
P8,5.0,73.5,0,,,
P8,5.0,74.5,0,,,
P8,5.0,75.5,0,,,
P8,5.0,76.5,0,,,
P8,5.0,77.5,0,,,
P8,5.0,78.5,0,,,
P8,5.0,79.5,0,,,
P8,5.0,80.5,0,,,
P8,5.0,81.5,0,,,
P8,5.0,82.5,0,,,
P8,5.0,83.5,14,613.0850219726562,613.0150146484375,613.1099853515625
P8,5.0,84.5,35,613.1300048828125,613.0250244140625,613.2799987792969
P8,5.0,85.5,57,613.3300170898438,613.1500244140625,613.5900268554688
P8,5.0,86.5,62,613.4450073242188,613.22998046875,613.70751953125
P8,5.0,87.5,86,613.7999877929688,613.4749755859375,614.02001953125
P8,5.0,88.5,108,613.77001953125,613.5399780273438,614.1824951171875
P8,5.0,89.5,124,614.0050048828125,613.6074829101562,614.5499877929688
P8,5.0,90.5,96,614.0650024414062,613.8375244140625,614.4124755859375
P8,5.0,91.5,107,614.2999877929688,614.0750122070312,614.6900024414062
P8,5.0,92.5,120,614.5549926757812,614.1375122070312,614.9749755859375
P8,5.0,93.5,134,614.5999755859375,614.1450042724609,615.0275268554688
P8,5.0,94.5,126,614.77001953125,614.2100219726562,614.969970703125
P8,5.0,95.5,155,614.780029296875,614.27001953125,615.0899963378906
P8,5.0,96.5,113,614.6500244140625,614.3699951171875,615.1099853515625
P8,5.0,97.5,117,614.8599853515625,614.4299926757812,615.3499755859375
P8,5.0,98.5,96,614.9000244140625,614.4400024414062,615.3599853515625
P8,5.0,99.5,107,614.7100219726562,614.5,615.125
P8,5.0,100.5,185,614.8400268554688,614.6099853515625,615.2000122070312
P8,5.0,101.5,158,614.7650146484375,614.6699829101562,615.1375122070312
P8,5.0,102.5,150,614.7899780273438,614.6525115966797,615.0800170898438
P8,5.0,103.5,139,614.8900146484375,614.8049926757812,615.0599975585938
P8,5.0,104.5,164,615.0700073242188,614.9500122070312,615.2899780273438
P8,5.0,105.5,138,615.0900268554688,614.9324951171875,615.2374877929688
P8,5.0,106.5,135,615.219970703125,614.9500122070312,615.5350036621094
P8,5.0,107.5,138,615.3200073242188,614.9099731445312,615.5700073242188
P8,5.0,108.5,121,615.3300170898438,615.0800170898438,615.6500244140625
P8,5.0,109.5,85,615.1400146484375,614.989990234375,615.3300170898438
P8,5.0,110.5,61,615.1400146484375,615.0800170898438,615.2000122070312
P8,5.0,111.5,11,615.1099853515625,615.0750122070312,615.1300048828125
P8,5.0,112.5,7,616.6400146484375,616.0599975585938,616.8450012207031
P8,5.0,113.5,12,617.0650024414062,616.9950103759766,617.125
P8,5.0,114.5,32,616.9450073242188,616.822509765625,617.1025085449219
P8,5.0,115.5,35,617.1900024414062,617.0299987792969,617.4100036621094
P8,5.0,116.5,44,617.75,617.6875,617.780029296875
P8,5.0,117.5,47,617.760009765625,617.719970703125,617.7899780273438
P8,5.0,118.5,79,617.8900146484375,617.7899780273438,618.114990234375
P8,5.0,119.5,86,618.1099853515625,617.9625091552734,618.3175048828125
P8,5.0,120.5,71,618.22998046875,618.125,618.4199829101562
P8,5.0,121.5,100,618.405029296875,618.2474975585938,618.54248046875
P8,5.0,122.5,144,618.905029296875,618.6875,619.1099853515625
P8,5.0,123.5,123,619.5599975585938,619.3699951171875,619.7000122070312
P8,5.0,124.5,18,620.050048828125,619.9675140380859,620.2149810791016
P8,5.0,125.5,16,620.4749755859375,620.4450073242188,620.5050048828125
P8,5.0,126.5,8,620.5599975585938,620.5275268554688,620.5750122070312
P8,5.0,127.5,28,620.5150146484375,620.427490234375,620.5599975585938
P8,5.0,128.5,7,620.6699829101562,620.6050109863281,620.7200012207031
P8,5.0,129.5,1,,,
P8,5.0,130.5,2,,,
P8,5.0,131.5,0,,,
P8,5.0,132.5,0,,,
P8,5.0,133.5,0,,,
P8,5.0,134.5,0,,,
P8,5.0,135.5,0,,,
P8,5.0,136.5,1,,,
P8,5.0,137.5,28,621.8699951171875,621.7775268554688,621.9224853515625
P8,5.0,138.5,17,621.77001953125,621.75,621.8900146484375
P8,5.0,139.5,0,,,
P8,5.0,140.5,51,621.2000122070312,620.989990234375,621.4949951171875
P8,5.0,141.5,69,621.219970703125,620.9199829101562,621.6400146484375
P8,5.0,142.5,102,621.3049926757812,621.0999755859375,621.447509765625
P8,5.0,143.5,159,621.2999877929688,621.0299987792969,621.4849853515625
P8,5.0,144.5,181,621.3499755859375,621.219970703125,621.5399780273438
P8,5.0,145.5,134,621.3049926757812,621.2224731445312,621.6074829101562
P8,5.0,146.5,84,621.3499755859375,621.3099975585938,621.4099731445312
P8,5.0,147.5,40,621.4000244140625,621.3499755859375,621.4400024414062
P8,5.0,148.5,74,621.0999755859375,621.052490234375,621.16748046875
P8,5.0,149.5,81,621.2100219726562,621.1300048828125,621.2899780273438
P8,5.0,150.5,31,621.469970703125,621.3900146484375,621.5
P8,5.0,151.5,32,621.5700073242188,621.530029296875,621.5925140380859
P8,5.0,152.5,22,621.7950439453125,621.7025146484375,621.885009765625
P8,5.0,153.5,27,622.1699829101562,622.1099853515625,622.2899780273438
P8,5.0,154.5,17,622.5700073242188,622.510009765625,622.7100219726562
P8,5.0,155.5,2,,,
P8,5.0,156.5,0,,,
P8,5.0,157.5,10,624.7000122070312,624.6500091552734,624.7174835205078
P8,5.0,158.5,22,624.72998046875,624.7100219726562,624.7849884033203
P8,5.0,159.5,52,624.9149780273438,624.8499755859375,626.1324920654297
P8,5.0,160.5,52,625.0650024414062,625.02001953125,625.1925048828125
P8,5.0,161.5,87,625.2000122070312,625.135009765625,625.2650146484375
P8,5.0,162.5,110,625.22998046875,625.1699829101562,625.2974853515625
P8,5.0,163.5,122,625.1699829101562,625.1325073242188,625.2100219726562
P8,5.0,164.5,99,625.219970703125,625.1699829101562,625.2899780273438
P8,5.0,165.5,75,625.3200073242188,625.2650146484375,625.39501953125
P8,5.0,166.5,105,625.5,625.4000244140625,625.5999755859375
P8,5.0,167.5,143,625.6699829101562,625.60498046875,625.75
P8,5.0,168.5,114,625.5700073242188,625.489990234375,625.70751953125
P8,5.0,169.5,103,625.5399780273438,625.4049987792969,625.7999877929688
P8,5.0,170.5,86,625.6799926757812,625.552490234375,625.8175048828125
P8,5.0,171.5,44,625.8150024414062,625.7575073242188,625.8599853515625
P8,5.0,172.5,7,625.9600219726562,625.9150085449219,626.0
P8,5.0,173.5,17,625.9199829101562,625.8800048828125,626.030029296875
P8,5.0,174.5,39,625.8900146484375,625.8150024414062,625.9649963378906
P8,5.0,175.5,25,625.9400024414062,625.6500244140625,625.97998046875
P8,5.0,176.5,73,625.989990234375,625.719970703125,626.1099853515625
P8,5.0,177.5,130,626.0449829101562,625.9600219726562,626.1599731445312
P8,5.0,178.5,119,625.8800048828125,625.7550048828125,625.9400024414062
P8,5.0,179.5,120,625.5900268554688,625.47998046875,625.6699829101562
P8,7.5,0.5,4,611.9649658203125,611.947509765625,611.9749755859375
P8,7.5,1.5,12,612.0750122070312,612.0449981689453,612.1024780273438
P8,7.5,2.5,81,611.8300170898438,611.530029296875,611.969970703125
P8,7.5,3.5,214,611.6400146484375,611.4299926757812,611.8300170898438
P8,7.5,4.5,248,611.4649658203125,611.2675170898438,611.7100219726562
P8,7.5,5.5,228,611.2999877929688,611.0999755859375,611.5
P8,7.5,6.5,175,611.1500244140625,611.02001953125,611.3800048828125
P8,7.5,7.5,141,611.780029296875,610.97998046875,612.1300048828125
P8,7.5,8.5,82,611.8900146484375,610.9400024414062,612.4924926757812
P8,7.5,9.5,87,611.7899780273438,611.4049987792969,612.9249877929688
P8,7.5,10.5,111,611.760009765625,611.4100036621094,612.9500122070312
P8,7.5,11.5,244,612.5250244140625,611.7249908447266,612.9199829101562
P8,7.5,12.5,299,612.6799926757812,612.3200073242188,612.9299926757812
P8,7.5,13.5,251,612.780029296875,612.5599975585938,612.8800048828125
P8,7.5,14.5,273,612.719970703125,612.5399780273438,612.8400268554688
P8,7.5,15.5,250,612.6649780273438,612.530029296875,612.8099975585938
P8,7.5,16.5,266,612.6300048828125,612.489990234375,612.7874908447266
P8,7.5,17.5,257,612.6500244140625,612.47998046875,612.780029296875
P8,7.5,18.5,272,612.6699829101562,612.47998046875,612.760009765625
P8,7.5,19.5,297,612.6799926757812,612.4400024414062,612.72998046875
P8,7.5,20.5,317,612.6500244140625,612.510009765625,612.7100219726562
P8,7.5,21.5,305,612.6199951171875,612.5499877929688,612.7100219726562
P8,7.5,22.5,312,612.5800170898438,612.5399780273438,612.6199951171875
P8,7.5,23.5,305,612.52001953125,612.469970703125,612.5499877929688
P8,7.5,24.5,314,612.4600219726562,612.3900146484375,612.5
P8,7.5,25.5,304,612.4099731445312,612.2899780273438,612.4500122070312
P8,7.5,26.5,306,612.3699951171875,612.239990234375,612.5
P8,7.5,27.5,310,612.3049926757812,612.0999755859375,612.4400024414062
P8,7.5,28.5,302,612.25,612.0925140380859,612.4199829101562
P8,7.5,29.5,310,612.2249755859375,612.02001953125,612.4099731445312
P8,7.5,30.5,331,612.2000122070312,611.969970703125,612.3499755859375
P8,7.5,31.5,308,612.25,612.1400146484375,612.3099975585938
P8,7.5,32.5,312,612.27001953125,612.2000122070312,612.3300170898438
P8,7.5,33.5,300,612.260009765625,612.219970703125,612.3300170898438
P8,7.5,34.5,273,612.280029296875,612.239990234375,612.3200073242188
P8,7.5,35.5,262,612.27001953125,612.239990234375,612.3200073242188
P8,7.5,36.5,252,612.280029296875,612.239990234375,612.3300170898438
P8,7.5,37.5,222,612.3099975585938,612.27001953125,612.3800048828125
P8,7.5,38.5,190,612.2999877929688,612.2424926757812,612.3599853515625
P8,7.5,39.5,139,612.239990234375,612.14501953125,612.2899780273438
P8,7.5,40.5,49,612.239990234375,612.1900024414062,612.27001953125
P8,7.5,41.5,10,612.3099975585938,612.2999877929688,612.3874816894531
P8,7.5,42.5,0,,,
P8,7.5,43.5,0,,,
P8,7.5,44.5,0,,,
P8,7.5,45.5,0,,,
P8,7.5,46.5,0,,,
P8,7.5,47.5,0,,,
P8,7.5,48.5,0,,,
P8,7.5,49.5,0,,,
P8,7.5,50.5,0,,,
P8,7.5,51.5,0,,,
P8,7.5,52.5,0,,,
P8,7.5,53.5,0,,,
P8,7.5,54.5,0,,,
P8,7.5,55.5,0,,,
P8,7.5,56.5,0,,,
P8,7.5,57.5,0,,,
P8,7.5,58.5,0,,,
P8,7.5,59.5,0,,,
P8,7.5,60.5,0,,,
P8,7.5,61.5,0,,,
P8,7.5,62.5,0,,,
P8,7.5,63.5,0,,,
P8,7.5,64.5,0,,,
P8,7.5,65.5,1,,,
P8,7.5,66.5,0,,,
P8,7.5,67.5,0,,,
P8,7.5,68.5,0,,,
P8,7.5,69.5,0,,,
P8,7.5,70.5,0,,,
P8,7.5,71.5,0,,,
P8,7.5,72.5,0,,,
P8,7.5,73.5,0,,,
P8,7.5,74.5,0,,,
P8,7.5,75.5,0,,,
P8,7.5,76.5,0,,,
P8,7.5,77.5,0,,,
P8,7.5,78.5,2,,,
P8,7.5,79.5,5,613.25,613.1699829101562,613.260009765625
P8,7.5,80.5,10,613.3499755859375,613.3099975585938,613.4250030517578
P8,7.5,81.5,6,613.375,612.9449920654297,613.4149932861328
P8,7.5,82.5,46,613.0499877929688,612.9050140380859,613.2375030517578
P8,7.5,83.5,73,613.3099975585938,613.0599975585938,615.77001953125
P8,7.5,84.5,82,613.5850219726562,613.1325073242188,614.219970703125
P8,7.5,85.5,107,613.7899780273438,613.3099975585938,614.4749755859375
P8,7.5,86.5,114,613.875,613.4199829101562,614.3375244140625
P8,7.5,87.5,131,614.030029296875,613.625,614.4199829101562
P8,7.5,88.5,161,614.1799926757812,613.6400146484375,614.5800170898438
P8,7.5,89.5,178,614.4600219726562,613.7525024414062,614.760009765625
P8,7.5,90.5,149,614.4600219726562,614.010009765625,614.8099975585938
P8,7.5,91.5,121,614.3699951171875,614.0900268554688,614.8699951171875
P8,7.5,92.5,126,614.6099853515625,614.1500244140625,615.0374908447266
P8,7.5,93.5,199,614.9099731445312,614.3400268554688,615.1400146484375
P8,7.5,94.5,189,614.8499755859375,614.469970703125,615.02001953125
P8,7.5,95.5,241,614.8400268554688,614.530029296875,615.0800170898438
P8,7.5,96.5,197,614.8499755859375,614.489990234375,615.0399780273438
P8,7.5,97.5,200,614.9199829101562,614.5850219726562,615.1724853515625
P8,7.5,98.5,182,614.7999877929688,614.5925140380859,615.0700073242188
P8,7.5,99.5,208,614.780029296875,614.5875244140625,614.9224853515625
P8,7.5,100.5,263,614.8099975585938,614.625,615.0350036621094
P8,7.5,101.5,231,614.760009765625,614.6500244140625,615.02001953125
P8,7.5,102.5,215,614.75,614.6500244140625,614.9949951171875
P8,7.5,103.5,202,614.85498046875,614.77001953125,615.0449981689453
P8,7.5,104.5,239,615.030029296875,614.7750244140625,615.27001953125
P8,7.5,105.5,213,615.0499877929688,614.8400268554688,615.27001953125
P8,7.5,106.5,204,615.030029296875,614.8574829101562,615.4400024414062
P8,7.5,107.5,200,615.030029296875,614.8400268554688,615.5025024414062
P8,7.5,108.5,179,615.1099853515625,614.8699951171875,615.5850219726562
P8,7.5,109.5,134,615.0399780273438,614.8800048828125,615.239990234375
P8,7.5,110.5,114,615.0399780273438,614.8200073242188,615.1500244140625
P8,7.5,111.5,67,614.6699829101562,614.5549926757812,615.0449829101562
P8,7.5,112.5,64,615.949951171875,614.6799926757812,616.2850189208984
P8,7.5,113.5,61,616.5900268554688,616.27001953125,616.8099975585938
P8,7.5,114.5,73,616.7899780273438,616.6699829101562,616.9199829101562
P8,7.5,115.5,87,617.0599975585938,616.89501953125,617.2349853515625
P8,7.5,116.5,100,617.4949951171875,617.0374908447266,617.7224731445312
P8,7.5,117.5,95,617.6799926757812,617.375,617.760009765625
P8,7.5,118.5,148,617.760009765625,617.489990234375,617.9349975585938
P8,7.5,119.5,153,618.0499877929688,617.8599853515625,618.1900024414062
P8,7.5,120.5,134,618.1400146484375,617.9199829101562,618.27001953125
P8,7.5,121.5,158,618.2999877929688,618.1799926757812,618.4600219726562
P8,7.5,122.5,208,618.7100219726562,618.3800048828125,619.030029296875
P8,7.5,123.5,171,619.4299926757812,618.5899963378906,619.6400146484375
P8,7.5,124.5,55,619.25,618.739990234375,619.9450073242188
P8,7.5,125.5,45,620.3200073242188,619.739990234375,620.4500122070312
P8,7.5,126.5,35,620.1799926757812,620.0500183105469,620.4400024414062
P8,7.5,127.5,36,620.530029296875,620.4400024414062,620.5850067138672
P8,7.5,128.5,9,620.6699829101562,620.6300048828125,620.75
P8,7.5,129.5,1,,,
P8,7.5,130.5,2,,,
P8,7.5,131.5,0,,,
P8,7.5,132.5,0,,,
P8,7.5,133.5,0,,,
P8,7.5,134.5,0,,,
P8,7.5,135.5,0,,,
P8,7.5,136.5,1,,,
P8,7.5,137.5,28,621.8699951171875,621.7775268554688,621.9224853515625
P8,7.5,138.5,17,621.77001953125,621.75,621.8900146484375
P8,7.5,139.5,23,621.4199829101562,621.0650024414062,621.6050109863281
P8,7.5,140.5,104,620.989990234375,620.8900146484375,621.2100067138672
P8,7.5,141.5,121,620.9000244140625,620.7999877929688,621.3400268554688
P8,7.5,142.5,137,621.22998046875,620.8499755859375,621.3900146484375
P8,7.5,143.5,160,621.2999877929688,621.02001953125,621.4824829101562
P8,7.5,144.5,196,621.39501953125,621.25,621.5800170898438
P8,7.5,145.5,136,621.3099975585938,621.2274780273438,621.614990234375
P8,7.5,146.5,128,621.375,621.3200073242188,621.7025146484375
P8,7.5,147.5,143,621.4199829101562,621.030029296875,621.52001953125
P8,7.5,148.5,159,621.0800170898438,621.02001953125,621.4450073242188
P8,7.5,149.5,142,621.2100219726562,621.1224975585938,621.3175048828125
P8,7.5,150.5,57,621.52001953125,621.4600219726562,621.6699829101562
P8,7.5,151.5,53,621.6099853515625,621.5599975585938,621.6500244140625
P8,7.5,152.5,72,621.7100219726562,621.6599731445312,621.77001953125
P8,7.5,153.5,51,622.1300048828125,621.989990234375,622.2550048828125
P8,7.5,154.5,17,622.5700073242188,622.510009765625,622.7100219726562
P8,7.5,155.5,2,,,
P8,7.5,156.5,10,623.6300048828125,623.5700073242188,623.6925048828125
P8,7.5,157.5,22,624.1500244140625,623.9675140380859,624.6950073242188
P8,7.5,158.5,43,624.72998046875,624.6749877929688,628.0900268554688
P8,7.5,159.5,81,625.4199829101562,624.8699951171875,628.3300170898438
P8,7.5,160.5,131,625.1199951171875,625.010009765625,628.6449890136719
P8,7.5,161.5,137,625.1799926757812,625.1099853515625,625.25
P8,7.5,162.5,158,625.2349853515625,625.1799926757812,625.2899780273438
P8,7.5,163.5,175,625.2000122070312,625.1500244140625,625.280029296875
P8,7.5,164.5,140,625.27001953125,625.1900024414062,625.3524780273438
P8,7.5,165.5,97,625.3499755859375,625.27001953125,625.4000244140625
P8,7.5,166.5,106,625.5,625.4000244140625,625.5999755859375
P8,7.5,167.5,147,625.6799926757812,625.6099853515625,625.75
P8,7.5,168.5,114,625.5700073242188,625.489990234375,625.70751953125
P8,7.5,169.5,103,625.5399780273438,625.4049987792969,625.7999877929688
P8,7.5,170.5,89,625.6799926757812,625.5599975585938,625.8300170898438
P8,7.5,171.5,67,625.8599853515625,625.7850036621094,626.135009765625
P8,7.5,172.5,12,626.0550537109375,625.9550170898438,626.4125061035156
P8,7.5,173.5,17,625.9199829101562,625.8800048828125,626.030029296875
P8,7.5,174.5,39,625.8900146484375,625.8150024414062,625.9649963378906
P8,7.5,175.5,25,625.9400024414062,625.6500244140625,625.97998046875
P8,7.5,176.5,73,625.989990234375,625.719970703125,626.1099853515625
P8,7.5,177.5,131,626.0399780273438,625.9600219726562,626.1599731445312
P8,7.5,178.5,129,625.8699951171875,625.7100219726562,625.9400024414062
P8,7.5,179.5,146,625.510009765625,625.4299926757812,625.6500244140625
P9,2.5,0.5,104,612.6400146484375,612.5775146484375,612.7100219726562
P9,2.5,1.5,93,612.6799926757812,612.5700073242188,612.7100219726562
P9,2.5,2.5,98,612.6599731445312,612.5599975585938,612.7000122070312
P9,2.5,3.5,101,612.6500244140625,612.5499877929688,612.6799926757812
P9,2.5,4.5,86,612.6300048828125,612.5700073242188,612.6599731445312
P9,2.5,5.5,78,612.594970703125,612.5625,612.6199951171875
P9,2.5,6.5,71,612.5700073242188,612.5499877929688,612.5850219726562
P9,2.5,7.5,54,612.5499877929688,612.530029296875,612.5599975585938
P9,2.5,8.5,47,612.530029296875,612.5150146484375,612.5399780273438
P9,2.5,9.5,74,612.52001953125,612.5,612.5775146484375
P9,2.5,10.5,67,612.47998046875,612.4600219726562,612.5250244140625
P9,2.5,11.5,56,612.5,612.4674835205078,612.8125
P9,2.5,12.5,65,612.6799926757812,612.469970703125,612.8699951171875
P9,2.5,13.5,66,612.7850341796875,612.5150146484375,612.8200073242188
P9,2.5,14.5,76,612.7349853515625,612.5399780273438,612.780029296875
P9,2.5,15.5,90,612.6900024414062,612.489990234375,612.72998046875
P9,2.5,16.5,100,612.6799926757812,612.4774780273438,612.7100219726562
P9,2.5,17.5,108,612.6500244140625,612.5650024414062,612.6799926757812
P9,2.5,18.5,105,612.6300048828125,612.6099853515625,612.6599731445312
P9,2.5,19.5,101,612.6199951171875,612.6099853515625,612.6500244140625
P9,2.5,20.5,107,612.6099853515625,612.5900268554688,612.6300048828125
P9,2.5,21.5,98,612.60498046875,612.5900268554688,612.6199951171875
P9,2.5,22.5,105,612.5900268554688,612.5700073242188,612.6099853515625
P9,2.5,23.5,104,612.5999755859375,612.5599975585938,612.6300048828125
P9,2.5,24.5,102,612.5800170898438,612.530029296875,612.6099853515625
P9,2.5,25.5,104,612.530029296875,612.510009765625,612.5599975585938
P9,2.5,26.5,106,612.5,612.47998046875,612.52001953125
P9,2.5,27.5,101,612.47998046875,612.469970703125,612.5
P9,2.5,28.5,106,612.4600219726562,612.4500122070312,612.47998046875
P9,2.5,29.5,105,612.4400024414062,612.4299926757812,612.4600219726562
P9,2.5,30.5,102,612.4400024414062,612.4299926757812,612.4500122070312
P9,2.5,31.5,92,612.4500122070312,612.4299926757812,612.4600219726562
P9,2.5,32.5,51,612.4600219726562,612.4400024414062,612.47998046875
P9,2.5,33.5,10,612.510009765625,612.489990234375,612.5250244140625
P9,2.5,34.5,0,,,
P9,2.5,35.5,0,,,
P9,2.5,36.5,0,,,
P9,2.5,37.5,0,,,
P9,2.5,38.5,18,612.4099731445312,612.4000244140625,612.4299926757812
P9,2.5,39.5,52,612.4199829101562,612.4000244140625,612.4400024414062
P9,2.5,40.5,8,612.4299926757812,612.427490234375,612.4425048828125
P9,2.5,41.5,0,,,
P9,2.5,42.5,0,,,
P9,2.5,43.5,0,,,
P9,2.5,44.5,0,,,
P9,2.5,45.5,0,,,
P9,2.5,46.5,5,612.6199951171875,612.5999755859375,612.6300048828125
P9,2.5,47.5,35,612.4400024414062,612.35498046875,612.5150146484375
P9,2.5,48.5,29,612.3499755859375,612.3099975585938,612.4000244140625
P9,2.5,49.5,1,,,
P9,2.5,50.5,0,,,
P9,2.5,51.5,0,,,
P9,2.5,52.5,0,,,
P9,2.5,53.5,0,,,
P9,2.5,54.5,0,,,
P9,2.5,55.5,0,,,
P9,2.5,56.5,40,612.469970703125,612.4149932861328,612.719970703125
P9,2.5,57.5,63,612.4400024414062,612.4000244140625,612.489990234375
P9,2.5,58.5,84,612.4450073242188,612.4074859619141,612.47998046875
P9,2.5,59.5,114,612.47998046875,612.4400024414062,612.5275268554688
P9,2.5,60.5,98,612.60498046875,612.4600219726562,612.780029296875
P9,2.5,61.5,92,612.9149780273438,612.7374877929688,613.0800170898438
P9,2.5,62.5,63,613.0499877929688,612.8599853515625,613.2050170898438
P9,2.5,63.5,94,613.010009765625,612.8900146484375,613.2100219726562
P9,2.5,64.5,107,612.8499755859375,612.7750244140625,612.9600219726562
P9,2.5,65.5,102,612.8699951171875,612.8125,612.9199829101562
P9,2.5,66.5,36,612.8900146484375,612.8474884033203,613.0099945068359
P9,2.5,67.5,45,612.8900146484375,612.8400268554688,613.0599975585938
P9,2.5,68.5,51,613.0700073242188,612.9700012207031,613.1300048828125
P9,2.5,69.5,102,612.8499755859375,612.780029296875,612.9400024414062
P9,2.5,70.5,103,612.780029296875,612.6649780273438,612.8300170898438
P9,2.5,71.5,104,612.8400268554688,612.780029296875,612.8724975585938
P9,2.5,72.5,98,612.9600219726562,612.8925170898438,613.0549926757812
P9,2.5,73.5,101,612.989990234375,612.9199829101562,613.1199951171875
P9,2.5,74.5,113,613.1500244140625,613.0700073242188,613.22998046875
P9,2.5,75.5,106,613.2999877929688,613.2125091552734,613.3775024414062
P9,2.5,76.5,58,613.2949829101562,613.1124877929688,613.3674926757812
P9,2.5,77.5,13,613.239990234375,613.2000122070312,613.2999877929688
P9,2.5,78.5,6,613.635009765625,613.6224975585938,613.6475219726562
P9,2.5,79.5,0,,,
P9,2.5,80.5,0,,,
P9,2.5,81.5,0,,,
P9,2.5,82.5,0,,,
P9,2.5,83.5,18,613.1900024414062,613.1799926757812,613.2274780273438
P9,2.5,84.5,78,613.3049926757812,613.25,613.4000244140625
P9,2.5,85.5,96,613.5599975585938,613.4874877929688,613.6900024414062
P9,2.5,86.5,115,613.3599853515625,613.3250122070312,613.3900146484375
P9,2.5,87.5,90,613.4299926757812,613.4000244140625,613.5
P9,2.5,88.5,71,613.510009765625,613.47998046875,613.5449829101562
P9,2.5,89.5,77,613.5499877929688,613.510009765625,613.6199951171875
P9,2.5,90.5,64,613.6099853515625,613.5474853515625,613.7999877929688
P9,2.5,91.5,60,613.6500244140625,613.6099853515625,613.7100219726562
P9,2.5,92.5,53,613.760009765625,613.72998046875,613.7899780273438
P9,2.5,93.5,37,613.8300170898438,613.7899780273438,613.989990234375
P9,2.5,94.5,16,614.375,614.1549835205078,615.8550262451172
P9,2.5,95.5,58,614.4000244140625,614.1799926757812,615.6625061035156
P9,2.5,96.5,74,615.1700439453125,614.280029296875,616.0349884033203
P9,2.5,97.5,73,614.75,614.52001953125,615.7899780273438
P9,2.5,98.5,87,615.1199951171875,614.7050170898438,615.97998046875
P9,2.5,99.5,118,615.510009765625,615.0800170898438,616.1475219726562
P9,2.5,100.5,84,616.3250122070312,615.7449951171875,616.6224975585938
P9,2.5,101.5,38,616.1799926757812,615.6324920654297,616.3399810791016
P9,2.5,102.5,59,615.2999877929688,615.1500244140625,615.469970703125
P9,2.5,103.5,43,615.3900146484375,615.3399963378906,615.4749755859375
P9,2.5,104.5,12,615.7899780273438,615.447509765625,615.9924926757812
P9,2.5,105.5,1,,,
P9,2.5,106.5,0,,,
P9,2.5,107.5,0,,,
P9,2.5,108.5,0,,,
P9,2.5,109.5,0,,,
P9,2.5,110.5,0,,,
P9,2.5,111.5,0,,,
P9,2.5,112.5,0,,,
P9,2.5,113.5,0,,,
P9,2.5,114.5,14,616.864990234375,616.79248046875,617.0249938964844
P9,2.5,115.5,65,617.010009765625,616.8699951171875,617.1400146484375
P9,2.5,116.5,111,617.22998046875,617.0950012207031,617.3499755859375
P9,2.5,117.5,107,617.3699951171875,617.3200073242188,617.4199829101562
P9,2.5,118.5,107,617.510009765625,617.4149780273438,617.6400146484375
P9,2.5,119.5,52,617.7000122070312,617.5974884033203,617.77001953125
P9,2.5,120.5,6,617.9000244140625,617.885009765625,617.9000244140625
P9,2.5,121.5,2,,,
P9,2.5,122.5,3,618.6400146484375,618.5950012207031,618.64501953125
P9,2.5,123.5,0,,,
P9,2.5,124.5,0,,,
P9,2.5,125.5,0,,,
P9,2.5,126.5,0,,,
P9,2.5,127.5,2,,,
P9,2.5,128.5,47,619.030029296875,618.9949951171875,619.0549926757812
P9,2.5,129.5,52,619.1300048828125,619.0399780273438,619.1799926757812
P9,2.5,130.5,65,619.25,619.1799926757812,619.5499877929688
P9,2.5,131.5,70,619.3200073242188,619.2725219726562,619.5175170898438
P9,2.5,132.5,86,619.5900268554688,619.489990234375,619.6799926757812
P9,2.5,133.5,92,619.8150024414062,619.760009765625,619.8524780273438
P9,2.5,134.5,79,619.9000244140625,619.8699951171875,619.9199829101562
P9,2.5,135.5,59,619.969970703125,619.9500122070312,619.989990234375
P9,2.5,136.5,37,620.2000122070312,620.0700073242188,620.3300170898438
P9,2.5,137.5,25,620.260009765625,620.1400146484375,620.4099731445312
P9,2.5,138.5,14,620.1649780273438,620.1224975585938,620.1900024414062
P9,2.5,139.5,26,620.3099975585938,620.2550048828125,620.3375244140625
P9,2.5,140.5,18,620.39501953125,620.3800048828125,620.41748046875
P9,2.5,141.5,20,620.5150146484375,620.4874877929688,620.552490234375
P9,2.5,142.5,0,,,
P9,2.5,143.5,0,,,
P9,2.5,144.5,0,,,
P9,2.5,145.5,0,,,
P9,2.5,146.5,0,,,
P9,2.5,147.5,0,,,
P9,2.5,148.5,0,,,
P9,2.5,149.5,0,,,
P9,2.5,150.5,0,,,
P9,2.5,151.5,0,,,
P9,2.5,152.5,0,,,
P9,2.5,153.5,0,,,
P9,2.5,154.5,4,621.14501953125,621.1300048828125,621.1550140380859
P9,2.5,155.5,23,621.1799926757812,621.1549987792969,621.2250061035156
P9,2.5,156.5,40,621.3150024414062,621.2274780273438,621.5300140380859
P9,2.5,157.5,45,621.5900268554688,621.3400268554688,621.7999877929688
P9,2.5,158.5,70,621.7850341796875,621.572509765625,622.0999908447266
P9,2.5,159.5,82,621.9149780273438,621.572509765625,622.3074951171875
P9,2.5,160.5,97,622.02001953125,621.5599975585938,622.5
P9,2.5,161.5,110,622.0250244140625,621.5925140380859,622.5175170898438
P9,2.5,162.5,131,622.0599975585938,621.4849853515625,622.719970703125
P9,2.5,163.5,141,622.1699829101562,621.5900268554688,622.8300170898438
P9,2.5,164.5,152,622.39501953125,621.6950073242188,623.1624755859375
P9,2.5,165.5,146,622.60498046875,621.822509765625,623.1475219726562
P9,2.5,166.5,136,622.6599731445312,622.0474853515625,623.29248046875
P9,2.5,167.5,148,622.9450073242188,622.1375122070312,623.489990234375
P9,2.5,168.5,170,623.405029296875,622.33251953125,624.1049957275391
P9,2.5,169.5,153,623.4400024414062,622.219970703125,624.2000122070312
P9,2.5,170.5,134,623.3200073242188,622.3624877929688,623.9600219726562
P9,2.5,171.5,104,623.1199951171875,622.3275146484375,623.9525146484375
P9,2.5,172.5,88,623.3399658203125,622.6599884033203,623.8900146484375
P9,2.5,173.5,74,623.5150146484375,622.9724731445312,624.6374816894531
P9,2.5,174.5,85,624.3800048828125,623.5700073242188,625.4299926757812
P9,2.5,175.5,65,625.260009765625,624.1799926757812,625.47998046875
P9,2.5,176.5,62,625.47998046875,625.364990234375,625.5800170898438
P9,2.5,177.5,60,625.4749755859375,625.4074859619141,625.5125122070312
P9,2.5,178.5,41,625.3599853515625,625.3400268554688,625.3900146484375
P9,2.5,179.5,48,625.3200073242188,625.2999877929688,625.364990234375
P9,5.0,0.5,181,612.719970703125,612.6300048828125,612.77001953125
P9,5.0,1.5,155,612.7100219726562,612.625,612.75
P9,5.0,2.5,151,612.6699829101562,612.5650024414062,612.7100219726562
P9,5.0,3.5,149,612.5999755859375,612.4600219726562,612.6699829101562
P9,5.0,4.5,139,612.5499877929688,612.4149780273438,612.6400146484375
P9,5.0,5.5,159,612.5800170898438,612.4550170898438,612.6300048828125
P9,5.0,6.5,171,612.5700073242188,612.489990234375,612.625
P9,5.0,7.5,154,612.5399780273438,612.469970703125,612.6275024414062
P9,5.0,8.5,156,612.530029296875,612.4600219726562,612.7424926757812
P9,5.0,9.5,171,612.52001953125,612.469970703125,612.8900146484375
P9,5.0,10.5,170,612.47998046875,612.4400024414062,612.9099731445312
P9,5.0,11.5,161,612.5,612.4299926757812,612.9199829101562
P9,5.0,12.5,167,612.75,612.4299926757812,612.8800048828125
P9,5.0,13.5,163,612.780029296875,612.4099731445312,612.8300170898438
P9,5.0,14.5,161,612.760009765625,612.4199829101562,612.7999877929688
P9,5.0,15.5,158,612.719970703125,612.5049896240234,612.760009765625
P9,5.0,16.5,157,612.7000122070312,612.6599731445312,612.72998046875
P9,5.0,17.5,161,612.6599731445312,612.6199951171875,612.6900024414062
P9,5.0,18.5,171,612.6400146484375,612.6099853515625,612.6699829101562
P9,5.0,19.5,178,612.6199951171875,612.5900268554688,612.6400146484375
P9,5.0,20.5,194,612.6099853515625,612.5225219726562,612.6199951171875
P9,5.0,21.5,200,612.5900268554688,612.510009765625,612.6099853515625
P9,5.0,22.5,204,612.5700073242188,612.5474853515625,612.5999755859375
P9,5.0,23.5,206,612.5599975585938,612.530029296875,612.5999755859375
P9,5.0,24.5,209,612.5399780273438,612.510009765625,612.5900268554688
P9,5.0,25.5,204,612.530029296875,612.510009765625,612.5499877929688
P9,5.0,26.5,207,612.5,612.489990234375,612.52001953125
P9,5.0,27.5,204,612.489990234375,612.469970703125,612.5
P9,5.0,28.5,209,612.469970703125,612.4500122070312,612.47998046875
P9,5.0,29.5,200,612.4400024414062,612.4299926757812,612.4600219726562
P9,5.0,30.5,208,612.4400024414062,612.4199829101562,612.4500122070312
P9,5.0,31.5,162,612.4400024414062,612.4199829101562,612.4500122070312
P9,5.0,32.5,101,612.4400024414062,612.4199829101562,612.4600219726562
P9,5.0,33.5,42,612.4500122070312,612.4324951171875,612.469970703125
P9,5.0,34.5,3,612.4199829101562,612.4149780273438,612.4299926757812
P9,5.0,35.5,0,,,
P9,5.0,36.5,0,,,
P9,5.0,37.5,0,,,
P9,5.0,38.5,47,612.4099731445312,612.4000244140625,612.4249877929688
P9,5.0,39.5,80,612.4149780273438,612.4000244140625,612.4299926757812
P9,5.0,40.5,8,612.4299926757812,612.427490234375,612.4425048828125
P9,5.0,41.5,0,,,
P9,5.0,42.5,0,,,
P9,5.0,43.5,0,,,
P9,5.0,44.5,0,,,
P9,5.0,45.5,0,,,
P9,5.0,46.5,47,612.4299926757812,612.2899780273438,612.5499877929688
P9,5.0,47.5,91,612.2999877929688,612.27001953125,612.4099731445312
P9,5.0,48.5,77,612.3300170898438,612.2999877929688,612.3900146484375
P9,5.0,49.5,53,612.3400268554688,612.3099975585938,612.3900146484375
P9,5.0,50.5,25,612.3099975585938,612.2999877929688,612.3300170898438
P9,5.0,51.5,7,612.3599853515625,612.3400268554688,612.3599853515625
P9,5.0,52.5,17,612.3599853515625,612.3499755859375,612.3800048828125
P9,5.0,53.5,22,612.3800048828125,612.3624877929688,612.41748046875
P9,5.0,54.5,35,612.4099731445312,612.385009765625,612.4349975585938
P9,5.0,55.5,38,612.4500122070312,612.4199829101562,612.4974975585938
P9,5.0,56.5,70,612.5150146484375,612.4199829101562,612.6875
P9,5.0,57.5,103,612.47998046875,612.4249877929688,612.635009765625
P9,5.0,58.5,183,612.4600219726562,612.4099731445312,612.5250244140625
P9,5.0,59.5,239,612.47998046875,612.4400024414062,612.6099853515625
P9,5.0,60.5,222,612.6400146484375,612.469970703125,612.9074859619141
P9,5.0,61.5,202,612.8300170898438,612.6325073242188,612.989990234375
P9,5.0,62.5,196,612.844970703125,612.7000122070312,613.1124877929688
P9,5.0,63.5,205,613.02001953125,612.8200073242188,613.2999877929688
P9,5.0,64.5,212,612.8499755859375,612.7000122070312,613.0700073242188
P9,5.0,65.5,223,612.8800048828125,612.739990234375,613.0299987792969
P9,5.0,66.5,154,612.72998046875,612.6624755859375,612.8574829101562
P9,5.0,67.5,139,612.7100219726562,612.6199951171875,612.8450012207031
P9,5.0,68.5,133,612.8099975585938,612.719970703125,613.030029296875
P9,5.0,69.5,202,612.8200073242188,612.6799926757812,612.9299926757812
P9,5.0,70.5,209,612.75,612.5999755859375,612.8300170898438
P9,5.0,71.5,207,612.8099975585938,612.7000122070312,612.8599853515625
P9,5.0,72.5,212,612.9400024414062,612.8599853515625,613.0700073242188
P9,5.0,73.5,213,613.0599975585938,612.9299926757812,613.1599731445312
P9,5.0,74.5,218,613.1699829101562,613.0999755859375,613.2474975585938
P9,5.0,75.5,228,613.3099975585938,613.2174835205078,613.3699951171875
P9,5.0,76.5,158,613.3250122070312,613.1900024414062,613.5599975585938
P9,5.0,77.5,87,613.3200073242188,613.1849975585938,613.5750122070312
P9,5.0,78.5,32,613.469970703125,613.3975219726562,613.5625
P9,5.0,79.5,11,613.719970703125,613.6950073242188,613.8500061035156
P9,5.0,80.5,8,613.4100341796875,613.3674926757812,613.4550018310547
P9,5.0,81.5,5,613.4400024414062,613.3099975585938,613.6500244140625
P9,5.0,82.5,11,613.6500244140625,613.4549865722656,613.72998046875
P9,5.0,83.5,27,613.22998046875,613.1900024414062,613.6600036621094
P9,5.0,84.5,93,613.3200073242188,613.25,613.4000244140625
P9,5.0,85.5,148,613.5499877929688,613.3599853515625,613.7449951171875
P9,5.0,86.5,168,613.3599853515625,613.3200073242188,613.4199829101562
P9,5.0,87.5,144,613.4299926757812,613.3900146484375,613.5225219726562
P9,5.0,88.5,120,613.489990234375,613.4400024414062,613.52001953125
P9,5.0,89.5,138,613.5399780273438,613.5,613.6174926757812
P9,5.0,90.5,117,613.6599731445312,613.5800170898438,613.77001953125
P9,5.0,91.5,112,613.6500244140625,613.6099853515625,613.7224731445312
P9,5.0,92.5,89,613.75,613.7100219726562,613.780029296875
P9,5.0,93.5,64,613.780029296875,613.75,613.8425140380859
P9,5.0,94.5,19,614.2100219726562,614.0849914550781,615.8400268554688
P9,5.0,95.5,71,614.5999755859375,614.2099914550781,615.7100219726562
P9,5.0,96.5,81,615.4000244140625,614.2899780273438,616.010009765625
P9,5.0,97.5,73,614.75,614.52001953125,615.7899780273438
P9,5.0,98.5,92,615.0750122070312,614.7000122070312,615.9924926757812
P9,5.0,99.5,142,615.7449951171875,615.1224975585938,616.510009765625
P9,5.0,100.5,95,616.4199829101562,615.7950134277344,616.6699829101562
P9,5.0,101.5,43,616.239990234375,615.6799926757812,616.4450073242188
P9,5.0,102.5,91,615.4000244140625,615.27001953125,615.6599731445312
P9,5.0,103.5,109,615.3900146484375,615.27001953125,615.5499877929688
P9,5.0,104.5,48,615.8049926757812,615.4074859619141,616.0075073242188
P9,5.0,105.5,50,615.7449951171875,615.5625,615.947509765625
P9,5.0,106.5,11,615.6300048828125,615.5599975585938,616.3150024414062
P9,5.0,107.5,35,616.4400024414062,616.2449951171875,616.7449951171875
P9,5.0,108.5,7,616.239990234375,616.239990234375,616.239990234375
P9,5.0,109.5,0,,,
P9,5.0,110.5,0,,,
P9,5.0,111.5,0,,,
P9,5.0,112.5,7,616.4000244140625,616.39501953125,616.4199829101562
P9,5.0,113.5,10,616.405029296875,616.3925170898438,616.4199829101562
P9,5.0,114.5,62,616.7899780273438,616.5925140380859,617.030029296875
P9,5.0,115.5,151,617.02001953125,616.6199951171875,617.1950073242188
P9,5.0,116.5,225,617.1599731445312,616.9099731445312,617.3699951171875
P9,5.0,117.5,212,617.3699951171875,617.27001953125,617.469970703125
P9,5.0,118.5,202,617.4949951171875,617.4000244140625,617.739990234375
P9,5.0,119.5,140,617.6849975585938,617.510009765625,618.0225219726562
P9,5.0,120.5,65,617.760009765625,617.6300048828125,617.9000244140625
P9,5.0,121.5,35,617.969970703125,617.8900146484375,618.0449829101562
P9,5.0,122.5,38,618.4400024414062,618.302490234375,618.4874877929688
P9,5.0,123.5,5,618.5399780273438,618.52001953125,618.5499877929688
P9,5.0,124.5,0,,,
P9,5.0,125.5,0,,,
P9,5.0,126.5,0,,,
P9,5.0,127.5,6,618.9249877929688,618.8975067138672,618.9975128173828
P9,5.0,128.5,90,618.989990234375,618.9600219726562,619.030029296875
P9,5.0,129.5,102,619.0599975585938,619.030029296875,619.1300048828125
P9,5.0,130.5,105,619.1799926757812,619.1300048828125,619.2899780273438
P9,5.0,131.5,101,619.2899780273438,619.239990234375,619.4299926757812
P9,5.0,132.5,137,619.4600219726562,619.3499755859375,619.6300048828125
P9,5.0,133.5,145,619.760009765625,619.510009765625,619.8300170898438
P9,5.0,134.5,133,619.8599853515625,619.6900024414062,619.9000244140625
P9,5.0,135.5,107,619.9299926757812,619.8350219726562,619.9749755859375
P9,5.0,136.5,90,620.0,619.9199829101562,620.1524810791016
P9,5.0,137.5,78,620.0700073242188,620.030029296875,620.1549835205078
P9,5.0,138.5,65,620.1900024414062,620.1599731445312,620.22998046875
P9,5.0,139.5,75,620.25,620.1849975585938,620.3099975585938
P9,5.0,140.5,67,620.3900146484375,620.3599853515625,620.4299926757812
P9,5.0,141.5,27,620.510009765625,620.4849853515625,620.5449829101562
P9,5.0,142.5,26,621.0800170898438,621.052490234375,621.1099853515625
P9,5.0,143.5,32,621.0800170898438,621.0599975585938,621.0900268554688
P9,5.0,144.5,25,621.0499877929688,621.030029296875,621.0599975585938
P9,5.0,145.5,29,621.0499877929688,621.030029296875,621.0800170898438
P9,5.0,146.5,29,621.1199951171875,621.0900268554688,621.1699829101562
P9,5.0,147.5,26,621.22998046875,621.2125091552734,621.260009765625
P9,5.0,148.5,17,621.3099975585938,621.280029296875,623.1099853515625
P9,5.0,149.5,43,623.3099975585938,621.3350219726562,623.5050048828125
P9,5.0,150.5,53,621.4000244140625,621.1199951171875,623.530029296875
P9,5.0,151.5,47,621.280029296875,621.0050048828125,621.5400085449219
P9,5.0,152.5,67,621.5599975585938,621.2400207519531,621.8200073242188
P9,5.0,153.5,74,621.7100219726562,621.3724975585938,622.0974884033203
P9,5.0,154.5,91,622.3200073242188,621.6699829101562,622.7349853515625
P9,5.0,155.5,125,622.0599975585938,621.4600219726562,622.8400268554688
P9,5.0,156.5,135,622.3099975585938,621.6000061035156,623.2149963378906
P9,5.0,157.5,129,622.4600219726562,621.760009765625,623.1400146484375
P9,5.0,158.5,144,622.385009765625,621.8049926757812,623.1224822998047
P9,5.0,159.5,150,622.5350341796875,621.9000244140625,623.27001953125
P9,5.0,160.5,142,622.4349975585938,621.7624969482422,623.1475219726562
P9,5.0,161.5,143,622.3400268554688,621.7050170898438,623.0600280761719
P9,5.0,162.5,176,622.5150146484375,621.6099853515625,623.3350067138672
P9,5.0,163.5,188,622.625,621.7899780273438,623.6099853515625
P9,5.0,164.5,178,622.6400146484375,621.8125,623.625
P9,5.0,165.5,169,622.739990234375,621.9000244140625,623.5499877929688
P9,5.0,166.5,152,622.824951171875,622.0900268554688,623.6699829101562
P9,5.0,167.5,167,623.2000122070312,622.1950073242188,624.0099792480469
P9,5.0,168.5,171,623.4000244140625,622.3099975585938,624.1000061035156
P9,5.0,169.5,168,623.4149780273438,622.135009765625,624.2575073242188
P9,5.0,170.5,146,623.0599975585938,622.1525115966797,623.9049835205078
P9,5.0,171.5,118,622.875,622.0449829101562,623.8599853515625
P9,5.0,172.5,107,623.0999755859375,622.239990234375,623.739990234375
P9,5.0,173.5,122,623.0750122070312,622.1724853515625,624.1575012207031
P9,5.0,174.5,170,624.1300048828125,622.4575042724609,625.4774780273438
P9,5.0,175.5,167,625.22998046875,622.6499938964844,625.4600219726562
P9,5.0,176.5,178,625.2750244140625,622.6500244140625,625.4874877929688
P9,5.0,177.5,193,625.3900146484375,622.75,625.489990234375
P9,5.0,178.5,159,625.3400268554688,623.1700134277344,625.3900146484375
P9,5.0,179.5,156,624.905029296875,622.91748046875,625.3300170898438
P9,7.5,0.5,272,612.75,612.6500244140625,613.6649780273438
P9,7.5,1.5,242,612.72998046875,612.6300048828125,613.3900146484375
P9,7.5,2.5,229,612.7000122070312,612.5999755859375,613.260009765625
P9,7.5,3.5,214,612.6699829101562,612.52001953125,612.9550170898438
P9,7.5,4.5,215,612.6300048828125,612.469970703125,612.719970703125
P9,7.5,5.5,257,612.6099853515625,612.489990234375,612.7999877929688
P9,7.5,6.5,278,612.5750122070312,612.4600219726562,612.7999877929688
P9,7.5,7.5,254,612.5399780273438,612.3825073242188,612.8499755859375
P9,7.5,8.5,252,612.530029296875,612.4000244140625,612.9099731445312
P9,7.5,9.5,265,612.52001953125,612.3900146484375,612.9199829101562
P9,7.5,10.5,277,612.47998046875,612.3800048828125,612.9400024414062
P9,7.5,11.5,262,612.5,612.3825073242188,612.9400024414062
P9,7.5,12.5,271,612.6699829101562,612.3699951171875,612.9000244140625
P9,7.5,13.5,266,612.7899780273438,612.3724975585938,612.8599853515625
P9,7.5,14.5,263,612.760009765625,612.3699951171875,612.8200073242188
P9,7.5,15.5,261,612.719970703125,612.3400268554688,612.77001953125
P9,7.5,16.5,260,612.7000122070312,612.3699951171875,612.739990234375
P9,7.5,17.5,253,612.6699829101562,612.52001953125,612.7100219726562
P9,7.5,18.5,242,612.6500244140625,612.6099853515625,612.6799926757812
P9,7.5,19.5,258,612.6199951171875,612.5325164794922,612.6400146484375
P9,7.5,20.5,264,612.6099853515625,612.5075073242188,612.6300048828125
P9,7.5,21.5,278,612.5900268554688,612.489990234375,612.6199951171875
P9,7.5,22.5,278,612.5800170898438,612.5325164794922,612.5999755859375
P9,7.5,23.5,292,612.5599975585938,612.52001953125,612.5900268554688
P9,7.5,24.5,297,612.530029296875,612.5,612.5800170898438
P9,7.5,25.5,309,612.52001953125,612.5,612.5499877929688
P9,7.5,26.5,314,612.5,612.47998046875,612.52001953125
P9,7.5,27.5,293,612.489990234375,612.469970703125,612.510009765625
P9,7.5,28.5,304,612.469970703125,612.4500122070312,612.489990234375
P9,7.5,29.5,306,612.4400024414062,612.4299926757812,612.4600219726562
P9,7.5,30.5,308,612.4400024414062,612.4199829101562,612.4500122070312
P9,7.5,31.5,234,612.4400024414062,612.4199829101562,612.4500122070312
P9,7.5,32.5,154,612.4349975585938,612.4199829101562,612.4500122070312
P9,7.5,33.5,94,612.4400024414062,612.4199829101562,612.4600219726562
P9,7.5,34.5,49,612.4199829101562,612.4000244140625,612.4400024414062
P9,7.5,35.5,24,612.4500122070312,612.4299926757812,612.469970703125
P9,7.5,36.5,1,,,
P9,7.5,37.5,17,612.3300170898438,612.3099975585938,612.3400268554688
P9,7.5,38.5,67,612.4099731445312,612.385009765625,612.4199829101562
P9,7.5,39.5,85,612.4099731445312,612.4000244140625,612.4299926757812
P9,7.5,40.5,8,612.4299926757812,612.427490234375,612.4425048828125
P9,7.5,41.5,0,,,
P9,7.5,42.5,0,,,
P9,7.5,43.5,0,,,
P9,7.5,44.5,5,612.52001953125,612.489990234375,612.5499877929688
P9,7.5,45.5,30,612.2949829101562,612.2550048828125,612.39501953125
P9,7.5,46.5,95,612.3400268554688,612.27001953125,612.5
P9,7.5,47.5,142,612.3599853515625,612.2899780273438,612.45751953125
P9,7.5,48.5,136,612.3699951171875,612.3200073242188,612.4500122070312
P9,7.5,49.5,106,612.3400268554688,612.3099975585938,612.3900146484375
P9,7.5,50.5,70,612.3200073242188,612.2999877929688,612.3300170898438
P9,7.5,51.5,53,612.3400268554688,612.3200073242188,612.3499755859375
P9,7.5,52.5,50,612.3499755859375,612.3300170898438,612.3599853515625
P9,7.5,53.5,65,612.3499755859375,612.3300170898438,612.3699951171875
P9,7.5,54.5,63,612.3800048828125,612.3499755859375,612.4099731445312
P9,7.5,55.5,51,612.4299926757812,612.3800048828125,612.489990234375
P9,7.5,56.5,71,612.510009765625,612.4199829101562,612.6849975585938
P9,7.5,57.5,152,612.47998046875,612.4199829101562,612.6300048828125
P9,7.5,58.5,265,612.489990234375,612.4299926757812,612.6599731445312
P9,7.5,59.5,364,612.52001953125,612.4500122070312,612.7025146484375
P9,7.5,60.5,336,612.5499877929688,612.4500122070312,612.8099975585938
P9,7.5,61.5,308,612.6199951171875,612.469970703125,612.9099731445312
P9,7.5,62.5,265,612.719970703125,612.510009765625,612.989990234375
P9,7.5,63.5,302,612.9000244140625,612.6624755859375,613.2000122070312
P9,7.5,64.5,296,612.8200073242188,612.5499877929688,613.1199951171875
P9,7.5,65.5,340,612.8699951171875,612.6599731445312,613.072509765625
P9,7.5,66.5,255,612.6799926757812,612.6099853515625,612.8250122070312
P9,7.5,67.5,244,612.6500244140625,612.5474853515625,612.739990234375
P9,7.5,68.5,228,612.7100219726562,612.5875244140625,612.8825073242188
P9,7.5,69.5,280,612.739990234375,612.6199951171875,612.8925170898438
P9,7.5,70.5,279,612.6599731445312,612.5499877929688,612.8049926757812
P9,7.5,71.5,268,612.760009765625,612.5999755859375,612.8400268554688
P9,7.5,72.5,293,612.8900146484375,612.6500244140625,613.010009765625
P9,7.5,73.5,336,612.97998046875,612.8300170898438,613.1325073242188
P9,7.5,74.5,334,613.1500244140625,613.0499877929688,613.22998046875
P9,7.5,75.5,341,613.27001953125,613.1500244140625,613.3400268554688
P9,7.5,76.5,256,613.22998046875,613.030029296875,613.4449920654297
P9,7.5,77.5,153,613.1799926757812,613.0700073242188,613.4099731445312
P9,7.5,78.5,91,613.3300170898438,613.1799926757812,613.4649963378906
P9,7.5,79.5,66,613.6749877929688,613.552490234375,613.760009765625
P9,7.5,80.5,69,613.5800170898438,613.4400024414062,613.72998046875
P9,7.5,81.5,31,613.8300170898438,613.77001953125,613.9500122070312
P9,7.5,82.5,38,613.5,613.4299926757812,613.6574859619141
P9,7.5,83.5,48,613.510009765625,613.2174835205078,613.6550140380859
P9,7.5,84.5,93,613.3200073242188,613.25,613.4000244140625
P9,7.5,85.5,150,613.5499877929688,613.3624877929688,613.7550048828125
P9,7.5,86.5,199,613.3699951171875,613.3200073242188,613.510009765625
P9,7.5,87.5,163,613.4500122070312,613.4000244140625,613.5449829101562
P9,7.5,88.5,138,613.5,613.4425048828125,613.5399780273438
P9,7.5,89.5,167,613.5599975585938,613.5050048828125,613.7000122070312
P9,7.5,90.5,176,613.760009765625,613.6099853515625,613.9675140380859
P9,7.5,91.5,169,613.7000122070312,613.6199951171875,613.9199829101562
P9,7.5,92.5,144,613.77001953125,613.7274780273438,613.9425048828125
P9,7.5,93.5,104,613.8400268554688,613.760009765625,614.2250213623047
P9,7.5,94.5,45,614.3699951171875,614.1599731445312,614.4299926757812
P9,7.5,95.5,74,614.6199951171875,614.2224731445312,615.7050170898438
P9,7.5,96.5,84,615.4000244140625,614.3125,616.0125122070312
P9,7.5,97.5,73,614.75,614.52001953125,615.7899780273438
P9,7.5,98.5,92,615.0750122070312,614.7000122070312,615.9924926757812
P9,7.5,99.5,142,615.7449951171875,615.1224975585938,616.510009765625
P9,7.5,100.5,101,616.4099731445312,615.780029296875,616.6699829101562
P9,7.5,101.5,52,616.27001953125,615.697509765625,616.4749755859375
P9,7.5,102.5,107,615.4600219726562,615.280029296875,615.7999877929688
P9,7.5,103.5,137,615.3800048828125,615.2899780273438,615.489990234375
P9,7.5,104.5,90,615.4400024414062,615.33251953125,615.8900146484375
P9,7.5,105.5,62,615.6600341796875,615.4625091552734,615.9000244140625
P9,7.5,106.5,21,615.5700073242188,615.5,616.9199829101562
P9,7.5,107.5,58,616.4400024414062,616.2000122070312,616.9349975585938
P9,7.5,108.5,36,616.2949829101562,616.239990234375,616.3524780273438
P9,7.5,109.5,31,616.3300170898438,616.3099975585938,616.3499755859375
P9,7.5,110.5,28,616.3300170898438,616.3099975585938,616.3900146484375
P9,7.5,111.5,31,616.3499755859375,616.3300170898438,616.3699951171875
P9,7.5,112.5,58,616.3599853515625,616.3400268554688,616.3875122070312
P9,7.5,113.5,76,616.3800048828125,616.3499755859375,616.4099731445312
P9,7.5,114.5,104,616.5850219726562,616.4000244140625,616.9099731445312
P9,7.5,115.5,195,616.9000244140625,616.4500122070312,617.14501953125
P9,7.5,116.5,268,617.1099853515625,616.6300048828125,617.3499755859375
P9,7.5,117.5,245,617.3400268554688,617.1300048828125,617.4500122070312
P9,7.5,118.5,221,617.47998046875,617.3900146484375,617.719970703125
P9,7.5,119.5,187,617.5700073242188,617.4400024414062,617.8049926757812
P9,7.5,120.5,116,617.6500244140625,617.5175170898438,617.7825164794922
P9,7.5,121.5,88,617.8900146484375,617.8175048828125,617.9724731445312
P9,7.5,122.5,70,618.2650146484375,618.1124877929688,618.4500122070312
P9,7.5,123.5,5,618.5399780273438,618.52001953125,618.5499877929688
P9,7.5,124.5,0,,,
P9,7.5,125.5,1,,,
P9,7.5,126.5,11,618.780029296875,618.7449951171875,618.7850036621094
P9,7.5,127.5,48,618.885009765625,618.8474884033203,618.9099731445312
P9,7.5,128.5,143,618.969970703125,618.9299926757812,619.0
P9,7.5,129.5,153,619.0599975585938,619.030029296875,619.1099853515625
P9,7.5,130.5,155,619.1699829101562,619.135009765625,619.219970703125
P9,7.5,131.5,155,619.25,619.219970703125,619.3150024414062
P9,7.5,132.5,188,619.3599853515625,619.27001953125,619.572509765625
P9,7.5,133.5,196,619.5900268554688,619.3375244140625,619.8099975585938
P9,7.5,134.5,186,619.739990234375,619.4025115966797,619.8900146484375
P9,7.5,135.5,150,619.8699951171875,619.5900268554688,619.9600219726562
P9,7.5,136.5,111,619.969970703125,619.7750244140625,620.0750122070312
P9,7.5,137.5,116,620.0399780273438,619.927490234375,620.0925140380859
P9,7.5,138.5,121,620.1400146484375,620.0700073242188,620.2000122070312
P9,7.5,139.5,112,620.1900024414062,620.1099853515625,620.2899780273438
P9,7.5,140.5,69,620.3900146484375,620.3599853515625,620.4299926757812
P9,7.5,141.5,55,621.0499877929688,620.5150146484375,621.0999755859375
P9,7.5,142.5,74,621.0999755859375,621.0800170898438,621.1174926757812
P9,7.5,143.5,85,621.0800170898438,621.0700073242188,621.0900268554688
P9,7.5,144.5,80,621.0800170898438,621.0599975585938,621.1099853515625
P9,7.5,145.5,80,621.1099853515625,621.0675048828125,621.1400146484375
P9,7.5,146.5,102,621.1300048828125,621.0700073242188,621.1699829101562
P9,7.5,147.5,115,621.2100219726562,621.1649780273438,621.239990234375
P9,7.5,148.5,100,621.2899780273438,621.239990234375,621.4500122070312
P9,7.5,149.5,133,621.469970703125,621.3400268554688,621.8699951171875
P9,7.5,150.5,143,621.5599975585938,621.385009765625,621.989990234375
P9,7.5,151.5,107,621.489990234375,621.3800048828125,622.0150146484375
P9,7.5,152.5,94,621.6400146484375,621.3900146484375,622.0949859619141
P9,7.5,153.5,101,621.9500122070312,621.489990234375,622.6400146484375
P9,7.5,154.5,127,622.6699829101562,622.0149841308594,623.27001953125
P9,7.5,155.5,146,622.3499755859375,621.5549926757812,623.197509765625
P9,7.5,156.5,140,622.3900146484375,621.625,623.2850189208984
P9,7.5,157.5,131,622.47998046875,621.7799987792969,623.2000122070312
P9,7.5,158.5,144,622.385009765625,621.8049926757812,623.1224822998047
P9,7.5,159.5,150,622.5350341796875,621.9000244140625,623.27001953125
P9,7.5,160.5,142,622.4349975585938,621.7624969482422,623.1475219726562
P9,7.5,161.5,143,622.3400268554688,621.7050170898438,623.0600280761719
P9,7.5,162.5,176,622.5150146484375,621.6099853515625,623.3350067138672
P9,7.5,163.5,188,622.625,621.7899780273438,623.6099853515625
P9,7.5,164.5,178,622.6400146484375,621.8125,623.625
P9,7.5,165.5,169,622.739990234375,621.9000244140625,623.5499877929688
P9,7.5,166.5,152,622.824951171875,622.0900268554688,623.6699829101562
P9,7.5,167.5,183,623.010009765625,621.989990234375,623.8999938964844
P9,7.5,168.5,197,622.8699951171875,621.8900146484375,623.9600219726562
P9,7.5,169.5,201,622.6699829101562,621.7000122070312,624.0700073242188
P9,7.5,170.5,181,622.6500244140625,621.7100219726562,623.760009765625
P9,7.5,171.5,158,622.3099975585938,621.7000122070312,623.6100006103516
P9,7.5,172.5,142,622.52001953125,621.719970703125,623.5599975585938
P9,7.5,173.5,148,622.6199951171875,621.780029296875,623.9025115966797
P9,7.5,174.5,189,623.7100219726562,622.0900268554688,625.4500122070312
P9,7.5,175.5,188,625.2249755859375,622.375,625.469970703125
P9,7.5,176.5,225,625.3599853515625,622.6199951171875,625.5
P9,7.5,177.5,236,625.4199829101562,622.7575073242188,625.5
P9,7.5,178.5,231,625.3599853515625,623.2050170898438,625.4500122070312
P9,7.5,179.5,231,625.2999877929688,622.7900085449219,625.3599853515625
P10,2.5,0.5,109,615.6799926757812,615.5800170898438,615.77001953125
P10,2.5,1.5,114,615.3499755859375,615.2100219726562,615.4674835205078
P10,2.5,2.5,122,615.0499877929688,614.8800048828125,615.1275024414062
P10,2.5,3.5,98,614.8300170898438,614.510009765625,614.9400024414062
P10,2.5,4.5,106,614.4299926757812,614.3200073242188,614.6174926757812
P10,2.5,5.5,114,614.135009765625,613.9324951171875,614.280029296875
P10,2.5,6.5,107,613.75,613.5750122070312,613.9550170898438
P10,2.5,7.5,115,613.3699951171875,613.239990234375,613.5549926757812
P10,2.5,8.5,118,612.97998046875,612.8624877929688,613.135009765625
P10,2.5,9.5,105,612.5599975585938,612.469970703125,612.6599731445312
P10,2.5,10.5,105,612.3200073242188,612.239990234375,612.3800048828125
P10,2.5,11.5,102,612.1500244140625,612.0325164794922,612.22998046875
P10,2.5,12.5,106,612.135009765625,612.010009765625,612.27001953125
P10,2.5,13.5,105,612.0700073242188,611.97998046875,612.2100219726562
P10,2.5,14.5,103,612.1599731445312,611.9049987792969,612.219970703125
P10,2.5,15.5,101,612.25,612.010009765625,612.2999877929688
P10,2.5,16.5,98,612.22998046875,612.1224975585938,612.2899780273438
P10,2.5,17.5,109,612.22998046875,612.0599975585938,612.2899780273438
P10,2.5,18.5,105,612.2000122070312,612.1199951171875,612.239990234375
P10,2.5,19.5,105,612.239990234375,612.2000122070312,612.280029296875
P10,2.5,20.5,96,612.2449951171875,612.197509765625,612.29248046875
P10,2.5,21.5,102,612.2999877929688,612.239990234375,612.3574829101562
P10,2.5,22.5,75,612.4000244140625,612.3400268554688,612.4500122070312
P10,2.5,23.5,107,612.3099975585938,612.2249755859375,612.4199829101562
P10,2.5,24.5,104,612.260009765625,612.2100219726562,612.3099975585938
P10,2.5,25.5,102,612.1799926757812,612.1099853515625,612.2100219726562
P10,2.5,26.5,104,612.1300048828125,612.0900268554688,612.1599731445312
P10,2.5,27.5,98,612.1500244140625,612.0999755859375,612.2000122070312
P10,2.5,28.5,95,612.1099853515625,612.0499877929688,612.1699829101562
P10,2.5,29.5,98,612.0,611.875,612.0499877929688
P10,2.5,30.5,97,611.9500122070312,611.8200073242188,612.1300048828125
P10,2.5,31.5,94,611.8499755859375,611.6599731445312,611.9849853515625
P10,2.5,32.5,78,611.8699951171875,611.72998046875,611.9649810791016
P10,2.5,33.5,82,611.77001953125,611.6599731445312,611.8499755859375
P10,2.5,34.5,101,611.739990234375,611.6500244140625,611.8599853515625
P10,2.5,35.5,102,611.6749877929688,611.6099853515625,611.8574829101562
P10,2.5,36.5,104,611.6400146484375,611.5700073242188,611.7424926757812
P10,2.5,37.5,103,611.6400146484375,611.530029296875,611.7149963378906
P10,2.5,38.5,101,611.5599975585938,611.4600219726562,611.6300048828125
P10,2.5,39.5,100,611.4949951171875,611.4000244140625,611.58251953125
P10,2.5,40.5,89,611.530029296875,611.4299926757812,611.5800170898438
P10,2.5,41.5,91,611.52001953125,611.4000244140625,611.5800170898438
P10,2.5,42.5,99,611.530029296875,611.385009765625,611.5900268554688
P10,2.5,43.5,94,611.530029296875,611.4050140380859,611.5999755859375
P10,2.5,44.5,83,611.47998046875,611.3699951171875,611.5700073242188
P10,2.5,45.5,81,611.47998046875,611.4000244140625,611.530029296875
P10,2.5,46.5,68,611.4400024414062,611.3699951171875,611.489990234375
P10,2.5,47.5,62,611.4099731445312,611.3699951171875,611.45751953125
P10,2.5,48.5,56,611.4099731445312,611.3775024414062,611.4400024414062
P10,2.5,49.5,43,611.4099731445312,611.3900146484375,611.4299926757812
P10,2.5,50.5,44,611.4199829101562,611.3800048828125,611.4400024414062
P10,2.5,51.5,28,611.4099731445312,611.3900146484375,611.4224853515625
P10,2.5,52.5,46,611.4299926757812,611.4099731445312,611.5474853515625
P10,2.5,53.5,74,611.6950073242188,611.4749755859375,611.7775268554688
P10,2.5,54.5,62,611.8150024414062,611.75,611.91748046875
P10,2.5,55.5,61,611.9299926757812,611.8900146484375,611.969970703125
P10,2.5,56.5,61,611.969970703125,611.9500122070312,612.0
P10,2.5,57.5,62,611.9649658203125,611.9500122070312,611.9874877929688
P10,2.5,58.5,81,611.9099731445312,611.8800048828125,611.9299926757812
P10,2.5,59.5,100,611.875,611.739990234375,611.9199829101562
P10,2.5,60.5,107,611.8800048828125,611.8150024414062,611.9600219726562
P10,2.5,61.5,91,611.9000244140625,611.8099975585938,611.9400024414062
P10,2.5,62.5,60,611.9199829101562,611.9000244140625,611.9525146484375
P10,2.5,63.5,93,611.969970703125,611.9400024414062,611.989990234375
P10,2.5,64.5,67,612.030029296875,612.0,612.0549926757812
P10,2.5,65.5,80,612.0599975585938,612.030029296875,612.0800170898438
P10,2.5,66.5,72,612.0999755859375,612.0800170898438,612.1300048828125
P10,2.5,67.5,78,612.1300048828125,612.0999755859375,612.1599731445312
P10,2.5,68.5,92,612.1599731445312,612.1300048828125,612.2000122070312
P10,2.5,69.5,103,612.1599731445312,612.1400146484375,612.1900024414062
P10,2.5,70.5,99,612.2100219726562,612.1799926757812,612.239990234375
P10,2.5,71.5,105,612.239990234375,612.2100219726562,612.260009765625
P10,2.5,72.5,100,612.260009765625,612.22998046875,612.2899780273438
P10,2.5,73.5,106,612.2999877929688,612.280029296875,612.3275146484375
P10,2.5,74.5,103,612.3400268554688,612.3200073242188,612.3699951171875
P10,2.5,75.5,100,612.3900146484375,612.3699951171875,612.4099731445312
P10,2.5,76.5,99,612.4099731445312,612.3900146484375,612.4299926757812
P10,2.5,77.5,102,612.4099731445312,612.4000244140625,612.4299926757812
P10,2.5,78.5,103,612.4400024414062,612.4199829101562,612.469970703125
P10,2.5,79.5,106,612.52001953125,612.5,612.5499877929688
P10,2.5,80.5,108,612.530029296875,612.5,612.5499877929688
P10,2.5,81.5,95,612.52001953125,612.489990234375,612.5700073242188
P10,2.5,82.5,105,612.4600219726562,612.4099731445312,612.5
P10,2.5,83.5,111,612.4500122070312,612.4199829101562,612.5150146484375
P10,2.5,84.5,129,612.75,612.6099853515625,612.9000244140625
P10,2.5,85.5,106,613.530029296875,613.4000244140625,613.66748046875
P10,2.5,86.5,87,613.97998046875,613.8400268554688,614.0850219726562
P10,2.5,87.5,80,614.2000122070312,614.114990234375,614.280029296875
P10,2.5,88.5,108,614.2899780273438,614.219970703125,614.3800048828125
P10,2.5,89.5,105,614.4000244140625,614.3400268554688,614.6300048828125
P10,2.5,90.5,99,614.47998046875,614.4099731445312,614.6549987792969
P10,2.5,91.5,102,614.6300048828125,614.52001953125,614.8775024414062
P10,2.5,92.5,111,614.719970703125,614.6500244140625,614.9149780273438
P10,2.5,93.5,103,614.9099731445312,614.8350219726562,615.0700073242188
P10,2.5,94.5,122,615.1400146484375,615.0399780273438,615.27001953125
P10,2.5,95.5,110,615.344970703125,615.219970703125,615.489990234375
P10,2.5,96.5,75,615.510009765625,615.375,615.7599792480469
P10,2.5,97.5,66,615.5050048828125,615.4400024414062,615.58251953125
P10,2.5,98.5,62,615.5,615.4600219726562,615.5599975585938
P10,2.5,99.5,56,615.5899658203125,615.5374908447266,615.7525024414062
P10,2.5,100.5,52,615.780029296875,615.677490234375,615.885009765625
P10,2.5,101.5,82,616.0599975585938,615.969970703125,616.2374877929688
P10,2.5,102.5,114,616.405029296875,616.1099853515625,616.5999755859375
P10,2.5,103.5,104,616.4550170898438,616.2149810791016,616.7100219726562
P10,2.5,104.5,101,616.530029296875,616.3800048828125,616.6599731445312
P10,2.5,105.5,105,616.530029296875,616.489990234375,616.5800170898438
P10,2.5,106.5,85,616.719970703125,616.6500244140625,616.8800048828125
P10,2.5,107.5,32,616.8200073242188,616.7474975585938,616.8925170898438
P10,2.5,108.5,3,617.0,616.9599914550781,617.0050048828125
P10,2.5,109.5,0,,,
P10,2.5,110.5,4,617.25,617.2374877929688,617.2625122070312
P10,2.5,111.5,30,617.2899780273438,617.27001953125,617.3099975585938
P10,2.5,112.5,20,617.1649780273438,617.1375122070312,617.3125
P10,2.5,113.5,37,617.25,617.1699829101562,617.3800048828125
P10,2.5,114.5,31,617.22998046875,617.1549987792969,617.280029296875
P10,2.5,115.5,46,617.3099975585938,617.2050018310547,617.3800048828125
P10,2.5,116.5,63,617.3900146484375,617.364990234375,617.4199829101562
P10,2.5,117.5,67,617.489990234375,617.4600219726562,617.52001953125
P10,2.5,118.5,73,617.5900268554688,617.5599975585938,617.6199951171875
P10,2.5,119.5,104,617.7100219726562,617.6300048828125,617.7825164794922
P10,2.5,120.5,100,617.9400024414062,617.760009765625,618.0
P10,2.5,121.5,108,618.0999755859375,618.02001953125,618.1599731445312
P10,2.5,122.5,105,618.219970703125,618.1599731445312,618.260009765625
P10,2.5,123.5,104,618.2949829101562,618.27001953125,618.3300170898438
P10,2.5,124.5,100,618.4000244140625,618.3599853515625,618.4199829101562
P10,2.5,125.5,107,618.47998046875,618.4400024414062,618.510009765625
P10,2.5,126.5,100,618.5599975585938,618.530029296875,618.5800170898438
P10,2.5,127.5,107,618.6199951171875,618.5999755859375,618.6400146484375
P10,2.5,128.5,103,618.6799926757812,618.6099853515625,618.719970703125
P10,2.5,129.5,104,618.7000122070312,618.66748046875,618.75
P10,2.5,130.5,103,618.77001953125,618.7349853515625,618.7999877929688
P10,2.5,131.5,108,618.9199829101562,618.8875122070312,619.0
P10,2.5,132.5,86,619.1400146484375,619.0499877929688,619.2100219726562
P10,2.5,133.5,34,619.405029296875,619.3099975585938,619.469970703125
P10,2.5,134.5,11,619.739990234375,619.7149963378906,619.8600158691406
P10,2.5,135.5,20,620.760009765625,620.72998046875,620.79248046875
P10,2.5,136.5,82,620.719970703125,620.7000122070312,620.75
P10,2.5,137.5,100,620.719970703125,620.6900024414062,620.7424926757812
P10,2.5,138.5,107,620.72998046875,620.7000122070312,620.75
P10,2.5,139.5,103,620.739990234375,620.7149963378906,620.760009765625
P10,2.5,140.5,105,620.75,620.72998046875,620.780029296875
P10,2.5,141.5,99,620.760009765625,620.7249755859375,620.780029296875
P10,2.5,142.5,104,620.77001953125,620.739990234375,620.7999877929688
P10,2.5,143.5,98,620.7949829101562,620.760009765625,620.8300170898438
P10,2.5,144.5,105,620.8200073242188,620.780029296875,620.8599853515625
P10,2.5,145.5,105,620.8200073242188,620.780029296875,620.8699951171875
P10,2.5,146.5,94,620.8499755859375,620.8200073242188,620.8975219726562
P10,2.5,147.5,19,620.8400268554688,620.8200073242188,620.8599853515625
P10,2.5,148.5,14,620.9149780273438,620.8775024414062,620.969970703125
P10,2.5,149.5,6,621.0050048828125,621.0,621.0175170898438
P10,2.5,150.5,4,620.969970703125,620.9525146484375,620.9924926757812
P10,2.5,151.5,0,,,
P10,2.5,152.5,0,,,
P10,2.5,153.5,0,,,
P10,2.5,154.5,0,,,
P10,2.5,155.5,0,,,
P10,2.5,156.5,0,,,
P10,2.5,157.5,0,,,
P10,2.5,158.5,0,,,
P10,2.5,159.5,0,,,
P10,2.5,160.5,0,,,
P10,2.5,161.5,18,621.2850341796875,621.2449951171875,621.3350219726562
P10,2.5,162.5,78,621.5250244140625,621.4224853515625,621.5900268554688
P10,2.5,163.5,105,621.72998046875,621.6599731445312,621.7899780273438
P10,2.5,164.5,105,621.9099731445312,621.8599853515625,621.9600219726562
P10,2.5,165.5,87,622.1300048828125,622.0650024414062,622.1799926757812
P10,2.5,166.5,87,622.1799926757812,622.1300048828125,622.239990234375
P10,2.5,167.5,116,622.219970703125,622.1500244140625,622.280029296875
P10,2.5,168.5,106,622.1699829101562,622.0625,622.2775268554688
P10,2.5,169.5,102,622.1900024414062,622.1425170898438,622.2675170898438
P10,2.5,170.5,102,622.4349975585938,622.2525024414062,622.5974884033203
P10,2.5,171.5,81,622.6199951171875,622.5700073242188,622.739990234375
P10,2.5,172.5,100,622.7100219726562,622.5999755859375,622.83251953125
P10,2.5,173.5,105,622.6599731445312,622.4600219726562,622.9299926757812
P10,2.5,174.5,114,622.625,622.5225219726562,622.8375244140625
P10,2.5,175.5,105,622.6400146484375,622.5599975585938,622.7899780273438
P10,2.5,176.5,108,622.5900268554688,622.5599975585938,622.6300048828125
P10,2.5,177.5,103,622.6099853515625,622.5800170898438,622.760009765625
P10,2.5,178.5,104,622.6099853515625,622.5675048828125,622.780029296875
P10,2.5,179.5,92,622.6400146484375,622.5175170898438,622.8699951171875
P10,5.0,0.5,213,615.6900024414062,615.5700073242188,615.77001953125
P10,5.0,1.5,224,615.3200073242188,615.1500244140625,615.4724731445312
P10,5.0,2.5,223,615.030029296875,614.8300170898438,615.14501953125
P10,5.0,3.5,211,614.7100219726562,614.4849853515625,614.9049987792969
P10,5.0,4.5,209,614.3900146484375,614.22998046875,614.5800170898438
P10,5.0,5.5,228,614.0999755859375,613.8375244140625,614.25
P10,5.0,6.5,211,613.719970703125,613.510009765625,613.9400024414062
P10,5.0,7.5,242,613.3699951171875,613.1799926757812,613.5999755859375
P10,5.0,8.5,235,613.010009765625,612.7899780273438,613.2349853515625
P10,5.0,9.5,227,612.5900268554688,612.4199829101562,612.7999877929688
P10,5.0,10.5,206,612.3049926757812,612.0900268554688,612.4375
P10,5.0,11.5,204,612.1699829101562,611.989990234375,612.4099731445312
P10,5.0,12.5,206,612.10498046875,611.97998046875,612.3074951171875
P10,5.0,13.5,208,612.1400146484375,611.9500122070312,612.2525024414062
P10,5.0,14.5,210,612.155029296875,611.8200073242188,612.27001953125
P10,5.0,15.5,204,612.239990234375,611.8400268554688,612.3099975585938
P10,5.0,16.5,211,612.219970703125,611.9450073242188,612.3300170898438
P10,5.0,17.5,202,612.22998046875,612.030029296875,612.3200073242188
P10,5.0,18.5,212,612.2050170898438,612.0900268554688,612.2899780273438
P10,5.0,19.5,199,612.239990234375,612.1599731445312,612.3200073242188
P10,5.0,20.5,209,612.239990234375,612.1300048828125,612.3400268554688
P10,5.0,21.5,196,612.27001953125,612.1900024414062,612.3724975585938
P10,5.0,22.5,170,612.3300170898438,612.1900024414062,612.4299926757812
P10,5.0,23.5,173,612.260009765625,612.1300048828125,612.3900146484375
P10,5.0,24.5,165,612.22998046875,612.1199951171875,612.2899780273438
P10,5.0,25.5,195,612.0999755859375,612.0250244140625,612.1900024414062
P10,5.0,26.5,204,612.0399780273438,611.9600219726562,612.1300048828125
P10,5.0,27.5,199,612.02001953125,611.8900146484375,612.14501953125
P10,5.0,28.5,180,612.0549926757812,611.9000244140625,612.1425170898438
P10,5.0,29.5,177,611.9600219726562,611.8300170898438,612.0399780273438
P10,5.0,30.5,150,611.9099731445312,611.8099975585938,612.0075073242188
P10,5.0,31.5,175,611.8499755859375,611.6900024414062,612.030029296875
P10,5.0,32.5,171,611.8900146484375,611.75,612.10498046875
P10,5.0,33.5,157,611.8099975585938,611.739990234375,611.8800048828125
P10,5.0,34.5,177,611.8300170898438,611.7100219726562,611.8900146484375
P10,5.0,35.5,191,611.8099975585938,611.6699829101562,611.875
P10,5.0,36.5,198,611.7650146484375,611.6300048828125,611.8499755859375
P10,5.0,37.5,195,611.72998046875,611.6300048828125,611.8400268554688
P10,5.0,38.5,193,611.6699829101562,611.5599975585938,611.8099975585938
P10,5.0,39.5,177,611.6300048828125,611.4600219726562,611.739990234375
P10,5.0,40.5,170,611.6099853515625,611.52001953125,611.760009765625
P10,5.0,41.5,162,611.5999755859375,611.5025024414062,611.760009765625
P10,5.0,42.5,175,611.5900268554688,611.4749755859375,611.7249755859375
P10,5.0,43.5,170,611.5850219726562,611.4525146484375,611.6599731445312
P10,5.0,44.5,174,611.5399780273438,611.3624877929688,611.6099853515625
P10,5.0,45.5,169,611.489990234375,611.3400268554688,611.5700073242188
P10,5.0,46.5,169,611.4199829101562,611.2899780273438,611.5399780273438
P10,5.0,47.5,143,611.4000244140625,611.27001953125,611.5150146484375
P10,5.0,48.5,125,611.4000244140625,611.2999877929688,611.469970703125
P10,5.0,49.5,78,611.3699951171875,611.2999877929688,611.4099731445312
P10,5.0,50.5,87,611.3499755859375,611.2999877929688,611.4199829101562
P10,5.0,51.5,72,611.3499755859375,611.3200073242188,611.4000244140625
P10,5.0,52.5,80,611.4000244140625,611.3574829101562,611.4400024414062
P10,5.0,53.5,111,611.469970703125,611.4000244140625,611.7349853515625
P10,5.0,54.5,119,611.780029296875,611.4049987792969,611.9500122070312
P10,5.0,55.5,141,611.9199829101562,611.4400024414062,612.0
P10,5.0,56.5,149,611.9600219726562,611.9099731445312,611.989990234375
P10,5.0,57.5,150,611.9600219726562,611.9299926757812,611.989990234375
P10,5.0,58.5,139,611.9299926757812,611.885009765625,611.969970703125
P10,5.0,59.5,171,611.9099731445312,611.7650146484375,611.9600219726562
P10,5.0,60.5,164,611.9450073242188,611.8300170898438,611.989990234375
P10,5.0,61.5,147,611.9500122070312,611.864990234375,612.02001953125
P10,5.0,62.5,83,611.9400024414062,611.9099731445312,612.02001953125
P10,5.0,63.5,164,611.97998046875,611.9199829101562,612.0399780273438
P10,5.0,64.5,134,612.030029296875,611.8800048828125,612.0800170898438
P10,5.0,65.5,154,612.0700073242188,612.0,612.0999755859375
P10,5.0,66.5,128,612.1099853515625,612.0599975585938,612.1599731445312
P10,5.0,67.5,170,612.1300048828125,612.04248046875,612.1799926757812
P10,5.0,68.5,198,612.1699829101562,612.0925140380859,612.219970703125
P10,5.0,69.5,179,612.1699829101562,612.1300048828125,612.2100219726562
P10,5.0,70.5,173,612.2100219726562,612.1699829101562,612.239990234375
P10,5.0,71.5,137,612.25,612.219970703125,612.280029296875
P10,5.0,72.5,147,612.280029296875,612.239990234375,612.3099975585938
P10,5.0,73.5,155,612.2999877929688,612.2899780273438,612.3250122070312
P10,5.0,74.5,168,612.3400268554688,612.3200073242188,612.3599853515625
P10,5.0,75.5,154,612.3800048828125,612.3599853515625,612.4000244140625
P10,5.0,76.5,160,612.4099731445312,612.3900146484375,612.4224853515625
P10,5.0,77.5,205,612.4199829101562,612.4000244140625,612.4299926757812
P10,5.0,78.5,200,612.4400024414062,612.4199829101562,612.469970703125
P10,5.0,79.5,209,612.510009765625,612.47998046875,612.530029296875
P10,5.0,80.5,204,612.530029296875,612.5,612.5599975585938
P10,5.0,81.5,208,612.5549926757812,612.510009765625,612.6400146484375
P10,5.0,82.5,209,612.489990234375,612.4400024414062,612.5399780273438
P10,5.0,83.5,250,612.52001953125,612.4500122070312,612.7274780273438
P10,5.0,84.5,185,612.6599731445312,612.5399780273438,612.8699951171875
P10,5.0,85.5,206,613.4000244140625,613.0999755859375,613.5875244140625
P10,5.0,86.5,184,613.969970703125,613.8074951171875,614.1925048828125
P10,5.0,87.5,197,614.2100219726562,614.0800170898438,614.2999877929688
P10,5.0,88.5,212,614.2899780273438,614.22998046875,614.4000244140625
P10,5.0,89.5,216,614.4299926757812,614.3400268554688,614.6599731445312
P10,5.0,90.5,208,614.5900268554688,614.4500122070312,614.822509765625
P10,5.0,91.5,227,614.8699951171875,614.625,614.9949951171875
P10,5.0,92.5,225,614.9500122070312,614.719970703125,615.0900268554688
P10,5.0,93.5,214,615.0900268554688,614.9224853515625,615.25
P10,5.0,94.5,250,615.27001953125,615.1199951171875,615.3900146484375
P10,5.0,95.5,218,615.469970703125,615.3200073242188,615.5599975585938
P10,5.0,96.5,197,615.6699829101562,615.5,615.9099731445312
P10,5.0,97.5,168,615.760009765625,615.52001953125,615.9924926757812
P10,5.0,98.5,191,615.9199829101562,615.5499877929688,616.1499938964844
P10,5.0,99.5,177,615.7899780273438,615.5999755859375,616.02001953125
P10,5.0,100.5,173,615.7899780273438,615.6900024414062,615.9199829101562
P10,5.0,101.5,203,616.010009765625,615.9099731445312,616.1849975585938
P10,5.0,102.5,220,616.3300170898438,616.1500244140625,616.5999755859375
P10,5.0,103.5,209,616.4299926757812,616.22998046875,616.7000122070312
P10,5.0,104.5,226,616.5599975585938,616.4199829101562,616.6799926757812
P10,5.0,105.5,196,616.530029296875,616.469970703125,616.6749877929688
P10,5.0,106.5,142,616.6500244140625,616.4600219726562,616.780029296875
P10,5.0,107.5,76,616.6599731445312,616.4849853515625,616.7949829101562
P10,5.0,108.5,26,616.5699462890625,616.27001953125,616.89501953125
P10,5.0,109.5,0,,,
P10,5.0,110.5,17,617.219970703125,617.2100219726562,617.239990234375
P10,5.0,111.5,35,617.280029296875,617.260009765625,617.3049926757812
P10,5.0,112.5,31,617.1300048828125,617.0350036621094,617.1799926757812
P10,5.0,113.5,65,617.1500244140625,617.0599975585938,617.2899780273438
P10,5.0,114.5,51,617.1699829101562,617.125,617.280029296875
P10,5.0,115.5,91,617.3499755859375,617.1950073242188,617.3800048828125
P10,5.0,116.5,115,617.3900146484375,617.364990234375,617.4099731445312
P10,5.0,117.5,117,617.469970703125,617.4500122070312,617.5
P10,5.0,118.5,131,617.5900268554688,617.5499877929688,617.6400146484375
P10,5.0,119.5,152,617.739990234375,617.6599731445312,617.8099975585938
P10,5.0,120.5,183,617.9400024414062,617.780029296875,617.989990234375
P10,5.0,121.5,201,618.0599975585938,617.9600219726562,618.1199951171875
P10,5.0,122.5,212,618.1849975585938,618.1300048828125,618.239990234375
P10,5.0,123.5,195,618.2999877929688,618.27001953125,618.3300170898438
P10,5.0,124.5,216,618.4000244140625,618.3499755859375,618.4400024414062
P10,5.0,125.5,199,618.469970703125,618.4400024414062,618.510009765625
P10,5.0,126.5,207,618.5399780273438,618.510009765625,618.5700073242188
P10,5.0,127.5,201,618.6099853515625,618.5700073242188,618.6500244140625
P10,5.0,128.5,209,618.6699829101562,618.5900268554688,618.719970703125
P10,5.0,129.5,206,618.6950073242188,618.6400146484375,618.7899780273438
P10,5.0,130.5,215,618.7999877929688,618.75,618.864990234375
P10,5.0,131.5,220,618.9500122070312,618.8900146484375,619.02001953125
P10,5.0,132.5,177,619.0999755859375,619.0399780273438,619.219970703125
P10,5.0,133.5,96,619.2949829101562,619.1599731445312,619.4324951171875
P10,5.0,134.5,49,619.52001953125,619.4400024414062,619.760009765625
P10,5.0,135.5,35,620.760009765625,620.72998046875,620.7999877929688
P10,5.0,136.5,124,620.739990234375,620.7100219726562,620.780029296875
P10,5.0,137.5,184,620.7449951171875,620.7000122070312,620.780029296875
P10,5.0,138.5,204,620.72998046875,620.677490234375,620.77001953125
P10,5.0,139.5,211,620.75,620.6900024414062,620.7850036621094
P10,5.0,140.5,198,620.77001953125,620.72998046875,620.8200073242188
P10,5.0,141.5,213,620.760009765625,620.7000122070312,620.8099975585938
P10,5.0,142.5,211,620.77001953125,620.7100219726562,620.8200073242188
P10,5.0,143.5,206,620.7999877929688,620.72998046875,620.8599853515625
P10,5.0,144.5,209,620.8099975585938,620.75,620.8900146484375
P10,5.0,145.5,189,620.8400268554688,620.780029296875,620.9199829101562
P10,5.0,146.5,152,620.8900146484375,620.8300170898438,620.9600219726562
P10,5.0,147.5,90,620.9249877929688,620.822509765625,621.0
P10,5.0,148.5,65,620.8800048828125,620.8599853515625,620.969970703125
P10,5.0,149.5,32,620.9249877929688,620.9000244140625,620.9824829101562
P10,5.0,150.5,29,620.969970703125,620.9500122070312,620.989990234375
P10,5.0,151.5,20,620.9649658203125,620.9500122070312,620.9849853515625
P10,5.0,152.5,7,620.989990234375,620.9649963378906,621.0050048828125
P10,5.0,153.5,1,,,
P10,5.0,154.5,9,621.0399780273438,621.010009765625,621.0499877929688
P10,5.0,155.5,23,621.0800170898438,621.0700073242188,621.1199951171875
P10,5.0,156.5,7,621.1699829101562,621.1549987792969,621.2049865722656
P10,5.0,157.5,1,,,
P10,5.0,158.5,0,,,
P10,5.0,159.5,0,,,
P10,5.0,160.5,26,621.14501953125,621.1199951171875,621.177490234375
P10,5.0,161.5,75,621.3599853515625,621.260009765625,621.5
P10,5.0,162.5,127,621.510009765625,621.4500122070312,621.5599975585938
P10,5.0,163.5,186,621.7000122070312,621.6400146484375,621.760009765625
P10,5.0,164.5,198,621.9299926757812,621.8524780273438,622.0
P10,5.0,165.5,200,622.1099853515625,622.0499877929688,622.1699829101562
P10,5.0,166.5,189,622.1400146484375,622.030029296875,622.239990234375
P10,5.0,167.5,221,622.1300048828125,621.969970703125,622.25
P10,5.0,168.5,205,622.1300048828125,622.010009765625,622.2100219726562
P10,5.0,169.5,204,622.1699829101562,622.0999755859375,622.25
P10,5.0,170.5,202,622.219970703125,622.1224975585938,622.4400024414062
P10,5.0,171.5,202,622.4349975585938,622.219970703125,622.6199951171875
P10,5.0,172.5,211,622.5499877929688,622.2550048828125,622.75
P10,5.0,173.5,233,622.4400024414062,622.3300170898438,622.77001953125
P10,5.0,174.5,214,622.5,622.3699951171875,622.6699829101562
P10,5.0,175.5,215,622.5499877929688,622.4199829101562,622.6599731445312
P10,5.0,176.5,200,622.5599975585938,622.530029296875,622.5999755859375
P10,5.0,177.5,209,622.5900268554688,622.510009765625,622.6500244140625
P10,5.0,178.5,206,622.5900268554688,622.47998046875,622.75
P10,5.0,179.5,204,622.5650024414062,622.3900146484375,622.7999877929688
P10,7.5,0.5,322,615.6199951171875,615.510009765625,615.72998046875
P10,7.5,1.5,329,615.2899780273438,615.1500244140625,615.4199829101562
P10,7.5,2.5,332,614.9400024414062,614.7999877929688,615.1099853515625
P10,7.5,3.5,306,614.6099853515625,614.4724731445312,614.8375244140625
P10,7.5,4.5,319,614.3200073242188,614.219970703125,614.469970703125
P10,7.5,5.5,320,614.0499877929688,613.8599853515625,614.2100219726562
P10,7.5,6.5,327,613.719970703125,613.5399780273438,613.8900146484375
P10,7.5,7.5,338,613.364990234375,613.1900024414062,613.5700073242188
P10,7.5,8.5,343,612.989990234375,612.8250122070312,613.219970703125
P10,7.5,9.5,326,612.594970703125,612.4124755859375,612.8099975585938
P10,7.5,10.5,328,612.2850341796875,612.0499877929688,612.5125122070312
P10,7.5,11.5,309,612.1500244140625,611.8900146484375,612.4500122070312
P10,7.5,12.5,309,612.0999755859375,611.8499755859375,612.3800048828125
P10,7.5,13.5,314,612.1199951171875,611.8300170898438,612.3275146484375
P10,7.5,14.5,311,612.1599731445312,611.7899780273438,612.3200073242188
P10,7.5,15.5,313,612.239990234375,611.77001953125,612.3599853515625
P10,7.5,16.5,305,612.2100219726562,611.7899780273438,612.3800048828125
P10,7.5,17.5,315,612.1799926757812,611.7899780273438,612.3200073242188
P10,7.5,18.5,306,612.1699829101562,612.010009765625,612.2775268554688
P10,7.5,19.5,312,612.1799926757812,612.010009765625,612.27001953125
P10,7.5,20.5,301,612.1599731445312,612.0,612.2899780273438
P10,7.5,21.5,299,612.1900024414062,612.0,612.3099975585938
P10,7.5,22.5,259,612.1900024414062,611.989990234375,612.3800048828125
P10,7.5,23.5,278,612.1099853515625,611.9724731445312,612.2999877929688
P10,7.5,24.5,266,612.0999755859375,611.969970703125,612.25
P10,7.5,25.5,304,612.0599975585938,611.9500122070312,612.1500244140625
P10,7.5,26.5,309,612.02001953125,611.9099731445312,612.1099853515625
P10,7.5,27.5,296,612.010009765625,611.8699951171875,612.1099853515625
P10,7.5,28.5,290,612.010009765625,611.8300170898438,612.0974884033203
P10,7.5,29.5,276,611.969970703125,611.8474884033203,612.0399780273438
P10,7.5,30.5,250,611.969970703125,611.8724975585938,612.0499877929688
P10,7.5,31.5,240,611.9299926757812,611.7474975585938,612.0499877929688
P10,7.5,32.5,230,611.9400024414062,611.7999877929688,612.0800170898438
P10,7.5,33.5,209,611.8499755859375,611.760009765625,611.9600219726562
P10,7.5,34.5,247,611.8599853515625,611.760009765625,611.9600219726562
P10,7.5,35.5,256,611.8300170898438,611.7274780273438,611.9099731445312
P10,7.5,36.5,259,611.7899780273438,611.6799926757812,611.8699951171875
P10,7.5,37.5,254,611.7899780273438,611.6699829101562,611.9000244140625
P10,7.5,38.5,264,611.75,611.5999755859375,611.8699951171875
P10,7.5,39.5,274,611.7100219726562,611.5700073242188,611.8275146484375
P10,7.5,40.5,265,611.75,611.5800170898438,611.8599853515625
P10,7.5,41.5,224,611.6799926757812,611.5399780273438,611.7999877929688
P10,7.5,42.5,229,611.6300048828125,611.52001953125,611.739990234375
P10,7.5,43.5,232,611.6300048828125,611.510009765625,611.79248046875
P10,7.5,44.5,246,611.5999755859375,611.4199829101562,611.75
P10,7.5,45.5,274,611.5599975585938,611.4500122070312,611.7474975585938
P10,7.5,46.5,258,611.5,611.3524780273438,611.7474975585938
P10,7.5,47.5,250,611.4500122070312,611.3499755859375,611.9874877929688
P10,7.5,48.5,220,611.4400024414062,611.3200073242188,611.9525146484375
P10,7.5,49.5,177,611.4000244140625,611.260009765625,612.0900268554688
P10,7.5,50.5,143,611.3099975585938,611.1900024414062,611.3900146484375
P10,7.5,51.5,120,611.3099975585938,611.177490234375,611.3699951171875
P10,7.5,52.5,132,611.3400268554688,611.1799926757812,611.4099731445312
P10,7.5,53.5,156,611.4099731445312,611.2274780273438,611.6824951171875
P10,7.5,54.5,167,611.4500122070312,611.2750244140625,611.875
P10,7.5,55.5,187,611.8800048828125,611.3300170898438,611.97998046875
P10,7.5,56.5,238,611.9600219726562,611.4000244140625,612.010009765625
P10,7.5,57.5,228,611.9600219726562,611.427490234375,612.0
P10,7.5,58.5,237,611.9199829101562,611.47998046875,612.010009765625
P10,7.5,59.5,240,611.9000244140625,611.5900268554688,611.969970703125
P10,7.5,60.5,249,611.9299926757812,611.6199951171875,612.010009765625
P10,7.5,61.5,224,611.969970703125,611.8275146484375,612.0625
P10,7.5,62.5,166,611.97998046875,611.9000244140625,612.1300048828125
P10,7.5,63.5,229,612.0,611.9199829101562,612.1199951171875
P10,7.5,64.5,194,612.0599975585938,611.9299926757812,612.1500244140625
P10,7.5,65.5,187,612.0800170898438,612.010009765625,612.1300048828125
P10,7.5,66.5,181,612.1500244140625,612.0800170898438,612.22998046875
P10,7.5,67.5,230,612.155029296875,612.08251953125,612.25
P10,7.5,68.5,253,612.2000122070312,612.1099853515625,612.260009765625
P10,7.5,69.5,247,612.1900024414062,612.1300048828125,612.280029296875
P10,7.5,70.5,212,612.2100219726562,612.1500244140625,612.25
P10,7.5,71.5,164,612.239990234375,612.2000122070312,612.280029296875
P10,7.5,72.5,164,612.280029296875,612.239990234375,612.3099975585938
P10,7.5,73.5,229,612.3099975585938,612.280029296875,612.3300170898438
P10,7.5,74.5,240,612.3400268554688,612.3099975585938,612.3699951171875
P10,7.5,75.5,212,612.3800048828125,612.3599853515625,612.4099731445312
P10,7.5,76.5,175,612.4099731445312,612.3900146484375,612.4299926757812
P10,7.5,77.5,268,612.4199829101562,612.4099731445312,612.4400024414062
P10,7.5,78.5,295,612.4500122070312,612.4199829101562,612.4749755859375
P10,7.5,79.5,312,612.510009765625,612.47998046875,612.5399780273438
P10,7.5,80.5,315,612.5399780273438,612.510009765625,612.5999755859375
P10,7.5,81.5,304,612.5599975585938,612.510009765625,612.719970703125
P10,7.5,82.5,340,612.5399780273438,612.469970703125,612.6599731445312
P10,7.5,83.5,376,612.6699829101562,612.47998046875,613.072509765625
P10,7.5,84.5,262,612.6950073242188,612.5599975585938,612.9199829101562
P10,7.5,85.5,277,613.22998046875,612.9400024414062,613.530029296875
P10,7.5,86.5,265,613.8599853515625,613.6300048828125,614.0999755859375
P10,7.5,87.5,306,614.2100219726562,614.052490234375,614.3099975585938
P10,7.5,88.5,305,614.3900146484375,614.25,614.5800170898438
P10,7.5,89.5,311,614.5800170898438,614.3699951171875,614.7899780273438
P10,7.5,90.5,325,614.77001953125,614.5,614.9299926757812
P10,7.5,91.5,326,614.9000244140625,614.6525115966797,615.0599975585938
P10,7.5,92.5,340,614.9649658203125,614.7675170898438,615.1699829101562
P10,7.5,93.5,364,615.1199951171875,614.927490234375,615.3499755859375
P10,7.5,94.5,371,615.3400268554688,615.1799926757812,615.5150146484375
P10,7.5,95.5,317,615.530029296875,615.3800048828125,615.77001953125
P10,7.5,96.5,260,615.77001953125,615.52001953125,616.030029296875
P10,7.5,97.5,253,615.7899780273438,615.5700073242188,616.010009765625
P10,7.5,98.5,292,615.9600219726562,615.6300048828125,616.1925048828125
P10,7.5,99.5,311,615.7999877929688,615.5950012207031,616.1199951171875
P10,7.5,100.5,288,615.8499755859375,615.739990234375,616.030029296875
P10,7.5,101.5,318,616.094970703125,615.9400024414062,616.2474975585938
P10,7.5,102.5,317,616.3800048828125,616.1799926757812,616.6099853515625
P10,7.5,103.5,317,616.489990234375,616.260009765625,616.72998046875
P10,7.5,104.5,287,616.6099853515625,616.4500122070312,616.7550048828125
P10,7.5,105.5,233,616.530029296875,616.469970703125,616.6900024414062
P10,7.5,106.5,191,616.6099853515625,616.3599853515625,616.7650146484375
P10,7.5,107.5,112,616.6199951171875,616.4199829101562,616.7899780273438
P10,7.5,108.5,88,616.2249755859375,616.1300048828125,616.4724731445312
P10,7.5,109.5,70,616.6699829101562,616.47998046875,616.9199829101562
P10,7.5,110.5,35,617.1900024414062,616.9199829101562,617.22998046875
P10,7.5,111.5,35,617.280029296875,617.260009765625,617.3049926757812
P10,7.5,112.5,31,617.1300048828125,617.0350036621094,617.1799926757812
P10,7.5,113.5,65,617.1500244140625,617.0599975585938,617.2899780273438
P10,7.5,114.5,51,617.1699829101562,617.125,617.280029296875
P10,7.5,115.5,123,617.3499755859375,617.280029296875,617.3800048828125
P10,7.5,116.5,166,617.3800048828125,617.3499755859375,617.4000244140625
P10,7.5,117.5,165,617.469970703125,617.4400024414062,617.5
P10,7.5,118.5,182,617.5900268554688,617.5499877929688,617.6400146484375
P10,7.5,119.5,206,617.760009765625,617.6900024414062,617.8200073242188
P10,7.5,120.5,241,617.9500122070312,617.8499755859375,618.0
P10,7.5,121.5,273,618.0800170898438,617.97998046875,618.1500244140625
P10,7.5,122.5,310,618.1799926757812,618.1099853515625,618.239990234375
P10,7.5,123.5,282,618.2899780273438,618.25,618.3300170898438
P10,7.5,124.5,311,618.3900146484375,618.3499755859375,618.4450073242188
P10,7.5,125.5,311,618.469970703125,618.4199829101562,618.510009765625
P10,7.5,126.5,305,618.5399780273438,618.47998046875,618.5900268554688
P10,7.5,127.5,312,618.6099853515625,618.52001953125,618.6699829101562
P10,7.5,128.5,307,618.6699829101562,618.5700073242188,618.72998046875
P10,7.5,129.5,314,618.72998046875,618.6425170898438,618.8200073242188
P10,7.5,130.5,312,618.8099975585938,618.739990234375,618.8900146484375
P10,7.5,131.5,322,618.9500122070312,618.8800048828125,619.02001953125
P10,7.5,132.5,290,619.0599975585938,619.0,619.1799926757812
P10,7.5,133.5,196,619.1599731445312,619.1099853515625,619.2999877929688
P10,7.5,134.5,160,619.2999877929688,619.1475219726562,619.4724731445312
P10,7.5,135.5,127,619.6599731445312,619.1699829101562,620.6849975585938
P10,7.5,136.5,231,620.719970703125,620.0899963378906,620.780029296875
P10,7.5,137.5,300,620.75,620.6699829101562,620.7999877929688
P10,7.5,138.5,325,620.72998046875,620.6300048828125,620.8099975585938
P10,7.5,139.5,324,620.75,620.6500244140625,620.8300170898438
P10,7.5,140.5,320,620.7899780273438,620.719970703125,620.9000244140625
P10,7.5,141.5,323,620.780029296875,620.7000122070312,620.8699951171875
P10,7.5,142.5,317,620.7999877929688,620.72998046875,620.9000244140625
P10,7.5,143.5,282,620.8099975585938,620.72998046875,620.9000244140625
P10,7.5,144.5,285,620.8400268554688,620.75,620.9299926757812
P10,7.5,145.5,257,620.8800048828125,620.7899780273438,620.97998046875
P10,7.5,146.5,206,620.9400024414062,620.8400268554688,621.0175170898438
P10,7.5,147.5,146,621.010009765625,620.8499755859375,621.0700073242188
P10,7.5,148.5,106,620.989990234375,620.8699951171875,621.0800170898438
P10,7.5,149.5,43,620.9500122070312,620.9149780273438,621.0750122070312
P10,7.5,150.5,32,620.969970703125,620.9500122070312,620.989990234375
P10,7.5,151.5,20,620.9649658203125,620.9500122070312,620.9849853515625
P10,7.5,152.5,7,620.989990234375,620.9649963378906,621.0050048828125
P10,7.5,153.5,1,,,
P10,7.5,154.5,9,621.0399780273438,621.010009765625,621.0499877929688
P10,7.5,155.5,25,621.0900268554688,621.0700073242188,621.1199951171875
P10,7.5,156.5,11,621.1900024414062,621.1649780273438,621.2449951171875
P10,7.5,157.5,19,621.2999877929688,621.280029296875,621.3200073242188
P10,7.5,158.5,1,,,
P10,7.5,159.5,22,621.280029296875,621.2525024414062,621.4400177001953
P10,7.5,160.5,76,621.3150024414062,621.1574859619141,621.489990234375
P10,7.5,161.5,119,621.5,621.3049926757812,621.6500244140625
P10,7.5,162.5,183,621.5399780273438,621.47998046875,621.6199951171875
P10,7.5,163.5,240,621.7000122070312,621.6500244140625,621.760009765625
P10,7.5,164.5,274,621.9000244140625,621.8125,621.989990234375
P10,7.5,165.5,295,622.0700073242188,621.9749755859375,622.1500244140625
P10,7.5,166.5,295,622.02001953125,621.9000244140625,622.1799926757812
P10,7.5,167.5,333,621.989990234375,621.9000244140625,622.2000122070312
P10,7.5,168.5,314,622.030029296875,621.9299926757812,622.16748046875
P10,7.5,169.5,318,622.1199951171875,622.0,622.2100219726562
P10,7.5,170.5,321,622.1599731445312,622.0499877929688,622.3200073242188
P10,7.5,171.5,295,622.22998046875,622.0999755859375,622.5700073242188
P10,7.5,172.5,319,622.280029296875,622.1699829101562,622.6300048828125
P10,7.5,173.5,330,622.3699951171875,622.219970703125,622.5775146484375
P10,7.5,174.5,323,622.4000244140625,622.25,622.5800170898438
P10,7.5,175.5,313,622.4400024414062,622.2999877929688,622.5900268554688
P10,7.5,176.5,313,622.5499877929688,622.3900146484375,622.5900268554688
P10,7.5,177.5,311,622.5399780273438,622.4199829101562,622.6099853515625
P10,7.5,178.5,309,622.5399780273438,622.3800048828125,622.6300048828125
P10,7.5,179.5,307,622.5399780273438,622.3200073242188,622.7000122070312
P11,2.5,0.5,81,614.5399780273438,614.4099731445312,614.5900268554688
P11,2.5,1.5,106,614.4000244140625,614.2725219726562,614.47998046875
P11,2.5,2.5,115,614.3200073242188,614.1699829101562,614.4600219726562
P11,2.5,3.5,115,614.2999877929688,614.1549987792969,614.4249877929688
P11,2.5,4.5,113,614.1799926757812,614.0399780273438,614.27001953125
P11,2.5,5.5,109,614.010009765625,613.9400024414062,614.0999755859375
P11,2.5,6.5,108,613.7550048828125,613.6400146484375,613.8425140380859
P11,2.5,7.5,102,613.405029296875,613.3300170898438,613.5075073242188
P11,2.5,8.5,102,613.1500244140625,613.0800170898438,613.2174835205078
P11,2.5,9.5,114,612.8200073242188,612.7025146484375,612.9099731445312
P11,2.5,10.5,104,612.4099731445312,612.280029296875,612.510009765625
P11,2.5,11.5,102,612.0650024414062,612.0,612.1475219726562
P11,2.5,12.5,100,611.6300048828125,611.4974975585938,611.7525024414062
P11,2.5,13.5,112,611.4249877929688,611.3300170898438,611.5800170898438
P11,2.5,14.5,84,611.3150024414062,611.2775268554688,611.4025115966797
P11,2.5,15.5,90,611.364990234375,611.2899780273438,611.4649810791016
P11,2.5,16.5,92,611.4199829101562,611.3800048828125,611.4724731445312
P11,2.5,17.5,107,611.3400268554688,611.2899780273438,611.39501953125
P11,2.5,18.5,108,611.3200073242188,611.260009765625,611.4000244140625
P11,2.5,19.5,99,611.3099975585938,611.27001953125,611.3400268554688
P11,2.5,20.5,105,611.260009765625,611.219970703125,611.2999877929688
P11,2.5,21.5,102,611.239990234375,611.1900024414062,611.3099975585938
P11,2.5,22.5,106,611.260009765625,611.2100219726562,611.2999877929688
P11,2.5,23.5,101,611.2000122070312,611.1699829101562,611.239990234375
P11,2.5,24.5,107,611.1799926757812,611.1400146484375,611.239990234375
P11,2.5,25.5,103,611.22998046875,611.1699829101562,611.27001953125
P11,2.5,26.5,100,611.22998046875,611.16748046875,611.2825164794922
P11,2.5,27.5,106,611.1799926757812,611.1525115966797,611.2174835205078
P11,2.5,28.5,104,611.1799926757812,611.1400146484375,611.3125
P11,2.5,29.5,99,611.1599731445312,611.1199951171875,611.22998046875
P11,2.5,30.5,106,611.2000122070312,611.1425170898438,611.2775268554688
P11,2.5,31.5,109,611.1300048828125,611.0900268554688,611.1699829101562
P11,2.5,32.5,97,611.1699829101562,611.1199951171875,611.2100219726562
P11,2.5,33.5,103,611.1799926757812,611.1400146484375,611.2100219726562
P11,2.5,34.5,105,611.1699829101562,611.1300048828125,611.219970703125
P11,2.5,35.5,103,611.1900024414062,611.135009765625,611.239990234375
P11,2.5,36.5,99,611.0700073242188,611.010009765625,611.114990234375
P11,2.5,37.5,104,611.1799926757812,611.1375122070312,611.219970703125
P11,2.5,38.5,107,611.1500244140625,611.1099853515625,611.2100219726562
P11,2.5,39.5,101,611.0399780273438,610.97998046875,611.0800170898438
P11,2.5,40.5,107,610.97998046875,610.9500122070312,611.02001953125
P11,2.5,41.5,100,610.9299926757812,610.9074859619141,611.02001953125
P11,2.5,42.5,101,610.8900146484375,610.8400268554688,610.9600219726562
P11,2.5,43.5,106,610.8900146484375,610.8599853515625,610.91748046875
P11,2.5,44.5,105,610.8699951171875,610.8300170898438,610.9000244140625
P11,2.5,45.5,102,610.8599853515625,610.7999877929688,610.8900146484375
P11,2.5,46.5,107,610.8599853515625,610.8200073242188,610.8900146484375
P11,2.5,47.5,98,610.7999877929688,610.780029296875,610.8300170898438
P11,2.5,48.5,107,610.7899780273438,610.7449951171875,610.8350219726562
P11,2.5,49.5,103,610.780029296875,610.75,610.8099975585938
P11,2.5,50.5,91,610.719970703125,610.6900024414062,610.8249816894531
P11,2.5,51.5,48,610.8200073242188,610.7575073242188,610.9149780273438
P11,2.5,52.5,49,610.6400146484375,610.52001953125,610.75
P11,2.5,53.5,81,610.4299926757812,610.3699951171875,610.530029296875
P11,2.5,54.5,110,610.3599853515625,610.25,610.4600219726562
P11,2.5,55.5,113,610.2000122070312,610.1599731445312,610.22998046875
P11,2.5,56.5,106,610.1599731445312,610.1124877929688,610.2274780273438
P11,2.5,57.5,103,610.0999755859375,610.0499877929688,610.22998046875
P11,2.5,58.5,118,610.1950073242188,610.0700073242188,610.2999877929688
P11,2.5,59.5,98,610.239990234375,610.1699829101562,610.3200073242188
P11,2.5,60.5,83,610.3800048828125,610.2899780273438,610.4749755859375
P11,2.5,61.5,6,610.4400024414062,610.4124755859375,610.4600219726562
P11,2.5,62.5,0,,,
P11,2.5,63.5,0,,,
P11,2.5,64.5,0,,,
P11,2.5,65.5,13,610.739990234375,610.6500244140625,610.77001953125
P11,2.5,66.5,74,610.5700073242188,610.469970703125,610.6799926757812
P11,2.5,67.5,14,610.5800170898438,610.5399780273438,610.6400146484375
P11,2.5,68.5,2,,,
P11,2.5,69.5,15,610.739990234375,610.6799926757812,610.8550109863281
P11,2.5,70.5,76,610.844970703125,610.75,610.9000244140625
P11,2.5,71.5,143,611.3099975585938,611.1599731445312,611.4500122070312
P11,2.5,72.5,90,611.6400146484375,611.58251953125,611.75
P11,2.5,73.5,114,612.0,611.9124755859375,612.0900268554688
P11,2.5,74.5,107,612.3400268554688,612.260009765625,612.4500122070312
P11,2.5,75.5,99,612.6400146484375,612.5850219726562,612.719970703125
P11,2.5,76.5,103,612.9099731445312,612.8049926757812,613.0350036621094
P11,2.5,77.5,109,613.280029296875,613.1400146484375,613.3800048828125
P11,2.5,78.5,104,613.5850219726562,613.5,613.6799926757812
P11,2.5,79.5,108,613.7999877929688,613.66748046875,613.8925170898438
P11,2.5,80.5,119,613.989990234375,613.6849975585938,614.0999755859375
P11,2.5,81.5,137,614.2100219726562,613.7999877929688,614.489990234375
P11,2.5,82.5,133,614.3499755859375,613.780029296875,614.8400268554688
P11,2.5,83.5,124,614.5350341796875,613.8125,614.9500122070312
P11,2.5,84.5,146,614.9000244140625,613.8825073242188,615.4400024414062
P11,2.5,85.5,125,614.9000244140625,613.9000244140625,615.5999755859375
P11,2.5,86.5,158,614.6699829101562,613.8624877929688,615.4900054931641
P11,2.5,87.5,156,614.6650390625,613.9674835205078,615.6200256347656
P11,2.5,88.5,143,615.0399780273438,614.2949829101562,615.885009765625
P11,2.5,89.5,136,614.8250122070312,614.3400268554688,615.6724853515625
P11,2.5,90.5,122,615.0999755859375,614.5325164794922,615.8000030517578
P11,2.5,91.5,106,614.739990234375,614.572509765625,615.6275024414062
P11,2.5,92.5,119,615.0800170898438,614.7750244140625,615.6749877929688
P11,2.5,93.5,124,615.1650390625,614.8900146484375,615.6999969482422
P11,2.5,94.5,116,615.375,615.010009765625,615.9625091552734
P11,2.5,95.5,131,615.510009765625,615.0999755859375,616.0650024414062
P11,2.5,96.5,127,615.5900268554688,615.1500244140625,616.2349853515625
P11,2.5,97.5,130,615.5849609375,615.2525024414062,616.1400146484375
P11,2.5,98.5,120,615.5,615.3574829101562,616.0925140380859
P11,2.5,99.5,114,615.5449829101562,615.4824829101562,615.927490234375
P11,2.5,100.5,93,615.6400146484375,615.5800170898438,615.739990234375
P11,2.5,101.5,85,615.7999877929688,615.75,615.8499755859375
P11,2.5,102.5,73,615.9500122070312,615.9099731445312,615.989990234375
P11,2.5,103.5,81,616.0999755859375,616.0599975585938,616.1500244140625
P11,2.5,104.5,71,616.219970703125,616.1900024414062,616.2550048828125
P11,2.5,105.5,58,616.3250122070312,616.2999877929688,616.3599853515625
P11,2.5,106.5,54,616.4349975585938,616.4025115966797,616.4674835205078
P11,2.5,107.5,49,616.5499877929688,616.52001953125,616.5900268554688
P11,2.5,108.5,20,616.6600341796875,616.5974884033203,616.7000122070312
P11,2.5,109.5,0,,,
P11,2.5,110.5,0,,,
P11,2.5,111.5,10,616.780029296875,616.7550048828125,616.8175048828125
P11,2.5,112.5,74,616.9400024414062,616.8900146484375,616.9974975585938
P11,2.5,113.5,90,617.0800170898438,617.030029296875,617.1300048828125
P11,2.5,114.5,97,617.2899780273438,617.22998046875,617.4000244140625
P11,2.5,115.5,60,617.3699951171875,617.3400268554688,617.4349975585938
P11,2.5,116.5,52,617.4400024414062,617.3800048828125,617.5250091552734
P11,2.5,117.5,62,617.5900268554688,617.5,617.6799926757812
P11,2.5,118.5,108,617.6599731445312,617.5999755859375,617.77001953125
P11,2.5,119.5,97,617.6799926757812,617.6599731445312,617.7000122070312
P11,2.5,120.5,106,617.739990234375,617.7000122070312,617.8200073242188
P11,2.5,121.5,102,617.8049926757812,617.75,617.9450073242188
P11,2.5,122.5,102,617.9450073242188,617.8900146484375,618.030029296875
P11,2.5,123.5,109,618.1599731445312,618.0800170898438,618.219970703125
P11,2.5,124.5,103,618.27001953125,618.22998046875,618.3400268554688
P11,2.5,125.5,98,618.3300170898438,618.2899780273438,618.3800048828125
P11,2.5,126.5,104,618.3800048828125,618.3499755859375,618.4099731445312
P11,2.5,127.5,107,618.3900146484375,618.3699951171875,618.4349975585938
P11,2.5,128.5,98,618.4500122070312,618.4299926757812,618.47998046875
P11,2.5,129.5,104,618.5150146484375,618.469970703125,618.5599975585938
P11,2.5,130.5,105,618.5999755859375,618.5599975585938,618.6300048828125
P11,2.5,131.5,101,618.6900024414062,618.6599731445312,618.72998046875
P11,2.5,132.5,102,618.760009765625,618.739990234375,618.780029296875
P11,2.5,133.5,105,618.8300170898438,618.8099975585938,618.8599853515625
P11,2.5,134.5,101,618.9299926757812,618.9000244140625,618.969970703125
P11,2.5,135.5,106,619.0399780273438,619.010009765625,619.0800170898438
P11,2.5,136.5,100,619.1699829101562,619.1199951171875,619.2100219726562
P11,2.5,137.5,104,619.2899780273438,619.260009765625,619.3200073242188
P11,2.5,138.5,49,619.4299926757812,619.4000244140625,619.47998046875
P11,2.5,139.5,15,619.5499877929688,619.5250244140625,619.6050109863281
P11,2.5,140.5,16,619.6799926757812,619.5875244140625,619.6900024414062
P11,2.5,141.5,2,,,
P11,2.5,142.5,0,,,
P11,2.5,143.5,0,,,
P11,2.5,144.5,3,619.510009765625,619.510009765625,619.52001953125
P11,2.5,145.5,55,619.5,619.4749755859375,619.5499877929688
P11,2.5,146.5,62,619.489990234375,619.4600219726562,619.5574951171875
P11,2.5,147.5,43,619.489990234375,619.4649963378906,619.5599975585938
P11,2.5,148.5,46,619.5,619.47998046875,619.6499938964844
P11,2.5,149.5,25,619.510009765625,619.489990234375,619.6199951171875
P11,2.5,150.5,14,619.60498046875,619.552490234375,619.6549835205078
P11,2.5,151.5,3,619.6699829101562,619.6699829101562,619.6699829101562
P11,2.5,152.5,4,619.9599609375,619.947509765625,619.9924774169922
P11,2.5,153.5,71,620.1099853515625,620.0700073242188,620.1500244140625
P11,2.5,154.5,109,620.1400146484375,620.1199951171875,620.1599731445312
P11,2.5,155.5,62,620.25,620.1900024414062,620.3300170898438
P11,2.5,156.5,41,620.3499755859375,620.3200073242188,620.4299926757812
P11,2.5,157.5,17,620.4500122070312,620.4099731445312,620.47998046875
P11,2.5,158.5,0,,,
P11,2.5,159.5,1,,,
P11,2.5,160.5,2,,,
P11,2.5,161.5,2,,,
P11,2.5,162.5,22,621.2049560546875,621.1550140380859,621.2575073242188
P11,2.5,163.5,42,621.135009765625,621.052490234375,621.3275146484375
P11,2.5,164.5,25,621.2999877929688,621.25,621.3400268554688
P11,2.5,165.5,30,621.1699829101562,621.0800170898438,621.2550048828125
P11,2.5,166.5,3,621.3699951171875,621.3699951171875,621.3899841308594
P11,2.5,167.5,0,,,
P11,2.5,168.5,0,,,
P11,2.5,169.5,0,,,
P11,2.5,170.5,0,,,
P11,2.5,171.5,0,,,
P11,2.5,172.5,0,,,
P11,2.5,173.5,11,621.3499755859375,621.2950134277344,621.4399719238281
P11,2.5,174.5,18,621.3250122070312,621.2449951171875,621.3900146484375
P11,2.5,175.5,29,621.260009765625,621.219970703125,621.3300170898438
P11,2.5,176.5,56,621.27001953125,621.2274780273438,621.3724975585938
P11,2.5,177.5,115,621.239990234375,621.1500244140625,621.3800048828125
P11,2.5,178.5,97,621.0900268554688,621.0700073242188,621.1300048828125
P11,2.5,179.5,110,621.0700073242188,621.0225219726562,621.1199951171875
P11,5.0,0.5,183,614.5499877929688,614.4500122070312,614.6600036621094
P11,5.0,1.5,206,614.4199829101562,614.3200073242188,614.5399780273438
P11,5.0,2.5,220,614.3350219726562,614.2000122070312,614.5800170898438
P11,5.0,3.5,232,614.2550048828125,614.0599975585938,614.4199829101562
P11,5.0,4.5,241,614.0499877929688,613.9099731445312,614.2000122070312
P11,5.0,5.5,245,613.8400268554688,613.719970703125,614.0
P11,5.0,6.5,218,613.6799926757812,613.5599975585938,613.8099975585938
P11,5.0,7.5,221,613.4000244140625,613.2999877929688,613.5599975585938
P11,5.0,8.5,209,613.1300048828125,612.9600219726562,613.25
P11,5.0,9.5,219,612.7899780273438,612.5999755859375,612.9400024414062
P11,5.0,10.5,222,612.3900146484375,612.2100219726562,612.5775146484375
P11,5.0,11.5,220,612.0499877929688,611.7675170898438,612.2025146484375
P11,5.0,12.5,191,611.5900268554688,611.4000244140625,611.8099975585938
P11,5.0,13.5,221,611.4199829101562,611.3300170898438,611.6500244140625
P11,5.0,14.5,195,611.3599853515625,611.3099975585938,611.4299926757812
P11,5.0,15.5,196,611.385009765625,611.3099975585938,611.5
P11,5.0,16.5,192,611.4099731445312,611.3599853515625,611.4500122070312
P11,5.0,17.5,209,611.3800048828125,611.2999877929688,611.4299926757812
P11,5.0,18.5,208,611.3699951171875,611.280029296875,611.4199829101562
P11,5.0,19.5,179,611.3300170898438,611.280029296875,611.3699951171875
P11,5.0,20.5,191,611.3099975585938,611.239990234375,611.4000244140625
P11,5.0,21.5,184,611.3049926757812,611.2000122070312,611.3800048828125
P11,5.0,22.5,212,611.27001953125,611.1699829101562,611.3400268554688
P11,5.0,23.5,208,611.2000122070312,611.0999755859375,611.2999877929688
P11,5.0,24.5,210,611.1799926757812,611.1099853515625,611.3499755859375
P11,5.0,25.5,202,611.2249755859375,611.0599975585938,611.3200073242188
P11,5.0,26.5,204,611.2349853515625,611.0800170898438,611.3400268554688
P11,5.0,27.5,212,611.1799926757812,611.0275268554688,611.2899780273438
P11,5.0,28.5,208,611.1799926757812,611.0900268554688,611.3499755859375
P11,5.0,29.5,203,611.1599731445312,611.0650024414062,611.2850036621094
P11,5.0,30.5,208,611.2000122070312,611.0775146484375,611.3200073242188
P11,5.0,31.5,205,611.1300048828125,611.02001953125,611.22998046875
P11,5.0,32.5,206,611.1699829101562,611.0900268554688,611.25
P11,5.0,33.5,205,611.1799926757812,611.0800170898438,611.22998046875
P11,5.0,34.5,208,611.1699829101562,611.0900268554688,611.2100219726562
P11,5.0,35.5,207,611.1799926757812,611.0800170898438,611.239990234375
P11,5.0,36.5,202,611.0650024414062,610.969970703125,611.1875
P11,5.0,37.5,208,611.1500244140625,611.0900268554688,611.2100219726562
P11,5.0,38.5,211,611.1199951171875,611.0350036621094,611.1699829101562
P11,5.0,39.5,201,611.030029296875,610.9299926757812,611.0900268554688
P11,5.0,40.5,207,610.97998046875,610.8400268554688,611.0650024414062
P11,5.0,41.5,206,610.969970703125,610.9000244140625,611.0700073242188
P11,5.0,42.5,202,610.9600219726562,610.8800048828125,611.0075073242188
P11,5.0,43.5,207,610.8900146484375,610.8250122070312,610.9500122070312
P11,5.0,44.5,211,610.8599853515625,610.7999877929688,610.9299926757812
P11,5.0,45.5,202,610.8599853515625,610.7825164794922,610.91748046875
P11,5.0,46.5,207,610.8599853515625,610.7650146484375,610.9099731445312
P11,5.0,47.5,206,610.8099975585938,610.77001953125,610.8674926757812
P11,5.0,48.5,208,610.7899780273438,610.739990234375,610.9099731445312
P11,5.0,49.5,206,610.780029296875,610.72998046875,610.8900146484375
P11,5.0,50.5,185,610.719970703125,610.6799926757812,610.9600219726562
P11,5.0,51.5,157,610.77001953125,610.6799926757812,610.8800048828125
P11,5.0,52.5,133,610.72998046875,610.6400146484375,610.7999877929688
P11,5.0,53.5,165,610.5800170898438,610.4400024414062,610.719970703125
P11,5.0,54.5,252,610.6300048828125,610.3975219726562,611.0625
P11,5.0,55.5,290,610.385009765625,610.2125091552734,610.7775268554688
P11,5.0,56.5,236,610.2000122070312,610.1199951171875,610.3800048828125
P11,5.0,57.5,228,610.1900024414062,610.0700073242188,610.3900146484375
P11,5.0,58.5,229,610.2999877929688,610.1300048828125,610.5599975585938
P11,5.0,59.5,218,610.4000244140625,610.22998046875,610.7000122070312
P11,5.0,60.5,211,610.510009765625,610.3300170898438,610.9700012207031
P11,5.0,61.5,104,611.1300048828125,610.9500122070312,611.4525146484375
P11,5.0,62.5,80,611.1749877929688,610.9500122070312,611.510009765625
P11,5.0,63.5,53,611.6199951171875,611.3499755859375,611.739990234375
P11,5.0,64.5,40,611.5800170898438,611.4450073242188,611.6900024414062
P11,5.0,65.5,61,611.5399780273438,610.760009765625,611.7100219726562
P11,5.0,66.5,152,610.6400146484375,610.47998046875,611.3425140380859
P11,5.0,67.5,115,610.8300170898438,610.4349975585938,611.4450073242188
P11,5.0,68.5,88,610.9249877929688,610.5800170898438,611.3599853515625
P11,5.0,69.5,125,610.739990234375,609.9600219726562,611.25
P11,5.0,70.5,189,610.7899780273438,610.4299926757812,610.9199829101562
P11,5.0,71.5,275,611.2000122070312,610.9249877929688,611.3900146484375
P11,5.0,72.5,241,611.530029296875,611.1400146484375,611.6699829101562
P11,5.0,73.5,249,611.9299926757812,611.5999755859375,612.02001953125
P11,5.0,74.5,202,612.22998046875,612.0700073242188,612.3699951171875
P11,5.0,75.5,167,612.5599975585938,612.3900146484375,612.6649780273438
P11,5.0,76.5,182,612.77001953125,612.6525115966797,612.9375
P11,5.0,77.5,198,613.0800170898438,612.8200073242188,613.2974853515625
P11,5.0,78.5,189,613.4299926757812,613.0599975585938,613.6099853515625
P11,5.0,79.5,197,613.6900024414062,613.1099853515625,613.8400268554688
P11,5.0,80.5,178,613.905029296875,613.2474975585938,614.0999755859375
P11,5.0,81.5,175,614.02001953125,613.2650146484375,614.4550170898438
P11,5.0,82.5,159,614.1400146484375,613.4149780273438,614.7249755859375
P11,5.0,83.5,148,614.2449951171875,613.4749908447266,614.8599853515625
P11,5.0,84.5,169,614.6599731445312,613.6400146484375,615.3699951171875
P11,5.0,85.5,158,614.3250122070312,613.7100219726562,615.4074859619141
P11,5.0,86.5,190,614.3599853515625,613.8624877929688,615.3625030517578
P11,5.0,87.5,185,614.6900024414062,614.0499877929688,615.9199829101562
P11,5.0,88.5,209,614.969970703125,614.2999877929688,616.25
P11,5.0,89.5,221,614.6900024414062,614.3800048828125,616.030029296875
P11,5.0,90.5,207,614.8200073242188,614.5050048828125,616.0299987792969
P11,5.0,91.5,236,615.2349853515625,614.6099853515625,617.1024780273438
P11,5.0,92.5,219,615.2100219726562,614.739990234375,616.35498046875
P11,5.0,93.5,219,615.4199829101562,614.8800048828125,616.5850219726562
P11,5.0,94.5,229,615.719970703125,614.989990234375,616.780029296875
P11,5.0,95.5,242,615.8599853515625,615.0800170898438,617.1799926757812
P11,5.0,96.5,237,616.0800170898438,615.1400146484375,617.260009765625
P11,5.0,97.5,238,616.0999755859375,615.2625122070312,617.2874908447266
P11,5.0,98.5,225,616.0499877929688,615.3599853515625,617.0700073242188
P11,5.0,99.5,212,615.7650146484375,615.469970703125,616.7625122070312
P11,5.0,100.5,168,615.7100219726562,615.5974884033203,616.0650024414062
P11,5.0,101.5,114,615.8300170898438,615.77001953125,615.9000244140625
P11,5.0,102.5,81,615.9600219726562,615.9199829101562,616.010009765625
P11,5.0,103.5,90,616.1099853515625,616.0599975585938,616.1500244140625
P11,5.0,104.5,76,616.219970703125,616.1900024414062,616.260009765625
P11,5.0,105.5,74,616.3400268554688,616.3099975585938,616.3800048828125
P11,5.0,106.5,84,616.4500122070312,616.4199829101562,616.4824829101562
P11,5.0,107.5,81,616.5700073242188,616.5399780273438,616.6199951171875
P11,5.0,108.5,33,616.6799926757812,616.6199951171875,616.7100219726562
P11,5.0,109.5,0,,,
P11,5.0,110.5,0,,,
P11,5.0,111.5,10,616.780029296875,616.7550048828125,616.8175048828125
P11,5.0,112.5,94,616.9500122070312,616.9000244140625,617.010009765625
P11,5.0,113.5,142,617.0900268554688,617.0499877929688,617.1400146484375
P11,5.0,114.5,145,617.3099975585938,617.239990234375,617.4299926757812
P11,5.0,115.5,86,617.39501953125,617.3499755859375,617.5399780273438
P11,5.0,116.5,78,617.5050048828125,617.4025115966797,617.66748046875
P11,5.0,117.5,118,617.655029296875,617.5800170898438,617.7874908447266
P11,5.0,118.5,189,617.719970703125,617.6300048828125,617.7899780273438
P11,5.0,119.5,198,617.6900024414062,617.6699829101562,617.72998046875
P11,5.0,120.5,208,617.75,617.7000122070312,617.9124755859375
P11,5.0,121.5,205,617.8099975585938,617.75,618.0800170898438
P11,5.0,122.5,209,617.9500122070312,617.8200073242188,618.1300048828125
P11,5.0,123.5,211,618.1699829101562,618.0599975585938,618.239990234375
P11,5.0,124.5,205,618.25,618.2000122070312,618.3300170898438
P11,5.0,125.5,201,618.3400268554688,618.2999877929688,618.4000244140625
P11,5.0,126.5,206,618.39501953125,618.3599853515625,618.4400024414062
P11,5.0,127.5,180,618.4099731445312,618.3699951171875,618.47998046875
P11,5.0,128.5,198,618.4600219726562,618.4124755859375,618.5075073242188
P11,5.0,129.5,203,618.52001953125,618.469970703125,618.5599975585938
P11,5.0,130.5,195,618.5900268554688,618.5599975585938,618.6300048828125
P11,5.0,131.5,200,618.6900024414062,618.6500244140625,618.72998046875
P11,5.0,132.5,206,618.77001953125,618.739990234375,618.7999877929688
P11,5.0,133.5,209,618.8400268554688,618.8099975585938,618.9000244140625
P11,5.0,134.5,213,618.97998046875,618.9199829101562,619.030029296875
P11,5.0,135.5,208,619.0599975585938,619.02001953125,619.1099853515625
P11,5.0,136.5,202,619.1799926757812,619.1199951171875,619.22998046875
P11,5.0,137.5,182,619.280029296875,619.2224731445312,619.3099975585938
P11,5.0,138.5,101,619.3699951171875,619.27001953125,619.4299926757812
P11,5.0,139.5,46,619.510009765625,619.47998046875,619.5374908447266
P11,5.0,140.5,29,619.6599731445312,619.5800170898438,619.6900024414062
P11,5.0,141.5,2,,,
P11,5.0,142.5,0,,,
P11,5.0,143.5,0,,,
P11,5.0,144.5,8,619.489990234375,619.4600219726562,619.510009765625
P11,5.0,145.5,100,619.469970703125,619.4400024414062,619.510009765625
P11,5.0,146.5,112,619.4600219726562,619.447509765625,619.4924926757812
P11,5.0,147.5,88,619.469970703125,619.4500122070312,619.489990234375
P11,5.0,148.5,80,619.47998046875,619.4600219726562,619.510009765625
P11,5.0,149.5,67,619.5,619.47998046875,619.510009765625
P11,5.0,150.5,59,619.5499877929688,619.530029296875,619.5700073242188
P11,5.0,151.5,13,619.6699829101562,619.6400146484375,619.6900024414062
P11,5.0,152.5,36,619.97998046875,619.9674835205078,620.010009765625
P11,5.0,153.5,128,620.0599975585938,620.0,620.1199951171875
P11,5.0,154.5,193,620.1500244140625,620.1199951171875,620.1699829101562
P11,5.0,155.5,160,620.22998046875,620.1900024414062,620.3200073242188
P11,5.0,156.5,99,620.3599853515625,620.3250122070312,620.4849853515625
P11,5.0,157.5,62,620.469970703125,620.4099731445312,620.5574951171875
P11,5.0,158.5,53,620.489990234375,620.469970703125,620.510009765625
P11,5.0,159.5,43,620.6500244140625,620.5599975585938,620.8049926757812
P11,5.0,160.5,51,620.9600219726562,620.8499755859375,621.0800170898438
P11,5.0,161.5,33,621.0900268554688,621.030029296875,621.1300048828125
P11,5.0,162.5,102,621.1500244140625,621.010009765625,621.25
P11,5.0,163.5,140,620.9749755859375,620.8800048828125,621.0800170898438
P11,5.0,164.5,115,620.989990234375,620.89501953125,621.1849975585938
P11,5.0,165.5,117,621.0999755859375,621.0399780273438,621.219970703125
P11,5.0,166.5,37,621.3599853515625,621.260009765625,621.4299926757812
P11,5.0,167.5,15,621.260009765625,621.1549987792969,621.4599914550781
P11,5.0,168.5,49,621.1500244140625,621.0499877929688,621.22998046875
P11,5.0,169.5,37,621.0599975585938,620.97998046875,621.1400146484375
P11,5.0,170.5,41,621.5399780273438,621.3099975585938,621.7999877929688
P11,5.0,171.5,37,621.3900146484375,621.1699829101562,621.6799926757812
P11,5.0,172.5,46,621.3099975585938,621.219970703125,621.4500122070312
P11,5.0,173.5,57,621.1799926757812,621.1400146484375,621.22998046875
P11,5.0,174.5,76,621.239990234375,621.1900024414062,621.2899780273438
P11,5.0,175.5,120,621.2550048828125,621.219970703125,621.375
P11,5.0,176.5,138,621.27001953125,621.2000122070312,621.3975219726562
P11,5.0,177.5,219,621.25,621.1799926757812,621.35498046875
P11,5.0,178.5,204,621.114990234375,621.0775146484375,621.1799926757812
P11,5.0,179.5,211,621.0700073242188,620.989990234375,621.1400146484375
P11,7.5,0.5,297,614.5499877929688,614.3900146484375,614.9199829101562
P11,7.5,1.5,319,614.4299926757812,614.2899780273438,615.010009765625
P11,7.5,2.5,325,614.3400268554688,614.1699829101562,614.7100219726562
P11,7.5,3.5,335,614.25,614.030029296875,614.4500122070312
P11,7.5,4.5,346,614.0399780273438,613.9000244140625,614.197509765625
P11,7.5,5.5,359,613.8300170898438,613.719970703125,613.969970703125
P11,7.5,6.5,330,613.6199951171875,613.5,613.760009765625
P11,7.5,7.5,337,613.3499755859375,613.2100219726562,613.47998046875
P11,7.5,8.5,315,613.1199951171875,612.9199829101562,613.2750244140625
P11,7.5,9.5,321,612.8099975585938,612.5800170898438,613.030029296875
P11,7.5,10.5,340,612.3900146484375,612.1799926757812,612.6900024414062
P11,7.5,11.5,337,612.030029296875,611.7100219726562,612.2899780273438
P11,7.5,12.5,301,611.5999755859375,611.4199829101562,612.02001953125
P11,7.5,13.5,351,611.47998046875,611.3699951171875,611.77001953125
P11,7.5,14.5,309,611.3900146484375,611.3300170898438,611.52001953125
P11,7.5,15.5,297,611.4099731445312,611.3099975585938,611.5399780273438
P11,7.5,16.5,300,611.4099731445312,611.3099975585938,611.47998046875
P11,7.5,17.5,312,611.4000244140625,611.3099975585938,611.4400024414062
P11,7.5,18.5,314,611.3699951171875,611.2625122070312,611.4400024414062
P11,7.5,19.5,260,611.344970703125,611.280029296875,611.4099731445312
P11,7.5,20.5,266,611.344970703125,611.239990234375,611.4400024414062
P11,7.5,21.5,263,611.3300170898438,611.2000122070312,611.4199829101562
P11,7.5,22.5,314,611.280029296875,611.1599731445312,611.3800048828125
P11,7.5,23.5,310,611.2000122070312,611.0599975585938,611.4000244140625
P11,7.5,24.5,314,611.1849975585938,611.0399780273438,611.3900146484375
P11,7.5,25.5,308,611.22998046875,611.0,611.3800048828125
P11,7.5,26.5,308,611.2349853515625,610.9600219726562,611.3599853515625
P11,7.5,27.5,316,611.1799926757812,610.9400024414062,611.3300170898438
P11,7.5,28.5,316,611.1799926757812,610.9774780273438,611.3699951171875
P11,7.5,29.5,305,611.1599731445312,611.010009765625,611.3200073242188
P11,7.5,30.5,314,611.2000122070312,611.0,611.3400268554688
P11,7.5,31.5,313,611.1300048828125,610.969970703125,611.25
P11,7.5,32.5,316,611.1699829101562,611.0499877929688,611.260009765625
P11,7.5,33.5,305,611.1799926757812,611.02001953125,611.25
P11,7.5,34.5,323,611.1699829101562,611.0399780273438,611.22998046875
P11,7.5,35.5,312,611.1799926757812,611.0399780273438,611.280029296875
P11,7.5,36.5,305,611.0700073242188,610.9400024414062,611.22998046875
P11,7.5,37.5,315,611.1500244140625,611.0499877929688,611.22998046875
P11,7.5,38.5,317,611.1199951171875,610.969970703125,611.2100219726562
P11,7.5,39.5,303,611.030029296875,610.9000244140625,611.135009765625
P11,7.5,40.5,317,610.97998046875,610.8099975585938,611.1300048828125
P11,7.5,41.5,315,610.97998046875,610.8599853515625,611.1099853515625
P11,7.5,42.5,306,610.969970703125,610.8900146484375,611.0499877929688
P11,7.5,43.5,313,610.9000244140625,610.7999877929688,611.02001953125
P11,7.5,44.5,299,610.8599853515625,610.77001953125,610.969970703125
P11,7.5,45.5,283,610.8499755859375,610.739990234375,610.9299926757812
P11,7.5,46.5,289,610.8400268554688,610.7000122070312,610.9400024414062
P11,7.5,47.5,311,610.8099975585938,610.72998046875,610.9949951171875
P11,7.5,48.5,312,610.7999877929688,610.7100219726562,611.0225219726562
P11,7.5,49.5,312,610.780029296875,610.6900024414062,611.0
P11,7.5,50.5,287,610.719970703125,610.6500244140625,611.010009765625
P11,7.5,51.5,263,610.77001953125,610.5750122070312,610.9299926757812
P11,7.5,52.5,252,610.72998046875,610.6099853515625,610.8724975585938
P11,7.5,53.5,278,610.739990234375,610.530029296875,610.8875122070312
P11,7.5,54.5,397,610.8300170898438,610.52001953125,611.0999755859375
P11,7.5,55.5,470,610.5850219726562,610.2825164794922,611.0999755859375
P11,7.5,56.5,375,610.4500122070312,610.1649780273438,610.9199829101562
P11,7.5,57.5,345,610.4000244140625,610.1199951171875,610.7999877929688
P11,7.5,58.5,345,610.5499877929688,610.2100219726562,610.8900146484375
P11,7.5,59.5,367,610.6900024414062,610.3250122070312,611.125
P11,7.5,60.5,340,610.5700073242188,610.3599853515625,611.4724731445312
P11,7.5,61.5,214,611.030029296875,610.6024780273438,611.7949981689453
P11,7.5,62.5,208,611.1649780273438,610.6100006103516,611.72998046875
P11,7.5,63.5,185,611.3300170898438,610.7100219726562,611.6799926757812
P11,7.5,64.5,139,611.6599731445312,611.0700073242188,611.9150085449219
P11,7.5,65.5,139,611.5900268554688,610.739990234375,612.0700073242188
P11,7.5,66.5,257,610.7100219726562,610.47998046875,611.9199829101562
P11,7.5,67.5,195,611.1599731445312,610.3249816894531,611.8499755859375
P11,7.5,68.5,191,610.969970703125,610.0150146484375,611.780029296875
P11,7.5,69.5,234,610.6900024414062,609.4924926757812,611.6400146484375
P11,7.5,70.5,303,610.77001953125,609.760009765625,611.1799926757812
P11,7.5,71.5,377,611.1599731445312,610.260009765625,611.4500122070312
P11,7.5,72.5,323,611.2999877929688,610.2950134277344,611.6400146484375
P11,7.5,73.5,301,611.8499755859375,611.0,612.010009765625
P11,7.5,74.5,209,612.219970703125,612.0499877929688,612.3400268554688
P11,7.5,75.5,167,612.5599975585938,612.3900146484375,612.6649780273438
P11,7.5,76.5,184,612.77001953125,612.6574859619141,612.9324951171875
P11,7.5,77.5,211,613.0599975585938,612.77001953125,613.2899780273438
P11,7.5,78.5,201,613.3900146484375,612.9000244140625,613.5999755859375
P11,7.5,79.5,221,613.6300048828125,612.97998046875,613.8300170898438
P11,7.5,80.5,203,613.8300170898438,613.0999755859375,614.0800170898438
P11,7.5,81.5,207,613.8400268554688,613.2000122070312,614.4149780273438
P11,7.5,82.5,201,613.77001953125,613.2899780273438,614.6400146484375
P11,7.5,83.5,200,613.6199951171875,613.3900146484375,614.6824951171875
P11,7.5,84.5,210,613.9949951171875,613.5625,615.2149810791016
P11,7.5,85.5,186,613.9249877929688,613.7025146484375,615.3150024414062
P11,7.5,86.5,203,614.22998046875,613.864990234375,615.260009765625
P11,7.5,87.5,190,614.64501953125,614.04248046875,615.8375244140625
P11,7.5,88.5,221,614.8400268554688,614.27001953125,616.2000122070312
P11,7.5,89.5,248,614.4749755859375,614.3499755859375,615.8274841308594
P11,7.5,90.5,244,614.5700073242188,614.4674835205078,615.83251953125
P11,7.5,91.5,267,614.739990234375,614.5850219726562,616.8150024414062
P11,7.5,92.5,264,614.8400268554688,614.7000122070312,616.10498046875
P11,7.5,93.5,266,614.9649658203125,614.8300170898438,616.3100128173828
P11,7.5,94.5,308,615.5050048828125,614.9400024414062,616.9099731445312
P11,7.5,95.5,319,615.5900268554688,615.02001953125,617.2850036621094
P11,7.5,96.5,311,615.7999877929688,615.0900268554688,617.3350219726562
P11,7.5,97.5,338,616.0999755859375,615.2100219726562,617.7874908447266
P11,7.5,98.5,355,616.1500244140625,615.2999877929688,617.8200073242188
P11,7.5,99.5,345,615.8800048828125,615.489990234375,617.27001953125
P11,7.5,100.5,264,615.9299926757812,615.6475219726562,616.364990234375
P11,7.5,101.5,237,616.0800170898438,615.8300170898438,617.8400268554688
P11,7.5,102.5,212,616.3800048828125,615.989990234375,617.9450073242188
P11,7.5,103.5,115,616.1300048828125,616.0750122070312,616.1900024414062
P11,7.5,104.5,91,616.22998046875,616.2000122070312,616.2899780273438
P11,7.5,105.5,118,616.3800048828125,616.3200073242188,616.469970703125
P11,7.5,106.5,134,616.469970703125,616.4299926757812,616.5399780273438
P11,7.5,107.5,132,616.5900268554688,616.5399780273438,616.6500244140625
P11,7.5,108.5,104,616.72998046875,616.6699829101562,616.9324951171875
P11,7.5,109.5,54,616.885009765625,616.8200073242188,617.0175170898438
P11,7.5,110.5,42,617.0250244140625,616.97998046875,617.0875244140625
P11,7.5,111.5,40,617.0800170898438,616.9675140380859,617.1199951171875
P11,7.5,112.5,125,616.989990234375,616.9099731445312,617.0999755859375
P11,7.5,113.5,171,617.1099853515625,617.0599975585938,617.1699829101562
P11,7.5,114.5,171,617.3300170898438,617.239990234375,617.469970703125
P11,7.5,115.5,129,617.3900146484375,617.3200073242188,617.5499877929688
P11,7.5,116.5,165,617.5,617.3699951171875,617.6099853515625
P11,7.5,117.5,198,617.6799926757812,617.5900268554688,617.760009765625
P11,7.5,118.5,264,617.760009765625,617.6599731445312,617.8200073242188
P11,7.5,119.5,302,617.72998046875,617.6799926757812,617.8599853515625
P11,7.5,120.5,310,617.7999877929688,617.719970703125,617.95751953125
P11,7.5,121.5,307,617.8900146484375,617.760009765625,618.0900268554688
P11,7.5,122.5,312,617.9550170898438,617.8200073242188,618.1599731445312
P11,7.5,123.5,316,618.1699829101562,618.030029296875,618.27001953125
P11,7.5,124.5,305,618.260009765625,618.1900024414062,618.3499755859375
P11,7.5,125.5,304,618.3499755859375,618.2999877929688,618.4500122070312
P11,7.5,126.5,302,618.4349975585938,618.3800048828125,618.5599975585938
P11,7.5,127.5,274,618.4500122070312,618.3825073242188,618.5875244140625
P11,7.5,128.5,301,618.4600219726562,618.4099731445312,618.530029296875
P11,7.5,129.5,298,618.52001953125,618.469970703125,618.5800170898438
P11,7.5,130.5,282,618.60498046875,618.5599975585938,618.6500244140625
P11,7.5,131.5,295,618.6900024414062,618.6500244140625,618.7449951171875
P11,7.5,132.5,315,618.780029296875,618.739990234375,618.8200073242188
P11,7.5,133.5,306,618.8599853515625,618.8200073242188,618.9199829101562
P11,7.5,134.5,317,619.0,618.9400024414062,619.0700073242188
P11,7.5,135.5,309,619.0700073242188,619.030029296875,619.1199951171875
P11,7.5,136.5,306,619.1699829101562,619.1199951171875,619.239990234375
P11,7.5,137.5,236,619.260009765625,619.2174835205078,619.2999877929688
P11,7.5,138.5,157,619.2899780273438,619.25,619.4099731445312
P11,7.5,139.5,96,619.4500122070312,619.3599853515625,619.510009765625
P11,7.5,140.5,66,619.5850219726562,619.5599975585938,619.6574859619141
P11,7.5,141.5,24,619.5150146484375,619.4674835205078,619.5800170898438
P11,7.5,142.5,27,619.4199829101562,619.4099731445312,619.4400024414062
P11,7.5,143.5,0,,,
P11,7.5,144.5,8,619.489990234375,619.4600219726562,619.510009765625
P11,7.5,145.5,100,619.469970703125,619.4400024414062,619.510009765625
P11,7.5,146.5,112,619.4600219726562,619.447509765625,619.4924926757812
P11,7.5,147.5,88,619.469970703125,619.4500122070312,619.489990234375
P11,7.5,148.5,85,619.47998046875,619.4600219726562,619.510009765625
P11,7.5,149.5,90,619.489990234375,619.469970703125,619.5075073242188
P11,7.5,150.5,59,619.5499877929688,619.530029296875,619.5700073242188
P11,7.5,151.5,30,619.72998046875,619.6724853515625,619.8074951171875
P11,7.5,152.5,90,619.9500122070312,619.8699951171875,619.97998046875
P11,7.5,153.5,188,620.094970703125,620.0275268554688,620.1500244140625
P11,7.5,154.5,246,620.1500244140625,620.1199951171875,620.1900024414062
P11,7.5,155.5,241,620.22998046875,620.1900024414062,620.3400268554688
P11,7.5,156.5,174,620.4000244140625,620.3200073242188,620.52001953125
P11,7.5,157.5,118,620.510009765625,620.4525146484375,620.5775146484375
P11,7.5,158.5,103,620.510009765625,620.489990234375,620.5399780273438
P11,7.5,159.5,95,620.6099853515625,620.5499877929688,620.719970703125
P11,7.5,160.5,104,620.9000244140625,620.8099975585938,621.010009765625
P11,7.5,161.5,78,620.9949951171875,620.9025115966797,621.0900268554688
P11,7.5,162.5,165,621.1199951171875,621.0,621.22998046875
P11,7.5,163.5,202,620.9400024414062,620.8300170898438,621.0599975585938
P11,7.5,164.5,184,620.97998046875,620.8800048828125,621.1099853515625
P11,7.5,165.5,165,621.1199951171875,621.0399780273438,621.25
P11,7.5,166.5,85,621.260009765625,621.1199951171875,621.4000244140625
P11,7.5,167.5,115,621.239990234375,621.125,621.3099975585938
P11,7.5,168.5,155,621.2100219726562,621.1400146484375,621.3049926757812
P11,7.5,169.5,141,621.1300048828125,620.989990234375,621.2899780273438
P11,7.5,170.5,130,621.2899780273438,620.9824829101562,621.4924926757812
P11,7.5,171.5,94,621.1699829101562,621.0999755859375,621.3099975585938
P11,7.5,172.5,98,621.2100219726562,621.1500244140625,621.2949981689453
P11,7.5,173.5,111,621.219970703125,621.1699829101562,621.260009765625
P11,7.5,174.5,166,621.2750244140625,621.2100219726562,621.3499755859375
P11,7.5,175.5,221,621.280029296875,621.22998046875,621.3499755859375
P11,7.5,176.5,247,621.2999877929688,621.219970703125,621.3599853515625
P11,7.5,177.5,323,621.25,621.1500244140625,621.4000244140625
P11,7.5,178.5,310,621.1199951171875,621.0599975585938,621.260009765625
P11,7.5,179.5,318,621.0750122070312,620.9500122070312,621.1799926757812
P12,2.5,0.5,36,611.1300048828125,610.8900146484375,611.3149871826172
P12,2.5,1.5,42,611.3200073242188,611.0599975585938,611.52001953125
P12,2.5,2.5,0,,,
P12,2.5,3.5,0,,,
P12,2.5,4.5,8,611.35498046875,611.3025054931641,611.4149780273438
P12,2.5,5.5,45,611.3099975585938,611.1599731445312,611.4000244140625
P12,2.5,6.5,80,611.35498046875,611.1800079345703,611.54248046875
P12,2.5,7.5,97,611.1500244140625,610.760009765625,611.4199829101562
P12,2.5,8.5,66,611.1649780273438,610.7525024414062,611.4550170898438
P12,2.5,9.5,41,611.27001953125,611.1199951171875,611.4400024414062
P12,2.5,10.5,24,611.2900390625,611.1300048828125,611.4025115966797
P12,2.5,11.5,32,611.3499755859375,611.2174835205078,611.5125122070312
P12,2.5,12.5,0,,,
P12,2.5,13.5,0,,,
P12,2.5,14.5,0,,,
P12,2.5,15.5,0,,,
P12,2.5,16.5,0,,,
P12,2.5,17.5,4,610.7249755859375,610.5874786376953,610.739990234375
P12,2.5,18.5,28,610.594970703125,610.4099731445312,610.7224731445312
P12,2.5,19.5,38,610.5999755859375,610.5225219726562,610.6475219726562
P12,2.5,20.5,78,610.614990234375,610.489990234375,610.677490234375
P12,2.5,21.5,93,610.4299926757812,610.3200073242188,610.6400146484375
P12,2.5,22.5,85,610.2000122070312,610.0900268554688,610.4299926757812
P12,2.5,23.5,90,610.0499877929688,609.9299926757812,610.3049926757812
P12,2.5,24.5,101,609.8900146484375,609.739990234375,610.0900268554688
P12,2.5,25.5,105,610.219970703125,609.9400024414062,610.4299926757812
P12,2.5,26.5,98,610.3699951171875,610.0350189208984,610.4299926757812
P12,2.5,27.5,80,610.4199829101562,610.3549957275391,610.4600219726562
P12,2.5,28.5,70,610.4000244140625,610.3524780273438,610.4299926757812
P12,2.5,29.5,94,610.3699951171875,610.33251953125,610.4099731445312
P12,2.5,30.5,94,610.3300170898438,610.2424926757812,610.3800048828125
P12,2.5,31.5,71,610.1799926757812,610.0900268554688,610.3300170898438
P12,2.5,32.5,67,610.3099975585938,610.114990234375,610.39501953125
P12,2.5,33.5,51,610.3200073242188,610.1950073242188,610.3599853515625
P12,2.5,34.5,51,610.3499755859375,609.9950256347656,610.3699951171875
P12,2.5,35.5,78,609.9600219726562,609.2424926757812,610.260009765625
P12,2.5,36.5,71,609.9400024414062,609.2249755859375,610.2650146484375
P12,2.5,37.5,71,609.8599853515625,609.030029296875,610.14501953125
P12,2.5,38.5,89,609.4199829101562,608.9199829101562,610.1900024414062
P12,2.5,39.5,75,609.239990234375,608.9049987792969,610.0
P12,2.5,40.5,83,609.02001953125,608.7050170898438,609.5450134277344
P12,2.5,41.5,71,608.6799926757812,608.4800109863281,609.135009765625
P12,2.5,42.5,60,608.7000122070312,608.2474975585938,608.9625091552734
P12,2.5,43.5,84,608.3049926757812,608.0075073242188,608.6699829101562
P12,2.5,44.5,86,608.10498046875,607.989990234375,608.3699951171875
P12,2.5,45.5,90,608.2050170898438,607.9025115966797,608.4774932861328
P12,2.5,46.5,101,608.0900268554688,607.75,608.4099731445312
P12,2.5,47.5,111,608.260009765625,607.6950073242188,608.489990234375
P12,2.5,48.5,105,608.219970703125,607.7999877929688,608.4299926757812
P12,2.5,49.5,111,608.219970703125,607.8599853515625,608.4100036621094
P12,2.5,50.5,109,608.0800170898438,607.6599731445312,608.3200073242188
P12,2.5,51.5,102,608.030029296875,607.7525024414062,608.3875122070312
P12,2.5,52.5,104,607.9249877929688,607.697509765625,608.1400146484375
P12,2.5,53.5,106,607.8499755859375,607.5399780273438,608.0800170898438
P12,2.5,54.5,106,607.7999877929688,607.4099731445312,607.9824981689453
P12,2.5,55.5,108,607.6849975585938,607.3875122070312,607.7725219726562
P12,2.5,56.5,101,607.5800170898438,607.3699951171875,607.6799926757812
P12,2.5,57.5,59,607.5700073242188,607.4949951171875,607.6099853515625
P12,2.5,58.5,7,607.510009765625,607.4200134277344,607.5599975585938
P12,2.5,59.5,0,,,
P12,2.5,60.5,0,,,
P12,2.5,61.5,0,,,
P12,2.5,62.5,0,,,
P12,2.5,63.5,0,,,
P12,2.5,64.5,1,,,
P12,2.5,65.5,0,,,
P12,2.5,66.5,2,,,
P12,2.5,67.5,1,,,
P12,2.5,68.5,19,611.5,611.3250122070312,611.5750122070312
P12,2.5,69.5,70,611.3599853515625,611.2899780273438,611.4099731445312
P12,2.5,70.5,30,611.3499755859375,611.2775115966797,611.6725006103516
P12,2.5,71.5,1,,,
P12,2.5,72.5,1,,,
P12,2.5,73.5,0,,,
P12,2.5,74.5,0,,,
P12,2.5,75.5,0,,,
P12,2.5,76.5,0,,,
P12,2.5,77.5,0,,,
P12,2.5,78.5,0,,,
P12,2.5,79.5,0,,,
P12,2.5,80.5,0,,,
P12,2.5,81.5,0,,,
P12,2.5,82.5,0,,,
P12,2.5,83.5,0,,,
P12,2.5,84.5,0,,,
P12,2.5,85.5,0,,,
P12,2.5,86.5,0,,,
P12,2.5,87.5,0,,,
P12,2.5,88.5,0,,,
P12,2.5,89.5,0,,,
P12,2.5,90.5,0,,,
P12,2.5,91.5,0,,,
P12,2.5,92.5,0,,,
P12,2.5,93.5,0,,,
P12,2.5,94.5,0,,,
P12,2.5,95.5,0,,,
P12,2.5,96.5,0,,,
P12,2.5,97.5,0,,,
P12,2.5,98.5,0,,,
P12,2.5,99.5,0,,,
P12,2.5,100.5,0,,,
P12,2.5,101.5,0,,,
P12,2.5,102.5,0,,,
P12,2.5,103.5,0,,,
P12,2.5,104.5,0,,,
P12,2.5,105.5,0,,,
P12,2.5,106.5,0,,,
P12,2.5,107.5,0,,,
P12,2.5,108.5,0,,,
P12,2.5,109.5,0,,,
P12,2.5,110.5,0,,,
P12,2.5,111.5,0,,,
P12,2.5,112.5,0,,,
P12,2.5,113.5,0,,,
P12,2.5,114.5,0,,,
P12,2.5,115.5,0,,,
P12,2.5,116.5,0,,,
P12,2.5,117.5,0,,,
P12,2.5,118.5,0,,,
P12,2.5,119.5,0,,,
P12,2.5,120.5,0,,,
P12,2.5,121.5,0,,,
P12,2.5,122.5,0,,,
P12,2.5,123.5,0,,,
P12,2.5,124.5,0,,,
P12,2.5,125.5,0,,,
P12,2.5,126.5,0,,,
P12,2.5,127.5,0,,,
P12,2.5,128.5,0,,,
P12,2.5,129.5,0,,,
P12,2.5,130.5,3,619.4199829101562,619.4049987792969,619.4299926757812
P12,2.5,131.5,21,619.1699829101562,619.0999755859375,619.280029296875
P12,2.5,132.5,93,618.9600219726562,618.9299926757812,619.0
P12,2.5,133.5,105,618.9000244140625,618.8699951171875,618.9199829101562
P12,2.5,134.5,104,618.89501953125,618.8599853515625,618.9199829101562
P12,2.5,135.5,100,618.9000244140625,618.8699951171875,618.9299926757812
P12,2.5,136.5,100,618.9249877929688,618.8900146484375,618.9600219726562
P12,2.5,137.5,81,618.8699951171875,618.8400268554688,618.97998046875
P12,2.5,138.5,54,618.9149780273438,618.8699951171875,619.0574951171875
P12,2.5,139.5,50,619.2000122070312,619.10498046875,619.2575073242188
P12,2.5,140.5,57,619.1400146484375,619.0900268554688,619.27001953125
P12,2.5,141.5,70,619.094970703125,619.0599975585938,619.22998046875
P12,2.5,142.5,92,619.0599975585938,619.030029296875,619.1124877929688
P12,2.5,143.5,98,619.030029296875,618.989990234375,619.0800170898438
P12,2.5,144.5,81,618.8699951171875,618.7899780273438,619.030029296875
P12,2.5,145.5,49,618.8099975585938,618.77001953125,618.8800048828125
P12,2.5,146.5,58,618.885009765625,618.8400268554688,618.9299926757812
P12,2.5,147.5,73,618.9600219726562,618.9099731445312,619.1300048828125
P12,2.5,148.5,81,619.22998046875,619.0700073242188,619.3200073242188
P12,2.5,149.5,34,619.3499755859375,619.322509765625,619.4099731445312
P12,2.5,150.5,62,619.27001953125,619.1900024414062,619.3300170898438
P12,2.5,151.5,68,619.125,619.0599975585938,619.280029296875
P12,2.5,152.5,88,618.8900146484375,618.8300170898438,618.9600219726562
P12,2.5,153.5,88,618.7349853515625,618.6300048828125,618.8400268554688
P12,2.5,154.5,86,618.7100219726562,618.6024780273438,618.7474975585938
P12,2.5,155.5,95,618.6699829101562,618.6199951171875,618.75
P12,2.5,156.5,90,618.6599731445312,618.58251953125,618.719970703125
P12,2.5,157.5,97,618.5900268554688,618.489990234375,618.6900024414062
P12,2.5,158.5,100,618.52001953125,618.4000244140625,618.6500244140625
P12,2.5,159.5,102,618.5700073242188,618.4625091552734,618.6199951171875
P12,2.5,160.5,95,618.5399780273438,618.4299926757812,618.5700073242188
P12,2.5,161.5,102,618.5,618.4625091552734,618.52001953125
P12,2.5,162.5,102,618.4600219726562,618.4224853515625,618.510009765625
P12,2.5,163.5,99,618.4099731445312,618.3699951171875,618.625
P12,2.5,164.5,83,618.3499755859375,618.3099975585938,618.39501953125
P12,2.5,165.5,111,618.280029296875,618.2050170898438,618.3499755859375
P12,2.5,166.5,111,618.219970703125,618.1300048828125,618.2999877929688
P12,2.5,167.5,112,618.1500244140625,618.0800170898438,618.2525024414062
P12,2.5,168.5,117,618.0999755859375,618.010009765625,618.4199829101562
P12,2.5,169.5,121,618.0499877929688,617.969970703125,618.3900146484375
P12,2.5,170.5,129,617.989990234375,617.8800048828125,618.52001953125
P12,2.5,171.5,99,617.9000244140625,617.7899780273438,618.3499755859375
P12,2.5,172.5,100,617.8599853515625,617.7374877929688,618.1649780273438
P12,2.5,173.5,114,617.905029296875,617.6500244140625,618.5125122070312
P12,2.5,174.5,105,617.9099731445312,617.5999755859375,618.469970703125
P12,2.5,175.5,104,617.9649658203125,617.510009765625,618.7274780273438
P12,2.5,176.5,49,617.5399780273438,617.4199829101562,617.7000122070312
P12,2.5,177.5,52,617.4649658203125,617.3275146484375,617.7449798583984
P12,2.5,178.5,58,617.4299926757812,617.27001953125,618.0975036621094
P12,2.5,179.5,40,617.4599609375,617.2550048828125,618.2200164794922
P12,5.0,0.5,76,612.7050170898438,611.1300048828125,613.16748046875
P12,5.0,1.5,59,611.52001953125,611.1199951171875,613.489990234375
P12,5.0,2.5,32,613.4400024414062,613.239990234375,613.5150146484375
P12,5.0,3.5,33,613.0399780273438,612.8900146484375,613.1799926757812
P12,5.0,4.5,56,612.10498046875,611.7650146484375,612.3950042724609
P12,5.0,5.5,71,611.3200073242188,611.1699829101562,611.5449829101562
P12,5.0,6.5,108,611.2899780273438,610.8599853515625,611.5025024414062
P12,5.0,7.5,126,611.1199951171875,610.6300048828125,611.2874908447266
P12,5.0,8.5,74,611.125,610.6500091552734,611.4099884033203
P12,5.0,9.5,53,611.260009765625,610.5700073242188,611.4299926757812
P12,5.0,10.5,41,610.3099975585938,609.8099975585938,611.3099975585938
P12,5.0,11.5,36,611.3250122070312,611.1524810791016,611.47998046875
P12,5.0,12.5,0,,,
P12,5.0,13.5,0,,,
P12,5.0,14.5,3,611.72998046875,611.7099914550781,611.75
P12,5.0,15.5,29,611.8699951171875,611.760009765625,612.030029296875
P12,5.0,16.5,8,612.3200073242188,612.2074737548828,612.3499755859375
P12,5.0,17.5,13,610.1599731445312,609.8599853515625,610.1900024414062
P12,5.0,18.5,42,610.4649658203125,610.2950286865234,610.72998046875
P12,5.0,19.5,107,610.5399780273438,610.0150146484375,610.7000122070312
P12,5.0,20.5,179,610.6099853515625,610.4099731445312,610.6950073242188
P12,5.0,21.5,204,610.4099731445312,610.2775268554688,610.6500244140625
P12,5.0,22.5,181,610.1799926757812,610.0599975585938,610.52001953125
P12,5.0,23.5,185,610.010009765625,609.6699829101562,610.52001953125
P12,5.0,24.5,197,609.8400268554688,609.5499877929688,610.4600219726562
P12,5.0,25.5,190,610.3099975585938,609.7949829101562,610.47998046875
P12,5.0,26.5,221,610.22998046875,609.4299926757812,610.469970703125
P12,5.0,27.5,201,610.4099731445312,609.5999755859375,610.469970703125
P12,5.0,28.5,185,610.3800048828125,609.4600219726562,610.4400024414062
P12,5.0,29.5,173,610.3800048828125,610.1599731445312,610.4400024414062
P12,5.0,30.5,201,610.3300170898438,609.72998046875,610.3900146484375
P12,5.0,31.5,173,610.1799926757812,609.6799926757812,610.3800048828125
P12,5.0,32.5,161,610.3300170898438,609.6099853515625,610.3900146484375
P12,5.0,33.5,150,610.3350219726562,609.3175048828125,610.3900146484375
P12,5.0,34.5,160,610.3099975585938,609.0175170898438,610.3699951171875
P12,5.0,35.5,187,609.9600219726562,608.8049926757812,610.4149780273438
P12,5.0,36.5,185,609.8900146484375,608.6199951171875,610.469970703125
P12,5.0,37.5,192,609.1849975585938,608.4900054931641,610.4400024414062
P12,5.0,38.5,190,609.3699951171875,608.4025115966797,610.3900146484375
P12,5.0,39.5,176,609.14501953125,608.2775268554688,610.3250122070312
P12,5.0,40.5,178,608.97998046875,608.2324829101562,610.2349853515625
P12,5.0,41.5,115,608.6400146484375,608.1649780273438,609.1900024414062
P12,5.0,42.5,125,608.3699951171875,607.9099731445312,609.219970703125
P12,5.0,43.5,170,608.155029296875,607.8800048828125,609.0
P12,5.0,44.5,172,608.0599975585938,607.7999877929688,608.6525115966797
P12,5.0,45.5,193,608.1900024414062,607.6500244140625,608.8499755859375
P12,5.0,46.5,177,608.280029296875,607.5900268554688,608.75
P12,5.0,47.5,174,608.4600219726562,607.6749877929688,608.6875
P12,5.0,48.5,199,608.22998046875,607.3450012207031,608.5950012207031
P12,5.0,49.5,223,608.219970703125,607.4149780273438,608.52001953125
P12,5.0,50.5,220,608.0750122070312,607.4874877929688,608.6525115966797
P12,5.0,51.5,199,607.9600219726562,607.4500122070312,608.6599731445312
P12,5.0,52.5,218,607.9649658203125,607.3925170898438,608.4874877929688
P12,5.0,53.5,210,607.8699951171875,607.2249755859375,608.239990234375
P12,5.0,54.5,204,607.7999877929688,607.25,608.2424926757812
P12,5.0,55.5,225,607.6900024414062,607.25,608.0599975585938
P12,5.0,56.5,217,607.5999755859375,607.3800048828125,607.77001953125
P12,5.0,57.5,192,607.7100219726562,607.5700073242188,608.1099853515625
P12,5.0,58.5,72,608.155029296875,607.8674926757812,608.9400024414062
P12,5.0,59.5,10,610.2550048828125,608.7225036621094,610.4624786376953
P12,5.0,60.5,23,611.0800170898438,610.9049987792969,611.1749877929688
P12,5.0,61.5,27,611.1400146484375,611.030029296875,611.2149963378906
P12,5.0,62.5,0,,,
P12,5.0,63.5,18,611.3800048828125,611.3150024414062,611.4000244140625
P12,5.0,64.5,32,611.3250122070312,611.2899780273438,611.3599853515625
P12,5.0,65.5,24,611.3599853515625,611.2274780273438,611.4600067138672
P12,5.0,66.5,16,611.094970703125,610.8125,611.322509765625
P12,5.0,67.5,11,610.97998046875,610.77001953125,611.2000122070312
P12,5.0,68.5,46,611.5050048828125,611.322509765625,611.6275024414062
P12,5.0,69.5,103,611.3200073242188,610.6300048828125,611.4000244140625
P12,5.0,70.5,62,610.3300170898438,609.9625091552734,611.3474884033203
P12,5.0,71.5,33,610.0700073242188,609.9000244140625,610.260009765625
P12,5.0,72.5,15,610.3099975585938,610.2750244140625,610.4500122070312
P12,5.0,73.5,2,,,
P12,5.0,74.5,0,,,
P12,5.0,75.5,0,,,
P12,5.0,76.5,0,,,
P12,5.0,77.5,0,,,
P12,5.0,78.5,0,,,
P12,5.0,79.5,0,,,
P12,5.0,80.5,0,,,
P12,5.0,81.5,0,,,
P12,5.0,82.5,0,,,
P12,5.0,83.5,0,,,
P12,5.0,84.5,0,,,
P12,5.0,85.5,0,,,
P12,5.0,86.5,0,,,
P12,5.0,87.5,0,,,
P12,5.0,88.5,0,,,
P12,5.0,89.5,0,,,
P12,5.0,90.5,0,,,
P12,5.0,91.5,0,,,
P12,5.0,92.5,0,,,
P12,5.0,93.5,0,,,
P12,5.0,94.5,0,,,
P12,5.0,95.5,0,,,
P12,5.0,96.5,0,,,
P12,5.0,97.5,0,,,
P12,5.0,98.5,0,,,
P12,5.0,99.5,0,,,
P12,5.0,100.5,0,,,
P12,5.0,101.5,0,,,
P12,5.0,102.5,0,,,
P12,5.0,103.5,0,,,
P12,5.0,104.5,0,,,
P12,5.0,105.5,0,,,
P12,5.0,106.5,0,,,
P12,5.0,107.5,0,,,
P12,5.0,108.5,0,,,
P12,5.0,109.5,0,,,
P12,5.0,110.5,0,,,
P12,5.0,111.5,0,,,
P12,5.0,112.5,0,,,
P12,5.0,113.5,0,,,
P12,5.0,114.5,0,,,
P12,5.0,115.5,0,,,
P12,5.0,116.5,0,,,
P12,5.0,117.5,0,,,
P12,5.0,118.5,0,,,
P12,5.0,119.5,0,,,
P12,5.0,120.5,0,,,
P12,5.0,121.5,0,,,
P12,5.0,122.5,0,,,
P12,5.0,123.5,0,,,
P12,5.0,124.5,0,,,
P12,5.0,125.5,0,,,
P12,5.0,126.5,0,,,
P12,5.0,127.5,0,,,
P12,5.0,128.5,9,620.4299926757812,620.3499755859375,620.5700073242188
P12,5.0,129.5,28,619.239990234375,619.1300048828125,619.4599761962891
P12,5.0,130.5,44,619.1799926757812,619.0949859619141,619.2974853515625
P12,5.0,131.5,57,619.1300048828125,619.0900268554688,619.2000122070312
P12,5.0,132.5,128,618.9600219726562,618.9199829101562,619.0
P12,5.0,133.5,165,618.9000244140625,618.8499755859375,618.9400024414062
P12,5.0,134.5,156,618.8599853515625,618.75,618.9099731445312
P12,5.0,135.5,180,618.8900146484375,618.7999877929688,618.9500122070312
P12,5.0,136.5,184,618.9199829101562,618.8699951171875,618.969970703125
P12,5.0,137.5,131,618.8800048828125,618.8400268554688,618.9199829101562
P12,5.0,138.5,123,618.9000244140625,618.8400268554688,619.0599975585938
P12,5.0,139.5,124,619.2000122070312,619.1199951171875,619.2725219726562
P12,5.0,140.5,152,619.1749877929688,619.0900268554688,619.280029296875
P12,5.0,141.5,175,619.1199951171875,619.0700073242188,619.219970703125
P12,5.0,142.5,195,619.0999755859375,619.0449829101562,619.1749877929688
P12,5.0,143.5,204,619.0800170898438,619.010009765625,619.1400146484375
P12,5.0,144.5,184,618.9400024414062,618.760009765625,619.1400146484375
P12,5.0,145.5,126,618.780029296875,618.6799926757812,618.8975219726562
P12,5.0,146.5,107,618.8400268554688,618.75,618.9199829101562
P12,5.0,147.5,169,618.9600219726562,618.8499755859375,619.219970703125
P12,5.0,148.5,163,619.239990234375,619.0250244140625,619.280029296875
P12,5.0,149.5,75,619.2899780273438,619.2249755859375,619.364990234375
P12,5.0,150.5,122,619.1799926757812,619.1400146484375,619.27001953125
P12,5.0,151.5,147,619.0900268554688,619.0449829101562,619.1300048828125
P12,5.0,152.5,187,618.9000244140625,618.75,619.0250244140625
P12,5.0,153.5,189,618.77001953125,618.6500244140625,618.9400024414062
P12,5.0,154.5,193,618.72998046875,618.6699829101562,618.9000244140625
P12,5.0,155.5,196,618.7000122070312,618.6300048828125,618.8400268554688
P12,5.0,156.5,185,618.7000122070312,618.6199951171875,618.7999877929688
P12,5.0,157.5,199,618.5999755859375,618.4649963378906,618.719970703125
P12,5.0,158.5,199,618.510009765625,618.3599853515625,618.6699829101562
P12,5.0,159.5,198,618.5599975585938,618.3599853515625,618.6300048828125
P12,5.0,160.5,206,618.5399780273438,618.3900146484375,618.5800170898438
P12,5.0,161.5,206,618.510009765625,618.4600219726562,618.5700073242188
P12,5.0,162.5,207,618.489990234375,618.4149780273438,618.5800170898438
P12,5.0,163.5,230,618.4949951171875,618.3800048828125,618.8175048828125
P12,5.0,164.5,190,618.4299926757812,618.3400268554688,618.6099853515625
P12,5.0,165.5,193,618.469970703125,618.27001953125,618.6300048828125
P12,5.0,166.5,204,618.405029296875,618.2000122070312,618.58251953125
P12,5.0,167.5,226,618.4199829101562,618.1400146484375,618.9400024414062
P12,5.0,168.5,232,618.405029296875,618.0599975585938,618.9625091552734
P12,5.0,169.5,242,618.2650146484375,617.9824829101562,619.0374908447266
P12,5.0,170.5,241,618.0800170898438,617.8699951171875,619.0499877929688
P12,5.0,171.5,195,617.9299926757812,617.7650146484375,619.3049926757812
P12,5.0,172.5,205,617.8599853515625,617.6699829101562,619.4500122070312
P12,5.0,173.5,203,617.8499755859375,617.5800170898438,619.0549926757812
P12,5.0,174.5,186,617.7050170898438,617.4625091552734,618.6699829101562
P12,5.0,175.5,192,617.8300170898438,617.4099731445312,619.2274780273438
P12,5.0,176.5,138,617.4349975585938,617.27001953125,619.7675170898438
P12,5.0,177.5,139,617.4000244140625,617.1900024414062,619.9249877929688
P12,5.0,178.5,143,617.2899780273438,617.0900268554688,618.5549926757812
P12,5.0,179.5,105,617.1199951171875,617.0,617.72998046875
P12,7.5,0.5,133,613.5499877929688,611.52001953125,613.77001953125
P12,7.5,1.5,115,613.530029296875,611.510009765625,613.6599731445312
P12,7.5,2.5,101,613.3200073242188,613.0599975585938,613.47998046875
P12,7.5,3.5,138,612.6799926757812,612.3425140380859,612.9774780273438
P12,7.5,4.5,126,612.0499877929688,611.8350067138672,612.2949981689453
P12,7.5,5.5,163,612.1099853515625,611.375,612.5650024414062
P12,7.5,6.5,149,611.4199829101562,610.969970703125,612.7899780273438
P12,7.5,7.5,169,611.2000122070312,610.75,612.8300170898438
P12,7.5,8.5,106,611.35498046875,610.8125,613.0424957275391
P12,7.5,9.5,74,611.39501953125,610.6425170898438,612.885009765625
P12,7.5,10.5,58,611.2900390625,609.9199829101562,612.6475219726562
P12,7.5,11.5,61,611.5499877929688,611.260009765625,612.6900024414062
P12,7.5,12.5,56,612.375,612.1749877929688,612.572509765625
P12,7.5,13.5,76,612.0850219726562,611.9199829101562,612.2125091552734
P12,7.5,14.5,52,611.9299926757812,611.8175048828125,612.0675048828125
P12,7.5,15.5,96,612.0449829101562,611.8300170898438,612.2424926757812
P12,7.5,16.5,82,611.989990234375,611.6024780273438,612.2775268554688
P12,7.5,17.5,77,611.47998046875,611.27001953125,611.6500244140625
P12,7.5,18.5,106,611.0549926757812,610.66748046875,611.2374877929688
P12,7.5,19.5,184,610.6400146484375,609.8599853515625,610.8599853515625
P12,7.5,20.5,288,610.6099853515625,610.1624908447266,610.72998046875
P12,7.5,21.5,332,610.3499755859375,609.77001953125,610.6724853515625
P12,7.5,22.5,293,610.1799926757812,609.6799926757812,610.5599975585938
P12,7.5,23.5,297,609.989990234375,609.3900146484375,610.5599975585938
P12,7.5,24.5,323,609.780029296875,608.7099914550781,610.510009765625
P12,7.5,25.5,319,610.2100219726562,608.2999877929688,610.489990234375
P12,7.5,26.5,335,610.0599975585938,608.864990234375,610.5
P12,7.5,27.5,280,610.4299926757812,609.3574829101562,610.5
P12,7.5,28.5,260,610.4099731445312,609.4525146484375,610.47998046875
P12,7.5,29.5,229,610.4000244140625,610.1400146484375,610.4600219726562
P12,7.5,30.5,267,610.3499755859375,609.6300048828125,610.4099731445312
P12,7.5,31.5,248,610.3300170898438,609.6475219726562,610.4199829101562
P12,7.5,32.5,245,610.3499755859375,609.1900024414062,610.4199829101562
P12,7.5,33.5,213,610.3699951171875,609.3400268554688,610.4400024414062
P12,7.5,34.5,232,610.3499755859375,609.0900268554688,610.4299926757812
P12,7.5,35.5,266,610.2099609375,608.7100219726562,610.489990234375
P12,7.5,36.5,270,609.9450073242188,608.5225219726562,610.52001953125
P12,7.5,37.5,285,609.8800048828125,608.4099731445312,610.489990234375
P12,7.5,38.5,289,609.3699951171875,608.219970703125,610.4400024414062
P12,7.5,39.5,279,609.1400146484375,608.0050048828125,610.469970703125
P12,7.5,40.5,270,609.0849609375,608.02001953125,610.5399780273438
P12,7.5,41.5,224,608.60498046875,607.6400146484375,610.489990234375
P12,7.5,42.5,201,608.780029296875,607.7999877929688,610.52001953125
P12,7.5,43.5,242,608.4299926757812,607.8699951171875,610.2224884033203
P12,7.5,44.5,239,608.22998046875,607.7949829101562,609.9049987792969
P12,7.5,45.5,281,608.239990234375,607.5499877929688,609.5999755859375
P12,7.5,46.5,236,608.489990234375,607.7924957275391,609.3950042724609
P12,7.5,47.5,224,608.52001953125,607.8875122070312,609.1950073242188
P12,7.5,48.5,285,608.260009765625,607.25,608.780029296875
P12,7.5,49.5,329,608.22998046875,607.1900024414062,608.8099975585938
P12,7.5,50.5,332,608.0850219726562,607.2675170898438,608.7850189208984
P12,7.5,51.5,301,608.0499877929688,607.22998046875,608.8900146484375
P12,7.5,52.5,325,607.989990234375,607.0999755859375,608.7899780273438
P12,7.5,53.5,317,607.8900146484375,607.0399780273438,608.75
P12,7.5,54.5,311,607.8099975585938,607.1099853515625,608.5850219726562
P12,7.5,55.5,324,607.739990234375,607.22998046875,608.4425048828125
P12,7.5,56.5,309,607.6900024414062,607.4099731445312,608.1300048828125
P12,7.5,57.5,292,608.0900268554688,607.6099853515625,608.4124755859375
P12,7.5,58.5,158,608.0750122070312,607.8900146484375,608.9375
P12,7.5,59.5,75,609.8400268554688,608.2749938964844,610.2000122070312
P12,7.5,60.5,43,610.8499755859375,610.635009765625,611.1000061035156
P12,7.5,61.5,28,611.135009765625,611.030029296875,611.2075042724609
P12,7.5,62.5,9,610.8200073242188,610.5900268554688,610.8699951171875
P12,7.5,63.5,69,611.1099853515625,610.739990234375,611.22998046875
P12,7.5,64.5,99,611.1699829101562,610.7899780273438,611.2949829101562
P12,7.5,65.5,119,611.1099853515625,610.6750183105469,611.3599853515625
P12,7.5,66.5,93,611.0,610.2899780273438,611.0900268554688
P12,7.5,67.5,110,610.4500122070312,610.177490234375,610.9450073242188
P12,7.5,68.5,93,611.1900024414062,610.5399780273438,611.52001953125
P12,7.5,69.5,162,610.4949951171875,610.2249755859375,611.3574829101562
P12,7.5,70.5,109,610.02001953125,609.8900146484375,611.1799926757812
P12,7.5,71.5,82,609.9000244140625,609.79248046875,610.0700073242188
P12,7.5,72.5,44,610.3099975585938,610.2324981689453,610.5150146484375
P12,7.5,73.5,5,610.969970703125,610.9400024414062,611.1599731445312
P12,7.5,74.5,0,,,
P12,7.5,75.5,0,,,
P12,7.5,76.5,0,,,
P12,7.5,77.5,0,,,
P12,7.5,78.5,0,,,
P12,7.5,79.5,0,,,
P12,7.5,80.5,0,,,
P12,7.5,81.5,0,,,
P12,7.5,82.5,0,,,
P12,7.5,83.5,0,,,
P12,7.5,84.5,0,,,
P12,7.5,85.5,0,,,
P12,7.5,86.5,0,,,
P12,7.5,87.5,0,,,
P12,7.5,88.5,0,,,
P12,7.5,89.5,0,,,
P12,7.5,90.5,0,,,
P12,7.5,91.5,0,,,
P12,7.5,92.5,0,,,
P12,7.5,93.5,0,,,
P12,7.5,94.5,0,,,
P12,7.5,95.5,0,,,
P12,7.5,96.5,0,,,
P12,7.5,97.5,0,,,
P12,7.5,98.5,0,,,
P12,7.5,99.5,0,,,
P12,7.5,100.5,0,,,
P12,7.5,101.5,0,,,
P12,7.5,102.5,0,,,
P12,7.5,103.5,0,,,
P12,7.5,104.5,0,,,
P12,7.5,105.5,0,,,
P12,7.5,106.5,0,,,
P12,7.5,107.5,0,,,
P12,7.5,108.5,0,,,
P12,7.5,109.5,0,,,
P12,7.5,110.5,0,,,
P12,7.5,111.5,0,,,
P12,7.5,112.5,0,,,
P12,7.5,113.5,0,,,
P12,7.5,114.5,0,,,
P12,7.5,115.5,18,621.4500122070312,621.2349853515625,621.9400024414062
P12,7.5,116.5,31,621.4299926757812,621.1699829101562,621.5799865722656
P12,7.5,117.5,8,620.8299560546875,620.7824859619141,620.9075164794922
P12,7.5,118.5,13,620.8400268554688,620.760009765625,620.8900146484375
P12,7.5,119.5,3,620.780029296875,620.7750244140625,620.780029296875
P12,7.5,120.5,27,620.9099731445312,620.7149963378906,620.989990234375
P12,7.5,121.5,35,620.72998046875,620.4599914550781,620.9849853515625
P12,7.5,122.5,44,621.114990234375,620.8300170898438,621.3075256347656
P12,7.5,123.5,9,621.1699829101562,621.0900268554688,622.3900146484375
P12,7.5,124.5,9,620.239990234375,619.0599975585938,620.2899780273438
P12,7.5,125.5,19,619.239990234375,619.1299743652344,620.2749938964844
P12,7.5,126.5,13,619.2000122070312,619.1300048828125,619.260009765625
P12,7.5,127.5,30,619.0,618.8925170898438,619.0924835205078
P12,7.5,128.5,62,618.9450073242188,618.8800048828125,619.1024932861328
P12,7.5,129.5,81,618.9600219726562,618.8200073242188,619.1400146484375
P12,7.5,130.5,71,619.0499877929688,618.8900146484375,619.2249755859375
P12,7.5,131.5,57,619.1300048828125,619.0900268554688,619.2000122070312
P12,7.5,132.5,128,618.9600219726562,618.9199829101562,619.0
P12,7.5,133.5,165,618.9000244140625,618.8499755859375,618.9400024414062
P12,7.5,134.5,187,618.8599853515625,618.72998046875,618.9099731445312
P12,7.5,135.5,238,618.8800048828125,618.760009765625,618.9500122070312
P12,7.5,136.5,238,618.9099731445312,618.8499755859375,618.969970703125
P12,7.5,137.5,173,618.8800048828125,618.8300170898438,618.9299926757812
P12,7.5,138.5,171,618.9500122070312,618.8699951171875,619.0900268554688
P12,7.5,139.5,177,619.1900024414062,619.0900268554688,619.260009765625
P12,7.5,140.5,202,619.1799926757812,619.0925140380859,619.27001953125
P12,7.5,141.5,230,619.0999755859375,619.030029296875,619.1900024414062
P12,7.5,142.5,255,619.0900268554688,619.02001953125,619.1900024414062
P12,7.5,143.5,242,619.0800170898438,618.989990234375,619.1500244140625
P12,7.5,144.5,229,618.8400268554688,618.6900024414062,619.1300048828125
P12,7.5,145.5,149,618.780029296875,618.6799926757812,618.8800048828125
P12,7.5,146.5,109,618.8400268554688,618.75,618.9199829101562
P12,7.5,147.5,190,619.0549926757812,618.8624877929688,619.219970703125
P12,7.5,148.5,195,619.22998046875,619.0399780273438,619.260009765625
P12,7.5,149.5,131,619.2100219726562,619.1699829101562,619.3099975585938
P12,7.5,150.5,205,619.1400146484375,618.780029296875,619.2000122070312
P12,7.5,151.5,233,619.0800170898438,618.5,619.1199951171875
P12,7.5,152.5,279,618.8900146484375,618.625,619.0399780273438
P12,7.5,153.5,263,618.72998046875,618.5999755859375,618.9500122070312
P12,7.5,154.5,286,618.7100219726562,618.58251953125,618.9099731445312
P12,7.5,155.5,280,618.6900024414062,618.5999755859375,618.8599853515625
P12,7.5,156.5,279,618.6900024414062,618.5499877929688,618.8200073242188
P12,7.5,157.5,284,618.635009765625,618.4400024414062,618.7625122070312
P12,7.5,158.5,320,618.52001953125,618.3375244140625,618.7000122070312
P12,7.5,159.5,257,618.5999755859375,618.4000244140625,618.6699829101562
P12,7.5,160.5,283,618.5700073242188,618.4099731445312,618.6499938964844
P12,7.5,161.5,291,618.530029296875,618.4550170898438,618.6599731445312
P12,7.5,162.5,320,618.52001953125,618.4199829101562,618.9600067138672
P12,7.5,163.5,305,618.5499877929688,618.4099731445312,618.8300170898438
P12,7.5,164.5,243,618.510009765625,618.3599853515625,618.7000122070312
P12,7.5,165.5,261,618.5900268554688,618.2999877929688,618.760009765625
P12,7.5,166.5,295,618.530029296875,618.2650146484375,619.0050048828125
P12,7.5,167.5,330,618.5250244140625,618.2000122070312,619.3099975585938
P12,7.5,168.5,340,618.489990234375,618.1400146484375,619.3624877929688
P12,7.5,169.5,357,618.4199829101562,618.0499877929688,619.4000244140625
P12,7.5,170.5,359,618.27001953125,617.9500122070312,619.3099975585938
P12,7.5,171.5,296,618.1950073242188,617.8099975585938,619.4124755859375
P12,7.5,172.5,317,618.1799926757812,617.72998046875,619.530029296875
P12,7.5,173.5,294,618.0499877929688,617.6199951171875,619.6475219726562
P12,7.5,174.5,276,617.885009765625,617.489990234375,619.72998046875
P12,7.5,175.5,286,618.010009765625,617.4000244140625,619.9049835205078
P12,7.5,176.5,246,617.5499877929688,617.2625122070312,619.9400024414062
P12,7.5,177.5,255,617.4600219726562,617.14501953125,619.989990234375
P12,7.5,178.5,244,617.2899780273438,617.0474853515625,620.04248046875
P12,7.5,179.5,202,617.10498046875,616.9299926757812,619.9099731445312
P13,2.5,0.5,0,,,
P13,2.5,1.5,0,,,
P13,2.5,2.5,0,,,
P13,2.5,3.5,0,,,
P13,2.5,4.5,0,,,
P13,2.5,5.5,0,,,
P13,2.5,6.5,0,,,
P13,2.5,7.5,0,,,
P13,2.5,8.5,0,,,
P13,2.5,9.5,0,,,
P13,2.5,10.5,0,,,
P13,2.5,11.5,0,,,
P13,2.5,12.5,0,,,
P13,2.5,13.5,0,,,
P13,2.5,14.5,0,,,
P13,2.5,15.5,0,,,
P13,2.5,16.5,3,603.8099975585938,603.8099975585938,603.8099975585938
P13,2.5,17.5,0,,,
P13,2.5,18.5,0,,,
P13,2.5,19.5,0,,,
P13,2.5,20.5,0,,,
P13,2.5,21.5,0,,,
P13,2.5,22.5,0,,,
P13,2.5,23.5,0,,,
P13,2.5,24.5,0,,,
P13,2.5,25.5,0,,,
P13,2.5,26.5,0,,,
P13,2.5,27.5,0,,,
P13,2.5,28.5,0,,,
P13,2.5,29.5,0,,,
P13,2.5,30.5,0,,,
P13,2.5,31.5,0,,,
P13,2.5,32.5,0,,,
P13,2.5,33.5,0,,,
P13,2.5,34.5,0,,,
P13,2.5,35.5,0,,,
P13,2.5,36.5,0,,,
P13,2.5,37.5,0,,,
P13,2.5,38.5,0,,,
P13,2.5,39.5,2,,,
P13,2.5,40.5,63,604.989990234375,604.9149780273438,605.0700073242188
P13,2.5,41.5,41,604.9000244140625,604.8599853515625,604.9600219726562
P13,2.5,42.5,32,604.875,604.8474884033203,604.9375
P13,2.5,43.5,30,604.85498046875,604.802490234375,604.989990234375
P13,2.5,44.5,0,,,
P13,2.5,45.5,0,,,
P13,2.5,46.5,0,,,
P13,2.5,47.5,0,,,
P13,2.5,48.5,0,,,
P13,2.5,49.5,0,,,
P13,2.5,50.5,0,,,
P13,2.5,51.5,0,,,
P13,2.5,52.5,1,,,
P13,2.5,53.5,11,607.4000244140625,607.4000244140625,607.719970703125
P13,2.5,54.5,0,,,
P13,2.5,55.5,4,607.574951171875,607.5499877929688,607.6099853515625
P13,2.5,56.5,0,,,
P13,2.5,57.5,18,607.8350219726562,607.7624969482422,607.864990234375
P13,2.5,58.5,67,607.530029296875,607.4400024414062,607.6300048828125
P13,2.5,59.5,66,607.3900146484375,607.3099975585938,607.47998046875
P13,2.5,60.5,27,607.8400268554688,607.7750244140625,607.989990234375
P13,2.5,61.5,6,608.135009765625,608.1124877929688,608.1950225830078
P13,2.5,62.5,0,,,
P13,2.5,63.5,0,,,
P13,2.5,64.5,0,,,
P13,2.5,65.5,0,,,
P13,2.5,66.5,0,,,
P13,2.5,67.5,0,,,
P13,2.5,68.5,0,,,
P13,2.5,69.5,0,,,
P13,2.5,70.5,0,,,
P13,2.5,71.5,0,,,
P13,2.5,72.5,0,,,
P13,2.5,73.5,0,,,
P13,2.5,74.5,0,,,
P13,2.5,75.5,0,,,
P13,2.5,76.5,0,,,
P13,2.5,77.5,0,,,
P13,2.5,78.5,0,,,
P13,2.5,79.5,0,,,
P13,2.5,80.5,0,,,
P13,2.5,81.5,0,,,
P13,2.5,82.5,0,,,
P13,2.5,83.5,0,,,
P13,2.5,84.5,0,,,
P13,2.5,85.5,0,,,
P13,2.5,86.5,0,,,
P13,2.5,87.5,0,,,
P13,2.5,88.5,0,,,
P13,2.5,89.5,0,,,
P13,2.5,90.5,0,,,
P13,2.5,91.5,0,,,
P13,2.5,92.5,0,,,
P13,2.5,93.5,0,,,
P13,2.5,94.5,0,,,
P13,2.5,95.5,0,,,
P13,2.5,96.5,0,,,
P13,2.5,97.5,0,,,
P13,2.5,98.5,0,,,
P13,2.5,99.5,0,,,
P13,2.5,100.5,0,,,
P13,2.5,101.5,0,,,
P13,2.5,102.5,0,,,
P13,2.5,103.5,0,,,
P13,2.5,104.5,0,,,
P13,2.5,105.5,0,,,
P13,2.5,106.5,0,,,
P13,2.5,107.5,0,,,
P13,2.5,108.5,0,,,
P13,2.5,109.5,0,,,
P13,2.5,110.5,0,,,
P13,2.5,111.5,0,,,
P13,2.5,112.5,0,,,
P13,2.5,113.5,0,,,
P13,2.5,114.5,0,,,
P13,2.5,115.5,0,,,
P13,2.5,116.5,0,,,
P13,2.5,117.5,0,,,
P13,2.5,118.5,0,,,
P13,2.5,119.5,0,,,
P13,2.5,120.5,0,,,
P13,2.5,121.5,0,,,
P13,2.5,122.5,0,,,
P13,2.5,123.5,0,,,
P13,2.5,124.5,0,,,
P13,2.5,125.5,0,,,
P13,2.5,126.5,0,,,
P13,2.5,127.5,0,,,
P13,2.5,128.5,0,,,
P13,2.5,129.5,0,,,
P13,2.5,130.5,0,,,
P13,2.5,131.5,0,,,
P13,2.5,132.5,0,,,
P13,2.5,133.5,9,618.6300048828125,618.5900268554688,618.6599731445312
P13,2.5,134.5,56,618.5150146484375,618.3549957275391,618.6599731445312
P13,2.5,135.5,64,618.4450073242188,618.2274932861328,618.6974945068359
P13,2.5,136.5,47,618.5900268554688,618.530029296875,618.6400146484375
P13,2.5,137.5,29,618.8300170898438,618.75,618.8699951171875
P13,2.5,138.5,7,618.9500122070312,618.9049987792969,618.97998046875
P13,2.5,139.5,0,,,
P13,2.5,140.5,0,,,
P13,2.5,141.5,0,,,
P13,2.5,142.5,0,,,
P13,2.5,143.5,0,,,
P13,2.5,144.5,0,,,
P13,2.5,145.5,0,,,
P13,2.5,146.5,0,,,
P13,2.5,147.5,0,,,
P13,2.5,148.5,4,618.3900146484375,618.3150177001953,618.4824981689453
P13,2.5,149.5,24,618.1799926757812,618.1174926757812,618.239990234375
P13,2.5,150.5,59,618.280029296875,618.1649780273438,618.4049987792969
P13,2.5,151.5,77,618.3599853515625,618.239990234375,618.4600219726562
P13,2.5,152.5,61,618.1599731445312,618.0599975585938,618.219970703125
P13,2.5,153.5,41,618.25,618.1599731445312,618.3499755859375
P13,2.5,154.5,60,618.3699951171875,618.1849975585938,618.5
P13,2.5,155.5,68,618.3350219726562,618.1574859619141,618.4199829101562
P13,2.5,156.5,98,618.094970703125,617.989990234375,618.2100219726562
P13,2.5,157.5,82,618.0,617.9600219726562,618.0399780273438
P13,2.5,158.5,124,618.1900024414062,618.0875244140625,618.280029296875
P13,2.5,159.5,56,618.1199951171875,617.9874877929688,618.3624877929688
P13,2.5,160.5,69,618.1199951171875,618.0,618.25
P13,2.5,161.5,71,618.0499877929688,617.9550170898438,618.2449951171875
P13,2.5,162.5,58,618.239990234375,618.1400146484375,618.41748046875
P13,2.5,163.5,105,618.5499877929688,618.4500122070312,618.6199951171875
P13,2.5,164.5,107,618.6099853515625,618.5700073242188,618.6900024414062
P13,2.5,165.5,105,618.6699829101562,618.5900268554688,618.760009765625
P13,2.5,166.5,63,618.77001953125,618.7050170898438,618.8250122070312
P13,2.5,167.5,66,618.5499877929688,618.3450164794922,618.70751953125
P13,2.5,168.5,103,618.52001953125,618.4000244140625,618.5999755859375
P13,2.5,169.5,115,618.4400024414062,618.3500061035156,618.5449829101562
P13,2.5,170.5,123,618.3900146484375,618.2550048828125,618.489990234375
P13,2.5,171.5,103,618.3699951171875,618.1599731445312,618.5350036621094
P13,2.5,172.5,103,618.260009765625,618.0499877929688,618.3800048828125
P13,2.5,173.5,80,617.8599853515625,617.5949859619141,617.969970703125
P13,2.5,174.5,49,617.489990234375,617.3699951171875,617.6699829101562
P13,2.5,175.5,55,617.280029296875,617.2249755859375,617.4199829101562
P13,2.5,176.5,72,617.1749877929688,617.0999755859375,617.3724975585938
P13,2.5,177.5,93,617.1400146484375,617.0399780273438,617.3499755859375
P13,2.5,178.5,108,617.0350341796875,616.927490234375,617.1925048828125
P13,2.5,179.5,109,616.9099731445312,616.8400268554688,616.97998046875
P13,5.0,0.5,0,,,
P13,5.0,1.5,0,,,
P13,5.0,2.5,0,,,
P13,5.0,3.5,0,,,
P13,5.0,4.5,0,,,
P13,5.0,5.5,0,,,
P13,5.0,6.5,0,,,
P13,5.0,7.5,0,,,
P13,5.0,8.5,0,,,
P13,5.0,9.5,0,,,
P13,5.0,10.5,0,,,
P13,5.0,11.5,0,,,
P13,5.0,12.5,0,,,
P13,5.0,13.5,0,,,
P13,5.0,14.5,0,,,
P13,5.0,15.5,0,,,
P13,5.0,16.5,66,604.0650024414062,603.9299926757812,604.2999877929688
P13,5.0,17.5,71,603.9400024414062,603.89501953125,604.0899963378906
P13,5.0,18.5,70,604.39501953125,604.1599731445312,604.8400268554688
P13,5.0,19.5,0,,,
P13,5.0,20.5,0,,,
P13,5.0,21.5,0,,,
P13,5.0,22.5,0,,,
P13,5.0,23.5,0,,,
P13,5.0,24.5,0,,,
P13,5.0,25.5,0,,,
P13,5.0,26.5,0,,,
P13,5.0,27.5,0,,,
P13,5.0,28.5,0,,,
P13,5.0,29.5,0,,,
P13,5.0,30.5,0,,,
P13,5.0,31.5,0,,,
P13,5.0,32.5,0,,,
P13,5.0,33.5,0,,,
P13,5.0,34.5,0,,,
P13,5.0,35.5,0,,,
P13,5.0,36.5,5,607.9000244140625,607.9000244140625,607.9099731445312
P13,5.0,37.5,24,607.7000122070312,607.54248046875,607.9749755859375
P13,5.0,38.5,43,606.1099853515625,605.4400024414062,607.0549926757812
P13,5.0,39.5,21,605.6400146484375,605.3400268554688,605.8900146484375
P13,5.0,40.5,121,605.1300048828125,604.989990234375,605.3499755859375
P13,5.0,41.5,106,605.030029296875,604.9400024414062,605.1699829101562
P13,5.0,42.5,109,605.3099975585938,604.9600219726562,605.5499877929688
P13,5.0,43.5,78,605.364990234375,604.9575042724609,605.5374908447266
P13,5.0,44.5,32,605.510009765625,605.4049835205078,605.719970703125
P13,5.0,45.5,0,,,
P13,5.0,46.5,6,609.60498046875,609.5900268554688,609.6275024414062
P13,5.0,47.5,10,609.3250122070312,609.2474822998047,609.4425201416016
P13,5.0,48.5,10,609.1500244140625,609.08251953125,609.2149810791016
P13,5.0,49.5,15,609.0800170898438,609.010009765625,609.1099853515625
P13,5.0,50.5,26,608.35498046875,608.2449951171875,608.4824981689453
P13,5.0,51.5,31,608.0399780273438,607.9849853515625,608.0850219726562
P13,5.0,52.5,41,608.0399780273438,608.0,608.1400146484375
P13,5.0,53.5,65,608.2100219726562,608.030029296875,608.3099975585938
P13,5.0,54.5,45,608.1300048828125,608.0599975585938,608.2100219726562
P13,5.0,55.5,46,608.094970703125,607.989990234375,608.1849975585938
P13,5.0,56.5,31,608.0800170898438,608.0250244140625,608.14501953125
P13,5.0,57.5,32,607.8350219726562,607.7474975585938,607.885009765625
P13,5.0,58.5,78,607.510009765625,607.3925170898438,607.6199951171875
P13,5.0,59.5,71,607.4000244140625,607.3099975585938,607.5250244140625
P13,5.0,60.5,37,607.9299926757812,607.7999877929688,608.2100219726562
P13,5.0,61.5,6,608.135009765625,608.1124877929688,608.1950225830078
P13,5.0,62.5,1,,,
P13,5.0,63.5,0,,,
P13,5.0,64.5,0,,,
P13,5.0,65.5,0,,,
P13,5.0,66.5,0,,,
P13,5.0,67.5,0,,,
P13,5.0,68.5,0,,,
P13,5.0,69.5,0,,,
P13,5.0,70.5,0,,,
P13,5.0,71.5,0,,,
P13,5.0,72.5,0,,,
P13,5.0,73.5,0,,,
P13,5.0,74.5,0,,,
P13,5.0,75.5,0,,,
P13,5.0,76.5,0,,,
P13,5.0,77.5,0,,,
P13,5.0,78.5,0,,,
P13,5.0,79.5,0,,,
P13,5.0,80.5,0,,,
P13,5.0,81.5,0,,,
P13,5.0,82.5,0,,,
P13,5.0,83.5,0,,,
P13,5.0,84.5,0,,,
P13,5.0,85.5,0,,,
P13,5.0,86.5,0,,,
P13,5.0,87.5,0,,,
P13,5.0,88.5,0,,,
P13,5.0,89.5,0,,,
P13,5.0,90.5,0,,,
P13,5.0,91.5,0,,,
P13,5.0,92.5,0,,,
P13,5.0,93.5,0,,,
P13,5.0,94.5,0,,,
P13,5.0,95.5,0,,,
P13,5.0,96.5,0,,,
P13,5.0,97.5,0,,,
P13,5.0,98.5,0,,,
P13,5.0,99.5,0,,,
P13,5.0,100.5,0,,,
P13,5.0,101.5,0,,,
P13,5.0,102.5,0,,,
P13,5.0,103.5,0,,,
P13,5.0,104.5,0,,,
P13,5.0,105.5,0,,,
P13,5.0,106.5,0,,,
P13,5.0,107.5,0,,,
P13,5.0,108.5,0,,,
P13,5.0,109.5,0,,,
P13,5.0,110.5,0,,,
P13,5.0,111.5,0,,,
P13,5.0,112.5,0,,,
P13,5.0,113.5,0,,,
P13,5.0,114.5,0,,,
P13,5.0,115.5,0,,,
P13,5.0,116.5,0,,,
P13,5.0,117.5,0,,,
P13,5.0,118.5,0,,,
P13,5.0,119.5,0,,,
P13,5.0,120.5,0,,,
P13,5.0,121.5,0,,,
P13,5.0,122.5,0,,,
P13,5.0,123.5,0,,,
P13,5.0,124.5,0,,,
P13,5.0,125.5,0,,,
P13,5.0,126.5,0,,,
P13,5.0,127.5,0,,,
P13,5.0,128.5,0,,,
P13,5.0,129.5,0,,,
P13,5.0,130.5,0,,,
P13,5.0,131.5,0,,,
P13,5.0,132.5,0,,,
P13,5.0,133.5,10,618.6300048828125,618.5975189208984,618.6574859619141
P13,5.0,134.5,85,618.510009765625,618.3900146484375,618.6599731445312
P13,5.0,135.5,122,618.47998046875,618.3724975585938,618.6549835205078
P13,5.0,136.5,104,618.530029296875,618.4400024414062,618.6099853515625
P13,5.0,137.5,81,618.6400146484375,618.5399780273438,618.760009765625
P13,5.0,138.5,50,618.9299926757812,618.8900146484375,619.0
P13,5.0,139.5,42,619.0700073242188,619.0225219726562,619.0999755859375
P13,5.0,140.5,36,619.0999755859375,619.0574951171875,619.177490234375
P13,5.0,141.5,39,619.030029296875,618.9299926757812,619.135009765625
P13,5.0,142.5,36,618.9550170898438,618.8674926757812,619.010009765625
P13,5.0,143.5,40,618.739990234375,618.677490234375,618.8099975585938
P13,5.0,144.5,33,618.5700073242188,618.489990234375,618.6599731445312
P13,5.0,145.5,27,618.6599731445312,618.5600280761719,618.7200012207031
P13,5.0,146.5,2,,,
P13,5.0,147.5,0,,,
P13,5.0,148.5,6,618.5250244140625,618.3650207519531,618.8949890136719
P13,5.0,149.5,46,618.4100341796875,618.1799926757812,618.8200073242188
P13,5.0,150.5,101,618.3800048828125,618.239990234375,618.530029296875
P13,5.0,151.5,129,618.3900146484375,618.3099975585938,618.469970703125
P13,5.0,152.5,115,618.22998046875,618.1500244140625,618.3699951171875
P13,5.0,153.5,107,618.3499755859375,618.22998046875,618.4849853515625
P13,5.0,154.5,157,618.3599853515625,618.1699829101562,618.5399780273438
P13,5.0,155.5,157,618.280029296875,618.0599975585938,618.469970703125
P13,5.0,156.5,173,618.1400146484375,618.0,618.3099975585938
P13,5.0,157.5,152,618.02001953125,617.95751953125,618.1300048828125
P13,5.0,158.5,202,618.1900024414062,618.0800170898438,618.280029296875
P13,5.0,159.5,131,618.1699829101562,617.969970703125,618.3400268554688
P13,5.0,160.5,172,618.1799926757812,618.010009765625,618.33251953125
P13,5.0,161.5,171,618.1400146484375,617.9249877929688,618.3499755859375
P13,5.0,162.5,117,618.3400268554688,618.2100219726562,618.489990234375
P13,5.0,163.5,161,618.530029296875,618.4099731445312,618.6099853515625
P13,5.0,164.5,177,618.5700073242188,618.4600219726562,618.6300048828125
P13,5.0,165.5,176,618.6500244140625,618.5800170898438,618.760009765625
P13,5.0,166.5,116,618.6400146484375,618.5574951171875,618.7725219726562
P13,5.0,167.5,122,618.489990234375,618.3800048828125,618.6275024414062
P13,5.0,168.5,182,618.489990234375,618.3825073242188,618.5800170898438
P13,5.0,169.5,220,618.4199829101562,618.27001953125,618.5499877929688
P13,5.0,170.5,237,618.3499755859375,618.1500244140625,618.489990234375
P13,5.0,171.5,203,618.2100219726562,617.8900146484375,618.4000244140625
P13,5.0,172.5,210,618.0700073242188,617.7100219726562,618.260009765625
P13,5.0,173.5,180,617.875,617.5800170898438,618.010009765625
P13,5.0,174.5,152,617.5700073242188,617.45751953125,617.760009765625
P13,5.0,175.5,125,617.4099731445312,617.2999877929688,617.5
P13,5.0,176.5,141,617.3300170898438,617.1699829101562,617.4199829101562
P13,5.0,177.5,162,617.2249755859375,617.1124877929688,617.3699951171875
P13,5.0,178.5,218,617.1900024414062,617.0399780273438,617.3699951171875
P13,5.0,179.5,220,617.02001953125,616.9099731445312,617.1325073242188
P13,7.5,0.5,0,,,
P13,7.5,1.5,0,,,
P13,7.5,2.5,0,,,
P13,7.5,3.5,0,,,
P13,7.5,4.5,0,,,
P13,7.5,5.5,0,,,
P13,7.5,6.5,0,,,
P13,7.5,7.5,0,,,
P13,7.5,8.5,0,,,
P13,7.5,9.5,0,,,
P13,7.5,10.5,0,,,
P13,7.5,11.5,0,,,
P13,7.5,12.5,0,,,
P13,7.5,13.5,0,,,
P13,7.5,14.5,0,,,
P13,7.5,15.5,0,,,
P13,7.5,16.5,84,604.0700073242188,603.91748046875,604.2999877929688
P13,7.5,17.5,115,604.0999755859375,603.9199829101562,604.4000244140625
P13,7.5,18.5,155,604.3699951171875,604.1199951171875,604.6650085449219
P13,7.5,19.5,81,604.1699829101562,603.9299926757812,604.4000244140625
P13,7.5,20.5,67,604.030029296875,603.85498046875,604.5
P13,7.5,21.5,14,604.0449829101562,603.9000244140625,604.6474761962891
P13,7.5,22.5,12,603.9249877929688,603.9024810791016,604.0850067138672
P13,7.5,23.5,0,,,
P13,7.5,24.5,0,,,
P13,7.5,25.5,0,,,
P13,7.5,26.5,0,,,
P13,7.5,27.5,0,,,
P13,7.5,28.5,0,,,
P13,7.5,29.5,0,,,
P13,7.5,30.5,0,,,
P13,7.5,31.5,2,,,
P13,7.5,32.5,43,608.1799926757812,607.3250122070312,608.9000244140625
P13,7.5,33.5,88,607.0450439453125,606.0924835205078,608.1724853515625
P13,7.5,34.5,65,605.8200073242188,605.530029296875,606.1900024414062
P13,7.5,35.5,32,606.760009765625,605.47998046875,606.9275207519531
P13,7.5,36.5,100,606.1099853515625,605.6099853515625,607.0625152587891
P13,7.5,37.5,107,606.4600219726562,605.6849975585938,607.614990234375
P13,7.5,38.5,120,605.5449829101562,605.2274780273438,606.27001953125
P13,7.5,39.5,74,605.280029296875,605.1749877929688,605.6049957275391
P13,7.5,40.5,173,605.2000122070312,605.0399780273438,605.4400024414062
P13,7.5,41.5,124,605.0499877929688,604.9674835205078,605.1900024414062
P13,7.5,42.5,137,605.2899780273438,604.989990234375,605.510009765625
P13,7.5,43.5,133,605.2899780273438,605.02001953125,605.4600219726562
P13,7.5,44.5,90,605.4099731445312,605.2650146484375,605.6049957275391
P13,7.5,45.5,46,605.489990234375,605.322509765625,605.5974884033203
P13,7.5,46.5,32,609.3499755859375,609.1824951171875,609.4849853515625
P13,7.5,47.5,26,609.2650146484375,608.9625091552734,609.375
P13,7.5,48.5,12,609.1849975585938,609.0875244140625,609.2725067138672
P13,7.5,49.5,15,609.0800170898438,609.010009765625,609.1099853515625
P13,7.5,50.5,70,608.2650146484375,608.0325164794922,608.447509765625
P13,7.5,51.5,90,607.8599853515625,607.739990234375,608.02001953125
P13,7.5,52.5,115,608.010009765625,607.8499755859375,608.1199951171875
P13,7.5,53.5,126,608.2249755859375,608.0499877929688,608.3400268554688
P13,7.5,54.5,96,608.1900024414062,608.1099853515625,608.27001953125
P13,7.5,55.5,102,608.1400146484375,607.9824829101562,608.2575073242188
P13,7.5,56.5,91,608.010009765625,607.7050170898438,608.114990234375
P13,7.5,57.5,86,607.7449951171875,607.5900268554688,607.8400268554688
P13,7.5,58.5,120,607.6300048828125,607.4600219726562,607.8425140380859
P13,7.5,59.5,87,607.4400024414062,607.3400268554688,607.9100036621094
P13,7.5,60.5,37,607.9299926757812,607.7999877929688,608.2100219726562
P13,7.5,61.5,6,608.135009765625,608.1124877929688,608.1950225830078
P13,7.5,62.5,1,,,
P13,7.5,63.5,0,,,
P13,7.5,64.5,0,,,
P13,7.5,65.5,0,,,
P13,7.5,66.5,0,,,
P13,7.5,67.5,0,,,
P13,7.5,68.5,0,,,
P13,7.5,69.5,0,,,
P13,7.5,70.5,0,,,
P13,7.5,71.5,0,,,
P13,7.5,72.5,0,,,
P13,7.5,73.5,0,,,
P13,7.5,74.5,0,,,
P13,7.5,75.5,0,,,
P13,7.5,76.5,0,,,
P13,7.5,77.5,0,,,
P13,7.5,78.5,0,,,
P13,7.5,79.5,0,,,
P13,7.5,80.5,0,,,
P13,7.5,81.5,0,,,
P13,7.5,82.5,0,,,
P13,7.5,83.5,0,,,
P13,7.5,84.5,0,,,
P13,7.5,85.5,0,,,
P13,7.5,86.5,0,,,
P13,7.5,87.5,0,,,
P13,7.5,88.5,0,,,
P13,7.5,89.5,0,,,
P13,7.5,90.5,0,,,
P13,7.5,91.5,0,,,
P13,7.5,92.5,0,,,
P13,7.5,93.5,0,,,
P13,7.5,94.5,0,,,
P13,7.5,95.5,0,,,
P13,7.5,96.5,0,,,
P13,7.5,97.5,0,,,
P13,7.5,98.5,0,,,
P13,7.5,99.5,0,,,
P13,7.5,100.5,0,,,
P13,7.5,101.5,0,,,
P13,7.5,102.5,0,,,
P13,7.5,103.5,0,,,
P13,7.5,104.5,0,,,
P13,7.5,105.5,0,,,
P13,7.5,106.5,0,,,
P13,7.5,107.5,0,,,
P13,7.5,108.5,0,,,
P13,7.5,109.5,0,,,
P13,7.5,110.5,0,,,
P13,7.5,111.5,0,,,
P13,7.5,112.5,0,,,
P13,7.5,113.5,0,,,
P13,7.5,114.5,0,,,
P13,7.5,115.5,0,,,
P13,7.5,116.5,0,,,
P13,7.5,117.5,0,,,
P13,7.5,118.5,0,,,
P13,7.5,119.5,0,,,
P13,7.5,120.5,0,,,
P13,7.5,121.5,0,,,
P13,7.5,122.5,0,,,
P13,7.5,123.5,0,,,
P13,7.5,124.5,0,,,
P13,7.5,125.5,0,,,
P13,7.5,126.5,0,,,
P13,7.5,127.5,0,,,
P13,7.5,128.5,0,,,
P13,7.5,129.5,0,,,
P13,7.5,130.5,0,,,
P13,7.5,131.5,0,,,
P13,7.5,132.5,0,,,
P13,7.5,133.5,13,618.6500244140625,618.6199951171875,618.7100219726562
P13,7.5,134.5,112,618.6300048828125,618.4199829101562,618.8125
P13,7.5,135.5,173,618.6300048828125,618.4099731445312,618.7899780273438
P13,7.5,136.5,143,618.5999755859375,618.4749755859375,618.7650146484375
P13,7.5,137.5,120,618.7550048828125,618.5800170898438,618.8800048828125
P13,7.5,138.5,100,618.9299926757812,618.8699951171875,619.0125122070312
P13,7.5,139.5,105,619.0900268554688,619.02001953125,619.1799926757812
P13,7.5,140.5,87,619.25,619.1300048828125,619.2899780273438
P13,7.5,141.5,89,619.0900268554688,619.0,619.1500244140625
P13,7.5,142.5,90,618.989990234375,618.9224853515625,619.0700073242188
P13,7.5,143.5,89,618.989990234375,618.760009765625,619.1400146484375
P13,7.5,144.5,83,618.8300170898438,618.6099853515625,619.0449829101562
P13,7.5,145.5,78,618.6900024414062,618.6099853515625,618.7474975585938
P13,7.5,146.5,55,618.6900024414062,618.625,618.7899780273438
P13,7.5,147.5,38,618.7349853515625,618.6925048828125,618.7899780273438
P13,7.5,148.5,54,618.7999877929688,618.6500244140625,618.8599853515625
P13,7.5,149.5,58,618.760009765625,618.2025146484375,618.8400268554688
P13,7.5,150.5,101,618.3800048828125,618.239990234375,618.530029296875
P13,7.5,151.5,142,618.4000244140625,618.3125,618.5225219726562
P13,7.5,152.5,135,618.260009765625,618.1599731445312,618.4549865722656
P13,7.5,153.5,150,618.4450073242188,618.25,618.6400146484375
P13,7.5,154.5,211,618.489990234375,618.219970703125,618.6300048828125
P13,7.5,155.5,210,618.4099731445312,618.1300048828125,618.5999755859375
P13,7.5,156.5,224,618.2249755859375,618.010009765625,618.6400146484375
P13,7.5,157.5,205,618.0800170898438,617.97998046875,618.52001953125
P13,7.5,158.5,250,618.25,618.1099853515625,618.3400268554688
P13,7.5,159.5,184,618.3200073242188,618.010009765625,618.3599853515625
P13,7.5,160.5,225,618.2899780273438,618.0399780273438,618.3699951171875
P13,7.5,161.5,236,618.280029296875,617.9674835205078,618.4099731445312
P13,7.5,162.5,164,618.3900146484375,618.239990234375,618.52001953125
P13,7.5,163.5,222,618.530029296875,618.4299926757812,618.6099853515625
P13,7.5,164.5,233,618.5700073242188,618.4600219726562,618.6500244140625
P13,7.5,165.5,218,618.6199951171875,618.489990234375,618.719970703125
P13,7.5,166.5,171,618.5700073242188,618.3800048828125,618.7249755859375
P13,7.5,167.5,176,618.3900146484375,618.1599731445312,618.5599975585938
P13,7.5,168.5,228,618.4299926757812,618.14501953125,618.5499877929688
P13,7.5,169.5,279,618.3800048828125,618.0700073242188,618.530029296875
P13,7.5,170.5,296,618.25,617.9674835205078,618.469970703125
P13,7.5,171.5,286,618.0900268554688,617.8599853515625,618.3400268554688
P13,7.5,172.5,307,617.969970703125,617.77001953125,618.1900024414062
P13,7.5,173.5,301,617.8300170898438,617.6500244140625,617.97998046875
P13,7.5,174.5,254,617.614990234375,617.5,617.760009765625
P13,7.5,175.5,247,617.5700073242188,617.4099731445312,617.7899780273438
P13,7.5,176.5,239,617.4299926757812,617.2899780273438,617.6500244140625
P13,7.5,177.5,226,617.3499755859375,617.1599731445312,617.5599975585938
P13,7.5,178.5,294,617.2949829101562,617.0900268554688,617.5599975585938
P13,7.5,179.5,303,617.0999755859375,616.9500122070312,617.3599853515625
P14,2.5,0.5,0,,,
P14,2.5,1.5,0,,,
P14,2.5,2.5,0,,,
P14,2.5,3.5,0,,,
P14,2.5,4.5,0,,,
P14,2.5,5.5,0,,,
P14,2.5,6.5,0,,,
P14,2.5,7.5,0,,,
P14,2.5,8.5,0,,,
P14,2.5,9.5,0,,,
P14,2.5,10.5,0,,,
P14,2.5,11.5,0,,,
P14,2.5,12.5,0,,,
P14,2.5,13.5,0,,,
P14,2.5,14.5,0,,,
P14,2.5,15.5,0,,,
P14,2.5,16.5,0,,,
P14,2.5,17.5,0,,,
P14,2.5,18.5,0,,,
P14,2.5,19.5,0,,,
P14,2.5,20.5,0,,,
P14,2.5,21.5,0,,,
P14,2.5,22.5,0,,,
P14,2.5,23.5,8,604.8900146484375,604.7450103759766,604.8900146484375
P14,2.5,24.5,30,603.9000244140625,603.77001953125,604.0175170898438
P14,2.5,25.5,8,603.9599609375,603.927490234375,603.9999847412109
P14,2.5,26.5,0,,,
P14,2.5,27.5,0,,,
P14,2.5,28.5,0,,,
P14,2.5,29.5,0,,,
P14,2.5,30.5,0,,,
P14,2.5,31.5,0,,,
P14,2.5,32.5,0,,,
P14,2.5,33.5,0,,,
P14,2.5,34.5,0,,,
P14,2.5,35.5,0,,,
P14,2.5,36.5,1,,,
P14,2.5,37.5,7,605.9600219726562,605.9600219726562,606.0
P14,2.5,38.5,19,607.719970703125,607.6799926757812,607.9800109863281
P14,2.5,39.5,6,607.9199829101562,607.8799896240234,608.0124816894531
P14,2.5,40.5,0,,,
P14,2.5,41.5,0,,,
P14,2.5,42.5,33,608.260009765625,608.1500244140625,608.2999877929688
P14,2.5,43.5,75,608.02001953125,607.8699951171875,608.0999755859375
P14,2.5,44.5,70,607.875,607.7725219726562,608.0050048828125
P14,2.5,45.5,109,607.8599853515625,607.719970703125,607.9600219726562
P14,2.5,46.5,82,607.6300048828125,607.4974975585938,607.8375244140625
P14,2.5,47.5,73,607.7899780273438,607.6300048828125,607.8599853515625
P14,2.5,48.5,79,607.6699829101562,607.6099853515625,607.7899780273438
P14,2.5,49.5,113,607.5,607.260009765625,607.6400146484375
P14,2.5,50.5,111,607.3800048828125,607.2750244140625,607.4849853515625
P14,2.5,51.5,109,607.1599731445312,606.97998046875,607.25
P14,2.5,52.5,130,606.8350219726562,606.75,606.9600219726562
P14,2.5,53.5,127,607.1500244140625,607.0050048828125,607.239990234375
P14,2.5,54.5,117,607.3400268554688,607.239990234375,607.4299926757812
P14,2.5,55.5,105,607.47998046875,607.3800048828125,607.5700073242188
P14,2.5,56.5,25,607.6799926757812,607.6500244140625,607.739990234375
P14,2.5,57.5,8,607.7349853515625,607.5974884033203,607.8450164794922
P14,2.5,58.5,0,,,
P14,2.5,59.5,0,,,
P14,2.5,60.5,0,,,
P14,2.5,61.5,0,,,
P14,2.5,62.5,0,,,
P14,2.5,63.5,0,,,
P14,2.5,64.5,0,,,
P14,2.5,65.5,0,,,
P14,2.5,66.5,0,,,
P14,2.5,67.5,0,,,
P14,2.5,68.5,0,,,
P14,2.5,69.5,0,,,
P14,2.5,70.5,0,,,
P14,2.5,71.5,0,,,
P14,2.5,72.5,0,,,
P14,2.5,73.5,0,,,
P14,2.5,74.5,0,,,
P14,2.5,75.5,0,,,
P14,2.5,76.5,0,,,
P14,2.5,77.5,0,,,
P14,2.5,78.5,0,,,
P14,2.5,79.5,0,,,
P14,2.5,80.5,0,,,
P14,2.5,81.5,0,,,
P14,2.5,82.5,0,,,
P14,2.5,83.5,0,,,
P14,2.5,84.5,0,,,
P14,2.5,85.5,0,,,
P14,2.5,86.5,0,,,
P14,2.5,87.5,0,,,
P14,2.5,88.5,0,,,
P14,2.5,89.5,0,,,
P14,2.5,90.5,0,,,
P14,2.5,91.5,0,,,
P14,2.5,92.5,0,,,
P14,2.5,93.5,0,,,
P14,2.5,94.5,0,,,
P14,2.5,95.5,0,,,
P14,2.5,96.5,0,,,
P14,2.5,97.5,0,,,
P14,2.5,98.5,0,,,
P14,2.5,99.5,0,,,
P14,2.5,100.5,0,,,
P14,2.5,101.5,0,,,
P14,2.5,102.5,0,,,
P14,2.5,103.5,0,,,
P14,2.5,104.5,0,,,
P14,2.5,105.5,0,,,
P14,2.5,106.5,0,,,
P14,2.5,107.5,0,,,
P14,2.5,108.5,0,,,
P14,2.5,109.5,0,,,
P14,2.5,110.5,0,,,
P14,2.5,111.5,0,,,
P14,2.5,112.5,0,,,
P14,2.5,113.5,0,,,
P14,2.5,114.5,0,,,
P14,2.5,115.5,0,,,
P14,2.5,116.5,0,,,
P14,2.5,117.5,0,,,
P14,2.5,118.5,0,,,
P14,2.5,119.5,0,,,
P14,2.5,120.5,0,,,
P14,2.5,121.5,0,,,
P14,2.5,122.5,0,,,
P14,2.5,123.5,0,,,
P14,2.5,124.5,0,,,
P14,2.5,125.5,0,,,
P14,2.5,126.5,0,,,
P14,2.5,127.5,0,,,
P14,2.5,128.5,0,,,
P14,2.5,129.5,0,,,
P14,2.5,130.5,0,,,
P14,2.5,131.5,0,,,
P14,2.5,132.5,0,,,
P14,2.5,133.5,0,,,
P14,2.5,134.5,0,,,
P14,2.5,135.5,0,,,
P14,2.5,136.5,0,,,
P14,2.5,137.5,0,,,
P14,2.5,138.5,0,,,
P14,2.5,139.5,0,,,
P14,2.5,140.5,0,,,
P14,2.5,141.5,0,,,
P14,2.5,142.5,0,,,
P14,2.5,143.5,0,,,
P14,2.5,144.5,0,,,
P14,2.5,145.5,0,,,
P14,2.5,146.5,0,,,
P14,2.5,147.5,0,,,
P14,2.5,148.5,0,,,
P14,2.5,149.5,0,,,
P14,2.5,150.5,0,,,
P14,2.5,151.5,0,,,
P14,2.5,152.5,0,,,
P14,2.5,153.5,0,,,
P14,2.5,154.5,0,,,
P14,2.5,155.5,0,,,
P14,2.5,156.5,0,,,
P14,2.5,157.5,0,,,
P14,2.5,158.5,0,,,
P14,2.5,159.5,0,,,
P14,2.5,160.5,0,,,
P14,2.5,161.5,0,,,
P14,2.5,162.5,0,,,
P14,2.5,163.5,0,,,
P14,2.5,164.5,0,,,
P14,2.5,165.5,0,,,
P14,2.5,166.5,0,,,
P14,2.5,167.5,0,,,
P14,2.5,168.5,0,,,
P14,2.5,169.5,0,,,
P14,2.5,170.5,0,,,
P14,2.5,171.5,0,,,
P14,2.5,172.5,0,,,
P14,2.5,173.5,0,,,
P14,2.5,174.5,0,,,
P14,2.5,175.5,0,,,
P14,2.5,176.5,0,,,
P14,2.5,177.5,0,,,
P14,2.5,178.5,0,,,
P14,2.5,179.5,0,,,
P14,5.0,0.5,0,,,
P14,5.0,1.5,1,,,
P14,5.0,2.5,2,,,
P14,5.0,3.5,2,,,
P14,5.0,4.5,3,610.280029296875,610.1600036621094,610.280029296875
P14,5.0,5.5,0,,,
P14,5.0,6.5,0,,,
P14,5.0,7.5,0,,,
P14,5.0,8.5,0,,,
P14,5.0,9.5,0,,,
P14,5.0,10.5,0,,,
P14,5.0,11.5,0,,,
P14,5.0,12.5,0,,,
P14,5.0,13.5,0,,,
P14,5.0,14.5,0,,,
P14,5.0,15.5,0,,,
P14,5.0,16.5,0,,,
P14,5.0,17.5,0,,,
P14,5.0,18.5,0,,,
P14,5.0,19.5,0,,,
P14,5.0,20.5,0,,,
P14,5.0,21.5,0,,,
P14,5.0,22.5,4,606.85498046875,606.7774963378906,606.9200134277344
P14,5.0,23.5,21,606.5999755859375,604.8900146484375,606.780029296875
P14,5.0,24.5,43,603.97998046875,603.885009765625,606.5399780273438
P14,5.0,25.5,8,603.9599609375,603.927490234375,603.9999847412109
P14,5.0,26.5,0,,,
P14,5.0,27.5,0,,,
P14,5.0,28.5,0,,,
P14,5.0,29.5,0,,,
P14,5.0,30.5,0,,,
P14,5.0,31.5,0,,,
P14,5.0,32.5,0,,,
P14,5.0,33.5,7,603.9299926757812,603.9149780273438,604.0150146484375
P14,5.0,34.5,5,604.3499755859375,604.1400146484375,604.4600219726562
P14,5.0,35.5,13,604.4199829101562,604.3800048828125,604.469970703125
P14,5.0,36.5,53,604.7100219726562,604.5900268554688,604.7999877929688
P14,5.0,37.5,64,605.364990234375,605.1300048828125,605.6724853515625
P14,5.0,38.5,115,607.0399780273438,606.6999816894531,607.6799926757812
P14,5.0,39.5,72,607.625,607.3724975585938,607.9099731445312
P14,5.0,40.5,28,608.0050048828125,607.7874908447266,608.1074829101562
P14,5.0,41.5,5,608.1400146484375,608.1199951171875,608.22998046875
P14,5.0,42.5,36,608.2750244140625,608.1574859619141,608.3200073242188
P14,5.0,43.5,84,608.0050048828125,607.8499755859375,608.0850067138672
P14,5.0,44.5,115,607.739990234375,607.4149780273438,607.9149780273438
P14,5.0,45.5,179,607.739990234375,607.52001953125,607.8900146484375
P14,5.0,46.5,169,607.8499755859375,607.6400146484375,608.0399780273438
P14,5.0,47.5,145,607.8599853515625,607.760009765625,607.97998046875
P14,5.0,48.5,164,607.780029296875,607.6375122070312,607.9324951171875
P14,5.0,49.5,204,607.5599975585938,607.3200073242188,607.780029296875
P14,5.0,50.5,234,607.3900146484375,607.2100219726562,607.5374908447266
P14,5.0,51.5,241,607.1599731445312,606.9199829101562,607.3099975585938
P14,5.0,52.5,240,606.97998046875,606.8200073242188,607.1300048828125
P14,5.0,53.5,265,607.1599731445312,607.010009765625,607.27001953125
P14,5.0,54.5,226,607.3699951171875,607.2100219726562,607.530029296875
P14,5.0,55.5,227,607.52001953125,607.3800048828125,607.72998046875
P14,5.0,56.5,75,607.7999877929688,607.6500244140625,608.27001953125
P14,5.0,57.5,20,608.1199951171875,607.8400268554688,608.2374877929688
P14,5.0,58.5,0,,,
P14,5.0,59.5,0,,,
P14,5.0,60.5,0,,,
P14,5.0,61.5,0,,,
P14,5.0,62.5,0,,,
P14,5.0,63.5,0,,,
P14,5.0,64.5,0,,,
P14,5.0,65.5,0,,,
P14,5.0,66.5,0,,,
P14,5.0,67.5,0,,,
P14,5.0,68.5,0,,,
P14,5.0,69.5,0,,,
P14,5.0,70.5,0,,,
P14,5.0,71.5,0,,,
P14,5.0,72.5,0,,,
P14,5.0,73.5,0,,,
P14,5.0,74.5,0,,,
P14,5.0,75.5,0,,,
P14,5.0,76.5,0,,,
P14,5.0,77.5,0,,,
P14,5.0,78.5,0,,,
P14,5.0,79.5,0,,,
P14,5.0,80.5,0,,,
P14,5.0,81.5,0,,,
P14,5.0,82.5,0,,,
P14,5.0,83.5,0,,,
P14,5.0,84.5,0,,,
P14,5.0,85.5,0,,,
P14,5.0,86.5,0,,,
P14,5.0,87.5,0,,,
P14,5.0,88.5,0,,,
P14,5.0,89.5,0,,,
P14,5.0,90.5,0,,,
P14,5.0,91.5,0,,,
P14,5.0,92.5,0,,,
P14,5.0,93.5,0,,,
P14,5.0,94.5,0,,,
P14,5.0,95.5,0,,,
P14,5.0,96.5,0,,,
P14,5.0,97.5,0,,,
P14,5.0,98.5,0,,,
P14,5.0,99.5,0,,,
P14,5.0,100.5,0,,,
P14,5.0,101.5,0,,,
P14,5.0,102.5,0,,,
P14,5.0,103.5,0,,,
P14,5.0,104.5,0,,,
P14,5.0,105.5,0,,,
P14,5.0,106.5,0,,,
P14,5.0,107.5,0,,,
P14,5.0,108.5,0,,,
P14,5.0,109.5,0,,,
P14,5.0,110.5,0,,,
P14,5.0,111.5,0,,,
P14,5.0,112.5,0,,,
P14,5.0,113.5,0,,,
P14,5.0,114.5,0,,,
P14,5.0,115.5,0,,,
P14,5.0,116.5,0,,,
P14,5.0,117.5,0,,,
P14,5.0,118.5,0,,,
P14,5.0,119.5,0,,,
P14,5.0,120.5,0,,,
P14,5.0,121.5,0,,,
P14,5.0,122.5,0,,,
P14,5.0,123.5,0,,,
P14,5.0,124.5,0,,,
P14,5.0,125.5,0,,,
P14,5.0,126.5,0,,,
P14,5.0,127.5,0,,,
P14,5.0,128.5,0,,,
P14,5.0,129.5,0,,,
P14,5.0,130.5,0,,,
P14,5.0,131.5,0,,,
P14,5.0,132.5,0,,,
P14,5.0,133.5,0,,,
P14,5.0,134.5,0,,,
P14,5.0,135.5,0,,,
P14,5.0,136.5,0,,,
P14,5.0,137.5,0,,,
P14,5.0,138.5,0,,,
P14,5.0,139.5,0,,,
P14,5.0,140.5,0,,,
P14,5.0,141.5,0,,,
P14,5.0,142.5,0,,,
P14,5.0,143.5,0,,,
P14,5.0,144.5,0,,,
P14,5.0,145.5,0,,,
P14,5.0,146.5,0,,,
P14,5.0,147.5,0,,,
P14,5.0,148.5,0,,,
P14,5.0,149.5,0,,,
P14,5.0,150.5,0,,,
P14,5.0,151.5,0,,,
P14,5.0,152.5,0,,,
P14,5.0,153.5,0,,,
P14,5.0,154.5,0,,,
P14,5.0,155.5,0,,,
P14,5.0,156.5,0,,,
P14,5.0,157.5,0,,,
P14,5.0,158.5,0,,,
P14,5.0,159.5,0,,,
P14,5.0,160.5,0,,,
P14,5.0,161.5,0,,,
P14,5.0,162.5,0,,,
P14,5.0,163.5,0,,,
P14,5.0,164.5,0,,,
P14,5.0,165.5,0,,,
P14,5.0,166.5,0,,,
P14,5.0,167.5,0,,,
P14,5.0,168.5,0,,,
P14,5.0,169.5,0,,,
P14,5.0,170.5,0,,,
P14,5.0,171.5,0,,,
P14,5.0,172.5,0,,,
P14,5.0,173.5,0,,,
P14,5.0,174.5,0,,,
P14,5.0,175.5,0,,,
P14,5.0,176.5,0,,,
P14,5.0,177.5,0,,,
P14,5.0,178.5,0,,,
P14,5.0,179.5,0,,,
P14,7.5,0.5,36,610.5650024414062,610.47998046875,610.635009765625
P14,7.5,1.5,51,610.280029296875,610.2149963378906,610.3599853515625
P14,7.5,2.5,51,610.260009765625,610.2050170898438,610.3099975585938
P14,7.5,3.5,47,610.239990234375,610.1849975585938,610.3049926757812
P14,7.5,4.5,9,610.280029296875,610.25,610.2899780273438
P14,7.5,5.5,0,,,
P14,7.5,6.5,0,,,
P14,7.5,7.5,0,,,
P14,7.5,8.5,0,,,
P14,7.5,9.5,0,,,
P14,7.5,10.5,0,,,
P14,7.5,11.5,0,,,
P14,7.5,12.5,0,,,
P14,7.5,13.5,0,,,
P14,7.5,14.5,0,,,
P14,7.5,15.5,0,,,
P14,7.5,16.5,0,,,
P14,7.5,17.5,0,,,
P14,7.5,18.5,0,,,
P14,7.5,19.5,0,,,
P14,7.5,20.5,0,,,
P14,7.5,21.5,6,606.864990234375,606.802490234375,606.9275054931641
P14,7.5,22.5,45,606.7899780273438,606.719970703125,606.9000244140625
P14,7.5,23.5,79,606.8800048828125,606.7899780273438,606.969970703125
P14,7.5,24.5,98,606.7550048828125,604.030029296875,606.9099731445312
P14,7.5,25.5,65,606.6900024414062,606.5800170898438,606.8599853515625
P14,7.5,26.5,22,606.5700073242188,606.5099945068359,606.5974884033203
P14,7.5,27.5,0,,,
P14,7.5,28.5,3,607.3499755859375,607.3499755859375,607.3499755859375
P14,7.5,29.5,1,,,
P14,7.5,30.5,1,,,
P14,7.5,31.5,0,,,
P14,7.5,32.5,12,604.5400390625,604.52001953125,604.6124877929688
P14,7.5,33.5,40,604.4349975585938,604.135009765625,604.530029296875
P14,7.5,34.5,70,604.52001953125,604.2725219726562,604.6500244140625
P14,7.5,35.5,80,604.4199829101562,604.3350219726562,604.5399780273438
P14,7.5,36.5,120,604.7449951171875,604.5875244140625,604.9025115966797
P14,7.5,37.5,139,605.52001953125,605.27001953125,605.9550170898438
P14,7.5,38.5,186,606.9500122070312,606.4525146484375,607.3700103759766
P14,7.5,39.5,106,607.4600219726562,607.3250122070312,607.7725219726562
P14,7.5,40.5,41,607.7899780273438,607.5700073242188,608.0599975585938
P14,7.5,41.5,5,608.1400146484375,608.1199951171875,608.22998046875
P14,7.5,42.5,49,608.1699829101562,607.739990234375,608.2999877929688
P14,7.5,43.5,117,607.8900146484375,607.5900268554688,608.0599975585938
P14,7.5,44.5,186,607.614990234375,607.2625122070312,607.9049835205078
P14,7.5,45.5,248,607.6699829101562,607.4450073242188,607.8599853515625
P14,7.5,46.5,291,607.8499755859375,607.5499877929688,608.0750122070312
P14,7.5,47.5,198,607.8200073242188,607.5950164794922,607.947509765625
P14,7.5,48.5,232,607.6950073242188,607.5574951171875,607.8800048828125
P14,7.5,49.5,309,607.4400024414062,607.1400146484375,607.7899780273438
P14,7.5,50.5,361,607.3800048828125,606.969970703125,607.5800170898438
P14,7.5,51.5,371,607.1699829101562,606.969970703125,607.3099975585938
P14,7.5,52.5,348,607.0800170898438,606.9000244140625,607.22998046875
P14,7.5,53.5,399,607.1699829101562,607.0399780273438,607.3200073242188
P14,7.5,54.5,352,607.3800048828125,607.1900024414062,607.6300048828125
P14,7.5,55.5,347,607.52001953125,607.3599853515625,607.9000244140625
P14,7.5,56.5,165,608.1099853515625,607.6500244140625,608.3099975585938
P14,7.5,57.5,25,608.1400146484375,607.8599853515625,608.3400268554688
P14,7.5,58.5,0,,,
P14,7.5,59.5,0,,,
P14,7.5,60.5,0,,,
P14,7.5,61.5,0,,,
P14,7.5,62.5,0,,,
P14,7.5,63.5,0,,,
P14,7.5,64.5,0,,,
P14,7.5,65.5,0,,,
P14,7.5,66.5,0,,,
P14,7.5,67.5,0,,,
P14,7.5,68.5,0,,,
P14,7.5,69.5,0,,,
P14,7.5,70.5,0,,,
P14,7.5,71.5,0,,,
P14,7.5,72.5,0,,,
P14,7.5,73.5,0,,,
P14,7.5,74.5,0,,,
P14,7.5,75.5,0,,,
P14,7.5,76.5,0,,,
P14,7.5,77.5,0,,,
P14,7.5,78.5,0,,,
P14,7.5,79.5,0,,,
P14,7.5,80.5,0,,,
P14,7.5,81.5,0,,,
P14,7.5,82.5,0,,,
P14,7.5,83.5,0,,,
P14,7.5,84.5,0,,,
P14,7.5,85.5,0,,,
P14,7.5,86.5,0,,,
P14,7.5,87.5,0,,,
P14,7.5,88.5,0,,,
P14,7.5,89.5,0,,,
P14,7.5,90.5,0,,,
P14,7.5,91.5,0,,,
P14,7.5,92.5,0,,,
P14,7.5,93.5,0,,,
P14,7.5,94.5,0,,,
P14,7.5,95.5,0,,,
P14,7.5,96.5,0,,,
P14,7.5,97.5,0,,,
P14,7.5,98.5,0,,,
P14,7.5,99.5,0,,,
P14,7.5,100.5,0,,,
P14,7.5,101.5,0,,,
P14,7.5,102.5,0,,,
P14,7.5,103.5,0,,,
P14,7.5,104.5,0,,,
P14,7.5,105.5,0,,,
P14,7.5,106.5,0,,,
P14,7.5,107.5,0,,,
P14,7.5,108.5,0,,,
P14,7.5,109.5,0,,,
P14,7.5,110.5,0,,,
P14,7.5,111.5,0,,,
P14,7.5,112.5,0,,,
P14,7.5,113.5,0,,,
P14,7.5,114.5,0,,,
P14,7.5,115.5,0,,,
P14,7.5,116.5,0,,,
P14,7.5,117.5,0,,,
P14,7.5,118.5,0,,,
P14,7.5,119.5,0,,,
P14,7.5,120.5,0,,,
P14,7.5,121.5,0,,,
P14,7.5,122.5,0,,,
P14,7.5,123.5,0,,,
P14,7.5,124.5,0,,,
P14,7.5,125.5,0,,,
P14,7.5,126.5,0,,,
P14,7.5,127.5,0,,,
P14,7.5,128.5,0,,,
P14,7.5,129.5,0,,,
P14,7.5,130.5,0,,,
P14,7.5,131.5,0,,,
P14,7.5,132.5,0,,,
P14,7.5,133.5,0,,,
P14,7.5,134.5,0,,,
P14,7.5,135.5,0,,,
P14,7.5,136.5,0,,,
P14,7.5,137.5,0,,,
P14,7.5,138.5,0,,,
P14,7.5,139.5,0,,,
P14,7.5,140.5,0,,,
P14,7.5,141.5,0,,,
P14,7.5,142.5,0,,,
P14,7.5,143.5,0,,,
P14,7.5,144.5,0,,,
P14,7.5,145.5,0,,,
P14,7.5,146.5,0,,,
P14,7.5,147.5,0,,,
P14,7.5,148.5,0,,,
P14,7.5,149.5,0,,,
P14,7.5,150.5,0,,,
P14,7.5,151.5,0,,,
P14,7.5,152.5,0,,,
P14,7.5,153.5,0,,,
P14,7.5,154.5,0,,,
P14,7.5,155.5,0,,,
P14,7.5,156.5,0,,,
P14,7.5,157.5,0,,,
P14,7.5,158.5,0,,,
P14,7.5,159.5,0,,,
P14,7.5,160.5,0,,,
P14,7.5,161.5,0,,,
P14,7.5,162.5,0,,,
P14,7.5,163.5,0,,,
P14,7.5,164.5,0,,,
P14,7.5,165.5,0,,,
P14,7.5,166.5,0,,,
P14,7.5,167.5,0,,,
P14,7.5,168.5,0,,,
P14,7.5,169.5,0,,,
P14,7.5,170.5,0,,,
P14,7.5,171.5,0,,,
P14,7.5,172.5,0,,,
P14,7.5,173.5,0,,,
P14,7.5,174.5,0,,,
P14,7.5,175.5,0,,,
P14,7.5,176.5,0,,,
P14,7.5,177.5,0,,,
P14,7.5,178.5,0,,,
P14,7.5,179.5,0,,,
P15,2.5,0.5,0,,,
P15,2.5,1.5,8,609.1949462890625,609.1475219726562,609.2424926757812
P15,2.5,2.5,30,608.8499755859375,608.7224731445312,608.9624786376953
P15,2.5,3.5,31,608.1400146484375,607.9949951171875,608.2949829101562
P15,2.5,4.5,65,607.9099731445312,607.77001953125,608.0499877929688
P15,2.5,5.5,64,607.594970703125,607.3474884033203,607.6824951171875
P15,2.5,6.5,70,607.3150024414062,606.7200164794922,607.5349884033203
P15,2.5,7.5,102,606.8049926757812,606.5499877929688,607.2750244140625
P15,2.5,8.5,116,606.7050170898438,606.4500122070312,606.969970703125
P15,2.5,9.5,137,606.6900024414062,606.3400268554688,606.8900146484375
P15,2.5,10.5,125,606.27001953125,606.0599975585938,606.5
P15,2.5,11.5,115,605.969970703125,605.77001953125,606.219970703125
P15,2.5,12.5,128,605.8150024414062,605.5949859619141,606.0549926757812
P15,2.5,13.5,126,605.625,605.302490234375,606.0175170898438
P15,2.5,14.5,121,605.5800170898438,605.27001953125,605.9500122070312
P15,2.5,15.5,106,605.4299926757812,605.1300048828125,605.8574829101562
P15,2.5,16.5,113,605.5399780273438,605.2100219726562,606.0800170898438
P15,2.5,17.5,123,605.5700073242188,605.2749938964844,606.1849975585938
P15,2.5,18.5,115,605.6599731445312,605.2650146484375,606.2100219726562
P15,2.5,19.5,125,605.9199829101562,605.3800048828125,606.3800048828125
P15,2.5,20.5,135,605.9000244140625,605.5,606.6499938964844
P15,2.5,21.5,127,605.8300170898438,605.3349914550781,606.6849975585938
P15,2.5,22.5,114,605.655029296875,605.1599731445312,606.16748046875
P15,2.5,23.5,117,605.8900146484375,605.4400024414062,606.3499755859375
P15,2.5,24.5,106,605.85498046875,605.5075073242188,606.3200073242188
P15,2.5,25.5,105,605.6199951171875,605.47998046875,605.989990234375
P15,2.5,26.5,101,605.6199951171875,605.5599975585938,606.0599975585938
P15,2.5,27.5,114,605.739990234375,605.6199951171875,605.969970703125
P15,2.5,28.5,120,605.7999877929688,605.5999908447266,605.8825073242188
P15,2.5,29.5,136,605.3350219726562,605.0675048828125,605.6099853515625
P15,2.5,30.5,85,605.2100219726562,605.030029296875,605.4400024414062
P15,2.5,31.5,138,605.260009765625,605.1425170898438,605.4600219726562
P15,2.5,32.5,126,605.47998046875,605.3900146484375,605.5499877929688
P15,2.5,33.5,118,605.5999755859375,605.47998046875,605.6900024414062
P15,2.5,34.5,97,605.6199951171875,605.510009765625,605.72998046875
P15,2.5,35.5,58,605.4649658203125,605.4099731445312,605.6849975585938
P15,2.5,36.5,41,605.47998046875,605.3400268554688,605.7899780273438
P15,2.5,37.5,48,605.8200073242188,605.70751953125,605.8724975585938
P15,2.5,38.5,101,605.5700073242188,605.4400024414062,605.6699829101562
P15,2.5,39.5,129,605.239990234375,605.1300048828125,605.3699951171875
P15,2.5,40.5,98,605.260009765625,605.0350189208984,605.5275268554688
P15,2.5,41.5,73,605.260009765625,605.0800170898438,605.4299926757812
P15,2.5,42.5,75,605.280029296875,605.1849975585938,605.4400024414062
P15,2.5,43.5,94,605.2650146484375,605.0625,605.4624786376953
P15,2.5,44.5,110,605.4400024414062,605.2825164794922,605.5399780273438
P15,2.5,45.5,119,605.5700073242188,605.4299926757812,605.6199951171875
P15,2.5,46.5,112,605.5499877929688,605.4400024414062,605.6500244140625
P15,2.5,47.5,112,605.5350341796875,605.4199829101562,605.6624755859375
P15,2.5,48.5,97,605.5,605.25,605.75
P15,2.5,49.5,109,605.6900024414062,605.52001953125,605.8400268554688
P15,2.5,50.5,105,605.6900024414062,605.6199951171875,605.75
P15,2.5,51.5,99,605.6900024414062,605.5950012207031,605.85498046875
P15,2.5,52.5,91,605.8300170898438,605.6749877929688,605.9099731445312
P15,2.5,53.5,91,605.9299926757812,605.8900146484375,605.9749755859375
P15,2.5,54.5,107,605.9199829101562,605.8400268554688,606.0
P15,2.5,55.5,115,605.6400146484375,605.5150146484375,605.8400268554688
P15,2.5,56.5,93,605.6500244140625,605.5700073242188,605.780029296875
P15,2.5,57.5,97,605.5900268554688,605.3900146484375,605.8099975585938
P15,2.5,58.5,94,605.4199829101562,605.2825164794922,605.5775146484375
P15,2.5,59.5,106,605.3699951171875,605.22998046875,605.5549926757812
P15,2.5,60.5,59,605.6300048828125,605.510009765625,605.7050170898438
P15,2.5,61.5,0,,,
P15,2.5,62.5,0,,,
P15,2.5,63.5,0,,,
P15,2.5,64.5,0,,,
P15,2.5,65.5,0,,,
P15,2.5,66.5,0,,,
P15,2.5,67.5,0,,,
P15,2.5,68.5,0,,,
P15,2.5,69.5,0,,,
P15,2.5,70.5,0,,,
P15,2.5,71.5,0,,,
P15,2.5,72.5,0,,,
P15,2.5,73.5,0,,,
P15,2.5,74.5,0,,,
P15,2.5,75.5,0,,,
P15,2.5,76.5,0,,,
P15,2.5,77.5,0,,,
P15,2.5,78.5,0,,,
P15,2.5,79.5,0,,,
P15,2.5,80.5,0,,,
P15,2.5,81.5,0,,,
P15,2.5,82.5,0,,,
P15,2.5,83.5,0,,,
P15,2.5,84.5,0,,,
P15,2.5,85.5,0,,,
P15,2.5,86.5,0,,,
P15,2.5,87.5,0,,,
P15,2.5,88.5,0,,,
P15,2.5,89.5,0,,,
P15,2.5,90.5,0,,,
P15,2.5,91.5,0,,,
P15,2.5,92.5,0,,,
P15,2.5,93.5,0,,,
P15,2.5,94.5,0,,,
P15,2.5,95.5,0,,,
P15,2.5,96.5,0,,,
P15,2.5,97.5,0,,,
P15,2.5,98.5,0,,,
P15,2.5,99.5,0,,,
P15,2.5,100.5,0,,,
P15,2.5,101.5,0,,,
P15,2.5,102.5,0,,,
P15,2.5,103.5,0,,,
P15,2.5,104.5,0,,,
P15,2.5,105.5,0,,,
P15,2.5,106.5,0,,,
P15,2.5,107.5,0,,,
P15,2.5,108.5,0,,,
P15,2.5,109.5,0,,,
P15,2.5,110.5,0,,,
P15,2.5,111.5,0,,,
P15,2.5,112.5,0,,,
P15,2.5,113.5,0,,,
P15,2.5,114.5,0,,,
P15,2.5,115.5,0,,,
P15,2.5,116.5,0,,,
P15,2.5,117.5,0,,,
P15,2.5,118.5,0,,,
P15,2.5,119.5,0,,,
P15,2.5,120.5,0,,,
P15,2.5,121.5,0,,,
P15,2.5,122.5,0,,,
P15,2.5,123.5,0,,,
P15,2.5,124.5,0,,,
P15,2.5,125.5,0,,,
P15,2.5,126.5,0,,,
P15,2.5,127.5,0,,,
P15,2.5,128.5,0,,,
P15,2.5,129.5,0,,,
P15,2.5,130.5,0,,,
P15,2.5,131.5,0,,,
P15,2.5,132.5,0,,,
P15,2.5,133.5,0,,,
P15,2.5,134.5,0,,,
P15,2.5,135.5,0,,,
P15,2.5,136.5,0,,,
P15,2.5,137.5,0,,,
P15,2.5,138.5,0,,,
P15,2.5,139.5,0,,,
P15,2.5,140.5,0,,,
P15,2.5,141.5,0,,,
P15,2.5,142.5,0,,,
P15,2.5,143.5,0,,,
P15,2.5,144.5,0,,,
P15,2.5,145.5,0,,,
P15,2.5,146.5,0,,,
P15,2.5,147.5,0,,,
P15,2.5,148.5,0,,,
P15,2.5,149.5,0,,,
P15,2.5,150.5,0,,,
P15,2.5,151.5,0,,,
P15,2.5,152.5,0,,,
P15,2.5,153.5,0,,,
P15,2.5,154.5,0,,,
P15,2.5,155.5,0,,,
P15,2.5,156.5,0,,,
P15,2.5,157.5,0,,,
P15,2.5,158.5,0,,,
P15,2.5,159.5,0,,,
P15,2.5,160.5,0,,,
P15,2.5,161.5,0,,,
P15,2.5,162.5,0,,,
P15,2.5,163.5,0,,,
P15,2.5,164.5,0,,,
P15,2.5,165.5,0,,,
P15,2.5,166.5,0,,,
P15,2.5,167.5,0,,,
P15,2.5,168.5,0,,,
P15,2.5,169.5,0,,,
P15,2.5,170.5,0,,,
P15,2.5,171.5,0,,,
P15,2.5,172.5,0,,,
P15,2.5,173.5,0,,,
P15,2.5,174.5,0,,,
P15,2.5,175.5,0,,,
P15,2.5,176.5,0,,,
P15,2.5,177.5,0,,,
P15,2.5,178.5,0,,,
P15,2.5,179.5,6,612.2850341796875,612.239990234375,612.3750152587891
P15,5.0,0.5,31,608.8800048828125,608.6849975585938,608.9199829101562
P15,5.0,1.5,56,608.6799926757812,608.4024810791016,609.010009765625
P15,5.0,2.5,81,608.489990234375,608.2000122070312,608.7899780273438
P15,5.0,3.5,74,607.89501953125,607.7000122070312,608.1224975585938
P15,5.0,4.5,113,607.719970703125,607.27001953125,607.9600219726562
P15,5.0,5.5,120,607.4150390625,607.1500244140625,607.6599731445312
P15,5.0,6.5,119,607.4000244140625,606.9299926757812,607.60498046875
P15,5.0,7.5,180,607.1799926757812,606.75,607.4824829101562
P15,5.0,8.5,186,607.0,606.572509765625,607.3674926757812
P15,5.0,9.5,219,606.9199829101562,606.5350036621094,607.375
P15,5.0,10.5,219,606.5800170898438,606.239990234375,607.0900268554688
P15,5.0,11.5,209,606.3499755859375,605.9099731445312,606.9400024414062
P15,5.0,12.5,200,606.0800170898438,605.7100219726562,606.54248046875
P15,5.0,13.5,195,606.010009765625,605.489990234375,606.4049987792969
P15,5.0,14.5,203,605.8200073242188,605.4550170898438,606.4000244140625
P15,5.0,15.5,205,605.7000122070312,605.260009765625,606.3400268554688
P15,5.0,16.5,214,605.510009765625,605.1925048828125,606.1475219726562
P15,5.0,17.5,224,605.3499755859375,604.989990234375,606.1925048828125
P15,5.0,18.5,211,605.4000244140625,604.7349853515625,606.2149963378906
P15,5.0,19.5,184,605.635009765625,604.8300170898438,606.3125
P15,5.0,20.5,197,605.72998046875,604.9299926757812,606.5599975585938
P15,5.0,21.5,195,605.5999755859375,604.8599853515625,606.6900024414062
P15,5.0,22.5,206,605.510009765625,604.8099975585938,606.6699829101562
P15,5.0,23.5,198,605.739990234375,604.9824829101562,606.4674835205078
P15,5.0,24.5,197,605.72998046875,605.2000122070312,606.2999877929688
P15,5.0,25.5,221,605.5800170898438,605.2100219726562,606.1599731445312
P15,5.0,26.5,195,605.6199951171875,605.4000244140625,606.0599975585938
P15,5.0,27.5,228,605.739990234375,605.4600219726562,605.97998046875
P15,5.0,28.5,222,605.7100219726562,605.47998046875,605.8499755859375
P15,5.0,29.5,262,605.4000244140625,605.1900024414062,605.6300048828125
P15,5.0,30.5,187,605.3300170898438,605.1400146484375,605.6799926757812
P15,5.0,31.5,255,605.3099975585938,605.1500244140625,605.6549987792969
P15,5.0,32.5,232,605.4600219726562,605.2174835205078,605.6124877929688
P15,5.0,33.5,232,605.5,605.1950073242188,605.6699829101562
P15,5.0,34.5,247,605.5599975585938,605.27001953125,605.6799926757812
P15,5.0,35.5,175,605.75,605.5,605.9450073242188
P15,5.0,36.5,82,605.5350341796875,605.3699951171875,605.7849884033203
P15,5.0,37.5,99,605.77001953125,605.6699829101562,605.8499755859375
P15,5.0,38.5,190,605.5599975585938,605.4299926757812,605.6599731445312
P15,5.0,39.5,221,605.3499755859375,605.2100219726562,605.469970703125
P15,5.0,40.5,203,605.4299926757812,605.25,605.5050048828125
P15,5.0,41.5,182,605.2650146484375,605.0800170898438,605.6199951171875
P15,5.0,42.5,149,605.3200073242188,605.1099853515625,605.8599853515625
P15,5.0,43.5,208,605.2999877929688,605.1199951171875,605.6224975585938
P15,5.0,44.5,236,605.5399780273438,605.3099975585938,605.79248046875
P15,5.0,45.5,228,605.5549926757812,605.3499755859375,605.6199951171875
P15,5.0,46.5,218,605.4600219726562,605.3599853515625,605.5875244140625
P15,5.0,47.5,210,605.5150146484375,605.4224853515625,605.6500244140625
P15,5.0,48.5,209,605.5599975585938,605.3699951171875,605.77001953125
P15,5.0,49.5,206,605.6500244140625,605.3724975585938,605.8099975585938
P15,5.0,50.5,216,605.6900024414062,605.5875244140625,605.7899780273438
P15,5.0,51.5,197,605.719970703125,605.6199951171875,605.9400024414062
P15,5.0,52.5,180,605.8150024414062,605.7100219726562,606.08251953125
P15,5.0,53.5,174,605.905029296875,605.7999877929688,606.0
P15,5.0,54.5,173,605.8499755859375,605.47998046875,605.989990234375
P15,5.0,55.5,203,605.5800170898438,605.1849975585938,605.8699951171875
P15,5.0,56.5,174,605.6300048828125,605.22998046875,605.8200073242188
P15,5.0,57.5,189,605.530029296875,605.0399780273438,605.8400268554688
P15,5.0,58.5,185,605.4000244140625,605.0499877929688,605.7000122070312
P15,5.0,59.5,190,605.3350219726562,605.2100219726562,605.5574951171875
P15,5.0,60.5,110,605.7000122070312,605.5925140380859,605.8175048828125
P15,5.0,61.5,0,,,
P15,5.0,62.5,0,,,
P15,5.0,63.5,0,,,
P15,5.0,64.5,0,,,
P15,5.0,65.5,0,,,
P15,5.0,66.5,0,,,
P15,5.0,67.5,0,,,
P15,5.0,68.5,0,,,
P15,5.0,69.5,0,,,
P15,5.0,70.5,0,,,
P15,5.0,71.5,0,,,
P15,5.0,72.5,0,,,
P15,5.0,73.5,0,,,
P15,5.0,74.5,0,,,
P15,5.0,75.5,0,,,
P15,5.0,76.5,0,,,
P15,5.0,77.5,0,,,
P15,5.0,78.5,0,,,
P15,5.0,79.5,0,,,
P15,5.0,80.5,0,,,
P15,5.0,81.5,0,,,
P15,5.0,82.5,0,,,
P15,5.0,83.5,0,,,
P15,5.0,84.5,0,,,
P15,5.0,85.5,0,,,
P15,5.0,86.5,0,,,
P15,5.0,87.5,0,,,
P15,5.0,88.5,0,,,
P15,5.0,89.5,0,,,
P15,5.0,90.5,0,,,
P15,5.0,91.5,0,,,
P15,5.0,92.5,0,,,
P15,5.0,93.5,0,,,
P15,5.0,94.5,0,,,
P15,5.0,95.5,0,,,
P15,5.0,96.5,0,,,
P15,5.0,97.5,0,,,
P15,5.0,98.5,0,,,
P15,5.0,99.5,0,,,
P15,5.0,100.5,0,,,
P15,5.0,101.5,0,,,
P15,5.0,102.5,0,,,
P15,5.0,103.5,0,,,
P15,5.0,104.5,0,,,
P15,5.0,105.5,0,,,
P15,5.0,106.5,0,,,
P15,5.0,107.5,0,,,
P15,5.0,108.5,0,,,
P15,5.0,109.5,0,,,
P15,5.0,110.5,0,,,
P15,5.0,111.5,0,,,
P15,5.0,112.5,0,,,
P15,5.0,113.5,0,,,
P15,5.0,114.5,0,,,
P15,5.0,115.5,0,,,
P15,5.0,116.5,0,,,
P15,5.0,117.5,0,,,
P15,5.0,118.5,0,,,
P15,5.0,119.5,0,,,
P15,5.0,120.5,0,,,
P15,5.0,121.5,0,,,
P15,5.0,122.5,0,,,
P15,5.0,123.5,0,,,
P15,5.0,124.5,0,,,
P15,5.0,125.5,0,,,
P15,5.0,126.5,0,,,
P15,5.0,127.5,0,,,
P15,5.0,128.5,0,,,
P15,5.0,129.5,0,,,
P15,5.0,130.5,0,,,
P15,5.0,131.5,0,,,
P15,5.0,132.5,0,,,
P15,5.0,133.5,0,,,
P15,5.0,134.5,0,,,
P15,5.0,135.5,0,,,
P15,5.0,136.5,0,,,
P15,5.0,137.5,0,,,
P15,5.0,138.5,0,,,
P15,5.0,139.5,0,,,
P15,5.0,140.5,0,,,
P15,5.0,141.5,0,,,
P15,5.0,142.5,0,,,
P15,5.0,143.5,0,,,
P15,5.0,144.5,0,,,
P15,5.0,145.5,0,,,
P15,5.0,146.5,0,,,
P15,5.0,147.5,0,,,
P15,5.0,148.5,0,,,
P15,5.0,149.5,0,,,
P15,5.0,150.5,0,,,
P15,5.0,151.5,0,,,
P15,5.0,152.5,0,,,
P15,5.0,153.5,0,,,
P15,5.0,154.5,0,,,
P15,5.0,155.5,0,,,
P15,5.0,156.5,0,,,
P15,5.0,157.5,0,,,
P15,5.0,158.5,0,,,
P15,5.0,159.5,0,,,
P15,5.0,160.5,0,,,
P15,5.0,161.5,0,,,
P15,5.0,162.5,0,,,
P15,5.0,163.5,0,,,
P15,5.0,164.5,0,,,
P15,5.0,165.5,0,,,
P15,5.0,166.5,0,,,
P15,5.0,167.5,0,,,
P15,5.0,168.5,0,,,
P15,5.0,169.5,0,,,
P15,5.0,170.5,0,,,
P15,5.0,171.5,0,,,
P15,5.0,172.5,0,,,
P15,5.0,173.5,0,,,
P15,5.0,174.5,0,,,
P15,5.0,175.5,0,,,
P15,5.0,176.5,0,,,
P15,5.0,177.5,0,,,
P15,5.0,178.5,0,,,
P15,5.0,179.5,6,612.2850341796875,612.239990234375,612.3750152587891
P15,7.5,0.5,71,608.6500244140625,608.469970703125,608.7899780273438
P15,7.5,1.5,98,608.4099731445312,608.2175140380859,608.7000122070312
P15,7.5,2.5,141,608.3800048828125,608.0900268554688,608.719970703125
P15,7.5,3.5,109,607.989990234375,607.780029296875,608.2100219726562
P15,7.5,4.5,121,607.77001953125,607.3400268554688,608.0
P15,7.5,5.5,121,607.4299926757812,607.1500244140625,607.6599731445312
P15,7.5,6.5,124,607.4149780273438,606.9525146484375,607.6224975585938
P15,7.5,7.5,214,607.3400268554688,606.8300170898438,607.9450073242188
P15,7.5,8.5,218,607.1199951171875,606.6724853515625,607.8700103759766
P15,7.5,9.5,244,606.9600219726562,606.5675048828125,607.7324829101562
P15,7.5,10.5,249,606.7000122070312,606.27001953125,607.6099853515625
P15,7.5,11.5,256,606.5849609375,606.0374908447266,607.6724853515625
P15,7.5,12.5,253,606.25,605.8099975585938,607.4299926757812
P15,7.5,13.5,248,606.2349853515625,605.6199951171875,607.2125091552734
P15,7.5,14.5,223,605.9199829101562,605.4949951171875,606.5700073242188
P15,7.5,15.5,207,605.7000122070312,605.2650146484375,606.35498046875
P15,7.5,16.5,226,605.5399780273438,605.2249755859375,606.0775146484375
P15,7.5,17.5,256,605.39501953125,605.0374908447266,606.0425262451172
P15,7.5,18.5,295,605.3099975585938,604.8450012207031,606.1649780273438
P15,7.5,19.5,280,605.1950073242188,604.6875,606.3125
P15,7.5,20.5,313,605.7999877929688,604.8300170898438,606.75
P15,7.5,21.5,320,605.5899658203125,604.75,606.7625122070312
P15,7.5,22.5,308,605.5150146484375,604.760009765625,606.75
P15,7.5,23.5,288,605.5700073242188,604.7324981689453,606.6024780273438
P15,7.5,24.5,290,605.5999755859375,604.6575164794922,606.3300170898438
P15,7.5,25.5,329,605.5,604.8699951171875,606.25
P15,7.5,26.5,285,605.5900268554688,605.2000122070312,606.0999755859375
P15,7.5,27.5,296,605.7000122070312,605.3275146484375,606.010009765625
P15,7.5,28.5,334,605.7100219726562,605.3724975585938,605.8900146484375
P15,7.5,29.5,361,605.4000244140625,605.2100219726562,605.6699829101562
P15,7.5,30.5,293,605.3300170898438,605.1900024414062,605.6099853515625
P15,7.5,31.5,355,605.280029296875,605.1599731445312,605.5549926757812
P15,7.5,32.5,342,605.3400268554688,605.0999755859375,605.530029296875
P15,7.5,33.5,339,605.4500122070312,605.0499877929688,605.6400146484375
P15,7.5,34.5,342,605.47998046875,605.1900024414062,605.6500244140625
P15,7.5,35.5,239,605.77001953125,605.510009765625,605.9450073242188
P15,7.5,36.5,92,605.5800170898438,605.3775024414062,605.802490234375
P15,7.5,37.5,112,605.7949829101562,605.677490234375,605.8900146484375
P15,7.5,38.5,230,605.594970703125,605.4500122070312,605.70751953125
P15,7.5,39.5,307,605.3900146484375,605.219970703125,605.52001953125
P15,7.5,40.5,306,605.4099731445312,605.1325073242188,605.530029296875
P15,7.5,41.5,257,605.4000244140625,605.0800170898438,605.8599853515625
P15,7.5,42.5,246,605.3300170898438,604.9924926757812,605.9600219726562
P15,7.5,43.5,319,605.2999877929688,605.010009765625,605.9100036621094
P15,7.5,44.5,341,605.5499877929688,605.239990234375,605.8800048828125
P15,7.5,45.5,351,605.5599975585938,605.2149963378906,605.6599731445312
P15,7.5,46.5,316,605.4600219726562,605.3200073242188,605.6224975585938
P15,7.5,47.5,342,605.5499877929688,605.3599853515625,605.719970703125
P15,7.5,48.5,338,605.6199951171875,605.3400268554688,605.9074859619141
P15,7.5,49.5,308,605.6500244140625,605.3300170898438,605.8900146484375
P15,7.5,50.5,317,605.6900024414062,605.5,605.8699951171875
P15,7.5,51.5,302,605.719970703125,605.5900268554688,606.2000122070312
P15,7.5,52.5,297,605.8200073242188,605.6699829101562,606.3200073242188
P15,7.5,53.5,289,605.9000244140625,605.75,606.4500122070312
P15,7.5,54.5,269,605.7899780273438,605.3599853515625,606.0
P15,7.5,55.5,261,605.5700073242188,605.1099853515625,605.9099731445312
P15,7.5,56.5,228,605.5700073242188,604.9974975585938,605.8200073242188
P15,7.5,57.5,237,605.25,604.969970703125,605.7999877929688
P15,7.5,58.5,242,605.2100219726562,604.9600219726562,605.5999755859375
P15,7.5,59.5,252,605.3250122070312,605.197509765625,605.52001953125
P15,7.5,60.5,127,605.719970703125,605.6099853515625,605.8250122070312
P15,7.5,61.5,0,,,
P15,7.5,62.5,0,,,
P15,7.5,63.5,0,,,
P15,7.5,64.5,0,,,
P15,7.5,65.5,0,,,
P15,7.5,66.5,0,,,
P15,7.5,67.5,0,,,
P15,7.5,68.5,0,,,
P15,7.5,69.5,0,,,
P15,7.5,70.5,0,,,
P15,7.5,71.5,0,,,
P15,7.5,72.5,0,,,
P15,7.5,73.5,0,,,
P15,7.5,74.5,0,,,
P15,7.5,75.5,0,,,
P15,7.5,76.5,0,,,
P15,7.5,77.5,0,,,
P15,7.5,78.5,0,,,
P15,7.5,79.5,0,,,
P15,7.5,80.5,0,,,
P15,7.5,81.5,0,,,
P15,7.5,82.5,0,,,
P15,7.5,83.5,0,,,
P15,7.5,84.5,0,,,
P15,7.5,85.5,0,,,
P15,7.5,86.5,0,,,
P15,7.5,87.5,0,,,
P15,7.5,88.5,0,,,
P15,7.5,89.5,0,,,
P15,7.5,90.5,0,,,
P15,7.5,91.5,0,,,
P15,7.5,92.5,0,,,
P15,7.5,93.5,0,,,
P15,7.5,94.5,0,,,
P15,7.5,95.5,0,,,
P15,7.5,96.5,0,,,
P15,7.5,97.5,0,,,
P15,7.5,98.5,0,,,
P15,7.5,99.5,0,,,
P15,7.5,100.5,0,,,
P15,7.5,101.5,0,,,
P15,7.5,102.5,0,,,
P15,7.5,103.5,0,,,
P15,7.5,104.5,0,,,
P15,7.5,105.5,0,,,
P15,7.5,106.5,0,,,
P15,7.5,107.5,0,,,
P15,7.5,108.5,0,,,
P15,7.5,109.5,0,,,
P15,7.5,110.5,0,,,
P15,7.5,111.5,0,,,
P15,7.5,112.5,0,,,
P15,7.5,113.5,0,,,
P15,7.5,114.5,0,,,
P15,7.5,115.5,0,,,
P15,7.5,116.5,0,,,
P15,7.5,117.5,0,,,
P15,7.5,118.5,0,,,
P15,7.5,119.5,0,,,
P15,7.5,120.5,0,,,
P15,7.5,121.5,0,,,
P15,7.5,122.5,0,,,
P15,7.5,123.5,0,,,
P15,7.5,124.5,0,,,
P15,7.5,125.5,0,,,
P15,7.5,126.5,0,,,
P15,7.5,127.5,0,,,
P15,7.5,128.5,0,,,
P15,7.5,129.5,0,,,
P15,7.5,130.5,0,,,
P15,7.5,131.5,0,,,
P15,7.5,132.5,0,,,
P15,7.5,133.5,0,,,
P15,7.5,134.5,0,,,
P15,7.5,135.5,0,,,
P15,7.5,136.5,0,,,
P15,7.5,137.5,0,,,
P15,7.5,138.5,0,,,
P15,7.5,139.5,0,,,
P15,7.5,140.5,0,,,
P15,7.5,141.5,0,,,
P15,7.5,142.5,0,,,
P15,7.5,143.5,0,,,
P15,7.5,144.5,0,,,
P15,7.5,145.5,0,,,
P15,7.5,146.5,0,,,
P15,7.5,147.5,0,,,
P15,7.5,148.5,0,,,
P15,7.5,149.5,0,,,
P15,7.5,150.5,0,,,
P15,7.5,151.5,0,,,
P15,7.5,152.5,0,,,
P15,7.5,153.5,0,,,
P15,7.5,154.5,0,,,
P15,7.5,155.5,0,,,
P15,7.5,156.5,0,,,
P15,7.5,157.5,0,,,
P15,7.5,158.5,0,,,
P15,7.5,159.5,0,,,
P15,7.5,160.5,0,,,
P15,7.5,161.5,0,,,
P15,7.5,162.5,0,,,
P15,7.5,163.5,0,,,
P15,7.5,164.5,0,,,
P15,7.5,165.5,0,,,
P15,7.5,166.5,0,,,
P15,7.5,167.5,0,,,
P15,7.5,168.5,0,,,
P15,7.5,169.5,0,,,
P15,7.5,170.5,0,,,
P15,7.5,171.5,0,,,
P15,7.5,172.5,0,,,
P15,7.5,173.5,0,,,
P15,7.5,174.5,0,,,
P15,7.5,175.5,0,,,
P15,7.5,176.5,0,,,
P15,7.5,177.5,0,,,
P15,7.5,178.5,0,,,
P15,7.5,179.5,6,612.2850341796875,612.239990234375,612.3750152587891
P16,2.5,0.5,0,,,
P16,2.5,1.5,0,,,
P16,2.5,2.5,0,,,
P16,2.5,3.5,0,,,
P16,2.5,4.5,0,,,
P16,2.5,5.5,0,,,
P16,2.5,6.5,0,,,
P16,2.5,7.5,0,,,
P16,2.5,8.5,0,,,
P16,2.5,9.5,0,,,
P16,2.5,10.5,0,,,
P16,2.5,11.5,0,,,
P16,2.5,12.5,0,,,
P16,2.5,13.5,0,,,
P16,2.5,14.5,0,,,
P16,2.5,15.5,0,,,
P16,2.5,16.5,0,,,
P16,2.5,17.5,0,,,
P16,2.5,18.5,0,,,
P16,2.5,19.5,0,,,
P16,2.5,20.5,4,604.260009765625,604.1850128173828,604.3199920654297
P16,2.5,21.5,22,604.1500244140625,604.0900268554688,604.2725219726562
P16,2.5,22.5,34,604.2249755859375,604.1599731445312,604.8174743652344
P16,2.5,23.5,44,604.3300170898438,604.1500244140625,604.9249877929688
P16,2.5,24.5,39,604.6400146484375,604.4200134277344,604.7950134277344
P16,2.5,25.5,24,604.9649658203125,604.7525024414062,605.375
P16,2.5,26.5,28,605.4450073242188,605.3975219726562,605.5050048828125
P16,2.5,27.5,20,605.3099975585938,604.6174926757812,605.4425048828125
P16,2.5,28.5,22,604.385009765625,604.2949829101562,605.1550140380859
P16,2.5,29.5,20,604.5850219726562,604.3975219726562,604.6600036621094
P16,2.5,30.5,0,,,
P16,2.5,31.5,4,604.2100219726562,604.1950225830078,604.2625122070312
P16,2.5,32.5,94,604.2449951171875,604.0900268554688,604.3499755859375
P16,2.5,33.5,126,603.8800048828125,603.7999877929688,604.0599975585938
P16,2.5,34.5,102,603.75,603.6325073242188,603.8300170898438
P16,2.5,35.5,97,603.7000122070312,603.6400146484375,603.739990234375
P16,2.5,36.5,63,603.7100219726562,603.6549987792969,603.72998046875
P16,2.5,37.5,44,603.780029296875,603.739990234375,603.9700164794922
P16,2.5,38.5,68,604.0800170898438,603.9249877929688,604.2050018310547
P16,2.5,39.5,61,604.3400268554688,604.260009765625,604.4500122070312
P16,2.5,40.5,39,604.6099853515625,604.4749755859375,604.7100219726562
P16,2.5,41.5,37,604.780029296875,604.72998046875,604.8900146484375
P16,2.5,42.5,60,604.5850219726562,604.52001953125,604.6550140380859
P16,2.5,43.5,70,604.5449829101562,604.469970703125,604.5875244140625
P16,2.5,44.5,63,604.6099853515625,604.530029296875,604.719970703125
P16,2.5,45.5,63,604.7000122070312,604.625,604.739990234375
P16,2.5,46.5,75,604.77001953125,604.6749877929688,604.8099975585938
P16,2.5,47.5,60,604.7999877929688,604.7000122070312,604.9324951171875
P16,2.5,48.5,63,604.6900024414062,604.5999755859375,604.8599853515625
P16,2.5,49.5,52,604.635009765625,604.5974884033203,604.7125091552734
P16,2.5,50.5,80,604.72998046875,604.5999755859375,604.8450164794922
P16,2.5,51.5,89,604.6699829101562,604.4299926757812,604.780029296875
P16,2.5,52.5,92,604.385009765625,604.1875,604.5950164794922
P16,2.5,53.5,71,604.27001953125,604.1099853515625,604.530029296875
P16,2.5,54.5,58,604.3499755859375,604.1550140380859,604.5900268554688
P16,2.5,55.5,69,604.5399780273438,604.3499755859375,604.6099853515625
P16,2.5,56.5,43,604.3099975585938,604.1649780273438,604.530029296875
P16,2.5,57.5,42,604.3200073242188,604.1749877929688,604.5075073242188
P16,2.5,58.5,57,604.4400024414062,604.3499755859375,604.510009765625
P16,2.5,59.5,67,604.3800048828125,604.2050170898438,604.530029296875
P16,2.5,60.5,59,604.530029296875,604.2799987792969,604.7900085449219
P16,2.5,61.5,17,604.5999755859375,604.510009765625,604.6900024414062
P16,2.5,62.5,0,,,
P16,2.5,63.5,0,,,
P16,2.5,64.5,0,,,
P16,2.5,65.5,0,,,
P16,2.5,66.5,0,,,
P16,2.5,67.5,0,,,
P16,2.5,68.5,0,,,
P16,2.5,69.5,0,,,
P16,2.5,70.5,0,,,
P16,2.5,71.5,0,,,
P16,2.5,72.5,0,,,
P16,2.5,73.5,0,,,
P16,2.5,74.5,0,,,
P16,2.5,75.5,0,,,
P16,2.5,76.5,0,,,
P16,2.5,77.5,0,,,
P16,2.5,78.5,0,,,
P16,2.5,79.5,0,,,
P16,2.5,80.5,0,,,
P16,2.5,81.5,0,,,
P16,2.5,82.5,0,,,
P16,2.5,83.5,0,,,
P16,2.5,84.5,0,,,
P16,2.5,85.5,0,,,
P16,2.5,86.5,0,,,
P16,2.5,87.5,0,,,
P16,2.5,88.5,0,,,
P16,2.5,89.5,0,,,
P16,2.5,90.5,0,,,
P16,2.5,91.5,0,,,
P16,2.5,92.5,0,,,
P16,2.5,93.5,0,,,
P16,2.5,94.5,0,,,
P16,2.5,95.5,0,,,
P16,2.5,96.5,0,,,
P16,2.5,97.5,0,,,
P16,2.5,98.5,0,,,
P16,2.5,99.5,0,,,
P16,2.5,100.5,0,,,
P16,2.5,101.5,0,,,
P16,2.5,102.5,0,,,
P16,2.5,103.5,0,,,
P16,2.5,104.5,0,,,
P16,2.5,105.5,0,,,
P16,2.5,106.5,0,,,
P16,2.5,107.5,0,,,
P16,2.5,108.5,0,,,
P16,2.5,109.5,0,,,
P16,2.5,110.5,0,,,
P16,2.5,111.5,0,,,
P16,2.5,112.5,0,,,
P16,2.5,113.5,0,,,
P16,2.5,114.5,0,,,
P16,2.5,115.5,0,,,
P16,2.5,116.5,34,611.4549560546875,611.3624877929688,611.572509765625
P16,2.5,117.5,65,611.7899780273438,611.6799926757812,611.9299926757812
P16,2.5,118.5,56,612.1099853515625,612.0374908447266,612.2224731445312
P16,2.5,119.5,92,612.2000122070312,612.0999755859375,612.2899780273438
P16,2.5,120.5,39,612.3900146484375,612.3049926757812,612.4749755859375
P16,2.5,121.5,27,612.2999877929688,612.1600036621094,612.4149780273438
P16,2.5,122.5,68,612.0499877929688,611.8674926757812,612.1599731445312
P16,2.5,123.5,73,612.0800170898438,611.9299926757812,612.219970703125
P16,2.5,124.5,66,612.22998046875,612.1624755859375,612.3175048828125
P16,2.5,125.5,90,612.3800048828125,612.2825164794922,612.4500122070312
P16,2.5,126.5,108,612.489990234375,612.4000244140625,612.6099853515625
P16,2.5,127.5,107,612.5,612.4400024414062,612.5999755859375
P16,2.5,128.5,100,612.7000122070312,612.6099853515625,612.760009765625
P16,2.5,129.5,109,612.7999877929688,612.7000122070312,612.8499755859375
P16,2.5,130.5,103,612.6699829101562,612.6400146484375,612.75
P16,2.5,131.5,110,612.8250122070312,612.739990234375,612.9000244140625
P16,2.5,132.5,98,612.9649658203125,612.9025115966797,613.0900268554688
P16,2.5,133.5,98,613.0850219726562,612.989990234375,613.2100219726562
P16,2.5,134.5,110,613.0549926757812,612.8925170898438,613.1799926757812
P16,2.5,135.5,105,613.0999755859375,613.02001953125,613.1500244140625
P16,2.5,136.5,102,613.0900268554688,613.010009765625,613.1599731445312
P16,2.5,137.5,106,613.0549926757812,612.9025115966797,613.16748046875
P16,2.5,138.5,120,613.1400146484375,613.02001953125,613.29248046875
P16,2.5,139.5,113,613.3900146484375,613.239990234375,613.5
P16,2.5,140.5,112,613.530029296875,613.4149932861328,613.5700073242188
P16,2.5,141.5,98,613.4199829101562,613.3699951171875,613.489990234375
P16,2.5,142.5,99,613.510009765625,613.4249877929688,613.5700073242188
P16,2.5,143.5,55,613.5599975585938,613.4849853515625,613.6549987792969
P16,2.5,144.5,40,613.7850341796875,613.7474975585938,613.8099975585938
P16,2.5,145.5,50,613.9450073242188,613.9099731445312,613.9774780273438
P16,2.5,146.5,39,613.9099731445312,613.7949829101562,613.9500122070312
P16,2.5,147.5,44,613.8400268554688,613.7974853515625,613.8925170898438
P16,2.5,148.5,46,613.9349975585938,613.8724975585938,613.9600219726562
P16,2.5,149.5,63,613.9600219726562,613.885009765625,614.0250244140625
P16,2.5,150.5,98,614.0499877929688,613.97998046875,614.1699829101562
P16,2.5,151.5,66,614.1500244140625,614.0700073242188,614.1900024414062
P16,2.5,152.5,74,614.22998046875,614.2000122070312,614.27001953125
P16,2.5,153.5,79,614.3099975585938,614.260009765625,614.3599853515625
P16,2.5,154.5,92,614.2999877929688,614.2000122070312,614.3599853515625
P16,2.5,155.5,103,614.2899780273438,614.1749877929688,614.3699951171875
P16,2.5,156.5,102,614.2650146484375,614.1799926757812,614.3375244140625
P16,2.5,157.5,107,614.27001953125,614.1900024414062,614.35498046875
P16,2.5,158.5,98,614.27001953125,614.2100219726562,614.3900146484375
P16,2.5,159.5,107,614.25,614.219970703125,614.280029296875
P16,2.5,160.5,101,614.260009765625,614.22998046875,614.2899780273438
P16,2.5,161.5,106,614.2899780273438,614.239990234375,614.3599853515625
P16,2.5,162.5,102,614.4199829101562,614.3599853515625,614.4874877929688
P16,2.5,163.5,104,614.5700073242188,614.5075073242188,614.6199951171875
P16,2.5,164.5,111,614.6599731445312,614.489990234375,614.780029296875
P16,2.5,165.5,105,614.7100219726562,614.52001953125,614.8099975585938
P16,2.5,166.5,108,614.6500244140625,614.5075073242188,614.760009765625
P16,2.5,167.5,76,614.5150146484375,614.4074859619141,614.6599731445312
P16,2.5,168.5,88,614.5250244140625,614.4674835205078,614.75
P16,2.5,169.5,59,614.4299926757812,614.3400268554688,614.47998046875
P16,2.5,170.5,54,614.3800048828125,614.3099975585938,614.4299926757812
P16,2.5,171.5,61,614.469970703125,614.4099731445312,614.530029296875
P16,2.5,172.5,52,614.4949951171875,614.4500122070312,614.5599975585938
P16,2.5,173.5,78,614.6199951171875,614.5225219726562,614.719970703125
P16,2.5,174.5,91,614.75,614.6500244140625,614.8300170898438
P16,2.5,175.5,81,614.6199951171875,614.5,614.75
P16,2.5,176.5,99,614.6099853515625,614.52001953125,614.6599731445312
P16,2.5,177.5,104,614.5650024414062,614.510009765625,614.6525115966797
P16,2.5,178.5,104,614.469970703125,614.4299926757812,614.5399780273438
P16,2.5,179.5,104,614.3400268554688,614.260009765625,614.3900146484375
P16,5.0,0.5,0,,,
P16,5.0,1.5,0,,,
P16,5.0,2.5,0,,,
P16,5.0,3.5,0,,,
P16,5.0,4.5,0,,,
P16,5.0,5.5,0,,,
P16,5.0,6.5,0,,,
P16,5.0,7.5,0,,,
P16,5.0,8.5,0,,,
P16,5.0,9.5,0,,,
P16,5.0,10.5,0,,,
P16,5.0,11.5,0,,,
P16,5.0,12.5,0,,,
P16,5.0,13.5,0,,,
P16,5.0,14.5,0,,,
P16,5.0,15.5,0,,,
P16,5.0,16.5,0,,,
P16,5.0,17.5,0,,,
P16,5.0,18.5,0,,,
P16,5.0,19.5,2,,,
P16,5.0,20.5,50,604.0449829101562,603.9199829101562,604.1624908447266
P16,5.0,21.5,100,604.0549926757812,603.9500122070312,604.2825164794922
P16,5.0,22.5,125,604.1199951171875,603.9199829101562,604.2100219726562
P16,5.0,23.5,139,604.1599731445312,603.9949951171875,604.5750122070312
P16,5.0,24.5,154,604.3400268554688,604.1925048828125,604.6375122070312
P16,5.0,25.5,93,604.3499755859375,604.25,604.6799926757812
P16,5.0,26.5,80,604.72998046875,604.52001953125,605.4050140380859
P16,5.0,27.5,85,604.3499755859375,604.1799926757812,604.97998046875
P16,5.0,28.5,117,604.47998046875,604.25,605.0800170898438
P16,5.0,29.5,78,604.6400146484375,604.4025115966797,604.9974975585938
P16,5.0,30.5,25,604.8200073242188,604.5800170898438,605.260009765625
P16,5.0,31.5,40,604.60498046875,604.3975219726562,604.79248046875
P16,5.0,32.5,229,604.0999755859375,603.8699951171875,604.3099975585938
P16,5.0,33.5,226,603.8400268554688,603.6799926757812,603.9199829101562
P16,5.0,34.5,204,603.7449951171875,603.5800170898438,603.8300170898438
P16,5.0,35.5,157,603.6500244140625,603.4500122070312,603.72998046875
P16,5.0,36.5,166,603.7100219726562,603.489990234375,603.9099731445312
P16,5.0,37.5,139,603.8800048828125,603.72998046875,604.0850219726562
P16,5.0,38.5,143,604.1500244140625,604.0350036621094,604.3099975585938
P16,5.0,39.5,137,604.3099975585938,604.219970703125,604.4199829101562
P16,5.0,40.5,145,604.4500122070312,604.260009765625,604.6099853515625
P16,5.0,41.5,148,604.6500244140625,604.1549835205078,604.780029296875
P16,5.0,42.5,155,604.5900268554688,604.3499755859375,604.7000122070312
P16,5.0,43.5,134,604.614990234375,604.5125122070312,604.9024810791016
P16,5.0,44.5,123,604.739990234375,604.5900268554688,604.9400024414062
P16,5.0,45.5,130,604.7349853515625,604.6799926757812,604.9199829101562
P16,5.0,46.5,134,604.780029296875,604.6824951171875,604.8599853515625
P16,5.0,47.5,113,604.8400268554688,604.72998046875,604.969970703125
P16,5.0,48.5,126,604.760009765625,604.6325073242188,604.8800048828125
P16,5.0,49.5,107,604.6900024414062,604.5750122070312,604.77001953125
P16,5.0,50.5,132,604.7050170898438,604.5875244140625,604.802490234375
P16,5.0,51.5,139,604.6099853515625,604.47998046875,604.7750244140625
P16,5.0,52.5,139,604.4400024414062,604.2750244140625,604.6099853515625
P16,5.0,53.5,91,604.25,604.1099853515625,604.4149780273438
P16,5.0,54.5,81,604.3800048828125,604.1300048828125,604.530029296875
P16,5.0,55.5,128,604.4550170898438,604.2274780273438,604.5599975585938
P16,5.0,56.5,102,604.4299926757812,604.2100219726562,604.5499877929688
P16,5.0,57.5,99,604.4000244140625,604.2899780273438,604.5
P16,5.0,58.5,109,604.4600219726562,604.3800048828125,604.52001953125
P16,5.0,59.5,138,604.469970703125,604.3425140380859,604.5800170898438
P16,5.0,60.5,113,604.77001953125,604.5,604.9400024414062
P16,5.0,61.5,70,605.1599731445312,604.8400115966797,605.2775268554688
P16,5.0,62.5,44,605.3900146484375,605.2949981689453,605.4625091552734
P16,5.0,63.5,10,605.4400024414062,605.4149780273438,605.4749908447266
P16,5.0,64.5,0,,,
P16,5.0,65.5,0,,,
P16,5.0,66.5,0,,,
P16,5.0,67.5,0,,,
P16,5.0,68.5,0,,,
P16,5.0,69.5,0,,,
P16,5.0,70.5,0,,,
P16,5.0,71.5,0,,,
P16,5.0,72.5,0,,,
P16,5.0,73.5,0,,,
P16,5.0,74.5,0,,,
P16,5.0,75.5,0,,,
P16,5.0,76.5,0,,,
P16,5.0,77.5,0,,,
P16,5.0,78.5,0,,,
P16,5.0,79.5,0,,,
P16,5.0,80.5,0,,,
P16,5.0,81.5,0,,,
P16,5.0,82.5,0,,,
P16,5.0,83.5,0,,,
P16,5.0,84.5,0,,,
P16,5.0,85.5,0,,,
P16,5.0,86.5,0,,,
P16,5.0,87.5,0,,,
P16,5.0,88.5,0,,,
P16,5.0,89.5,0,,,
P16,5.0,90.5,0,,,
P16,5.0,91.5,0,,,
P16,5.0,92.5,0,,,
P16,5.0,93.5,0,,,
P16,5.0,94.5,0,,,
P16,5.0,95.5,0,,,
P16,5.0,96.5,0,,,
P16,5.0,97.5,0,,,
P16,5.0,98.5,0,,,
P16,5.0,99.5,0,,,
P16,5.0,100.5,0,,,
P16,5.0,101.5,0,,,
P16,5.0,102.5,0,,,
P16,5.0,103.5,0,,,
P16,5.0,104.5,0,,,
P16,5.0,105.5,0,,,
P16,5.0,106.5,0,,,
P16,5.0,107.5,0,,,
P16,5.0,108.5,0,,,
P16,5.0,109.5,0,,,
P16,5.0,110.5,0,,,
P16,5.0,111.5,0,,,
P16,5.0,112.5,0,,,
P16,5.0,113.5,0,,,
P16,5.0,114.5,0,,,
P16,5.0,115.5,5,610.260009765625,610.2000122070312,610.6400146484375
P16,5.0,116.5,70,611.3300170898438,610.8925018310547,611.4774780273438
P16,5.0,117.5,138,611.6199951171875,611.2625122070312,611.8300170898438
P16,5.0,118.5,79,612.0700073242188,612.010009765625,612.2000122070312
P16,5.0,119.5,112,612.2149658203125,612.1199951171875,612.2899780273438
P16,5.0,120.5,90,612.1699829101562,611.9600219726562,612.3875122070312
P16,5.0,121.5,115,612.02001953125,611.3999938964844,612.2899780273438
P16,5.0,122.5,137,612.0399780273438,611.7899780273438,612.2100219726562
P16,5.0,123.5,179,612.030029296875,611.8200073242188,612.239990234375
P16,5.0,124.5,138,612.22998046875,612.1300048828125,612.3099975585938
P16,5.0,125.5,179,612.4000244140625,612.2999877929688,612.469970703125
P16,5.0,126.5,231,612.5700073242188,612.4600219726562,612.6699829101562
P16,5.0,127.5,230,612.5900268554688,612.489990234375,612.7000122070312
P16,5.0,128.5,206,612.7249755859375,612.6525115966797,612.8300170898438
P16,5.0,129.5,215,612.8200073242188,612.7000122070312,612.89501953125
P16,5.0,130.5,208,612.7100219726562,612.6400146484375,612.8125
P16,5.0,131.5,217,612.77001953125,612.7000122070312,612.8800048828125
P16,5.0,132.5,219,612.9199829101562,612.760009765625,613.0350036621094
P16,5.0,133.5,206,612.9849853515625,612.7899780273438,613.0900268554688
P16,5.0,134.5,211,612.9500122070312,612.8699951171875,613.0900268554688
P16,5.0,135.5,220,613.094970703125,612.8900146484375,613.1900024414062
P16,5.0,136.5,205,613.0900268554688,612.75,613.22998046875
P16,5.0,137.5,208,613.0599975585938,612.8200073242188,613.2224731445312
P16,5.0,138.5,227,613.1400146484375,612.8250122070312,613.3499755859375
P16,5.0,139.5,215,613.2999877929688,612.8999938964844,613.4550170898438
P16,5.0,140.5,216,613.375,612.9974975585938,613.5399780273438
P16,5.0,141.5,200,613.3900146484375,613.1300048828125,613.489990234375
P16,5.0,142.5,216,613.4400024414062,613.2999877929688,613.5499877929688
P16,5.0,143.5,155,613.530029296875,613.3250122070312,613.5900268554688
P16,5.0,144.5,108,613.6400146484375,613.3775024414062,613.77001953125
P16,5.0,145.5,143,613.780029296875,613.5750122070312,613.9500122070312
P16,5.0,146.5,129,613.75,613.6400146484375,613.8300170898438
P16,5.0,147.5,99,613.8200073242188,613.739990234375,613.885009765625
P16,5.0,148.5,108,613.8250122070312,613.739990234375,613.9199829101562
P16,5.0,149.5,158,613.77001953125,613.6325073242188,613.947509765625
P16,5.0,150.5,196,613.9550170898438,613.8200073242188,614.0700073242188
P16,5.0,151.5,164,614.0750122070312,613.989990234375,614.1699829101562
P16,5.0,152.5,167,614.2100219726562,614.0800170898438,614.280029296875
P16,5.0,153.5,168,614.280029296875,614.2100219726562,614.3499755859375
P16,5.0,154.5,191,614.239990234375,614.1300048828125,614.3099975585938
P16,5.0,155.5,187,614.280029296875,614.1599731445312,614.3699951171875
P16,5.0,156.5,205,614.2999877929688,614.22998046875,614.4000244140625
P16,5.0,157.5,209,614.2899780273438,614.2100219726562,614.4299926757812
P16,5.0,158.5,204,614.2999877929688,614.239990234375,614.4199829101562
P16,5.0,159.5,210,614.280029296875,614.22998046875,614.3900146484375
P16,5.0,160.5,209,614.2899780273438,614.25,614.3900146484375
P16,5.0,161.5,209,614.3400268554688,614.27001953125,614.4099731445312
P16,5.0,162.5,209,614.4299926757812,614.3800048828125,614.510009765625
P16,5.0,163.5,208,614.5700073242188,614.4199829101562,614.6724853515625
P16,5.0,164.5,213,614.6400146484375,614.4000244140625,614.7899780273438
P16,5.0,165.5,208,614.6300048828125,614.4874877929688,614.780029296875
P16,5.0,166.5,211,614.6400146484375,614.52001953125,614.7449951171875
P16,5.0,167.5,185,614.5499877929688,614.4500122070312,614.739990234375
P16,5.0,168.5,167,614.530029296875,614.4600219726562,614.7949829101562
P16,5.0,169.5,132,614.4500122070312,614.3699951171875,614.5150146484375
P16,5.0,170.5,142,614.4349975585938,614.322509765625,614.6099853515625
P16,5.0,171.5,153,614.47998046875,614.4000244140625,614.72998046875
P16,5.0,172.5,141,614.530029296875,614.4500122070312,614.6699829101562
P16,5.0,173.5,178,614.6400146484375,614.530029296875,614.719970703125
P16,5.0,174.5,191,614.7000122070312,614.5999755859375,614.7750244140625
P16,5.0,175.5,139,614.6400146484375,614.5,614.7000122070312
P16,5.0,176.5,204,614.6099853515625,614.510009765625,614.6799926757812
P16,5.0,177.5,207,614.5399780273438,614.47998046875,614.6300048828125
P16,5.0,178.5,203,614.4400024414062,614.3900146484375,614.5
P16,5.0,179.5,211,614.260009765625,614.219970703125,614.3599853515625
P16,7.5,0.5,0,,,
P16,7.5,1.5,0,,,
P16,7.5,2.5,0,,,
P16,7.5,3.5,0,,,
P16,7.5,4.5,0,,,
P16,7.5,5.5,0,,,
P16,7.5,6.5,0,,,
P16,7.5,7.5,0,,,
P16,7.5,8.5,0,,,
P16,7.5,9.5,0,,,
P16,7.5,10.5,0,,,
P16,7.5,11.5,0,,,
P16,7.5,12.5,0,,,
P16,7.5,13.5,0,,,
P16,7.5,14.5,0,,,
P16,7.5,15.5,0,,,
P16,7.5,16.5,0,,,
P16,7.5,17.5,1,,,
P16,7.5,18.5,16,605.0849609375,605.02001953125,605.1624755859375
P16,7.5,19.5,29,604.8800048828125,604.8400268554688,604.9199829101562
P16,7.5,20.5,118,604.4199829101562,604.0625,604.6799926757812
P16,7.5,21.5,199,604.1500244140625,604.010009765625,604.3499755859375
P16,7.5,22.5,182,603.989990234375,603.8800048828125,604.1599731445312
P16,7.5,23.5,243,604.1099853515625,603.8900146484375,604.4199829101562
P16,7.5,24.5,274,604.22998046875,603.9600219726562,604.4375
P16,7.5,25.5,206,604.2100219726562,604.0800170898438,604.4099731445312
P16,7.5,26.5,185,604.530029296875,604.1699829101562,604.7100219726562
P16,7.5,27.5,196,604.2899780273438,604.0574951171875,604.7625122070312
P16,7.5,28.5,198,604.344970703125,604.0900268554688,604.8150024414062
P16,7.5,29.5,161,604.3900146484375,604.1599731445312,604.75
P16,7.5,30.5,115,604.2899780273438,604.0599975585938,604.719970703125
P16,7.5,31.5,163,604.280029296875,603.9199829101562,604.6099853515625
P16,7.5,32.5,360,604.0650024414062,603.7899780273438,604.2999877929688
P16,7.5,33.5,347,603.8400268554688,603.6300048828125,603.97998046875
P16,7.5,34.5,331,603.780029296875,603.52001953125,603.9400024414062
P16,7.5,35.5,278,603.6749877929688,603.4299926757812,603.8875122070312
P16,7.5,36.5,303,603.780029296875,603.5800170898438,604.0800170898438
P16,7.5,37.5,282,604.0700073242188,603.780029296875,604.2874908447266
P16,7.5,38.5,279,604.2999877929688,604.0999755859375,604.4849853515625
P16,7.5,39.5,251,604.3200073242188,604.1199951171875,604.47998046875
P16,7.5,40.5,255,604.4500122070312,604.219970703125,604.6500244140625
P16,7.5,41.5,257,604.6500244140625,604.1599731445312,604.9000244140625
P16,7.5,42.5,276,604.60498046875,604.3499755859375,604.7650146484375
P16,7.5,43.5,231,604.6300048828125,604.4299926757812,604.9199829101562
P16,7.5,44.5,231,604.75,604.5399780273438,604.9500122070312
P16,7.5,45.5,229,604.8599853515625,604.7000122070312,604.9600219726562
P16,7.5,46.5,191,604.7999877929688,604.7249755859375,604.9500122070312
P16,7.5,47.5,165,604.8300170898438,604.739990234375,604.9400024414062
P16,7.5,48.5,178,604.7999877929688,604.6900024414062,604.9299926757812
P16,7.5,49.5,175,604.7100219726562,604.5750122070312,604.8250122070312
P16,7.5,50.5,181,604.6300048828125,604.5499877929688,604.77001953125
P16,7.5,51.5,193,604.5800170898438,604.5,604.72998046875
P16,7.5,52.5,166,604.4600219726562,604.3250122070312,604.6099853515625
P16,7.5,53.5,129,604.4000244140625,604.1599731445312,604.6500244140625
P16,7.5,54.5,117,604.469970703125,604.2899780273438,604.5999755859375
P16,7.5,55.5,182,604.4600219726562,604.3425140380859,604.6099853515625
P16,7.5,56.5,139,604.52001953125,604.2999877929688,604.6500244140625
P16,7.5,57.5,113,604.4400024414062,604.3099975585938,604.5800170898438
P16,7.5,58.5,154,604.5050048828125,604.4099731445312,605.20751953125
P16,7.5,59.5,193,604.5599975585938,604.3800048828125,604.8800048828125
P16,7.5,60.5,166,604.9000244140625,604.6475067138672,605.0599975585938
P16,7.5,61.5,124,605.1400146484375,604.9974975585938,605.25
P16,7.5,62.5,85,605.3800048828125,605.3099975585938,605.4500122070312
P16,7.5,63.5,10,605.4400024414062,605.4149780273438,605.4749908447266
P16,7.5,64.5,0,,,
P16,7.5,65.5,0,,,
P16,7.5,66.5,0,,,
P16,7.5,67.5,0,,,
P16,7.5,68.5,0,,,
P16,7.5,69.5,0,,,
P16,7.5,70.5,0,,,
P16,7.5,71.5,0,,,
P16,7.5,72.5,0,,,
P16,7.5,73.5,0,,,
P16,7.5,74.5,0,,,
P16,7.5,75.5,0,,,
P16,7.5,76.5,0,,,
P16,7.5,77.5,0,,,
P16,7.5,78.5,0,,,
P16,7.5,79.5,0,,,
P16,7.5,80.5,0,,,
P16,7.5,81.5,0,,,
P16,7.5,82.5,0,,,
P16,7.5,83.5,0,,,
P16,7.5,84.5,0,,,
P16,7.5,85.5,0,,,
P16,7.5,86.5,0,,,
P16,7.5,87.5,0,,,
P16,7.5,88.5,0,,,
P16,7.5,89.5,0,,,
P16,7.5,90.5,0,,,
P16,7.5,91.5,0,,,
P16,7.5,92.5,0,,,
P16,7.5,93.5,0,,,
P16,7.5,94.5,0,,,
P16,7.5,95.5,0,,,
P16,7.5,96.5,0,,,
P16,7.5,97.5,0,,,
P16,7.5,98.5,0,,,
P16,7.5,99.5,0,,,
P16,7.5,100.5,0,,,
P16,7.5,101.5,0,,,
P16,7.5,102.5,0,,,
P16,7.5,103.5,0,,,
P16,7.5,104.5,0,,,
P16,7.5,105.5,0,,,
P16,7.5,106.5,0,,,
P16,7.5,107.5,0,,,
P16,7.5,108.5,0,,,
P16,7.5,109.5,0,,,
P16,7.5,110.5,0,,,
P16,7.5,111.5,0,,,
P16,7.5,112.5,0,,,
P16,7.5,113.5,0,,,
P16,7.5,114.5,0,,,
P16,7.5,115.5,5,610.260009765625,610.2000122070312,610.6400146484375
P16,7.5,116.5,74,611.280029296875,610.7349853515625,611.4624786376953
P16,7.5,117.5,140,611.614990234375,611.25,611.8300170898438
P16,7.5,118.5,83,612.0700073242188,611.9849853515625,612.2000122070312
P16,7.5,119.5,173,612.0999755859375,610.9299926757812,612.239990234375
P16,7.5,120.5,145,611.8200073242188,610.5999755859375,612.27001953125
P16,7.5,121.5,159,611.52001953125,610.9900207519531,612.1549987792969
P16,7.5,122.5,224,611.8800048828125,611.1799926757812,612.2125091552734
P16,7.5,123.5,286,611.97998046875,611.72998046875,612.3975219726562
P16,7.5,124.5,273,612.239990234375,612.0599975585938,612.4299926757812
P16,7.5,125.5,311,612.4299926757812,612.3200073242188,612.52001953125
P16,7.5,126.5,351,612.5800170898438,612.4600219726562,612.7000122070312
P16,7.5,127.5,349,612.6199951171875,612.5,612.8099975585938
P16,7.5,128.5,331,612.7000122070312,612.6199951171875,612.8099975585938
P16,7.5,129.5,315,612.760009765625,612.6599731445312,612.8699951171875
P16,7.5,130.5,329,612.72998046875,612.6599731445312,612.8800048828125
P16,7.5,131.5,327,612.72998046875,612.6500244140625,612.8499755859375
P16,7.5,132.5,328,612.8099975585938,612.5399780273438,612.969970703125
P16,7.5,133.5,312,612.7999877929688,612.6400146484375,613.030029296875
P16,7.5,134.5,314,612.9000244140625,612.760009765625,613.0275268554688
P16,7.5,135.5,328,613.0399780273438,612.7675170898438,613.1500244140625
P16,7.5,136.5,310,613.0449829101562,612.6900024414062,613.1799926757812
P16,7.5,137.5,313,613.030029296875,612.6900024414062,613.2000122070312
P16,7.5,138.5,338,613.1099853515625,612.6699829101562,613.3300170898438
P16,7.5,139.5,294,613.2999877929688,612.802490234375,613.4500122070312
P16,7.5,140.5,303,613.3699951171875,612.8499755859375,613.5399780273438
P16,7.5,141.5,303,613.3800048828125,612.9149780273438,613.5
P16,7.5,142.5,329,613.4400024414062,613.1300048828125,613.5800170898438
P16,7.5,143.5,228,613.4600219726562,613.2100219726562,613.5925140380859
P16,7.5,144.5,160,613.3800048828125,613.1500244140625,613.739990234375
P16,7.5,145.5,205,613.6400146484375,613.4299926757812,613.9199829101562
P16,7.5,146.5,219,613.719970703125,613.5800170898438,613.8499755859375
P16,7.5,147.5,205,613.77001953125,613.6500244140625,613.8300170898438
P16,7.5,148.5,213,613.75,613.6199951171875,613.8699951171875
P16,7.5,149.5,262,613.72998046875,613.5700073242188,613.8300170898438
P16,7.5,150.5,309,613.9099731445312,613.780029296875,614.0499877929688
P16,7.5,151.5,258,614.0399780273438,613.9500122070312,614.1275024414062
P16,7.5,152.5,257,614.1500244140625,614.010009765625,614.239990234375
P16,7.5,153.5,261,614.22998046875,614.0,614.3099975585938
P16,7.5,154.5,296,614.1799926757812,614.0399780273438,614.280029296875
P16,7.5,155.5,296,614.25,614.1500244140625,614.3599853515625
P16,7.5,156.5,301,614.260009765625,614.1799926757812,614.3699951171875
P16,7.5,157.5,310,614.280029296875,614.2100219726562,614.3900146484375
P16,7.5,158.5,306,614.2899780273438,614.2324829101562,614.41748046875
P16,7.5,159.5,320,614.2999877929688,614.22998046875,614.4025115966797
P16,7.5,160.5,313,614.3099975585938,614.25,614.4400024414062
P16,7.5,161.5,309,614.3499755859375,614.280029296875,614.469970703125
P16,7.5,162.5,319,614.4400024414062,614.3599853515625,614.5999755859375
P16,7.5,163.5,309,614.5599975585938,614.3800048828125,614.72998046875
P16,7.5,164.5,316,614.6400146484375,614.4000244140625,614.7999877929688
P16,7.5,165.5,309,614.6199951171875,614.47998046875,614.780029296875
P16,7.5,166.5,318,614.614990234375,614.510009765625,614.719970703125
P16,7.5,167.5,297,614.5599975585938,614.47998046875,614.6900024414062
P16,7.5,168.5,272,614.5850219726562,614.469970703125,614.719970703125
P16,7.5,169.5,235,614.47998046875,614.4099731445312,614.719970703125
P16,7.5,170.5,249,614.530029296875,614.3900146484375,614.6500244140625
P16,7.5,171.5,256,614.5850219726562,614.4400024414062,614.77001953125
P16,7.5,172.5,246,614.625,614.4924926757812,614.8599853515625
P16,7.5,173.5,300,614.6500244140625,614.52001953125,614.8300170898438
P16,7.5,174.5,299,614.6599731445312,614.52001953125,614.739990234375
P16,7.5,175.5,235,614.6500244140625,614.5499877929688,614.7100219726562
P16,7.5,176.5,283,614.6199951171875,614.5250244140625,614.7100219726562
P16,7.5,177.5,290,614.5700073242188,614.5,614.6699829101562
P16,7.5,178.5,310,614.47998046875,614.4025115966797,614.5574951171875
P16,7.5,179.5,311,614.280029296875,614.219970703125,614.3900146484375
P17,2.5,0.5,2,,,
P17,2.5,1.5,35,605.4600219726562,605.364990234375,605.4949951171875
P17,2.5,2.5,58,605.3900146484375,605.2725219726562,605.4674835205078
P17,2.5,3.5,61,605.02001953125,604.9299926757812,605.1900024414062
P17,2.5,4.5,7,604.719970703125,604.719970703125,604.875
P17,2.5,5.5,0,,,
P17,2.5,6.5,0,,,
P17,2.5,7.5,0,,,
P17,2.5,8.5,0,,,
P17,2.5,9.5,0,,,
P17,2.5,10.5,0,,,
P17,2.5,11.5,0,,,
P17,2.5,12.5,0,,,
P17,2.5,13.5,0,,,
P17,2.5,14.5,0,,,
P17,2.5,15.5,0,,,
P17,2.5,16.5,0,,,
P17,2.5,17.5,0,,,
P17,2.5,18.5,0,,,
P17,2.5,19.5,1,,,
P17,2.5,20.5,37,604.3300170898438,604.1500244140625,604.52001953125
P17,2.5,21.5,71,604.4000244140625,604.2900085449219,604.6099853515625
P17,2.5,22.5,88,604.3299560546875,604.1599731445312,604.5625
P17,2.5,23.5,96,604.2449951171875,604.0474853515625,604.6099853515625
P17,2.5,24.5,118,604.1599731445312,603.8800048828125,604.4099731445312
P17,2.5,25.5,88,604.2550048828125,604.1375122070312,604.3900146484375
P17,2.5,26.5,45,603.8699951171875,603.6699829101562,604.1400146484375
P17,2.5,27.5,81,603.739990234375,603.4400024414062,603.97998046875
P17,2.5,28.5,139,603.219970703125,603.0800170898438,603.4199829101562
P17,2.5,29.5,47,602.8599853515625,602.8400268554688,602.9000244140625
P17,2.5,30.5,5,602.8900146484375,602.8800048828125,602.9099731445312
P17,2.5,31.5,85,602.9500122070312,602.8900146484375,603.030029296875
P17,2.5,32.5,73,603.0999755859375,603.030029296875,603.2100219726562
P17,2.5,33.5,51,603.219970703125,603.10498046875,603.3599853515625
P17,2.5,34.5,54,603.4600219726562,603.1724853515625,603.5675048828125
P17,2.5,35.5,65,603.4099731445312,603.25,603.530029296875
P17,2.5,36.5,99,603.5700073242188,603.5150146484375,603.6500244140625
P17,2.5,37.5,125,603.3400268554688,603.239990234375,603.5
P17,2.5,38.5,103,603.3699951171875,603.27001953125,603.4500122070312
P17,2.5,39.5,87,603.260009765625,603.14501953125,603.4149780273438
P17,2.5,40.5,77,602.9099731445312,602.7999877929688,603.3300170898438
P17,2.5,41.5,61,602.989990234375,602.9000244140625,603.1900024414062
P17,2.5,42.5,43,603.1400146484375,603.0750122070312,603.2750244140625
P17,2.5,43.5,15,603.22998046875,603.1100158691406,603.4049987792969
P17,2.5,44.5,0,,,
P17,2.5,45.5,0,,,
P17,2.5,46.5,0,,,
P17,2.5,47.5,0,,,
P17,2.5,48.5,0,,,
P17,2.5,49.5,0,,,
P17,2.5,50.5,0,,,
P17,2.5,51.5,0,,,
P17,2.5,52.5,0,,,
P17,2.5,53.5,0,,,
P17,2.5,54.5,0,,,
P17,2.5,55.5,0,,,
P17,2.5,56.5,0,,,
P17,2.5,57.5,0,,,
P17,2.5,58.5,0,,,
P17,2.5,59.5,0,,,
P17,2.5,60.5,0,,,
P17,2.5,61.5,0,,,
P17,2.5,62.5,0,,,
P17,2.5,63.5,0,,,
P17,2.5,64.5,0,,,
P17,2.5,65.5,0,,,
P17,2.5,66.5,0,,,
P17,2.5,67.5,0,,,
P17,2.5,68.5,0,,,
P17,2.5,69.5,0,,,
P17,2.5,70.5,0,,,
P17,2.5,71.5,0,,,
P17,2.5,72.5,0,,,
P17,2.5,73.5,0,,,
P17,2.5,74.5,0,,,
P17,2.5,75.5,0,,,
P17,2.5,76.5,0,,,
P17,2.5,77.5,0,,,
P17,2.5,78.5,0,,,
P17,2.5,79.5,0,,,
P17,2.5,80.5,0,,,
P17,2.5,81.5,0,,,
P17,2.5,82.5,0,,,
P17,2.5,83.5,0,,,
P17,2.5,84.5,0,,,
P17,2.5,85.5,0,,,
P17,2.5,86.5,0,,,
P17,2.5,87.5,0,,,
P17,2.5,88.5,0,,,
P17,2.5,89.5,0,,,
P17,2.5,90.5,0,,,
P17,2.5,91.5,0,,,
P17,2.5,92.5,0,,,
P17,2.5,93.5,0,,,
P17,2.5,94.5,0,,,
P17,2.5,95.5,0,,,
P17,2.5,96.5,0,,,
P17,2.5,97.5,0,,,
P17,2.5,98.5,0,,,
P17,2.5,99.5,0,,,
P17,2.5,100.5,0,,,
P17,2.5,101.5,0,,,
P17,2.5,102.5,0,,,
P17,2.5,103.5,0,,,
P17,2.5,104.5,0,,,
P17,2.5,105.5,0,,,
P17,2.5,106.5,0,,,
P17,2.5,107.5,0,,,
P17,2.5,108.5,0,,,
P17,2.5,109.5,0,,,
P17,2.5,110.5,0,,,
P17,2.5,111.5,0,,,
P17,2.5,112.5,0,,,
P17,2.5,113.5,9,613.219970703125,613.1400146484375,613.260009765625
P17,2.5,114.5,32,613.469970703125,613.4049835205078,613.5900268554688
P17,2.5,115.5,53,613.1799926757812,612.9000244140625,613.3099975585938
P17,2.5,116.5,60,612.7249755859375,612.3700103759766,612.969970703125
P17,2.5,117.5,92,612.2750244140625,611.7249908447266,612.8199920654297
P17,2.5,118.5,135,612.1900024414062,611.0850219726562,612.5950012207031
P17,2.5,119.5,131,611.9600219726562,611.1749877929688,612.6199951171875
P17,2.5,120.5,149,611.8400268554688,611.2999877929688,612.260009765625
P17,2.5,121.5,121,611.5900268554688,611.3300170898438,611.8599853515625
P17,2.5,122.5,109,611.5499877929688,611.2100219726562,611.8300170898438
P17,2.5,123.5,111,611.4400024414062,611.239990234375,611.7999877929688
P17,2.5,124.5,117,611.260009765625,611.0399780273438,611.72998046875
P17,2.5,125.5,122,611.1099853515625,610.9500122070312,611.385009765625
P17,2.5,126.5,115,611.0399780273438,610.8900146484375,611.2750244140625
P17,2.5,127.5,118,611.155029296875,610.9724731445312,611.4350128173828
P17,2.5,128.5,131,611.4500122070312,611.3300170898438,611.6099853515625
P17,2.5,129.5,103,611.6799926757812,611.5399780273438,611.780029296875
P17,2.5,130.5,102,611.8099975585938,611.6724853515625,611.947509765625
P17,2.5,131.5,91,611.9000244140625,611.8099975585938,612.0599975585938
P17,2.5,132.5,127,612.0,611.89501953125,612.1199951171875
P17,2.5,133.5,94,612.0499877929688,611.9224853515625,612.0974884033203
P17,2.5,134.5,84,612.1400146484375,612.0275268554688,612.260009765625
P17,2.5,135.5,58,612.2000122070312,612.0625,612.2949981689453
P17,2.5,136.5,48,612.0449829101562,611.969970703125,612.2150115966797
P17,2.5,137.5,57,612.02001953125,611.9299926757812,612.1300048828125
P17,2.5,138.5,91,612.0999755859375,611.9849853515625,612.25
P17,2.5,139.5,109,612.0800170898438,611.9600219726562,612.25
P17,2.5,140.5,115,612.260009765625,612.0800170898438,612.39501953125
P17,2.5,141.5,120,612.3800048828125,612.280029296875,612.5225219726562
P17,2.5,142.5,126,612.6649780273438,612.5499877929688,612.8574829101562
P17,2.5,143.5,117,612.8499755859375,612.7100219726562,613.0700073242188
P17,2.5,144.5,107,612.969970703125,612.5499877929688,613.4049987792969
P17,2.5,145.5,103,613.0800170898438,612.52001953125,613.6199951171875
P17,2.5,146.5,105,613.27001953125,612.6199951171875,613.72998046875
P17,2.5,147.5,98,613.5350341796875,612.6824951171875,613.7550048828125
P17,2.5,148.5,110,613.385009765625,612.7850189208984,613.72998046875
P17,2.5,149.5,96,613.635009765625,612.95751953125,613.7725219726562
P17,2.5,150.5,81,613.760009765625,613.3400268554688,613.9000244140625
P17,2.5,151.5,104,613.7449951171875,613.39501953125,613.969970703125
P17,2.5,152.5,103,613.75,613.5750122070312,613.8300170898438
P17,2.5,153.5,106,613.7349853515625,613.4224853515625,613.8975219726562
P17,2.5,154.5,114,613.7750244140625,613.489990234375,613.9099731445312
P17,2.5,155.5,101,613.9299926757812,613.8200073242188,614.0
P17,2.5,156.5,104,613.9400024414062,613.8775024414062,613.989990234375
P17,2.5,157.5,106,614.02001953125,613.9600219726562,614.0675048828125
P17,2.5,158.5,96,614.0700073242188,614.0,614.1400146484375
P17,2.5,159.5,106,614.0900268554688,614.0399780273438,614.1699829101562
P17,2.5,160.5,107,614.1400146484375,614.0900268554688,614.2100219726562
P17,2.5,161.5,100,614.0999755859375,614.02001953125,614.260009765625
P17,2.5,162.5,103,614.0499877929688,613.9349975585938,614.3399963378906
P17,2.5,163.5,102,614.1500244140625,614.0125122070312,614.3674926757812
P17,2.5,164.5,101,614.2999877929688,614.0800170898438,614.3699951171875
P17,2.5,165.5,107,614.3400268554688,614.2100219726562,614.4099731445312
P17,2.5,166.5,105,614.2899780273438,614.1500244140625,614.3800048828125
P17,2.5,167.5,115,614.3599853515625,614.27001953125,614.4299926757812
P17,2.5,168.5,72,614.4299926757812,614.3599853515625,614.4824829101562
P17,2.5,169.5,52,614.4649658203125,614.427490234375,614.54248046875
P17,2.5,170.5,33,614.510009765625,614.469970703125,614.5499877929688
P17,2.5,171.5,42,614.64501953125,614.5325164794922,614.8150024414062
P17,2.5,172.5,36,614.7149658203125,614.5824890136719,614.8624877929688
P17,2.5,173.5,24,614.7050170898438,614.677490234375,614.8150024414062
P17,2.5,174.5,22,615.0250244140625,614.9425048828125,615.0675048828125
P17,2.5,175.5,44,615.0800170898438,615.030029296875,615.1199951171875
P17,2.5,176.5,56,615.125,615.0474853515625,615.1699829101562
P17,2.5,177.5,23,615.260009765625,615.1749877929688,615.3300170898438
P17,2.5,178.5,13,615.0599975585938,615.010009765625,615.2100219726562
P17,2.5,179.5,48,614.9749755859375,614.780029296875,615.1099853515625
P17,5.0,0.5,51,606.0399780273438,605.9550170898438,606.135009765625
P17,5.0,1.5,78,605.5350341796875,605.4600219726562,605.7974853515625
P17,5.0,2.5,111,605.4099731445312,605.2850036621094,605.469970703125
P17,5.0,3.5,115,605.1500244140625,604.969970703125,605.2349853515625
P17,5.0,4.5,61,604.8099975585938,604.719970703125,604.97998046875
P17,5.0,5.5,26,604.344970703125,604.0650024414062,604.4124908447266
P17,5.0,6.5,17,604.530029296875,604.3099975585938,604.6099853515625
P17,5.0,7.5,9,603.22998046875,603.1799926757812,603.5499877929688
P17,5.0,8.5,2,,,
P17,5.0,9.5,0,,,
P17,5.0,10.5,0,,,
P17,5.0,11.5,0,,,
P17,5.0,12.5,0,,,
P17,5.0,13.5,0,,,
P17,5.0,14.5,0,,,
P17,5.0,15.5,0,,,
P17,5.0,16.5,0,,,
P17,5.0,17.5,0,,,
P17,5.0,18.5,14,604.3200073242188,604.2775115966797,604.3825073242188
P17,5.0,19.5,41,603.969970703125,603.8099975585938,604.0900268554688
P17,5.0,20.5,90,604.1199951171875,603.8400268554688,604.469970703125
P17,5.0,21.5,132,604.2449951171875,604.030029296875,604.5150146484375
P17,5.0,22.5,152,604.22998046875,604.0574951171875,604.530029296875
P17,5.0,23.5,162,604.3699951171875,604.1300048828125,604.5775146484375
P17,5.0,24.5,146,604.280029296875,603.9425048828125,604.5399780273438
P17,5.0,25.5,130,604.239990234375,604.0900268554688,604.3800048828125
P17,5.0,26.5,99,603.9400024414062,603.6950073242188,604.114990234375
P17,5.0,27.5,176,603.72998046875,603.4874877929688,603.8950042724609
P17,5.0,28.5,271,603.25,603.0700073242188,603.5050048828125
P17,5.0,29.5,117,602.9500122070312,602.8699951171875,603.280029296875
P17,5.0,30.5,90,602.9450073242188,602.8825073242188,603.0999755859375
P17,5.0,31.5,167,602.9400024414062,602.9000244140625,603.010009765625
P17,5.0,32.5,184,603.135009765625,603.030029296875,603.2424926757812
P17,5.0,33.5,113,603.2999877929688,603.219970703125,603.4400024414062
P17,5.0,34.5,134,603.489990234375,603.2349853515625,603.6500244140625
P17,5.0,35.5,148,603.6099853515625,603.3875122070312,603.7625122070312
P17,5.0,36.5,178,603.6500244140625,603.5499877929688,603.8074951171875
P17,5.0,37.5,184,603.4400024414062,603.2775268554688,603.6099853515625
P17,5.0,38.5,164,603.4600219726562,603.3175048828125,603.7424926757812
P17,5.0,39.5,142,603.3800048828125,603.219970703125,603.5374908447266
P17,5.0,40.5,126,603.0,602.8400268554688,603.1950073242188
P17,5.0,41.5,121,602.9000244140625,602.75,603.1599731445312
P17,5.0,42.5,89,603.1199951171875,602.989990234375,603.4199829101562
P17,5.0,43.5,24,603.25,603.0474853515625,603.489990234375
P17,5.0,44.5,0,,,
P17,5.0,45.5,0,,,
P17,5.0,46.5,0,,,
P17,5.0,47.5,0,,,
P17,5.0,48.5,0,,,
P17,5.0,49.5,0,,,
P17,5.0,50.5,0,,,
P17,5.0,51.5,0,,,
P17,5.0,52.5,0,,,
P17,5.0,53.5,0,,,
P17,5.0,54.5,0,,,
P17,5.0,55.5,0,,,
P17,5.0,56.5,0,,,
P17,5.0,57.5,0,,,
P17,5.0,58.5,0,,,
P17,5.0,59.5,0,,,
P17,5.0,60.5,0,,,
P17,5.0,61.5,0,,,
P17,5.0,62.5,0,,,
P17,5.0,63.5,0,,,
P17,5.0,64.5,0,,,
P17,5.0,65.5,0,,,
P17,5.0,66.5,0,,,
P17,5.0,67.5,0,,,
P17,5.0,68.5,0,,,
P17,5.0,69.5,0,,,
P17,5.0,70.5,0,,,
P17,5.0,71.5,0,,,
P17,5.0,72.5,0,,,
P17,5.0,73.5,0,,,
P17,5.0,74.5,0,,,
P17,5.0,75.5,0,,,
P17,5.0,76.5,0,,,
P17,5.0,77.5,0,,,
P17,5.0,78.5,0,,,
P17,5.0,79.5,0,,,
P17,5.0,80.5,0,,,
P17,5.0,81.5,0,,,
P17,5.0,82.5,0,,,
P17,5.0,83.5,0,,,
P17,5.0,84.5,0,,,
P17,5.0,85.5,0,,,
P17,5.0,86.5,0,,,
P17,5.0,87.5,0,,,
P17,5.0,88.5,0,,,
P17,5.0,89.5,0,,,
P17,5.0,90.5,0,,,
P17,5.0,91.5,0,,,
P17,5.0,92.5,0,,,
P17,5.0,93.5,0,,,
P17,5.0,94.5,0,,,
P17,5.0,95.5,0,,,
P17,5.0,96.5,0,,,
P17,5.0,97.5,0,,,
P17,5.0,98.5,0,,,
P17,5.0,99.5,0,,,
P17,5.0,100.5,0,,,
P17,5.0,101.5,0,,,
P17,5.0,102.5,0,,,
P17,5.0,103.5,0,,,
P17,5.0,104.5,0,,,
P17,5.0,105.5,0,,,
P17,5.0,106.5,0,,,
P17,5.0,107.5,0,,,
P17,5.0,108.5,0,,,
P17,5.0,109.5,0,,,
P17,5.0,110.5,0,,,
P17,5.0,111.5,0,,,
P17,5.0,112.5,0,,,
P17,5.0,113.5,9,613.219970703125,613.1400146484375,613.260009765625
P17,5.0,114.5,34,613.47998046875,613.4124755859375,613.5900268554688
P17,5.0,115.5,78,613.0250244140625,611.6925048828125,613.280029296875
P17,5.0,116.5,94,612.5250244140625,611.4224853515625,612.9249877929688
P17,5.0,117.5,133,611.8900146484375,611.3499755859375,612.6799926757812
P17,5.0,118.5,210,611.625,611.1925048828125,612.625
P17,5.0,119.5,234,611.875,611.4224853515625,612.8375244140625
P17,5.0,120.5,248,611.8350219726562,611.25,612.5925140380859
P17,5.0,121.5,237,611.5499877929688,611.1799926757812,612.1699829101562
P17,5.0,122.5,228,611.6749877929688,611.197509765625,611.9625091552734
P17,5.0,123.5,247,611.7100219726562,611.2650146484375,611.9149780273438
P17,5.0,124.5,231,611.6599731445312,611.1599731445312,611.8699951171875
P17,5.0,125.5,268,611.4949951171875,611.1375122070312,611.8400268554688
P17,5.0,126.5,260,611.4149780273438,611.0900268554688,611.83251953125
P17,5.0,127.5,240,611.4600219726562,611.1574859619141,611.8724975585938
P17,5.0,128.5,234,611.614990234375,611.4199829101562,611.969970703125
P17,5.0,129.5,206,611.8099975585938,611.6425170898438,611.9974975585938
P17,5.0,130.5,224,611.9249877929688,611.7575073242188,612.1024780273438
P17,5.0,131.5,169,612.0399780273438,611.8699951171875,612.219970703125
P17,5.0,132.5,187,612.0499877929688,611.9500122070312,612.219970703125
P17,5.0,133.5,156,612.0999755859375,612.0,612.2324829101562
P17,5.0,134.5,151,612.239990234375,612.0900268554688,612.375
P17,5.0,135.5,136,612.22998046875,612.0700073242188,612.3699951171875
P17,5.0,136.5,114,612.1599731445312,612.0025024414062,612.3900146484375
P17,5.0,137.5,114,612.10498046875,611.989990234375,612.3875122070312
P17,5.0,138.5,150,612.2100219726562,612.0499877929688,612.4199829101562
P17,5.0,139.5,187,612.3300170898438,612.0499877929688,612.7000122070312
P17,5.0,140.5,192,612.469970703125,612.2100219726562,612.9949951171875
P17,5.0,141.5,204,612.5050048828125,612.3474884033203,613.2000122070312
P17,5.0,142.5,221,612.780029296875,612.5700073242188,613.3099975585938
P17,5.0,143.5,209,612.9299926757812,612.719970703125,613.22998046875
P17,5.0,144.5,211,613.1500244140625,612.6400146484375,613.4049987792969
P17,5.0,145.5,207,613.1599731445312,612.5800170898438,613.64501953125
P17,5.0,146.5,214,613.2650146484375,612.6599731445312,613.6599731445312
P17,5.0,147.5,213,613.3900146484375,612.7000122070312,613.719970703125
P17,5.0,148.5,216,613.3349609375,612.7100219726562,613.719970703125
P17,5.0,149.5,201,613.6199951171875,612.8200073242188,613.7899780273438
P17,5.0,150.5,188,613.6199951171875,612.927490234375,613.8499755859375
P17,5.0,151.5,212,613.7149658203125,613.2174835205078,613.8599853515625
P17,5.0,152.5,214,613.739990234375,613.4249877929688,613.8674926757812
P17,5.0,153.5,217,613.72998046875,613.52001953125,613.9000244140625
P17,5.0,154.5,212,613.8200073242188,613.5399780273438,613.9299926757812
P17,5.0,155.5,204,613.9199829101562,613.8099975585938,614.0225219726562
P17,5.0,156.5,210,613.9600219726562,613.8699951171875,614.0275268554688
P17,5.0,157.5,206,614.030029296875,613.9824829101562,614.0700073242188
P17,5.0,158.5,204,614.0449829101562,613.97998046875,614.1199951171875
P17,5.0,159.5,210,614.0700073242188,614.02001953125,614.1475219726562
P17,5.0,160.5,208,614.1400146484375,614.0800170898438,614.2000122070312
P17,5.0,161.5,203,614.1900024414062,614.0650024414062,614.3049926757812
P17,5.0,162.5,208,614.22998046875,613.9874877929688,614.3800048828125
P17,5.0,163.5,207,614.22998046875,614.0549926757812,614.3499755859375
P17,5.0,164.5,207,614.27001953125,614.1900024414062,614.3499755859375
P17,5.0,165.5,218,614.3099975585938,614.1699829101562,614.4099731445312
P17,5.0,166.5,187,614.1900024414062,614.030029296875,614.3699951171875
P17,5.0,167.5,172,614.27001953125,614.1074829101562,614.4025115966797
P17,5.0,168.5,126,614.3150024414062,614.1799926757812,614.4400024414062
P17,5.0,169.5,100,614.3499755859375,614.0775146484375,614.4724731445312
P17,5.0,170.5,85,614.3699951171875,614.0800170898438,614.5
P17,5.0,171.5,103,614.3599853515625,614.2249755859375,614.5599975585938
P17,5.0,172.5,87,614.4199829101562,614.3049926757812,614.6699829101562
P17,5.0,173.5,74,614.625,614.47998046875,614.697509765625
P17,5.0,174.5,75,614.8200073242188,614.6699829101562,614.9649963378906
P17,5.0,175.5,96,615.030029296875,614.9299926757812,615.0900268554688
P17,5.0,176.5,112,615.1300048828125,615.0574951171875,615.2025146484375
P17,5.0,177.5,70,615.3150024414062,615.2324829101562,615.3875122070312
P17,5.0,178.5,16,615.125,615.0475006103516,615.4024963378906
P17,5.0,179.5,56,614.989990234375,614.7974853515625,615.1275024414062
P17,7.5,0.5,113,606.22998046875,606.0599975585938,606.4500122070312
P17,7.5,1.5,129,605.8099975585938,605.5,606.0900268554688
P17,7.5,2.5,178,605.47998046875,605.3699951171875,605.6400146484375
P17,7.5,3.5,173,605.219970703125,605.0599975585938,605.3800048828125
P17,7.5,4.5,128,604.8800048828125,604.760009765625,605.0225219726562
P17,7.5,5.5,96,604.3699951171875,604.239990234375,604.530029296875
P17,7.5,6.5,79,604.0700073242188,603.9400024414062,604.25
P17,7.5,7.5,75,603.6500244140625,603.4549865722656,603.8049926757812
P17,7.5,8.5,37,603.4299926757812,603.1400146484375,603.5499877929688
P17,7.5,9.5,0,,,
P17,7.5,10.5,0,,,
P17,7.5,11.5,0,,,
P17,7.5,12.5,0,,,
P17,7.5,13.5,0,,,
P17,7.5,14.5,0,,,
P17,7.5,15.5,0,,,
P17,7.5,16.5,0,,,
P17,7.5,17.5,4,604.5150146484375,604.5025024414062,604.5300140380859
P17,7.5,18.5,56,604.2899780273438,604.2299957275391,604.375
P17,7.5,19.5,99,603.9500122070312,603.7900085449219,604.1849975585938
P17,7.5,20.5,162,604.094970703125,603.780029296875,604.4049835205078
P17,7.5,21.5,210,604.1300048828125,603.8425140380859,604.4375152587891
P17,7.5,22.5,234,604.10498046875,603.6525115966797,604.510009765625
P17,7.5,23.5,231,604.1500244140625,603.739990234375,604.5
P17,7.5,24.5,150,604.2850341796875,603.9500122070312,604.5374908447266
P17,7.5,25.5,139,604.25,604.0950012207031,604.39501953125
P17,7.5,26.5,158,604.0499877929688,603.7050018310547,604.3200073242188
P17,7.5,27.5,236,603.7050170898438,603.3599853515625,603.8950042724609
P17,7.5,28.5,337,603.219970703125,603.0399780273438,603.489990234375
P17,7.5,29.5,151,602.9500122070312,602.8699951171875,603.4500122070312
P17,7.5,30.5,206,603.02001953125,602.9099731445312,603.3674926757812
P17,7.5,31.5,283,603.010009765625,602.9349975585938,603.25
P17,7.5,32.5,279,603.1599731445312,603.030029296875,603.35498046875
P17,7.5,33.5,202,603.3200073242188,603.2125091552734,603.47998046875
P17,7.5,34.5,198,603.594970703125,603.4099731445312,603.6900024414062
P17,7.5,35.5,203,603.6500244140625,603.4550170898438,603.8499755859375
P17,7.5,36.5,246,603.6900024414062,603.5800170898438,603.8599853515625
P17,7.5,37.5,276,603.4600219726562,603.3275146484375,603.6199951171875
P17,7.5,38.5,231,603.469970703125,603.3499755859375,603.7000122070312
P17,7.5,39.5,204,603.4749755859375,603.2675170898438,603.7349853515625
P17,7.5,40.5,182,603.1649780273438,602.9000244140625,603.4974975585938
P17,7.5,41.5,160,603.010009765625,602.8200073242188,603.54248046875
P17,7.5,42.5,148,603.4349975585938,603.0800170898438,603.6849975585938
P17,7.5,43.5,55,603.8099975585938,603.3500061035156,603.9500122070312
P17,7.5,44.5,0,,,
P17,7.5,45.5,0,,,
P17,7.5,46.5,0,,,
P17,7.5,47.5,0,,,
P17,7.5,48.5,0,,,
P17,7.5,49.5,0,,,
P17,7.5,50.5,0,,,
P17,7.5,51.5,0,,,
P17,7.5,52.5,0,,,
P17,7.5,53.5,0,,,
P17,7.5,54.5,0,,,
P17,7.5,55.5,0,,,
P17,7.5,56.5,0,,,
P17,7.5,57.5,0,,,
P17,7.5,58.5,0,,,
P17,7.5,59.5,0,,,
P17,7.5,60.5,0,,,
P17,7.5,61.5,0,,,
P17,7.5,62.5,0,,,
P17,7.5,63.5,0,,,
P17,7.5,64.5,0,,,
P17,7.5,65.5,0,,,
P17,7.5,66.5,0,,,
P17,7.5,67.5,0,,,
P17,7.5,68.5,0,,,
P17,7.5,69.5,0,,,
P17,7.5,70.5,0,,,
P17,7.5,71.5,0,,,
P17,7.5,72.5,0,,,
P17,7.5,73.5,0,,,
P17,7.5,74.5,0,,,
P17,7.5,75.5,0,,,
P17,7.5,76.5,0,,,
P17,7.5,77.5,0,,,
P17,7.5,78.5,0,,,
P17,7.5,79.5,0,,,
P17,7.5,80.5,0,,,
P17,7.5,81.5,0,,,
P17,7.5,82.5,0,,,
P17,7.5,83.5,0,,,
P17,7.5,84.5,0,,,
P17,7.5,85.5,0,,,
P17,7.5,86.5,0,,,
P17,7.5,87.5,0,,,
P17,7.5,88.5,0,,,
P17,7.5,89.5,0,,,
P17,7.5,90.5,0,,,
P17,7.5,91.5,0,,,
P17,7.5,92.5,0,,,
P17,7.5,93.5,0,,,
P17,7.5,94.5,0,,,
P17,7.5,95.5,0,,,
P17,7.5,96.5,0,,,
P17,7.5,97.5,0,,,
P17,7.5,98.5,0,,,
P17,7.5,99.5,0,,,
P17,7.5,100.5,0,,,
P17,7.5,101.5,0,,,
P17,7.5,102.5,0,,,
P17,7.5,103.5,0,,,
P17,7.5,104.5,0,,,
P17,7.5,105.5,0,,,
P17,7.5,106.5,0,,,
P17,7.5,107.5,0,,,
P17,7.5,108.5,0,,,
P17,7.5,109.5,12,611.39501953125,611.3574829101562,611.4425048828125
P17,7.5,110.5,33,611.3699951171875,611.3099975585938,611.4299926757812
P17,7.5,111.5,41,611.5599975585938,611.4299926757812,611.6500244140625
P17,7.5,112.5,44,611.219970703125,611.1400146484375,611.3599853515625
P17,7.5,113.5,47,611.3599853515625,611.3200073242188,611.4749755859375
P17,7.5,114.5,64,613.074951171875,611.3900146484375,613.4924926757812
P17,7.5,115.5,123,611.5700073242188,611.385009765625,613.1749877929688
P17,7.5,116.5,153,611.52001953125,611.3599853515625,612.6900024414062
P17,7.5,117.5,182,611.4249877929688,611.3125,612.3275146484375
P17,7.5,118.5,291,611.5499877929688,611.1599731445312,612.2999877929688
P17,7.5,119.5,351,611.8300170898438,611.3150024414062,612.4550170898438
P17,7.5,120.5,338,611.72998046875,611.2224731445312,612.4500122070312
P17,7.5,121.5,321,611.489990234375,611.1799926757812,612.02001953125
P17,7.5,122.5,310,611.6400146484375,611.322509765625,611.947509765625
P17,7.5,123.5,303,611.7100219726562,611.3200073242188,611.9000244140625
P17,7.5,124.5,306,611.6950073242188,611.2850189208984,611.9099731445312
P17,7.5,125.5,373,611.6400146484375,611.25,611.97998046875
P17,7.5,126.5,368,611.7249755859375,611.27001953125,612.1099853515625
P17,7.5,127.5,340,611.8099975585938,611.2974853515625,612.0800170898438
P17,7.5,128.5,323,611.7899780273438,611.5150146484375,612.0999755859375
P17,7.5,129.5,305,611.9199829101562,611.719970703125,612.1400146484375
P17,7.5,130.5,322,612.02001953125,611.7999877929688,612.3474884033203
P17,7.5,131.5,241,612.1599731445312,611.9500122070312,612.6500244140625
P17,7.5,132.5,300,612.239990234375,612.010009765625,612.7825164794922
P17,7.5,133.5,263,612.2999877929688,612.0700073242188,612.9299926757812
P17,7.5,134.5,269,612.4000244140625,612.1799926757812,613.0700073242188
P17,7.5,135.5,249,612.5399780273438,612.2000122070312,613.030029296875
P17,7.5,136.5,221,612.75,612.1500244140625,613.0999755859375
P17,7.5,137.5,195,612.5399780273438,612.0700073242188,612.77001953125
P17,7.5,138.5,216,612.405029296875,612.1074829101562,612.7100219726562
P17,7.5,139.5,241,612.5999755859375,612.0999755859375,612.8699951171875
P17,7.5,140.5,243,612.6900024414062,612.280029296875,613.0499877929688
P17,7.5,141.5,258,612.885009765625,612.3925170898438,613.114990234375
P17,7.5,142.5,274,612.9000244140625,612.6199951171875,613.2575073242188
P17,7.5,143.5,260,613.1199951171875,612.72998046875,613.239990234375
P17,7.5,144.5,265,613.239990234375,612.7100219726562,613.3699951171875
P17,7.5,145.5,257,613.22998046875,612.6699829101562,613.5900268554688
P17,7.5,146.5,268,613.260009765625,612.7474975585938,613.5999755859375
P17,7.5,147.5,278,613.25,612.9149780273438,613.6400146484375
P17,7.5,148.5,287,613.3400268554688,612.8099975585938,613.6649780273438
P17,7.5,149.5,297,613.5,612.9400024414062,613.77001953125
P17,7.5,150.5,287,613.52001953125,613.1300048828125,613.8150024414062
P17,7.5,151.5,312,613.6500244140625,613.3499755859375,613.8499755859375
P17,7.5,152.5,320,613.6799926757812,613.47998046875,613.8624877929688
P17,7.5,153.5,332,613.7449951171875,613.5700073242188,613.9099731445312
P17,7.5,154.5,320,613.8200073242188,613.5700073242188,613.9400024414062
P17,7.5,155.5,317,613.9299926757812,613.77001953125,614.0499877929688
P17,7.5,156.5,313,613.9600219726562,613.8499755859375,614.0399780273438
P17,7.5,157.5,309,614.02001953125,613.9400024414062,614.0800170898438
P17,7.5,158.5,308,614.0399780273438,613.9400024414062,614.1199951171875
P17,7.5,159.5,315,614.0700073242188,613.989990234375,614.1699829101562
P17,7.5,160.5,311,614.1400146484375,614.0499877929688,614.22998046875
P17,7.5,161.5,304,614.1749877929688,614.02001953125,614.3200073242188
P17,7.5,162.5,307,614.1900024414062,613.9450073242188,614.3800048828125
P17,7.5,163.5,302,614.1849975585938,614.0,614.3099975585938
P17,7.5,164.5,283,614.219970703125,614.0399780273438,614.3200073242188
P17,7.5,165.5,317,614.27001953125,614.0999755859375,614.4199829101562
P17,7.5,166.5,260,614.219970703125,614.0374908447266,614.3825073242188
P17,7.5,167.5,223,614.239990234375,614.0900268554688,614.3800048828125
P17,7.5,168.5,171,614.2000122070312,614.0599975585938,614.4049987792969
P17,7.5,169.5,123,614.27001953125,614.0449829101562,614.4500122070312
P17,7.5,170.5,127,614.1799926757812,614.0599975585938,614.4450073242188
P17,7.5,171.5,161,614.2999877929688,614.1599731445312,614.510009765625
P17,7.5,172.5,138,614.4400024414062,614.3425140380859,614.5999755859375
P17,7.5,173.5,128,614.6300048828125,614.47998046875,614.7100219726562
P17,7.5,174.5,131,614.7999877929688,614.7050170898438,614.9299926757812
P17,7.5,175.5,150,614.989990234375,614.8800048828125,615.0599975585938
P17,7.5,176.5,145,615.1199951171875,615.0399780273438,615.1900024414062
P17,7.5,177.5,88,615.3300170898438,615.2474975585938,615.3900146484375
P17,7.5,178.5,16,615.125,615.0475006103516,615.4024963378906
P17,7.5,179.5,56,614.989990234375,614.7974853515625,615.1275024414062
P18,2.5,0.5,0,,,
P18,2.5,1.5,0,,,
P18,2.5,2.5,0,,,
P18,2.5,3.5,0,,,
P18,2.5,4.5,0,,,
P18,2.5,5.5,0,,,
P18,2.5,6.5,0,,,
P18,2.5,7.5,0,,,
P18,2.5,8.5,0,,,
P18,2.5,9.5,0,,,
P18,2.5,10.5,0,,,
P18,2.5,11.5,0,,,
P18,2.5,12.5,0,,,
P18,2.5,13.5,0,,,
P18,2.5,14.5,0,,,
P18,2.5,15.5,0,,,
P18,2.5,16.5,0,,,
P18,2.5,17.5,0,,,
P18,2.5,18.5,0,,,
P18,2.5,19.5,0,,,
P18,2.5,20.5,0,,,
P18,2.5,21.5,0,,,
P18,2.5,22.5,11,603.27001953125,603.2249755859375,603.3800048828125
P18,2.5,23.5,97,603.3099975585938,603.219970703125,603.4600219726562
P18,2.5,24.5,113,603.2899780273438,603.1699829101562,603.4000244140625
P18,2.5,25.5,103,603.2000122070312,603.0800170898438,603.280029296875
P18,2.5,26.5,125,603.2899780273438,603.1699829101562,603.4600219726562
P18,2.5,27.5,101,603.6199951171875,603.5,603.77001953125
P18,2.5,28.5,108,603.7650146484375,603.6574859619141,603.9224853515625
P18,2.5,29.5,14,603.7750244140625,603.6099853515625,603.8449859619141
P18,2.5,30.5,0,,,
P18,2.5,31.5,0,,,
P18,2.5,32.5,0,,,
P18,2.5,33.5,0,,,
P18,2.5,34.5,1,,,
P18,2.5,35.5,93,602.1500244140625,602.02001953125,602.3200073242188
P18,2.5,36.5,108,602.3350219726562,602.0974884033203,602.47998046875
P18,2.5,37.5,105,602.5,602.3699951171875,602.5499877929688
P18,2.5,38.5,107,602.5599975585938,602.52001953125,602.6400146484375
P18,2.5,39.5,99,602.5599975585938,602.510009765625,602.5999755859375
P18,2.5,40.5,105,602.5399780273438,602.5,602.5800170898438
P18,2.5,41.5,108,602.510009765625,602.4199829101562,602.58251953125
P18,2.5,42.5,111,602.6699829101562,602.510009765625,602.739990234375
P18,2.5,43.5,106,602.6400146484375,602.5800170898438,602.70751953125
P18,2.5,44.5,101,602.6599731445312,602.5999755859375,602.72998046875
P18,2.5,45.5,103,602.75,602.6400146484375,602.8099975585938
P18,2.5,46.5,91,602.6799926757812,602.6199951171875,602.8450012207031
P18,2.5,47.5,103,602.8099975585938,602.7249755859375,602.8900146484375
P18,2.5,48.5,95,602.989990234375,602.9349975585938,603.0399780273438
P18,2.5,49.5,69,602.9600219726562,602.8300170898438,603.02001953125
P18,2.5,50.5,78,602.7999877929688,602.6849975585938,602.9199829101562
P18,2.5,51.5,56,602.7349853515625,602.5800170898438,602.8499755859375
P18,2.5,52.5,58,602.7650146484375,602.4674987792969,602.9674835205078
P18,2.5,53.5,56,602.7750244140625,602.6375122070312,602.9000091552734
P18,2.5,54.5,35,602.77001953125,602.7349853515625,602.8150024414062
P18,2.5,55.5,27,602.8099975585938,602.7999877929688,602.8400268554688
P18,2.5,56.5,42,602.9100341796875,602.8300170898438,602.969970703125
P18,2.5,57.5,58,603.0449829101562,603.0025024414062,603.1199951171875
P18,2.5,58.5,101,603.0,602.8699951171875,603.0700073242188
P18,2.5,59.5,66,603.0499877929688,602.9600219726562,603.2174835205078
P18,2.5,60.5,68,603.0700073242188,602.9600219726562,603.1699829101562
P18,2.5,61.5,93,603.0800170898438,602.9199829101562,603.1400146484375
P18,2.5,62.5,73,603.0399780273438,602.8699951171875,603.1099853515625
P18,2.5,63.5,22,603.2650146484375,603.135009765625,603.364990234375
P18,2.5,64.5,0,,,
P18,2.5,65.5,0,,,
P18,2.5,66.5,0,,,
P18,2.5,67.5,0,,,
P18,2.5,68.5,0,,,
P18,2.5,69.5,0,,,
P18,2.5,70.5,0,,,
P18,2.5,71.5,0,,,
P18,2.5,72.5,0,,,
P18,2.5,73.5,0,,,
P18,2.5,74.5,0,,,
P18,2.5,75.5,0,,,
P18,2.5,76.5,0,,,
P18,2.5,77.5,0,,,
P18,2.5,78.5,0,,,
P18,2.5,79.5,3,606.75,606.7200012207031,606.7749938964844
P18,2.5,80.5,78,606.6799926757812,606.3724822998047,606.7899780273438
P18,2.5,81.5,70,606.375,606.25,606.6799926757812
P18,2.5,82.5,93,606.6699829101562,606.3699951171875,606.8900146484375
P18,2.5,83.5,114,606.7349853515625,606.5499877929688,606.8499755859375
P18,2.5,84.5,109,606.75,606.6599731445312,606.8900146484375
P18,2.5,85.5,117,606.8599853515625,606.739990234375,606.9600219726562
P18,2.5,86.5,113,606.9299926757812,606.6300048828125,607.0399780273438
P18,2.5,87.5,97,606.9199829101562,606.6900024414062,607.0999755859375
P18,2.5,88.5,75,606.97998046875,606.8250122070312,607.1099853515625
P18,2.5,89.5,42,607.1400146484375,607.0499877929688,607.2000122070312
P18,2.5,90.5,21,607.3400268554688,607.260009765625,607.3599853515625
P18,2.5,91.5,0,,,
P18,2.5,92.5,0,,,
P18,2.5,93.5,2,,,
P18,2.5,94.5,0,,,
P18,2.5,95.5,0,,,
P18,2.5,96.5,0,,,
P18,2.5,97.5,0,,,
P18,2.5,98.5,0,,,
P18,2.5,99.5,0,,,
P18,2.5,100.5,0,,,
P18,2.5,101.5,0,,,
P18,2.5,102.5,1,,,
P18,2.5,103.5,8,610.530029296875,610.4425048828125,610.6599731445312
P18,2.5,104.5,34,610.5750122070312,610.2725067138672,610.7974853515625
P18,2.5,105.5,44,610.7000122070312,610.2799835205078,610.9525146484375
P18,2.5,106.5,44,610.7850341796875,610.6225128173828,610.9749755859375
P18,2.5,107.5,8,611.1099853515625,611.0424957275391,611.1500244140625
P18,2.5,108.5,22,611.530029296875,611.4324951171875,611.635009765625
P18,2.5,109.5,11,611.8599853515625,611.7000122070312,611.9700012207031
P18,2.5,110.5,11,612.1099853515625,612.0249938964844,612.2249755859375
P18,2.5,111.5,5,612.510009765625,612.489990234375,612.5499877929688
P18,2.5,112.5,30,612.3599853515625,612.22998046875,612.5250244140625
P18,2.5,113.5,38,612.135009765625,611.9500122070312,612.3925170898438
P18,2.5,114.5,23,612.0499877929688,611.989990234375,612.1499938964844
P18,2.5,115.5,22,612.3049926757812,612.2449951171875,612.4000244140625
P18,2.5,116.5,20,612.52001953125,612.4375,612.6550140380859
P18,2.5,117.5,20,612.7949829101562,612.7474975585938,612.8499755859375
P18,2.5,118.5,25,613.0599975585938,612.9199829101562,613.1300048828125
P18,2.5,119.5,32,613.114990234375,613.0050048828125,613.2950286865234
P18,2.5,120.5,23,612.7000122070312,612.6500244140625,612.7949829101562
P18,2.5,121.5,64,612.7050170898438,612.177490234375,612.9299926757812
P18,2.5,122.5,95,612.989990234375,612.4299926757812,613.2550048828125
P18,2.5,123.5,85,612.7000122070312,612.3300170898438,613.1099853515625
P18,2.5,124.5,94,612.64501953125,612.4525146484375,612.9099731445312
P18,2.5,125.5,120,612.6849975585938,612.5075073242188,612.9400024414062
P18,2.5,126.5,107,612.5999755859375,612.5399780273438,612.6699829101562
P18,2.5,127.5,102,612.5499877929688,612.489990234375,612.6500244140625
P18,2.5,128.5,106,612.7100219726562,612.6525115966797,612.8300170898438
P18,2.5,129.5,113,613.0,612.8800048828125,613.0999755859375
P18,2.5,130.5,96,613.1500244140625,613.0275268554688,613.2625122070312
P18,2.5,131.5,64,613.1599731445312,613.0700073242188,613.2999877929688
P18,2.5,132.5,58,613.2000122070312,613.1124877929688,613.3900146484375
P18,2.5,133.5,63,613.5999755859375,613.5,613.7850036621094
P18,2.5,134.5,77,613.9400024414062,613.739990234375,614.1799926757812
P18,2.5,135.5,83,614.4000244140625,614.2149963378906,614.5599975585938
P18,2.5,136.5,86,614.8350219726562,614.6724853515625,614.9774780273438
P18,2.5,137.5,78,615.0599975585938,614.9025115966797,615.1475219726562
P18,2.5,138.5,29,615.0399780273438,614.9500122070312,615.0800170898438
P18,2.5,139.5,23,614.97998046875,614.8500061035156,615.010009765625
P18,2.5,140.5,46,615.27001953125,615.08251953125,615.3300170898438
P18,2.5,141.5,39,615.3599853515625,615.3150024414062,615.4049987792969
P18,2.5,142.5,47,615.47998046875,615.3900146484375,615.5599975585938
P18,2.5,143.5,34,615.4749755859375,615.3925170898438,615.5349884033203
P18,2.5,144.5,21,615.0700073242188,614.989990234375,615.530029296875
P18,2.5,145.5,41,615.2000122070312,615.0,615.52001953125
P18,2.5,146.5,36,615.0350341796875,614.8049926757812,615.4224853515625
P18,2.5,147.5,52,614.89501953125,614.6049957275391,615.3925170898438
P18,2.5,148.5,59,614.7899780273438,614.4749755859375,615.260009765625
P18,2.5,149.5,85,615.0800170898438,614.6900024414062,615.469970703125
P18,2.5,150.5,74,615.1699829101562,614.8400268554688,615.5275268554688
P18,2.5,151.5,86,615.4849853515625,615.302490234375,615.6499786376953
P18,2.5,152.5,100,615.4749755859375,615.4000244140625,615.5599975585938
P18,2.5,153.5,106,615.4299926757812,615.3624877929688,615.469970703125
P18,2.5,154.5,105,615.4600219726562,615.4099731445312,615.530029296875
P18,2.5,155.5,102,615.4099731445312,615.3599853515625,615.5075073242188
P18,2.5,156.5,106,615.3900146484375,615.3499755859375,615.4400024414062
P18,2.5,157.5,107,615.3499755859375,615.3099975585938,615.4000244140625
P18,2.5,158.5,101,615.3699951171875,615.3400268554688,615.4099731445312
P18,2.5,159.5,97,615.3699951171875,615.3400268554688,615.4000244140625
P18,2.5,160.5,99,615.4299926757812,615.3699951171875,615.5
P18,2.5,161.5,87,615.4299926757812,615.385009765625,615.4749755859375
P18,2.5,162.5,94,615.4349975585938,615.3300170898438,615.510009765625
P18,2.5,163.5,83,615.4299926757812,615.35498046875,615.469970703125
P18,2.5,164.5,71,615.510009765625,615.4700012207031,615.5350036621094
P18,2.5,165.5,59,615.5999755859375,615.5350036621094,615.6599731445312
P18,2.5,166.5,54,615.6900024414062,615.5925140380859,615.7575073242188
P18,2.5,167.5,53,615.7999877929688,615.739990234375,615.8400268554688
P18,2.5,168.5,52,615.7949829101562,615.72998046875,615.83251953125
P18,2.5,169.5,63,615.469970703125,615.39501953125,615.5900268554688
P18,2.5,170.5,62,615.2100219726562,615.1224975585938,615.3074951171875
P18,2.5,171.5,56,615.5650024414062,615.5,615.6425170898438
P18,2.5,172.5,58,615.64501953125,615.58251953125,615.7000122070312
P18,2.5,173.5,70,615.6599731445312,615.6099853515625,615.6900024414062
P18,2.5,174.5,71,615.5999755859375,615.5549926757812,615.6300048828125
P18,2.5,175.5,76,615.5,615.4299926757812,615.5625
P18,2.5,176.5,55,615.1900024414062,615.1500244140625,615.3049926757812
P18,2.5,177.5,48,615.1400146484375,615.1174926757812,615.1599731445312
P18,2.5,178.5,47,615.1900024414062,615.1599731445312,615.219970703125
P18,2.5,179.5,80,615.1900024414062,615.1574859619141,615.2525024414062
P18,5.0,0.5,0,,,
P18,5.0,1.5,0,,,
P18,5.0,2.5,0,,,
P18,5.0,3.5,0,,,
P18,5.0,4.5,0,,,
P18,5.0,5.5,0,,,
P18,5.0,6.5,0,,,
P18,5.0,7.5,0,,,
P18,5.0,8.5,0,,,
P18,5.0,9.5,0,,,
P18,5.0,10.5,0,,,
P18,5.0,11.5,0,,,
P18,5.0,12.5,0,,,
P18,5.0,13.5,0,,,
P18,5.0,14.5,0,,,
P18,5.0,15.5,0,,,
P18,5.0,16.5,0,,,
P18,5.0,17.5,0,,,
P18,5.0,18.5,8,603.5650024414062,603.5125122070312,603.6399993896484
P18,5.0,19.5,34,603.8099975585938,603.6724853515625,604.0274963378906
P18,5.0,20.5,40,603.760009765625,603.5025024414062,603.9199829101562
P18,5.0,21.5,37,603.3400268554688,603.239990234375,603.489990234375
P18,5.0,22.5,76,603.4849853515625,603.3099975585938,603.77001953125
P18,5.0,23.5,175,603.5,603.27001953125,603.7200012207031
P18,5.0,24.5,226,603.2999877929688,603.1400146484375,603.5075073242188
P18,5.0,25.5,208,603.2249755859375,603.1174926757812,603.4000244140625
P18,5.0,26.5,223,603.27001953125,603.0599975585938,603.5
P18,5.0,27.5,216,603.5499877929688,603.3474884033203,603.7025146484375
P18,5.0,28.5,232,603.6699829101562,603.5175170898438,603.8300170898438
P18,5.0,29.5,116,603.739990234375,603.4074859619141,603.9050140380859
P18,5.0,30.5,15,603.8699951171875,603.85498046875,603.9100036621094
P18,5.0,31.5,0,,,
P18,5.0,32.5,0,,,
P18,5.0,33.5,0,,,
P18,5.0,34.5,10,602.760009765625,602.6999969482422,602.8574981689453
P18,5.0,35.5,149,602.3300170898438,602.0999755859375,602.5399780273438
P18,5.0,36.5,185,602.4299926757812,602.280029296875,602.52001953125
P18,5.0,37.5,207,602.52001953125,602.469970703125,602.5599975585938
P18,5.0,38.5,207,602.5700073242188,602.5,602.6900024414062
P18,5.0,39.5,201,602.5599975585938,602.510009765625,602.6199951171875
P18,5.0,40.5,203,602.5700073242188,602.52001953125,602.625
P18,5.0,41.5,193,602.5499877929688,602.4500122070312,602.6799926757812
P18,5.0,42.5,192,602.719970703125,602.5900268554688,602.780029296875
P18,5.0,43.5,183,602.7000122070312,602.6199951171875,602.739990234375
P18,5.0,44.5,160,602.7249755859375,602.6300048828125,602.7725219726562
P18,5.0,45.5,133,602.760009765625,602.6799926757812,602.8200073242188
P18,5.0,46.5,145,602.7999877929688,602.6500244140625,602.9500122070312
P18,5.0,47.5,169,602.7899780273438,602.7000122070312,602.8900146484375
P18,5.0,48.5,156,602.9299926757812,602.8200073242188,603.010009765625
P18,5.0,49.5,123,602.780029296875,602.6400146484375,602.969970703125
P18,5.0,50.5,132,602.64501953125,602.5,602.8099975585938
P18,5.0,51.5,107,602.5599975585938,602.4749755859375,602.7550048828125
P18,5.0,52.5,113,602.6099853515625,602.4199829101562,602.780029296875
P18,5.0,53.5,109,602.6900024414062,602.5999755859375,602.780029296875
P18,5.0,54.5,87,602.739990234375,602.7050170898438,602.7899780273438
P18,5.0,55.5,80,602.7949829101562,602.72998046875,602.8400268554688
P18,5.0,56.5,99,602.8800048828125,602.7899780273438,602.969970703125
P18,5.0,57.5,162,603.030029296875,602.9600219726562,603.1400146484375
P18,5.0,58.5,204,602.9849853515625,602.8800048828125,603.0700073242188
P18,5.0,59.5,143,603.1099853515625,602.97998046875,603.239990234375
P18,5.0,60.5,125,603.1099853515625,602.969970703125,603.27001953125
P18,5.0,61.5,123,603.0900268554688,602.9500122070312,603.1549987792969
P18,5.0,62.5,73,603.0399780273438,602.8699951171875,603.1099853515625
P18,5.0,63.5,22,603.2650146484375,603.135009765625,603.364990234375
P18,5.0,64.5,0,,,
P18,5.0,65.5,0,,,
P18,5.0,66.5,0,,,
P18,5.0,67.5,0,,,
P18,5.0,68.5,0,,,
P18,5.0,69.5,0,,,
P18,5.0,70.5,0,,,
P18,5.0,71.5,0,,,
P18,5.0,72.5,0,,,
P18,5.0,73.5,0,,,
P18,5.0,74.5,0,,,
P18,5.0,75.5,0,,,
P18,5.0,76.5,0,,,
P18,5.0,77.5,0,,,
P18,5.0,78.5,0,,,
P18,5.0,79.5,6,606.7550048828125,606.7349853515625,606.7899932861328
P18,5.0,80.5,119,606.72998046875,606.52001953125,606.8200073242188
P18,5.0,81.5,116,606.7249755859375,606.3275146484375,606.9400024414062
P18,5.0,82.5,148,606.8900146484375,606.5399780273438,607.04248046875
P18,5.0,83.5,175,606.8599853515625,606.6699829101562,607.135009765625
P18,5.0,84.5,189,606.8099975585938,606.7100219726562,606.97998046875
P18,5.0,85.5,201,606.8599853515625,606.7100219726562,606.97998046875
P18,5.0,86.5,184,606.9000244140625,606.6099853515625,607.02001953125
P18,5.0,87.5,161,606.780029296875,606.5,607.010009765625
P18,5.0,88.5,168,607.030029296875,606.8400268554688,607.2000122070312
P18,5.0,89.5,88,607.52001953125,607.1475219726562,607.75
P18,5.0,90.5,48,607.52001953125,607.3499755859375,607.77001953125
P18,5.0,91.5,30,607.719970703125,607.5449829101562,607.8400268554688
P18,5.0,92.5,49,607.8800048828125,607.5900268554688,608.1599731445312
P18,5.0,93.5,51,608.2899780273438,607.8699951171875,608.7550048828125
P18,5.0,94.5,52,608.5150146484375,608.1024932861328,608.9474945068359
P18,5.0,95.5,51,608.6900024414062,608.2899780273438,608.97998046875
P18,5.0,96.5,60,608.5550537109375,608.1225128173828,608.8325042724609
P18,5.0,97.5,64,608.5,608.2249908447266,608.9124755859375
P18,5.0,98.5,47,608.6799926757812,608.4749755859375,608.9849853515625
P18,5.0,99.5,46,609.0350341796875,608.8925170898438,609.1875
P18,5.0,100.5,24,609.2249755859375,609.1950073242188,609.2625122070312
P18,5.0,101.5,52,609.3350219726562,609.2474975585938,609.6600189208984
P18,5.0,102.5,61,609.5,609.3900146484375,609.780029296875
P18,5.0,103.5,65,609.9000244140625,609.7899780273438,610.0599975585938
P18,5.0,104.5,85,610.22998046875,610.0900268554688,610.4000244140625
P18,5.0,105.5,98,610.3300170898438,610.239990234375,610.5399932861328
P18,5.0,106.5,108,610.739990234375,610.5700073242188,610.8699951171875
P18,5.0,107.5,64,611.0650024414062,610.9400024414062,611.1500244140625
P18,5.0,108.5,72,611.364990234375,611.2899780273438,611.4625091552734
P18,5.0,109.5,68,611.3699951171875,611.3049926757812,611.5
P18,5.0,110.5,79,611.780029296875,611.5650024414062,611.9849853515625
P18,5.0,111.5,66,612.0050048828125,611.8800048828125,612.2849884033203
P18,5.0,112.5,92,612.2149658203125,612.0374908447266,612.3400268554688
P18,5.0,113.5,94,611.9749755859375,611.8524780273438,612.197509765625
P18,5.0,114.5,83,612.0,611.9249877929688,612.1199951171875
P18,5.0,115.5,72,612.0900268554688,612.02001953125,612.2424926757812
P18,5.0,116.5,83,612.260009765625,612.0700073242188,612.4749755859375
P18,5.0,117.5,102,612.594970703125,612.2224731445312,612.8150024414062
P18,5.0,118.5,93,612.7999877929688,612.510009765625,613.0
P18,5.0,119.5,93,612.9099731445312,612.530029296875,613.0999755859375
P18,5.0,120.5,113,612.47998046875,612.0499877929688,612.7000122070312
P18,5.0,121.5,179,612.0700073242188,611.9299926757812,612.6400146484375
P18,5.0,122.5,165,612.3400268554688,612.0800170898438,613.0900268554688
P18,5.0,123.5,146,612.3599853515625,612.239990234375,612.91748046875
P18,5.0,124.5,192,612.6400146484375,612.4500122070312,612.9099731445312
P18,5.0,125.5,207,612.780029296875,612.5499877929688,612.9500122070312
P18,5.0,126.5,218,612.6699829101562,612.5625,612.7999877929688
P18,5.0,127.5,210,612.5999755859375,612.510009765625,612.7100219726562
P18,5.0,128.5,208,612.7149658203125,612.5999755859375,612.9000244140625
P18,5.0,129.5,218,613.0,612.780029296875,613.177490234375
P18,5.0,130.5,203,613.1500244140625,612.97998046875,613.3300170898438
P18,5.0,131.5,144,613.219970703125,613.1300048828125,613.4025115966797
P18,5.0,132.5,108,613.22998046875,613.1500244140625,613.2899780273438
P18,5.0,133.5,128,613.5,613.3499755859375,613.7324829101562
P18,5.0,134.5,168,613.8350219726562,613.6400146484375,614.25
P18,5.0,135.5,168,614.4099731445312,613.95751953125,614.8300018310547
P18,5.0,136.5,174,614.7999877929688,614.2725219726562,615.1300048828125
P18,5.0,137.5,133,614.7999877929688,614.239990234375,615.0900268554688
P18,5.0,138.5,99,614.4400024414062,614.0650024414062,615.0250244140625
P18,5.0,139.5,101,614.7000122070312,614.030029296875,615.3900146484375
P18,5.0,140.5,153,615.260009765625,614.4099731445312,615.3400268554688
P18,5.0,141.5,113,615.3300170898438,615.260009765625,615.3699951171875
P18,5.0,142.5,135,615.3599853515625,614.9949951171875,615.4249877929688
P18,5.0,143.5,132,615.3099975585938,614.1925048828125,615.3900146484375
P18,5.0,144.5,94,614.344970703125,613.8524780273438,614.8200073242188
P18,5.0,145.5,112,614.4249877929688,613.8300170898438,615.0700073242188
P18,5.0,146.5,108,614.22998046875,613.8775024414062,614.7949829101562
P18,5.0,147.5,111,614.3200073242188,614.0599975585938,614.8550109863281
P18,5.0,148.5,98,614.4149780273438,614.219970703125,614.9099884033203
P18,5.0,149.5,104,614.8900146484375,614.4225006103516,615.3400115966797
P18,5.0,150.5,87,615.0800170898438,614.6499938964844,615.4749755859375
P18,5.0,151.5,96,615.4299926757812,615.1624908447266,615.6099853515625
P18,5.0,152.5,143,615.4299926757812,615.3049926757812,615.52001953125
P18,5.0,153.5,166,615.4099731445312,615.3200073242188,615.469970703125
P18,5.0,154.5,176,615.469970703125,615.3900146484375,615.5399780273438
P18,5.0,155.5,189,615.4299926757812,615.3499755859375,615.530029296875
P18,5.0,156.5,187,615.4000244140625,615.3300170898438,615.5
P18,5.0,157.5,193,615.3400268554688,615.280029296875,615.4000244140625
P18,5.0,158.5,193,615.3400268554688,615.27001953125,615.4000244140625
P18,5.0,159.5,183,615.3499755859375,615.3150024414062,615.3900146484375
P18,5.0,160.5,184,615.3800048828125,615.3300170898438,615.5
P18,5.0,161.5,142,615.4199829101562,615.3599853515625,615.4600219726562
P18,5.0,162.5,170,615.4000244140625,615.3300170898438,615.469970703125
P18,5.0,163.5,159,615.4299926757812,615.3400268554688,615.469970703125
P18,5.0,164.5,140,615.47998046875,615.4000244140625,615.530029296875
P18,5.0,165.5,117,615.530029296875,615.47998046875,615.5999755859375
P18,5.0,166.5,104,615.5499877929688,615.4874877929688,615.7025146484375
P18,5.0,167.5,104,615.5750122070312,615.469970703125,615.802490234375
P18,5.0,168.5,105,615.6099853515625,615.4400024414062,615.7899780273438
P18,5.0,169.5,116,615.39501953125,615.3200073242188,615.5
P18,5.0,170.5,109,615.1699829101562,615.1099853515625,615.25
P18,5.0,171.5,111,615.3499755859375,615.0999755859375,615.5650024414062
P18,5.0,172.5,108,615.4599609375,615.1699829101562,615.6500244140625
P18,5.0,173.5,131,615.489990234375,615.1950073242188,615.6599731445312
P18,5.0,174.5,120,615.530029296875,615.2575073242188,615.6024780273438
P18,5.0,175.5,132,615.375,615.1875,615.52001953125
P18,5.0,176.5,102,615.1500244140625,615.0900268554688,615.2174835205078
P18,5.0,177.5,102,615.1199951171875,615.0999755859375,615.1475219726562
P18,5.0,178.5,100,615.1749877929688,615.1400146484375,615.2000122070312
P18,5.0,179.5,130,615.239990234375,615.1699829101562,615.2899780273438
P18,7.5,0.5,0,,,
P18,7.5,1.5,0,,,
P18,7.5,2.5,0,,,
P18,7.5,3.5,0,,,
P18,7.5,4.5,0,,,
P18,7.5,5.5,0,,,
P18,7.5,6.5,0,,,
P18,7.5,7.5,0,,,
P18,7.5,8.5,0,,,
P18,7.5,9.5,0,,,
P18,7.5,10.5,0,,,
P18,7.5,11.5,0,,,
P18,7.5,12.5,0,,,
P18,7.5,13.5,0,,,
P18,7.5,14.5,0,,,
P18,7.5,15.5,0,,,
P18,7.5,16.5,0,,,
P18,7.5,17.5,4,603.8150024414062,603.7974853515625,603.83251953125
P18,7.5,18.5,31,603.8499755859375,603.75,604.0050048828125
P18,7.5,19.5,51,603.8099975585938,603.6900024414062,603.9249877929688
P18,7.5,20.5,100,603.4149780273438,603.1900024414062,603.6699829101562
P18,7.5,21.5,66,603.1950073242188,603.052490234375,603.3674926757812
P18,7.5,22.5,140,603.385009765625,603.2274780273438,603.552490234375
P18,7.5,23.5,241,603.4400024414062,603.239990234375,603.6599731445312
P18,7.5,24.5,319,603.3599853515625,603.1599731445312,603.5900268554688
P18,7.5,25.5,284,603.2000122070312,603.0,603.4000244140625
P18,7.5,26.5,296,603.2249755859375,603.0599975585938,603.5399780273438
P18,7.5,27.5,278,603.4600219726562,603.2000122070312,603.6799926757812
P18,7.5,28.5,280,603.655029296875,603.4874877929688,603.822509765625
P18,7.5,29.5,186,603.7999877929688,603.489990234375,603.9400024414062
P18,7.5,30.5,88,603.85498046875,603.5499877929688,603.9500122070312
P18,7.5,31.5,57,603.8699951171875,603.72998046875,604.030029296875
P18,7.5,32.5,30,603.6099853515625,603.5350189208984,603.6875
P18,7.5,33.5,44,603.5599975585938,603.4974975585938,603.6624755859375
P18,7.5,34.5,56,603.4549560546875,603.0875244140625,603.614990234375
P18,7.5,35.5,217,602.52001953125,602.2000122070312,602.72998046875
P18,7.5,36.5,243,602.47998046875,602.3499755859375,602.5399780273438
P18,7.5,37.5,312,602.5399780273438,602.47998046875,602.5900268554688
P18,7.5,38.5,307,602.6099853515625,602.510009765625,602.72998046875
P18,7.5,39.5,269,602.5900268554688,602.52001953125,602.6699829101562
P18,7.5,40.5,252,602.5700073242188,602.510009765625,602.6699829101562
P18,7.5,41.5,246,602.5599975585938,602.4500122070312,602.7100219726562
P18,7.5,42.5,249,602.719970703125,602.5499877929688,602.780029296875
P18,7.5,43.5,233,602.7100219726562,602.6300048828125,602.75
P18,7.5,44.5,211,602.739990234375,602.6549987792969,602.7899780273438
P18,7.5,45.5,189,602.7899780273438,602.719970703125,602.8800048828125
P18,7.5,46.5,205,602.780029296875,602.6300048828125,602.9400024414062
P18,7.5,47.5,227,602.739990234375,602.6099853515625,602.8400268554688
P18,7.5,48.5,208,602.8599853515625,602.5499877929688,602.97998046875
P18,7.5,49.5,177,602.6699829101562,602.3800048828125,602.9000244140625
P18,7.5,50.5,186,602.5599975585938,602.469970703125,602.760009765625
P18,7.5,51.5,157,602.5399780273438,602.4400024414062,602.6599731445312
P18,7.5,52.5,166,602.530029296875,602.4000244140625,602.6900024414062
P18,7.5,53.5,161,602.5999755859375,602.5,602.72998046875
P18,7.5,54.5,140,602.6950073242188,602.5275268554688,602.760009765625
P18,7.5,55.5,135,602.7000122070312,602.5599975585938,602.8099975585938
P18,7.5,56.5,159,602.780029296875,602.5700073242188,602.9400024414062
P18,7.5,57.5,252,602.9949951171875,602.8300170898438,603.1124877929688
P18,7.5,58.5,319,602.9600219726562,602.7949829101562,603.0800170898438
P18,7.5,59.5,229,603.0499877929688,602.9000244140625,603.2100219726562
P18,7.5,60.5,167,603.0599975585938,602.8049926757812,603.260009765625
P18,7.5,61.5,130,603.0800170898438,602.9224853515625,603.1500244140625
P18,7.5,62.5,74,603.0399780273438,602.8699951171875,603.1074829101562
P18,7.5,63.5,22,603.2650146484375,603.135009765625,603.364990234375
P18,7.5,64.5,0,,,
P18,7.5,65.5,0,,,
P18,7.5,66.5,0,,,
P18,7.5,67.5,0,,,
P18,7.5,68.5,0,,,
P18,7.5,69.5,0,,,
P18,7.5,70.5,0,,,
P18,7.5,71.5,0,,,
P18,7.5,72.5,0,,,
P18,7.5,73.5,0,,,
P18,7.5,74.5,0,,,
P18,7.5,75.5,0,,,
P18,7.5,76.5,0,,,
P18,7.5,77.5,0,,,
P18,7.5,78.5,0,,,
P18,7.5,79.5,6,606.7550048828125,606.7349853515625,606.7899932861328
P18,7.5,80.5,119,606.72998046875,606.52001953125,606.8200073242188
P18,7.5,81.5,119,606.75,606.3350219726562,606.9400024414062
P18,7.5,82.5,165,606.9099731445312,606.5999755859375,607.1799926757812
P18,7.5,83.5,193,606.9099731445312,606.6900024414062,607.25
P18,7.5,84.5,257,606.8900146484375,606.739990234375,607.1199951171875
P18,7.5,85.5,269,606.7999877929688,606.5900268554688,606.9400024414062
P18,7.5,86.5,247,606.8099975585938,606.5599975585938,607.010009765625
P18,7.5,87.5,226,606.75,606.5700073242188,606.969970703125
P18,7.5,88.5,224,607.0050048828125,606.7575073242188,607.1824951171875
P18,7.5,89.5,162,607.2149658203125,607.052490234375,607.5949859619141
P18,7.5,90.5,106,607.3800048828125,607.260009765625,607.530029296875
P18,7.5,91.5,105,607.4600219726562,607.260009765625,607.6599731445312
P18,7.5,92.5,116,607.5900268554688,607.4774780273438,607.8825073242188
P18,7.5,93.5,111,607.719970703125,607.5999755859375,608.22998046875
P18,7.5,94.5,114,608.0,607.8300170898438,608.3599853515625
P18,7.5,95.5,132,608.364990234375,608.1099853515625,608.6824951171875
P18,7.5,96.5,131,608.7000122070312,608.3499755859375,608.8550109863281
P18,7.5,97.5,126,608.6500244140625,608.3699951171875,609.0050048828125
P18,7.5,98.5,124,608.9099731445312,608.6174926757812,609.1624755859375
P18,7.5,99.5,105,609.3300170898438,609.0999755859375,609.530029296875
P18,7.5,100.5,78,609.3499755859375,609.25,609.447509765625
P18,7.5,101.5,107,609.3800048828125,609.2550048828125,609.5900268554688
P18,7.5,102.5,115,609.5599975585938,609.4099731445312,609.6699829101562
P18,7.5,103.5,120,609.8900146484375,609.7974853515625,610.0399780273438
P18,7.5,104.5,137,610.25,610.1300048828125,610.3400268554688
P18,7.5,105.5,154,610.4550170898438,610.2899780273438,610.6599731445312
P18,7.5,106.5,163,610.780029296875,610.6400146484375,610.9349975585938
P18,7.5,107.5,121,611.1199951171875,610.969970703125,611.2000122070312
P18,7.5,108.5,126,611.3900146484375,611.3125,611.469970703125
P18,7.5,109.5,119,611.47998046875,611.3350219726562,611.6199951171875
P18,7.5,110.5,132,611.6599731445312,611.5875244140625,611.8250122070312
P18,7.5,111.5,121,611.8699951171875,611.760009765625,612.0399780273438
P18,7.5,112.5,151,612.1900024414062,612.0399780273438,612.3049926757812
P18,7.5,113.5,147,612.1799926757812,611.9099731445312,612.3200073242188
P18,7.5,114.5,138,612.1649780273438,611.97998046875,612.2899780273438
P18,7.5,115.5,128,612.0599975585938,611.95751953125,612.2100219726562
P18,7.5,116.5,149,612.1799926757812,611.9600219726562,612.4099731445312
P18,7.5,117.5,172,612.4649658203125,612.1900024414062,612.7525024414062
P18,7.5,118.5,149,612.8800048828125,612.6599731445312,613.0399780273438
P18,7.5,119.5,160,612.9149780273438,612.6300048828125,613.0999755859375
P18,7.5,120.5,209,612.4600219726562,611.969970703125,612.760009765625
P18,7.5,121.5,252,612.155029296875,611.9375,612.5700073242188
P18,7.5,122.5,252,612.39501953125,612.0775146484375,612.8800048828125
P18,7.5,123.5,238,612.4500122070312,612.25,612.72998046875
P18,7.5,124.5,296,612.5050048828125,612.3900146484375,612.739990234375
P18,7.5,125.5,316,612.6799926757812,612.4375,612.8900146484375
P18,7.5,126.5,321,612.6699829101562,612.5399780273438,612.8499755859375
P18,7.5,127.5,314,612.6099853515625,612.510009765625,612.8275146484375
P18,7.5,128.5,312,612.7249755859375,612.6099853515625,613.052490234375
P18,7.5,129.5,328,613.0150146484375,612.7675170898438,613.27001953125
P18,7.5,130.5,306,613.1500244140625,612.9500122070312,613.3474884033203
P18,7.5,131.5,221,613.1799926757812,613.0800170898438,613.4400024414062
P18,7.5,132.5,163,613.2000122070312,613.1400146484375,613.280029296875
P18,7.5,133.5,200,613.4299926757812,613.3200073242188,613.802490234375
P18,7.5,134.5,241,613.739990234375,613.5399780273438,614.280029296875
P18,7.5,135.5,239,614.469970703125,613.85498046875,615.1649780273438
P18,7.5,136.5,245,614.6900024414062,613.7100219726562,615.1500244140625
P18,7.5,137.5,194,614.2949829101562,613.4124755859375,615.02001953125
P18,7.5,138.5,169,614.0700073242188,613.2999877929688,614.9299926757812
P18,7.5,139.5,176,614.989990234375,613.8875122070312,615.4099731445312
P18,7.5,140.5,211,615.3099975585938,614.614990234375,615.3599853515625
P18,7.5,141.5,165,615.3499755859375,615.2899780273438,615.3800048828125
P18,7.5,142.5,187,615.3800048828125,615.3150024414062,615.4199829101562
P18,7.5,143.5,200,615.3400268554688,614.1474761962891,615.4199829101562
P18,7.5,144.5,172,614.530029296875,613.8674926757812,615.4000244140625
P18,7.5,145.5,176,614.4249877929688,613.8300170898438,615.3900146484375
P18,7.5,146.5,146,614.2100219726562,613.9199829101562,614.9074859619141
P18,7.5,147.5,132,614.3300170898438,614.0875244140625,614.9449920654297
P18,7.5,148.5,100,614.4400024414062,614.219970703125,614.9550018310547
P18,7.5,149.5,104,614.8900146484375,614.4225006103516,615.3400115966797
P18,7.5,150.5,94,615.0750122070312,614.6024780273438,615.4949951171875
P18,7.5,151.5,112,615.4000244140625,614.95751953125,615.572509765625
P18,7.5,152.5,159,615.4000244140625,615.2750244140625,615.510009765625
P18,7.5,153.5,207,615.3699951171875,615.260009765625,615.4600219726562
P18,7.5,154.5,238,615.4099731445312,615.2725219726562,615.52001953125
P18,7.5,155.5,265,615.3599853515625,615.260009765625,615.5
P18,7.5,156.5,278,615.3499755859375,615.052490234375,615.4500122070312
P18,7.5,157.5,295,615.3300170898438,614.9600219726562,615.39501953125
P18,7.5,158.5,292,615.3400268554688,614.9024810791016,615.4199829101562
P18,7.5,159.5,282,615.3499755859375,614.9324951171875,615.4099731445312
P18,7.5,160.5,272,615.364990234375,615.16748046875,615.4500122070312
P18,7.5,161.5,233,615.3699951171875,615.2999877929688,615.4400024414062
P18,7.5,162.5,249,615.3499755859375,614.8499755859375,615.4400024414062
P18,7.5,163.5,232,615.364990234375,615.1574859619141,615.4500122070312
P18,7.5,164.5,190,615.4299926757812,615.280029296875,615.510009765625
P18,7.5,165.5,183,615.47998046875,614.6649780273438,615.5499877929688
P18,7.5,166.5,151,615.510009765625,615.4400024414062,615.6199951171875
P18,7.5,167.5,128,615.530029296875,615.447509765625,615.7825164794922
P18,7.5,168.5,133,615.510009765625,615.4400024414062,615.75
P18,7.5,169.5,164,615.3699951171875,615.2999877929688,615.4500122070312
P18,7.5,170.5,161,615.1400146484375,615.1099853515625,615.2100219726562
P18,7.5,171.5,163,615.1199951171875,615.0800170898438,615.5
P18,7.5,172.5,159,615.1799926757812,615.0850219726562,615.60498046875
P18,7.5,173.5,189,615.2000122070312,615.1099853515625,615.6300048828125
P18,7.5,174.5,169,615.280029296875,615.1099853515625,615.5900268554688
P18,7.5,175.5,184,615.2449951171875,615.1300048828125,615.4724731445312
P18,7.5,176.5,151,615.0900268554688,615.0499877929688,615.1649780273438
P18,7.5,177.5,156,615.0999755859375,615.0499877929688,615.1300048828125
P18,7.5,178.5,151,615.1400146484375,615.0800170898438,615.1900024414062
P18,7.5,179.5,178,615.2000122070312,615.1400146484375,615.27001953125
P19,2.5,0.5,0,,,
P19,2.5,1.5,0,,,
P19,2.5,2.5,0,,,
P19,2.5,3.5,0,,,
P19,2.5,4.5,0,,,
P19,2.5,5.5,0,,,
P19,2.5,6.5,0,,,
P19,2.5,7.5,0,,,
P19,2.5,8.5,0,,,
P19,2.5,9.5,0,,,
P19,2.5,10.5,0,,,
P19,2.5,11.5,0,,,
P19,2.5,12.5,0,,,
P19,2.5,13.5,17,602.52001953125,602.3699951171875,602.7000122070312
P19,2.5,14.5,89,602.5800170898438,602.469970703125,602.7100219726562
P19,2.5,15.5,87,602.52001953125,602.4199829101562,602.6199951171875
P19,2.5,16.5,98,602.2149658203125,602.1624755859375,602.3975219726562
P19,2.5,17.5,60,602.2999877929688,602.2174835205078,602.3425140380859
P19,2.5,18.5,103,602.3800048828125,602.3049926757812,602.4949951171875
P19,2.5,19.5,115,602.4500122070312,602.3499755859375,602.5599975585938
P19,2.5,20.5,62,602.7149658203125,602.5750122070312,602.8099975585938
P19,2.5,21.5,26,603.0750122070312,603.030029296875,603.1300048828125
P19,2.5,22.5,30,603.1849975585938,603.1624755859375,603.2274780273438
P19,2.5,23.5,31,603.0399780273438,602.989990234375,603.2149963378906
P19,2.5,24.5,32,603.155029296875,603.0599975585938,603.3524780273438
P19,2.5,25.5,31,603.2000122070312,603.1199951171875,603.3800048828125
P19,2.5,26.5,37,602.9500122070312,602.9000244140625,603.010009765625
P19,2.5,27.5,82,603.094970703125,602.9525146484375,603.22998046875
P19,2.5,28.5,94,603.3300170898438,603.1099853515625,603.4299926757812
P19,2.5,29.5,75,603.22998046875,603.125,603.3599853515625
P19,2.5,30.5,71,603.030029296875,602.989990234375,603.2249755859375
P19,2.5,31.5,99,603.0900268554688,603.030029296875,603.260009765625
P19,2.5,32.5,92,603.0999755859375,602.969970703125,603.2150115966797
P19,2.5,33.5,86,603.0750122070312,602.9724731445312,603.1799926757812
P19,2.5,34.5,118,602.989990234375,602.8425140380859,603.1375122070312
P19,2.5,35.5,120,602.8300170898438,602.7374877929688,602.9600219726562
P19,2.5,36.5,100,602.875,602.760009765625,603.0225219726562
P19,2.5,37.5,26,603.125,603.0125122070312,603.1875
P19,2.5,38.5,0,,,
P19,2.5,39.5,22,602.6099853515625,602.5300140380859,602.719970703125
P19,2.5,40.5,61,602.3499755859375,602.2100219726562,602.52001953125
P19,2.5,41.5,78,602.3300170898438,602.1900024414062,602.4649810791016
P19,2.5,42.5,106,602.3699951171875,602.2525024414062,602.45751953125
P19,2.5,43.5,100,602.260009765625,602.1300048828125,602.3400268554688
P19,2.5,44.5,110,602.219970703125,602.0900268554688,602.3099975585938
P19,2.5,45.5,111,602.0900268554688,602.02001953125,602.219970703125
P19,2.5,46.5,96,602.0599975585938,601.8775024414062,602.0999755859375
P19,2.5,47.5,61,601.9199829101562,601.8300170898438,602.030029296875
P19,2.5,48.5,74,601.9249877929688,601.7525024414062,602.02001953125
P19,2.5,49.5,78,601.9299926757812,601.7100219726562,602.0800170898438
P19,2.5,50.5,92,601.905029296875,601.7974853515625,602.0625
P19,2.5,51.5,108,601.864990234375,601.719970703125,601.969970703125
P19,2.5,52.5,100,601.9099731445312,601.8099975585938,602.0025024414062
P19,2.5,53.5,94,602.0700073242188,602.0225219726562,602.1400146484375
P19,2.5,54.5,81,602.0700073242188,601.989990234375,602.1300048828125
P19,2.5,55.5,84,602.0449829101562,601.9074859619141,602.1599731445312
P19,2.5,56.5,47,602.1300048828125,602.0,602.1599731445312
P19,2.5,57.5,2,,,
P19,2.5,58.5,0,,,
P19,2.5,59.5,0,,,
P19,2.5,60.5,0,,,
P19,2.5,61.5,0,,,
P19,2.5,62.5,0,,,
P19,2.5,63.5,0,,,
P19,2.5,64.5,0,,,
P19,2.5,65.5,0,,,
P19,2.5,66.5,0,,,
P19,2.5,67.5,0,,,
P19,2.5,68.5,0,,,
P19,2.5,69.5,0,,,
P19,2.5,70.5,0,,,
P19,2.5,71.5,0,,,
P19,2.5,72.5,0,,,
P19,2.5,73.5,0,,,
P19,2.5,74.5,0,,,
P19,2.5,75.5,0,,,
P19,2.5,76.5,0,,,
P19,2.5,77.5,0,,,
P19,2.5,78.5,0,,,
P19,2.5,79.5,0,,,
P19,2.5,80.5,0,,,
P19,2.5,81.5,0,,,
P19,2.5,82.5,0,,,
P19,2.5,83.5,0,,,
P19,2.5,84.5,0,,,
P19,2.5,85.5,0,,,
P19,2.5,86.5,0,,,
P19,2.5,87.5,0,,,
P19,2.5,88.5,0,,,
P19,2.5,89.5,0,,,
P19,2.5,90.5,0,,,
P19,2.5,91.5,0,,,
P19,2.5,92.5,0,,,
P19,2.5,93.5,0,,,
P19,2.5,94.5,0,,,
P19,2.5,95.5,1,,,
P19,2.5,96.5,37,610.9299926757812,610.8300170898438,611.02001953125
P19,2.5,97.5,60,611.094970703125,610.9774780273438,611.3250122070312
P19,2.5,98.5,61,611.3499755859375,610.9199829101562,611.780029296875
P19,2.5,99.5,79,611.3800048828125,611.0700073242188,611.85498046875
P19,2.5,100.5,87,611.7100219726562,611.3300170898438,612.02001953125
P19,2.5,101.5,55,611.5900268554688,611.3450012207031,611.8650207519531
P19,2.5,102.5,69,611.9000244140625,611.6799926757812,612.1900024414062
P19,2.5,103.5,92,612.2249755859375,611.8400268554688,612.3825073242188
P19,2.5,104.5,72,612.2949829101562,612.0150146484375,612.5350189208984
P19,2.5,105.5,75,612.3499755859375,612.0549926757812,612.6650085449219
P19,2.5,106.5,87,612.5399780273438,612.4000244140625,612.7050170898438
P19,2.5,107.5,102,612.8599853515625,612.7100219726562,613.0
P19,2.5,108.5,94,613.3300170898438,613.1099853515625,613.5275268554688
P19,2.5,109.5,54,613.2950439453125,613.1325073242188,613.5999755859375
P19,2.5,110.5,48,613.4749755859375,613.2675170898438,613.6300048828125
P19,2.5,111.5,62,613.5549926757812,613.469970703125,613.6400146484375
P19,2.5,112.5,62,613.5800170898438,613.510009765625,613.6599731445312
P19,2.5,113.5,50,613.72998046875,613.6900024414062,613.7675170898438
P19,2.5,114.5,44,613.8150024414062,613.7374877929688,613.9400024414062
P19,2.5,115.5,48,613.8800048828125,613.7999877929688,613.9450073242188
P19,2.5,116.5,31,613.9600219726562,613.8599853515625,614.0350036621094
P19,2.5,117.5,18,613.9949951171875,613.9474945068359,614.0275268554688
P19,2.5,118.5,14,614.2249755859375,614.1000213623047,614.3025054931641
P19,2.5,119.5,3,614.3900146484375,614.375,614.3999938964844
P19,2.5,120.5,0,,,
P19,2.5,121.5,0,,,
P19,2.5,122.5,0,,,
P19,2.5,123.5,0,,,
P19,2.5,124.5,0,,,
P19,2.5,125.5,0,,,
P19,2.5,126.5,0,,,
P19,2.5,127.5,0,,,
P19,2.5,128.5,6,614.9000244140625,614.885009765625,614.9149932861328
P19,2.5,129.5,42,615.0650024414062,614.8300170898438,615.2675170898438
P19,2.5,130.5,89,615.1400146484375,614.9000244140625,615.469970703125
P19,2.5,131.5,116,615.6500244140625,615.4074859619141,615.8900146484375
P19,2.5,132.5,94,615.7750244140625,615.7100219726562,615.8900146484375
P19,2.5,133.5,54,615.9949951171875,615.8724822998047,616.16748046875
P19,2.5,134.5,87,616.0,615.7899780273438,616.1549987792969
P19,2.5,135.5,61,615.8800048828125,615.760009765625,615.969970703125
P19,2.5,136.5,71,615.7100219726562,615.6900024414062,615.719970703125
P19,2.5,137.5,81,615.7000122070312,615.6900024414062,615.719970703125
P19,2.5,138.5,28,615.719970703125,615.7000122070312,615.739990234375
P19,2.5,139.5,0,,,
P19,2.5,140.5,0,,,
P19,2.5,141.5,0,,,
P19,2.5,142.5,0,,,
P19,2.5,143.5,0,,,
P19,2.5,144.5,0,,,
P19,2.5,145.5,0,,,
P19,2.5,146.5,0,,,
P19,2.5,147.5,0,,,
P19,2.5,148.5,0,,,
P19,2.5,149.5,0,,,
P19,2.5,150.5,0,,,
P19,2.5,151.5,36,615.6799926757812,615.6599731445312,615.7000122070312
P19,2.5,152.5,96,615.6699829101562,615.6500244140625,615.6900024414062
P19,2.5,153.5,106,615.6300048828125,615.6099853515625,615.6400146484375
P19,2.5,154.5,99,615.5999755859375,615.5750122070312,615.6199951171875
P19,2.5,155.5,102,615.5599975585938,615.5399780273438,615.5800170898438
P19,2.5,156.5,85,615.5499877929688,615.5399780273438,615.5700073242188
P19,2.5,157.5,89,615.5599975585938,615.5399780273438,615.5900268554688
P19,2.5,158.5,92,615.5650024414062,615.5399780273438,615.5900268554688
P19,2.5,159.5,89,615.5700073242188,615.5499877929688,615.5900268554688
P19,2.5,160.5,100,615.5700073242188,615.5499877929688,615.5925140380859
P19,2.5,161.5,106,615.5900268554688,615.5599975585938,615.6099853515625
P19,2.5,162.5,100,615.5549926757812,615.52001953125,615.5800170898438
P19,2.5,163.5,102,615.52001953125,615.489990234375,615.5399780273438
P19,2.5,164.5,104,615.5150146484375,615.47998046875,615.5399780273438
P19,2.5,165.5,103,615.530029296875,615.510009765625,615.5599975585938
P19,2.5,166.5,103,615.6199951171875,615.5800170898438,615.7100219726562
P19,2.5,167.5,56,615.7949829101562,615.719970703125,615.8350067138672
P19,2.5,168.5,95,615.52001953125,615.4400024414062,615.6199951171875
P19,2.5,169.5,109,615.2999877929688,615.27001953125,615.3300170898438
P19,2.5,170.5,101,615.260009765625,615.239990234375,615.2999877929688
P19,2.5,171.5,102,615.25,615.22998046875,615.280029296875
P19,2.5,172.5,104,615.22998046875,615.2100219726562,615.25
P19,2.5,173.5,103,615.22998046875,615.1900024414062,615.260009765625
P19,2.5,174.5,103,615.22998046875,615.1900024414062,615.260009765625
P19,2.5,175.5,118,615.239990234375,615.2000122070312,615.2874908447266
P19,2.5,176.5,103,615.280029296875,615.22998046875,615.3099975585938
P19,2.5,177.5,105,615.3099975585938,615.260009765625,615.3400268554688
P19,2.5,178.5,97,615.4099731445312,615.3400268554688,615.5
P19,2.5,179.5,104,615.6099853515625,615.5700073242188,615.6900024414062
P19,5.0,0.5,0,,,
P19,5.0,1.5,0,,,
P19,5.0,2.5,0,,,
P19,5.0,3.5,0,,,
P19,5.0,4.5,0,,,
P19,5.0,5.5,0,,,
P19,5.0,6.5,0,,,
P19,5.0,7.5,0,,,
P19,5.0,8.5,0,,,
P19,5.0,9.5,0,,,
P19,5.0,10.5,0,,,
P19,5.0,11.5,1,,,
P19,5.0,12.5,14,601.9599609375,601.8699951171875,602.0574951171875
P19,5.0,13.5,65,602.1900024414062,602.0399780273438,602.4099731445312
P19,5.0,14.5,153,602.4500122070312,602.3300170898438,602.6199951171875
P19,5.0,15.5,159,602.4400024414062,602.14501953125,602.6099853515625
P19,5.0,16.5,199,602.280029296875,602.1599731445312,602.5900268554688
P19,5.0,17.5,162,602.3400268554688,602.25,602.47998046875
P19,5.0,18.5,196,602.4199829101562,602.3099975585938,602.530029296875
P19,5.0,19.5,208,602.5399780273438,602.3900146484375,602.6400146484375
P19,5.0,20.5,145,602.6799926757812,602.5900268554688,602.8099975585938
P19,5.0,21.5,128,602.844970703125,602.6400146484375,603.030029296875
P19,5.0,22.5,104,603.0400390625,602.8699951171875,603.1699829101562
P19,5.0,23.5,98,603.010009765625,602.9324951171875,603.1074829101562
P19,5.0,24.5,69,603.030029296875,602.9299926757812,603.1599731445312
P19,5.0,25.5,91,602.7999877929688,602.5250244140625,603.1199951171875
P19,5.0,26.5,141,602.8900146484375,602.7000122070312,603.1599731445312
P19,5.0,27.5,193,603.22998046875,603.0399780273438,603.3900146484375
P19,5.0,28.5,201,603.4500122070312,603.2899780273438,603.6199951171875
P19,5.0,29.5,174,603.4099731445312,603.2324829101562,603.5
P19,5.0,30.5,147,603.25,603.0350036621094,603.6649780273438
P19,5.0,31.5,150,603.2100219726562,603.0599975585938,603.47998046875
P19,5.0,32.5,117,603.1400146484375,603.030029296875,603.3499755859375
P19,5.0,33.5,137,603.1500244140625,603.030029296875,603.3699951171875
P19,5.0,34.5,182,603.0599975585938,602.9199829101562,603.2675170898438
P19,5.0,35.5,223,603.0599975585938,602.8200073242188,603.364990234375
P19,5.0,36.5,166,602.9299926757812,602.7899780273438,603.0574951171875
P19,5.0,37.5,76,603.1649780273438,603.0650024414062,603.2100219726562
P19,5.0,38.5,52,603.2149658203125,603.0750122070312,603.302490234375
P19,5.0,39.5,148,602.77001953125,602.5974884033203,602.9425048828125
P19,5.0,40.5,160,602.5350341796875,602.3099975585938,602.6300048828125
P19,5.0,41.5,174,602.52001953125,602.3599853515625,602.5800170898438
P19,5.0,42.5,211,602.3400268554688,602.22998046875,602.4400024414062
P19,5.0,43.5,174,602.2249755859375,602.1199951171875,602.2999877929688
P19,5.0,44.5,169,602.219970703125,602.1099853515625,602.2899780273438
P19,5.0,45.5,192,602.0700073242188,601.989990234375,602.1500244140625
P19,5.0,46.5,181,601.9400024414062,601.8400268554688,602.0700073242188
P19,5.0,47.5,153,601.8800048828125,601.8099975585938,602.02001953125
P19,5.0,48.5,160,601.9500122070312,601.8499755859375,602.0800170898438
P19,5.0,49.5,175,601.8699951171875,601.7449951171875,602.0700073242188
P19,5.0,50.5,197,601.9400024414062,601.8499755859375,602.0999755859375
P19,5.0,51.5,195,601.9500122070312,601.8099975585938,602.0900268554688
P19,5.0,52.5,153,601.989990234375,601.8800048828125,602.0999755859375
P19,5.0,53.5,144,602.0499877929688,601.969970703125,602.1199951171875
P19,5.0,54.5,134,602.0650024414062,601.969970703125,602.1400146484375
P19,5.0,55.5,141,602.0399780273438,601.9099731445312,602.1699829101562
P19,5.0,56.5,108,602.0800170898438,601.9400024414062,602.1599731445312
P19,5.0,57.5,52,602.2000122070312,602.1500244140625,602.2625122070312
P19,5.0,58.5,19,602.1599731445312,601.9600219726562,602.280029296875
P19,5.0,59.5,1,,,
P19,5.0,60.5,0,,,
P19,5.0,61.5,0,,,
P19,5.0,62.5,0,,,
P19,5.0,63.5,0,,,
P19,5.0,64.5,0,,,
P19,5.0,65.5,0,,,
P19,5.0,66.5,0,,,
P19,5.0,67.5,0,,,
P19,5.0,68.5,0,,,
P19,5.0,69.5,0,,,
P19,5.0,70.5,0,,,
P19,5.0,71.5,0,,,
P19,5.0,72.5,0,,,
P19,5.0,73.5,0,,,
P19,5.0,74.5,0,,,
P19,5.0,75.5,0,,,
P19,5.0,76.5,0,,,
P19,5.0,77.5,0,,,
P19,5.0,78.5,0,,,
P19,5.0,79.5,0,,,
P19,5.0,80.5,0,,,
P19,5.0,81.5,0,,,
P19,5.0,82.5,0,,,
P19,5.0,83.5,0,,,
P19,5.0,84.5,0,,,
P19,5.0,85.5,0,,,
P19,5.0,86.5,0,,,
P19,5.0,87.5,0,,,
P19,5.0,88.5,0,,,
P19,5.0,89.5,0,,,
P19,5.0,90.5,0,,,
P19,5.0,91.5,0,,,
P19,5.0,92.5,0,,,
P19,5.0,93.5,6,610.4550170898438,610.3299865722656,610.5050201416016
P19,5.0,94.5,12,610.4450073242188,610.2874908447266,610.5375213623047
P19,5.0,95.5,18,610.7149658203125,610.5024871826172,610.8975219726562
P19,5.0,96.5,48,610.9749755859375,610.8875122070312,611.1199951171875
P19,5.0,97.5,92,611.0999755859375,610.9600219726562,611.22998046875
P19,5.0,98.5,96,610.9299926757812,610.8775024414062,611.530029296875
P19,5.0,99.5,134,611.0599975585938,610.9299926757812,611.5075073242188
P19,5.0,100.5,137,611.2999877929688,611.0900268554688,611.8099975585938
P19,5.0,101.5,112,611.22998046875,611.0075073242188,611.5675048828125
P19,5.0,102.5,121,611.5900268554688,611.2899780273438,611.9400024414062
P19,5.0,103.5,145,611.8099975585938,611.52001953125,612.2899780273438
P19,5.0,104.5,126,611.885009765625,611.6425170898438,612.3200073242188
P19,5.0,105.5,128,611.9849853515625,611.8375244140625,612.4099731445312
P19,5.0,106.5,142,612.3250122070312,612.08251953125,612.6174926757812
P19,5.0,107.5,155,612.7100219726562,612.4500122070312,612.9049987792969
P19,5.0,108.5,151,613.02001953125,612.5650024414062,613.4099731445312
P19,5.0,109.5,106,612.8300170898438,612.4525146484375,613.3075103759766
P19,5.0,110.5,93,613.1300048828125,612.5399780273438,613.47998046875
P19,5.0,111.5,108,613.4000244140625,612.947509765625,613.572509765625
P19,5.0,112.5,103,613.510009765625,613.2999877929688,613.5999755859375
P19,5.0,113.5,93,613.6799926757812,613.5700073242188,613.739990234375
P19,5.0,114.5,96,613.510009765625,613.2274780273438,613.802490234375
P19,5.0,115.5,112,613.510009765625,613.1475219726562,613.8425140380859
P19,5.0,116.5,103,613.75,613.60498046875,613.8900146484375
P19,5.0,117.5,48,614.14501953125,614.0,614.27001953125
P19,5.0,118.5,38,614.260009765625,614.2100219726562,614.3175048828125
P19,5.0,119.5,27,614.3499755859375,614.2449951171875,614.4550170898438
P19,5.0,120.5,5,614.5900268554688,614.5599975585938,614.6099853515625
P19,5.0,121.5,0,,,
P19,5.0,122.5,0,,,
P19,5.0,123.5,0,,,
P19,5.0,124.5,0,,,
P19,5.0,125.5,0,,,
P19,5.0,126.5,25,614.0900268554688,613.969970703125,614.22998046875
P19,5.0,127.5,52,613.97998046875,613.8175048828125,614.135009765625
P19,5.0,128.5,91,614.1199951171875,613.8350219726562,615.7750244140625
P19,5.0,129.5,129,614.8300170898438,614.260009765625,615.9500122070312
P19,5.0,130.5,194,615.030029296875,614.75,615.7575073242188
P19,5.0,131.5,239,615.5800170898438,615.1400146484375,615.97998046875
P19,5.0,132.5,184,615.72998046875,615.530029296875,615.9224853515625
P19,5.0,133.5,122,615.9299926757812,615.75,616.02001953125
P19,5.0,134.5,103,615.969970703125,615.7899780273438,616.1050109863281
P19,5.0,135.5,105,615.8800048828125,615.7999877929688,615.9600219726562
P19,5.0,136.5,123,615.7000122070312,615.6900024414062,615.719970703125
P19,5.0,137.5,120,615.7000122070312,615.6799926757812,615.7125091552734
P19,5.0,138.5,51,615.7100219726562,615.6900024414062,615.719970703125
P19,5.0,139.5,1,,,
P19,5.0,140.5,0,,,
P19,5.0,141.5,0,,,
P19,5.0,142.5,0,,,
P19,5.0,143.5,4,615.7100219726562,615.70751953125,615.7150115966797
P19,5.0,144.5,2,,,
P19,5.0,145.5,0,,,
P19,5.0,146.5,0,,,
P19,5.0,147.5,0,,,
P19,5.0,148.5,0,,,
P19,5.0,149.5,0,,,
P19,5.0,150.5,2,,,
P19,5.0,151.5,84,615.7100219726562,615.6799926757812,615.7424926757812
P19,5.0,152.5,173,615.6799926757812,615.6500244140625,615.719970703125
P19,5.0,153.5,210,615.6300048828125,615.5999755859375,615.6500244140625
P19,5.0,154.5,205,615.5900268554688,615.530029296875,615.6199951171875
P19,5.0,155.5,191,615.5599975585938,615.510009765625,615.5900268554688
P19,5.0,156.5,143,615.5399780273438,615.47998046875,615.5599975585938
P19,5.0,157.5,138,615.5399780273438,615.4824829101562,615.5700073242188
P19,5.0,158.5,146,615.5399780273438,615.47998046875,615.5775146484375
P19,5.0,159.5,153,615.5499877929688,615.489990234375,615.5900268554688
P19,5.0,160.5,206,615.5700073242188,615.52001953125,615.6099853515625
P19,5.0,161.5,208,615.5900268554688,615.530029296875,615.6199951171875
P19,5.0,162.5,206,615.5499877929688,615.489990234375,615.5900268554688
P19,5.0,163.5,205,615.52001953125,615.4600219726562,615.5700073242188
P19,5.0,164.5,177,615.5,615.4500122070312,615.5499877929688
P19,5.0,165.5,159,615.52001953125,615.469970703125,615.5499877929688
P19,5.0,166.5,166,615.5900268554688,615.530029296875,615.6699829101562
P19,5.0,167.5,99,615.72998046875,615.635009765625,615.8099975585938
P19,5.0,168.5,195,615.530029296875,615.4500122070312,615.64501953125
P19,5.0,169.5,215,615.3099975585938,615.260009765625,615.375
P19,5.0,170.5,203,615.260009765625,615.2149963378906,615.3300170898438
P19,5.0,171.5,210,615.260009765625,615.2100219726562,615.3099975585938
P19,5.0,172.5,206,615.22998046875,615.1799926757812,615.2899780273438
P19,5.0,173.5,206,615.22998046875,615.1724853515625,615.2974853515625
P19,5.0,174.5,204,615.219970703125,615.1699829101562,615.3099975585938
P19,5.0,175.5,235,615.239990234375,615.1799926757812,615.3300170898438
P19,5.0,176.5,205,615.280029296875,615.2000122070312,615.3599853515625
P19,5.0,177.5,208,615.3099975585938,615.22998046875,615.4025115966797
P19,5.0,178.5,199,615.4199829101562,615.3099975585938,615.5900268554688
P19,5.0,179.5,206,615.6099853515625,615.5499877929688,615.7100219726562
P19,7.5,0.5,0,,,
P19,7.5,1.5,0,,,
P19,7.5,2.5,0,,,
P19,7.5,3.5,0,,,
P19,7.5,4.5,0,,,
P19,7.5,5.5,0,,,
P19,7.5,6.5,0,,,
P19,7.5,7.5,0,,,
P19,7.5,8.5,0,,,
P19,7.5,9.5,8,602.6600341796875,602.5750122070312,602.7474975585938
P19,7.5,10.5,19,602.0499877929688,601.7850036621094,602.2149963378906
P19,7.5,11.5,47,601.3699951171875,601.25,601.7449951171875
P19,7.5,12.5,80,601.7750244140625,601.6500244140625,601.8950042724609
P19,7.5,13.5,118,602.0499877929688,601.9500122070312,602.2650146484375
P19,7.5,14.5,210,602.3599853515625,602.1699829101562,602.5700073242188
P19,7.5,15.5,234,602.4199829101562,602.0900268554688,602.7174835205078
P19,7.5,16.5,276,602.3699951171875,602.1599731445312,602.8599853515625
P19,7.5,17.5,263,602.3499755859375,602.1799926757812,602.6549987792969
P19,7.5,18.5,306,602.4199829101562,602.260009765625,602.5775146484375
P19,7.5,19.5,288,602.5700073242188,602.4000244140625,602.6925048828125
P19,7.5,20.5,205,602.72998046875,602.5999755859375,602.8300170898438
P19,7.5,21.5,196,602.7999877929688,602.6599731445312,602.9500122070312
P19,7.5,22.5,170,603.0900268554688,602.9600219726562,603.20751953125
P19,7.5,23.5,151,603.0999755859375,602.9649963378906,603.2449951171875
P19,7.5,24.5,96,602.9649658203125,602.7775268554688,603.0800170898438
P19,7.5,25.5,155,602.5900268554688,602.4450073242188,602.9550170898438
P19,7.5,26.5,198,602.8250122070312,602.510009765625,603.010009765625
P19,7.5,27.5,255,603.1300048828125,602.8900146484375,603.3400268554688
P19,7.5,28.5,291,603.4099731445312,603.0499877929688,603.5499877929688
P19,7.5,29.5,291,603.3300170898438,603.0599975585938,603.489990234375
P19,7.5,30.5,269,603.22998046875,603.010009765625,603.510009765625
P19,7.5,31.5,212,603.219970703125,603.0474853515625,603.60498046875
P19,7.5,32.5,164,603.135009765625,603.0,603.3400268554688
P19,7.5,33.5,183,603.1300048828125,602.97998046875,603.3400268554688
P19,7.5,34.5,237,603.0900268554688,602.9600219726562,603.3099975585938
P19,7.5,35.5,319,603.1500244140625,602.864990234375,603.4049987792969
P19,7.5,36.5,277,602.989990234375,602.7999877929688,603.1799926757812
P19,7.5,37.5,182,603.1300048828125,603.010009765625,603.219970703125
P19,7.5,38.5,181,603.02001953125,602.8400268554688,603.1799926757812
P19,7.5,39.5,265,602.77001953125,602.6400146484375,602.9299926757812
P19,7.5,40.5,263,602.6300048828125,602.4500122070312,602.719970703125
P19,7.5,41.5,305,602.5499877929688,602.4000244140625,602.6300048828125
P19,7.5,42.5,319,602.3300170898438,602.1900024414062,602.4400024414062
P19,7.5,43.5,277,602.239990234375,602.1599731445312,602.2999877929688
P19,7.5,44.5,275,602.239990234375,602.1500244140625,602.3150024414062
P19,7.5,45.5,295,602.0900268554688,602.010009765625,602.219970703125
P19,7.5,46.5,294,602.010009765625,601.8900146484375,602.1199951171875
P19,7.5,47.5,268,601.9500122070312,601.8200073242188,602.1224975585938
P19,7.5,48.5,270,601.9550170898438,601.760009765625,602.1300048828125
P19,7.5,49.5,282,601.89501953125,601.7424926757812,602.0999755859375
P19,7.5,50.5,287,601.9400024414062,601.8599853515625,602.1099853515625
P19,7.5,51.5,252,601.9649658203125,601.8499755859375,602.1199951171875
P19,7.5,52.5,204,602.0650024414062,601.9099731445312,602.1900024414062
P19,7.5,53.5,195,602.0999755859375,602.0050048828125,602.2249755859375
P19,7.5,54.5,188,602.1300048828125,602.0075073242188,602.2525024414062
P19,7.5,55.5,192,602.1099853515625,601.9600219726562,602.1900024414062
P19,7.5,56.5,164,602.0800170898438,601.9500122070312,602.1624755859375
P19,7.5,57.5,106,602.260009765625,602.1624755859375,602.3200073242188
P19,7.5,58.5,56,602.280029296875,602.1599731445312,602.3400268554688
P19,7.5,59.5,2,,,
P19,7.5,60.5,0,,,
P19,7.5,61.5,0,,,
P19,7.5,62.5,0,,,
P19,7.5,63.5,0,,,
P19,7.5,64.5,0,,,
P19,7.5,65.5,0,,,
P19,7.5,66.5,0,,,
P19,7.5,67.5,0,,,
P19,7.5,68.5,0,,,
P19,7.5,69.5,0,,,
P19,7.5,70.5,0,,,
P19,7.5,71.5,0,,,
P19,7.5,72.5,0,,,
P19,7.5,73.5,0,,,
P19,7.5,74.5,0,,,
P19,7.5,75.5,0,,,
P19,7.5,76.5,0,,,
P19,7.5,77.5,0,,,
P19,7.5,78.5,0,,,
P19,7.5,79.5,0,,,
P19,7.5,80.5,0,,,
P19,7.5,81.5,0,,,
P19,7.5,82.5,0,,,
P19,7.5,83.5,0,,,
P19,7.5,84.5,0,,,
P19,7.5,85.5,0,,,
P19,7.5,86.5,0,,,
P19,7.5,87.5,0,,,
P19,7.5,88.5,0,,,
P19,7.5,89.5,0,,,
P19,7.5,90.5,7,610.1599731445312,610.0249938964844,610.2949829101562
P19,7.5,91.5,28,610.35498046875,610.2025146484375,610.5549926757812
P19,7.5,92.5,17,610.489990234375,610.2100219726562,610.6799926757812
P19,7.5,93.5,27,610.0,609.5750122070312,610.2349853515625
P19,7.5,94.5,71,609.8300170898438,609.6849975585938,610.0499877929688
P19,7.5,95.5,81,609.9500122070312,609.8200073242188,610.22998046875
P19,7.5,96.5,129,610.5900268554688,610.219970703125,610.97998046875
P19,7.5,97.5,158,610.969970703125,610.7424926757812,611.1300048828125
P19,7.5,98.5,153,610.9000244140625,610.760009765625,611.1300048828125
P19,7.5,99.5,193,610.969970703125,610.8900146484375,611.2000122070312
P19,7.5,100.5,223,611.1199951171875,610.9849853515625,611.489990234375
P19,7.5,101.5,172,611.0050048828125,610.8375244140625,611.33251953125
P19,7.5,102.5,185,611.260009765625,610.8699951171875,611.7899780273438
P19,7.5,103.5,225,611.52001953125,611.0599975585938,612.02001953125
P19,7.5,104.5,192,611.635009765625,611.3674926757812,612.1024780273438
P19,7.5,105.5,185,611.8499755859375,611.530029296875,612.2100219726562
P19,7.5,106.5,198,612.1400146484375,611.8350067138672,612.4974975585938
P19,7.5,107.5,194,612.614990234375,612.114990234375,612.8674926757812
P19,7.5,108.5,180,612.85498046875,612.3900146484375,613.3450164794922
P19,7.5,109.5,151,612.5,612.2999877929688,613.1549987792969
P19,7.5,110.5,147,612.5399780273438,612.364990234375,613.2650146484375
P19,7.5,111.5,159,612.969970703125,612.6300048828125,613.5150146484375
P19,7.5,112.5,153,613.2999877929688,612.6900024414062,613.5499877929688
P19,7.5,113.5,147,613.5,612.8599853515625,613.7149963378906
P19,7.5,114.5,152,613.1950073242188,613.0900268554688,613.6124877929688
P19,7.5,115.5,149,613.3800048828125,613.1300048828125,613.780029296875
P19,7.5,116.5,127,613.7000122070312,613.5399780273438,613.8699951171875
P19,7.5,117.5,87,613.9400024414062,613.39501953125,614.1599731445312
P19,7.5,118.5,67,614.1300048828125,613.375,614.27001953125
P19,7.5,119.5,71,613.8699951171875,613.5849914550781,614.260009765625
P19,7.5,120.5,11,614.3499755859375,614.2099914550781,614.5750122070312
P19,7.5,121.5,0,,,
P19,7.5,122.5,0,,,
P19,7.5,123.5,0,,,
P19,7.5,124.5,0,,,
P19,7.5,125.5,1,,,
P19,7.5,126.5,33,614.0,613.8800048828125,614.2000122070312
P19,7.5,127.5,77,614.0399780273438,613.8499755859375,615.5999755859375
P19,7.5,128.5,164,615.6900024414062,613.9400024414062,615.8250122070312
P19,7.5,129.5,215,615.0900268554688,614.3200073242188,616.0299987792969
P19,7.5,130.5,303,614.97998046875,614.7149963378906,616.0499877929688
P19,7.5,131.5,333,615.52001953125,615.1199951171875,616.0
P19,7.5,132.5,253,615.6699829101562,615.4500122070312,615.9199829101562
P19,7.5,133.5,224,615.844970703125,615.677490234375,616.0399780273438
P19,7.5,134.5,148,615.885009765625,615.75,616.0225219726562
P19,7.5,135.5,156,615.8400268554688,615.760009765625,615.9600219726562
P19,7.5,136.5,133,615.7000122070312,615.6900024414062,615.719970703125
P19,7.5,137.5,125,615.7000122070312,615.6799926757812,615.7100219726562
P19,7.5,138.5,76,615.7000122070312,615.6875,615.719970703125
P19,7.5,139.5,27,615.7000122070312,615.6900024414062,615.7100219726562
P19,7.5,140.5,30,615.6900024414062,615.6699829101562,615.7100219726562
P19,7.5,141.5,35,615.6799926757812,615.6599731445312,615.6950073242188
P19,7.5,142.5,30,615.6799926757812,615.6599731445312,615.6900024414062
P19,7.5,143.5,30,615.6699829101562,615.6500244140625,615.6900024414062
P19,7.5,144.5,16,615.6400146484375,615.6300048828125,615.6525115966797
P19,7.5,145.5,0,,,
P19,7.5,146.5,0,,,
P19,7.5,147.5,0,,,
P19,7.5,148.5,0,,,
P19,7.5,149.5,0,,,
P19,7.5,150.5,28,615.719970703125,615.6900024414062,615.7324829101562
P19,7.5,151.5,158,615.719970703125,615.6799926757812,615.760009765625
P19,7.5,152.5,263,615.6799926757812,615.6400146484375,615.719970703125
P19,7.5,153.5,314,615.6300048828125,615.5999755859375,615.6500244140625
P19,7.5,154.5,308,615.5900268554688,615.52001953125,615.6400146484375
P19,7.5,155.5,291,615.5599975585938,615.489990234375,615.6099853515625
P19,7.5,156.5,240,615.530029296875,615.4674835205078,615.5800170898438
P19,7.5,157.5,192,615.5,615.4600219726562,615.5599975585938
P19,7.5,158.5,210,615.510009765625,615.4600219726562,615.5700073242188
P19,7.5,159.5,250,615.5499877929688,615.4600219726562,615.6199951171875
P19,7.5,160.5,309,615.5700073242188,615.47998046875,615.6300048828125
P19,7.5,161.5,310,615.5900268554688,615.489990234375,615.6300048828125
P19,7.5,162.5,309,615.5499877929688,615.4600219726562,615.6099853515625
P19,7.5,163.5,307,615.52001953125,615.4299926757812,615.6099853515625
P19,7.5,164.5,227,615.469970703125,615.4199829101562,615.5350036621094
P19,7.5,165.5,214,615.489990234375,615.4099731445312,615.5399780273438
P19,7.5,166.5,227,615.5599975585938,615.4199829101562,615.6400146484375
P19,7.5,167.5,141,615.6799926757812,615.5499877929688,615.77001953125
P19,7.5,168.5,281,615.530029296875,615.4400024414062,615.5999755859375
P19,7.5,169.5,315,615.3099975585938,615.239990234375,615.4299926757812
P19,7.5,170.5,310,615.260009765625,615.1900024414062,615.3800048828125
P19,7.5,171.5,309,615.260009765625,615.1799926757812,615.3699951171875
P19,7.5,172.5,311,615.22998046875,615.1500244140625,615.3699951171875
P19,7.5,173.5,310,615.22998046875,615.1500244140625,615.3599853515625
P19,7.5,174.5,316,615.2149658203125,615.1500244140625,615.3599853515625
P19,7.5,175.5,341,615.239990234375,615.1599731445312,615.4199829101562
P19,7.5,176.5,319,615.280029296875,615.1799926757812,615.4400024414062
P19,7.5,177.5,309,615.3099975585938,615.2100219726562,615.4600219726562
P19,7.5,178.5,296,615.4099731445312,615.2899780273438,615.6699829101562
P19,7.5,179.5,309,615.6099853515625,615.489990234375,615.739990234375
P20,2.5,0.5,99,601.2000122070312,601.0800170898438,601.4349975585938
P20,2.5,1.5,110,601.02001953125,600.75,601.3699951171875
P20,2.5,2.5,117,600.9299926757812,600.5900268554688,601.2899780273438
P20,2.5,3.5,111,601.2100219726562,600.9049987792969,601.3399963378906
P20,2.5,4.5,86,601.2750244140625,601.1300048828125,601.4000244140625
P20,2.5,5.5,63,601.2999877929688,601.1400146484375,601.4849853515625
P20,2.5,6.5,77,601.030029296875,600.9400024414062,601.1400146484375
P20,2.5,7.5,130,600.6849975585938,600.5800170898438,600.8975219726562
P20,2.5,8.5,68,600.5,600.4199829101562,600.5925140380859
P20,2.5,9.5,87,600.8099975585938,600.6099853515625,601.4649963378906
P20,2.5,10.5,67,601.3699951171875,600.760009765625,601.8350219726562
P20,2.5,11.5,39,601.3499755859375,600.635009765625,602.2250061035156
P20,2.5,12.5,49,601.6300048828125,600.77001953125,602.1900024414062
P20,2.5,13.5,77,601.9299926757812,601.1500244140625,602.22998046875
P20,2.5,14.5,46,602.125,601.7750091552734,602.3100128173828
P20,2.5,15.5,33,601.97998046875,601.8499755859375,602.1900024414062
P20,2.5,16.5,22,601.4450073242188,601.1999969482422,602.2224884033203
P20,2.5,17.5,13,602.010009765625,601.3200073242188,602.3699951171875
P20,2.5,18.5,68,601.4500122070312,601.2074737548828,601.7525024414062
P20,2.5,19.5,56,601.010009765625,600.8175048828125,601.3099975585938
P20,2.5,20.5,76,600.8049926757812,600.6500244140625,601.3800048828125
P20,2.5,21.5,34,600.8200073242188,600.635009765625,600.8674926757812
P20,2.5,22.5,30,600.8150024414062,600.7650146484375,600.9550170898438
P20,2.5,23.5,10,600.9200439453125,600.8724975585938,601.0025177001953
P20,2.5,24.5,0,,,
P20,2.5,25.5,0,,,
P20,2.5,26.5,0,,,
P20,2.5,27.5,0,,,
P20,2.5,28.5,0,,,
P20,2.5,29.5,2,,,
P20,2.5,30.5,30,601.280029296875,601.0950164794922,601.5174865722656
P20,2.5,31.5,40,601.1799926757812,601.0650024414062,601.2525024414062
P20,2.5,32.5,50,601.3699951171875,601.2999877929688,601.4400024414062
P20,2.5,33.5,37,601.4199829101562,601.3699951171875,601.469970703125
P20,2.5,34.5,19,601.52001953125,601.5,601.530029296875
P20,2.5,35.5,12,601.530029296875,601.4249877929688,601.6024780273438
P20,2.5,36.5,28,601.64501953125,601.5,601.7150115966797
P20,2.5,37.5,16,601.6799926757812,601.6125030517578,601.7750091552734
P20,2.5,38.5,16,601.6199951171875,601.572509765625,601.6875
P20,2.5,39.5,62,601.6400146484375,601.4525146484375,601.7100219726562
P20,2.5,40.5,88,601.6099853515625,601.5175170898438,601.6699829101562
P20,2.5,41.5,99,601.6699829101562,601.5449829101562,601.739990234375
P20,2.5,42.5,110,601.8099975585938,601.7100219726562,601.9074859619141
P20,2.5,43.5,100,601.8250122070312,601.719970703125,601.9400024414062
P20,2.5,44.5,129,601.6900024414062,601.5700073242188,601.760009765625
P20,2.5,45.5,95,601.8699951171875,601.739990234375,601.9199829101562
P20,2.5,46.5,109,601.969970703125,601.9199829101562,602.0599975585938
P20,2.5,47.5,96,601.989990234375,601.9375,602.0700073242188
P20,2.5,48.5,116,601.9849853515625,601.9000244140625,602.1300048828125
P20,2.5,49.5,112,601.9249877929688,601.8574829101562,602.0025024414062
P20,2.5,50.5,105,601.8099975585938,601.719970703125,601.8699951171875
P20,2.5,51.5,110,602.0599975585938,601.9299926757812,602.1875
P20,2.5,52.5,74,602.0549926757812,601.9425048828125,602.1500244140625
P20,2.5,53.5,59,602.5800170898438,602.4199829101562,602.7149963378906
P20,2.5,54.5,56,603.0599975585938,602.97998046875,603.1699829101562
P20,2.5,55.5,92,603.0750122070312,602.9400024414062,603.2650146484375
P20,2.5,56.5,54,603.25,603.1224975585938,603.41748046875
P20,2.5,57.5,36,603.780029296875,603.697509765625,603.8800048828125
P20,2.5,58.5,23,603.719970703125,603.6200256347656,604.010009765625
P20,2.5,59.5,6,604.6749877929688,604.6199951171875,604.7374877929688
P20,2.5,60.5,60,604.655029296875,604.5850219726562,604.7100219726562
P20,2.5,61.5,101,604.739990234375,604.6300048828125,604.8699951171875
P20,2.5,62.5,54,604.739990234375,604.6799926757812,604.8900146484375
P20,2.5,63.5,47,604.9500122070312,604.8699951171875,605.135009765625
P20,2.5,64.5,4,605.125,605.0475006103516,605.1399993896484
P20,2.5,65.5,0,,,
P20,2.5,66.5,2,,,
P20,2.5,67.5,0,,,
P20,2.5,68.5,0,,,
P20,2.5,69.5,0,,,
P20,2.5,70.5,0,,,
P20,2.5,71.5,0,,,
P20,2.5,72.5,0,,,
P20,2.5,73.5,0,,,
P20,2.5,74.5,0,,,
P20,2.5,75.5,0,,,
P20,2.5,76.5,0,,,
P20,2.5,77.5,0,,,
P20,2.5,78.5,0,,,
P20,2.5,79.5,0,,,
P20,2.5,80.5,0,,,
P20,2.5,81.5,0,,,
P20,2.5,82.5,0,,,
P20,2.5,83.5,0,,,
P20,2.5,84.5,0,,,
P20,2.5,85.5,0,,,
P20,2.5,86.5,0,,,
P20,2.5,87.5,0,,,
P20,2.5,88.5,0,,,
P20,2.5,89.5,0,,,
P20,2.5,90.5,0,,,
P20,2.5,91.5,0,,,
P20,2.5,92.5,0,,,
P20,2.5,93.5,0,,,
P20,2.5,94.5,0,,,
P20,2.5,95.5,0,,,
P20,2.5,96.5,0,,,
P20,2.5,97.5,0,,,
P20,2.5,98.5,0,,,
P20,2.5,99.5,0,,,
P20,2.5,100.5,0,,,
P20,2.5,101.5,0,,,
P20,2.5,102.5,0,,,
P20,2.5,103.5,0,,,
P20,2.5,104.5,0,,,
P20,2.5,105.5,0,,,
P20,2.5,106.5,0,,,
P20,2.5,107.5,0,,,
P20,2.5,108.5,0,,,
P20,2.5,109.5,0,,,
P20,2.5,110.5,0,,,
P20,2.5,111.5,0,,,
P20,2.5,112.5,0,,,
P20,2.5,113.5,0,,,
P20,2.5,114.5,0,,,
P20,2.5,115.5,0,,,
P20,2.5,116.5,0,,,
P20,2.5,117.5,0,,,
P20,2.5,118.5,0,,,
P20,2.5,119.5,0,,,
P20,2.5,120.5,0,,,
P20,2.5,121.5,0,,,
P20,2.5,122.5,0,,,
P20,2.5,123.5,42,616.219970703125,616.1425170898438,616.3449859619141
P20,2.5,124.5,95,615.97998046875,615.9299926757812,616.0549926757812
P20,2.5,125.5,105,616.030029296875,615.969970703125,616.0900268554688
P20,2.5,126.5,102,616.0499877929688,616.0225219726562,616.0800170898438
P20,2.5,127.5,104,616.0900268554688,616.0474853515625,616.1300048828125
P20,2.5,128.5,110,616.1799926757812,616.1300048828125,616.239990234375
P20,2.5,129.5,68,616.2550048828125,616.1799926757812,616.3724975585938
P20,2.5,130.5,20,616.300048828125,616.1549835205078,616.4949951171875
P20,2.5,131.5,58,616.0449829101562,615.9625091552734,616.1375122070312
P20,2.5,132.5,104,615.9199829101562,615.8699951171875,615.969970703125
P20,2.5,133.5,112,615.844970703125,615.7899780273438,615.9199829101562
P20,2.5,134.5,92,615.8300170898438,615.780029296875,615.9025115966797
P20,2.5,135.5,76,615.9099731445312,615.8699951171875,615.9400024414062
P20,2.5,136.5,58,615.9400024414062,615.9199829101562,615.9600219726562
P20,2.5,137.5,34,615.969970703125,615.9500122070312,615.989990234375
P20,2.5,138.5,34,616.030029296875,616.0025024414062,616.0775146484375
P20,2.5,139.5,15,616.010009765625,615.9649963378906,616.02001953125
P20,2.5,140.5,21,615.9500122070312,615.9199829101562,615.989990234375
P20,2.5,141.5,9,615.8400268554688,615.7899780273438,615.8900146484375
P20,2.5,142.5,1,,,
P20,2.5,143.5,0,,,
P20,2.5,144.5,0,,,
P20,2.5,145.5,0,,,
P20,2.5,146.5,0,,,
P20,2.5,147.5,0,,,
P20,2.5,148.5,27,615.719970703125,615.7000122070312,615.7550048828125
P20,2.5,149.5,65,615.7999877929688,615.75,615.8400268554688
P20,2.5,150.5,103,615.8200073242188,615.780029296875,615.8499755859375
P20,2.5,151.5,107,615.780029296875,615.760009765625,615.7999877929688
P20,2.5,152.5,96,615.72998046875,615.7100219726562,615.75
P20,2.5,153.5,110,615.719970703125,615.7000122070312,615.739990234375
P20,2.5,154.5,66,615.719970703125,615.7100219726562,615.739990234375
P20,2.5,155.5,108,615.72998046875,615.7100219726562,615.75
P20,2.5,156.5,92,615.72998046875,615.7100219726562,615.75
P20,2.5,157.5,86,615.72998046875,615.7100219726562,615.7474975585938
P20,2.5,158.5,89,615.75,615.719970703125,615.77001953125
P20,2.5,159.5,112,615.75,615.7174835205078,615.79248046875
P20,2.5,160.5,96,615.77001953125,615.72998046875,615.7999877929688
P20,2.5,161.5,111,615.739990234375,615.719970703125,615.7650146484375
P20,2.5,162.5,102,615.739990234375,615.7000122070312,615.760009765625
P20,2.5,163.5,75,615.8200073242188,615.739990234375,615.9199829101562
P20,2.5,164.5,13,615.780029296875,615.760009765625,615.7899780273438
P20,2.5,165.5,1,,,
P20,2.5,166.5,40,615.989990234375,615.9400024414062,616.0350189208984
P20,2.5,167.5,35,615.760009765625,615.719970703125,615.8099975585938
P20,2.5,168.5,110,615.5900268554688,615.5599975585938,615.6375122070312
P20,2.5,169.5,93,615.5399780273438,615.510009765625,615.5700073242188
P20,2.5,170.5,115,615.52001953125,615.489990234375,615.5549926757812
P20,2.5,171.5,95,615.52001953125,615.489990234375,615.5499877929688
P20,2.5,172.5,108,615.5,615.47998046875,615.530029296875
P20,2.5,173.5,100,615.5,615.469970703125,615.530029296875
P20,2.5,174.5,107,615.5,615.469970703125,615.52001953125
P20,2.5,175.5,114,615.489990234375,615.47998046875,615.510009765625
P20,2.5,176.5,114,615.510009765625,615.469970703125,615.530029296875
P20,2.5,177.5,95,615.6400146484375,615.5399780273438,615.75
P20,2.5,178.5,109,615.7999877929688,615.739990234375,615.8499755859375
P20,2.5,179.5,98,615.8300170898438,615.760009765625,615.8800048828125
P20,5.0,0.5,146,601.39501953125,601.1300048828125,601.8599853515625
P20,5.0,1.5,162,601.3399658203125,600.8425140380859,601.7174835205078
P20,5.0,2.5,146,601.0650024414062,600.6749877929688,601.6375122070312
P20,5.0,3.5,209,601.219970703125,600.969970703125,601.3800048828125
P20,5.0,4.5,161,601.239990234375,601.0800170898438,601.4500122070312
P20,5.0,5.5,122,601.0399780273438,600.8900146484375,601.3375244140625
P20,5.0,6.5,130,600.9450073242188,600.7999877929688,601.0700073242188
P20,5.0,7.5,236,600.739990234375,600.5775146484375,601.0800170898438
P20,5.0,8.5,208,600.614990234375,600.469970703125,600.8599853515625
P20,5.0,9.5,172,601.4299926757812,600.6950073242188,602.0700073242188
P20,5.0,10.5,83,601.239990234375,600.6749877929688,601.8600158691406
P20,5.0,11.5,64,600.6500244140625,600.5599975585938,602.0850067138672
P20,5.0,12.5,58,601.27001953125,600.6699829101562,602.1275024414062
P20,5.0,13.5,114,601.175048828125,600.7725219726562,602.0800170898438
P20,5.0,14.5,120,601.2650146484375,600.9349975585938,601.8800048828125
P20,5.0,15.5,123,601.719970703125,601.3800048828125,601.9349975585938
P20,5.0,16.5,69,601.260009765625,601.0800170898438,602.1500244140625
P20,5.0,17.5,85,601.8800048828125,601.1099853515625,602.1500244140625
P20,5.0,18.5,122,601.2899780273438,601.072509765625,601.83251953125
P20,5.0,19.5,111,600.9199829101562,600.8049926757812,601.260009765625
P20,5.0,20.5,135,600.7999877929688,600.614990234375,601.02001953125
P20,5.0,21.5,97,600.72998046875,600.5599975585938,600.8200073242188
P20,5.0,22.5,83,600.8699951171875,600.7999877929688,600.9949951171875
P20,5.0,23.5,22,601.030029296875,600.9100189208984,601.3675231933594
P20,5.0,24.5,0,,,
P20,5.0,25.5,0,,,
P20,5.0,26.5,1,,,
P20,5.0,27.5,2,,,
P20,5.0,28.5,2,,,
P20,5.0,29.5,2,,,
P20,5.0,30.5,32,601.280029296875,601.1049957275391,601.5250091552734
P20,5.0,31.5,53,601.2100219726562,601.1199951171875,601.2999877929688
P20,5.0,32.5,100,601.39501953125,601.2874908447266,601.4600219726562
P20,5.0,33.5,81,601.4099731445312,601.3599853515625,601.4600219726562
P20,5.0,34.5,36,601.5250244140625,601.5,601.5675048828125
P20,5.0,35.5,38,601.9949951171875,601.5700073242188,602.5574951171875
P20,5.0,36.5,113,601.9000244140625,601.6500244140625,602.4000244140625
P20,5.0,37.5,96,601.8049926757812,601.70751953125,602.322509765625
P20,5.0,38.5,76,602.10498046875,601.7249908447266,602.3724975585938
P20,5.0,39.5,161,601.75,601.6199951171875,602.0800170898438
P20,5.0,40.5,193,601.75,601.6300048828125,602.1099853515625
P20,5.0,41.5,206,601.77001953125,601.6500244140625,601.9674835205078
P20,5.0,42.5,209,601.9000244140625,601.760009765625,602.010009765625
P20,5.0,43.5,205,601.8900146484375,601.760009765625,601.97998046875
P20,5.0,44.5,226,601.7149658203125,601.5999755859375,601.8900146484375
P20,5.0,45.5,204,601.8699951171875,601.7274780273438,601.9299926757812
P20,5.0,46.5,222,601.9600219726562,601.9025115966797,602.0499877929688
P20,5.0,47.5,208,602.0399780273438,601.9600219726562,602.1400146484375
P20,5.0,48.5,216,602.0,601.9074859619141,602.1624755859375
P20,5.0,49.5,209,601.9199829101562,601.8200073242188,602.0599975585938
P20,5.0,50.5,213,601.7899780273438,601.6900024414062,601.9099731445312
P20,5.0,51.5,169,601.969970703125,601.719970703125,602.1500244140625
P20,5.0,52.5,102,601.969970703125,601.8599853515625,602.1174926757812
P20,5.0,53.5,63,602.6099853515625,602.4450073242188,602.75
P20,5.0,54.5,80,603.155029296875,603.02001953125,603.4924926757812
P20,5.0,55.5,126,603.2249755859375,603.02001953125,603.6225128173828
P20,5.0,56.5,67,603.3099975585938,603.1549987792969,603.5849914550781
P20,5.0,57.5,58,603.8599853515625,603.75,604.0150146484375
P20,5.0,58.5,52,603.8900146484375,603.6799926757812,604.1824798583984
P20,5.0,59.5,58,604.125,604.0050048828125,604.2349853515625
P20,5.0,60.5,100,604.5900268554688,604.3900146484375,604.6900024414062
P20,5.0,61.5,136,604.7149658203125,604.5999755859375,604.8300170898438
P20,5.0,62.5,95,604.8099975585938,604.7050170898438,604.9450073242188
P20,5.0,63.5,90,605.1699829101562,604.9500122070312,605.322509765625
P20,5.0,64.5,17,605.3599853515625,605.27001953125,605.7899780273438
P20,5.0,65.5,7,605.4099731445312,605.3599853515625,605.7250061035156
P20,5.0,66.5,7,605.8200073242188,605.77001953125,605.864990234375
P20,5.0,67.5,0,,,
P20,5.0,68.5,0,,,
P20,5.0,69.5,0,,,
P20,5.0,70.5,0,,,
P20,5.0,71.5,0,,,
P20,5.0,72.5,0,,,
P20,5.0,73.5,0,,,
P20,5.0,74.5,0,,,
P20,5.0,75.5,0,,,
P20,5.0,76.5,0,,,
P20,5.0,77.5,0,,,
P20,5.0,78.5,0,,,
P20,5.0,79.5,0,,,
P20,5.0,80.5,0,,,
P20,5.0,81.5,0,,,
P20,5.0,82.5,0,,,
P20,5.0,83.5,0,,,
P20,5.0,84.5,0,,,
P20,5.0,85.5,0,,,
P20,5.0,86.5,0,,,
P20,5.0,87.5,0,,,
P20,5.0,88.5,0,,,
P20,5.0,89.5,0,,,
P20,5.0,90.5,0,,,
P20,5.0,91.5,0,,,
P20,5.0,92.5,0,,,
P20,5.0,93.5,0,,,
P20,5.0,94.5,0,,,
P20,5.0,95.5,0,,,
P20,5.0,96.5,0,,,
P20,5.0,97.5,0,,,
P20,5.0,98.5,0,,,
P20,5.0,99.5,0,,,
P20,5.0,100.5,0,,,
P20,5.0,101.5,0,,,
P20,5.0,102.5,0,,,
P20,5.0,103.5,0,,,
P20,5.0,104.5,0,,,
P20,5.0,105.5,0,,,
P20,5.0,106.5,0,,,
P20,5.0,107.5,0,,,
P20,5.0,108.5,0,,,
P20,5.0,109.5,0,,,
P20,5.0,110.5,0,,,
P20,5.0,111.5,0,,,
P20,5.0,112.5,0,,,
P20,5.0,113.5,0,,,
P20,5.0,114.5,0,,,
P20,5.0,115.5,0,,,
P20,5.0,116.5,0,,,
P20,5.0,117.5,0,,,
P20,5.0,118.5,0,,,
P20,5.0,119.5,0,,,
P20,5.0,120.5,0,,,
P20,5.0,121.5,0,,,
P20,5.0,122.5,2,,,
P20,5.0,123.5,99,616.2000122070312,616.0399780273438,616.3399963378906
P20,5.0,124.5,144,615.9500122070312,615.9000244140625,616.02001953125
P20,5.0,125.5,201,616.010009765625,615.9400024414062,616.0700073242188
P20,5.0,126.5,202,616.0499877929688,615.9600219726562,616.0999755859375
P20,5.0,127.5,204,616.0999755859375,616.0399780273438,616.1699829101562
P20,5.0,128.5,194,616.1699829101562,616.1199951171875,616.239990234375
P20,5.0,129.5,118,616.1599731445312,616.0599975585938,616.2949981689453
P20,5.0,130.5,105,616.1900024414062,616.0499877929688,616.2899780273438
P20,5.0,131.5,92,616.0999755859375,616.010009765625,616.1900024414062
P20,5.0,132.5,156,615.9500122070312,615.8900146484375,616.02001953125
P20,5.0,133.5,180,615.875,615.7999877929688,615.9600219726562
P20,5.0,134.5,164,615.8599853515625,615.780029296875,615.97998046875
P20,5.0,135.5,153,615.9199829101562,615.77001953125,615.9600219726562
P20,5.0,136.5,115,615.9600219726562,615.9299926757812,615.9849853515625
P20,5.0,137.5,81,615.969970703125,615.9500122070312,616.0
P20,5.0,138.5,89,616.010009765625,615.969970703125,616.0499877929688
P20,5.0,139.5,67,615.969970703125,615.9500122070312,616.0
P20,5.0,140.5,79,615.9500122070312,615.9299926757812,615.969970703125
P20,5.0,141.5,55,615.8900146484375,615.8599853515625,615.9199829101562
P20,5.0,142.5,54,615.844970703125,615.780029296875,615.8900146484375
P20,5.0,143.5,38,615.844970703125,615.7825164794922,615.8900146484375
P20,5.0,144.5,30,615.780029296875,615.739990234375,615.8375244140625
P20,5.0,145.5,26,615.7650146484375,615.72998046875,615.8275146484375
P20,5.0,146.5,19,615.739990234375,615.7149963378906,615.7750244140625
P20,5.0,147.5,23,615.72998046875,615.7149963378906,615.7550048828125
P20,5.0,148.5,72,615.7750244140625,615.72998046875,615.8099975585938
P20,5.0,149.5,120,615.8599853515625,615.7974853515625,615.8900146484375
P20,5.0,150.5,172,615.8099975585938,615.77001953125,615.8400268554688
P20,5.0,151.5,211,615.7899780273438,615.760009765625,615.8099975585938
P20,5.0,152.5,203,615.739990234375,615.7149963378906,615.7899780273438
P20,5.0,153.5,217,615.719970703125,615.6900024414062,615.77001953125
P20,5.0,154.5,172,615.719970703125,615.6799926757812,615.77001953125
P20,5.0,155.5,216,615.72998046875,615.6900024414062,615.77001953125
P20,5.0,156.5,187,615.72998046875,615.6900024414062,615.77001953125
P20,5.0,157.5,127,615.739990234375,615.719970703125,615.780029296875
P20,5.0,158.5,124,615.77001953125,615.72998046875,615.7899780273438
P20,5.0,159.5,189,615.75,615.7000122070312,615.8099975585938
P20,5.0,160.5,193,615.780029296875,615.7000122070312,615.8099975585938
P20,5.0,161.5,212,615.739990234375,615.6900024414062,615.77001953125
P20,5.0,162.5,201,615.719970703125,615.6799926757812,615.760009765625
P20,5.0,163.5,174,615.75,615.6900024414062,615.8099975585938
P20,5.0,164.5,80,615.7999877929688,615.77001953125,615.822509765625
P20,5.0,165.5,18,615.9849853515625,615.9224853515625,616.0449981689453
P20,5.0,166.5,46,615.9949951171875,615.9525146484375,616.0449981689453
P20,5.0,167.5,93,615.77001953125,615.719970703125,615.8400268554688
P20,5.0,168.5,211,615.5999755859375,615.5700073242188,615.6400146484375
P20,5.0,169.5,205,615.5399780273438,615.47998046875,615.5900268554688
P20,5.0,170.5,218,615.52001953125,615.4525146484375,615.5700073242188
P20,5.0,171.5,205,615.530029296875,615.4299926757812,615.5800170898438
P20,5.0,172.5,212,615.5,615.4299926757812,615.5599975585938
P20,5.0,173.5,199,615.510009765625,615.4400024414062,615.5700073242188
P20,5.0,174.5,206,615.489990234375,615.4224853515625,615.5499877929688
P20,5.0,175.5,221,615.5,615.469970703125,615.5399780273438
P20,5.0,176.5,219,615.510009765625,615.4550170898438,615.5599975585938
P20,5.0,177.5,199,615.6400146484375,615.469970703125,615.780029296875
P20,5.0,178.5,207,615.7899780273438,615.6900024414062,615.8499755859375
P20,5.0,179.5,196,615.8200073242188,615.77001953125,615.8800048828125
P20,7.5,0.5,180,601.5050048828125,601.1849975585938,601.8599853515625
P20,7.5,1.5,174,601.4000244140625,600.8699951171875,601.75
P20,7.5,2.5,161,601.1699829101562,600.719970703125,601.5399780273438
P20,7.5,3.5,246,601.1799926757812,600.969970703125,601.3499755859375
P20,7.5,4.5,194,601.219970703125,601.0999755859375,601.3775024414062
P20,7.5,5.5,178,601.0150146484375,600.8800048828125,601.2675170898438
P20,7.5,6.5,210,600.8699951171875,600.6824951171875,601.1024932861328
P20,7.5,7.5,321,600.760009765625,600.5900268554688,601.0800170898438
P20,7.5,8.5,277,600.760009765625,600.510009765625,601.0700073242188
P20,7.5,9.5,225,601.4500122070312,600.77001953125,602.0
P20,7.5,10.5,114,600.989990234375,600.7424926757812,601.6749877929688
P20,7.5,11.5,100,600.7650146484375,600.6275024414062,601.0724945068359
P20,7.5,12.5,86,600.8499755859375,600.7125091552734,601.7525177001953
P20,7.5,13.5,169,600.9600219726562,600.77001953125,601.8699951171875
P20,7.5,14.5,202,601.0499877929688,600.8099975585938,601.4024810791016
P20,7.5,15.5,253,601.5,600.9500122070312,601.7899780273438
P20,7.5,16.5,139,601.3099975585938,600.9649963378906,602.0950012207031
P20,7.5,17.5,117,601.9000244140625,601.0499877929688,602.2899780273438
P20,7.5,18.5,125,601.280029296875,601.0499877929688,601.8099975585938
P20,7.5,19.5,111,600.9199829101562,600.8049926757812,601.260009765625
P20,7.5,20.5,137,600.7899780273438,600.6199951171875,601.010009765625
P20,7.5,21.5,102,600.7349853515625,600.5800170898438,600.8200073242188
P20,7.5,22.5,91,600.9199829101562,600.8049926757812,601.0
P20,7.5,23.5,23,601.030029296875,600.9200134277344,601.4250183105469
P20,7.5,24.5,0,,,
P20,7.5,25.5,1,,,
P20,7.5,26.5,1,,,
P20,7.5,27.5,2,,,
P20,7.5,28.5,8,603.2050170898438,603.1824951171875,603.2949829101562
P20,7.5,29.5,21,602.9000244140625,602.760009765625,603.0999755859375
P20,7.5,30.5,51,601.5900268554688,601.2449951171875,602.8350219726562
P20,7.5,31.5,53,601.2100219726562,601.1199951171875,601.2999877929688
P20,7.5,32.5,129,601.4299926757812,601.3099975585938,601.489990234375
P20,7.5,33.5,121,601.4299926757812,601.3699951171875,601.489990234375
P20,7.5,34.5,96,601.6749877929688,601.530029296875,602.0650024414062
P20,7.5,35.5,91,602.0599975585938,601.8199768066406,602.510009765625
P20,7.5,36.5,192,602.0150146484375,601.719970703125,602.5025024414062
P20,7.5,37.5,187,601.8900146484375,601.739990234375,602.6400146484375
P20,7.5,38.5,187,602.1400146484375,601.8400268554688,602.6749877929688
P20,7.5,39.5,239,601.8300170898438,601.6649780273438,602.4849853515625
P20,7.5,40.5,277,601.72998046875,601.5399780273438,602.1799926757812
P20,7.5,41.5,324,601.760009765625,601.5599975585938,602.2050018310547
P20,7.5,42.5,309,601.9000244140625,601.739990234375,602.0800170898438
P20,7.5,43.5,316,601.9000244140625,601.77001953125,602.08251953125
P20,7.5,44.5,326,601.8499755859375,601.6699829101562,602.0399780273438
P20,7.5,45.5,313,601.9299926757812,601.8099975585938,602.0499877929688
P20,7.5,46.5,313,601.97998046875,601.9199829101562,602.0800170898438
P20,7.5,47.5,317,602.0599975585938,601.97998046875,602.1400146484375
P20,7.5,48.5,324,602.0,601.8975219726562,602.1824951171875
P20,7.5,49.5,325,601.9199829101562,601.7999877929688,602.1500244140625
P20,7.5,50.5,312,601.780029296875,601.6500244140625,602.1400146484375
P20,7.5,51.5,233,601.969970703125,601.5599975585938,602.239990234375
P20,7.5,52.5,121,602.030029296875,601.8900146484375,602.1799926757812
P20,7.5,53.5,64,602.6099853515625,602.4525146484375,602.7525024414062
P20,7.5,54.5,80,603.155029296875,603.02001953125,603.4924926757812
P20,7.5,55.5,126,603.2249755859375,603.02001953125,603.6225128173828
P20,7.5,56.5,68,603.3150024414062,603.1574859619141,603.5774993896484
P20,7.5,57.5,67,603.8499755859375,603.72998046875,603.97998046875
P20,7.5,58.5,77,603.6799926757812,603.530029296875,604.02001953125
P20,7.5,59.5,86,604.010009765625,603.2525024414062,604.1824951171875
P20,7.5,60.5,113,604.5700073242188,604.2899780273438,604.6799926757812
P20,7.5,61.5,138,604.7100219726562,604.5999755859375,604.8300170898438
P20,7.5,62.5,110,604.8099975585938,604.7100219726562,604.9400024414062
P20,7.5,63.5,99,605.1599731445312,604.9550170898438,605.2949829101562
P20,7.5,64.5,37,605.4099731445312,605.3400268554688,605.6199951171875
P20,7.5,65.5,46,605.3099975585938,605.260009765625,605.4349975585938
P20,7.5,66.5,24,605.614990234375,605.5500030517578,605.72998046875
P20,7.5,67.5,0,,,
P20,7.5,68.5,0,,,
P20,7.5,69.5,0,,,
P20,7.5,70.5,0,,,
P20,7.5,71.5,0,,,
P20,7.5,72.5,0,,,
P20,7.5,73.5,0,,,
P20,7.5,74.5,0,,,
P20,7.5,75.5,0,,,
P20,7.5,76.5,0,,,
P20,7.5,77.5,0,,,
P20,7.5,78.5,0,,,
P20,7.5,79.5,0,,,
P20,7.5,80.5,0,,,
P20,7.5,81.5,0,,,
P20,7.5,82.5,0,,,
P20,7.5,83.5,0,,,
P20,7.5,84.5,0,,,
P20,7.5,85.5,0,,,
P20,7.5,86.5,0,,,
P20,7.5,87.5,0,,,
P20,7.5,88.5,0,,,
P20,7.5,89.5,0,,,
P20,7.5,90.5,0,,,
P20,7.5,91.5,0,,,
P20,7.5,92.5,0,,,
P20,7.5,93.5,0,,,
P20,7.5,94.5,0,,,
P20,7.5,95.5,0,,,
P20,7.5,96.5,0,,,
P20,7.5,97.5,0,,,
P20,7.5,98.5,0,,,
P20,7.5,99.5,0,,,
P20,7.5,100.5,0,,,
P20,7.5,101.5,0,,,
P20,7.5,102.5,0,,,
P20,7.5,103.5,0,,,
P20,7.5,104.5,0,,,
P20,7.5,105.5,0,,,
P20,7.5,106.5,0,,,
P20,7.5,107.5,0,,,
P20,7.5,108.5,0,,,
P20,7.5,109.5,0,,,
P20,7.5,110.5,0,,,
P20,7.5,111.5,0,,,
P20,7.5,112.5,0,,,
P20,7.5,113.5,0,,,
P20,7.5,114.5,0,,,
P20,7.5,115.5,0,,,
P20,7.5,116.5,0,,,
P20,7.5,117.5,0,,,
P20,7.5,118.5,0,,,
P20,7.5,119.5,0,,,
P20,7.5,120.5,0,,,
P20,7.5,121.5,0,,,
P20,7.5,122.5,24,616.385009765625,616.3175048828125,616.5800170898438
P20,7.5,123.5,157,616.1500244140625,616.030029296875,616.260009765625
P20,7.5,124.5,191,615.969970703125,615.9199829101562,616.0399780273438
P20,7.5,125.5,255,616.030029296875,615.969970703125,616.10498046875
P20,7.5,126.5,261,616.0700073242188,615.989990234375,616.1500244140625
P20,7.5,127.5,254,616.10498046875,616.030029296875,616.1799926757812
P20,7.5,128.5,247,616.1500244140625,615.9949951171875,616.219970703125
P20,7.5,129.5,185,616.1400146484375,616.02001953125,616.280029296875
P20,7.5,130.5,185,616.1400146484375,616.0599975585938,616.280029296875
P20,7.5,131.5,136,616.094970703125,616.02001953125,616.1824951171875
P20,7.5,132.5,177,615.9600219726562,615.9000244140625,616.0700073242188
P20,7.5,133.5,253,615.9400024414062,615.8200073242188,616.0599975585938
P20,7.5,134.5,250,615.9500122070312,615.7999877929688,616.010009765625
P20,7.5,135.5,218,615.9299926757812,615.760009765625,615.97998046875
P20,7.5,136.5,152,615.969970703125,615.9400024414062,615.989990234375
P20,7.5,137.5,129,615.969970703125,615.9500122070312,615.989990234375
P20,7.5,138.5,139,615.97998046875,615.9600219726562,616.02001953125
P20,7.5,139.5,113,615.969970703125,615.9500122070312,615.989990234375
P20,7.5,140.5,121,615.9500122070312,615.9299926757812,615.969970703125
P20,7.5,141.5,81,615.9099731445312,615.8800048828125,615.9299926757812
P20,7.5,142.5,84,615.8900146484375,615.8175048828125,615.9299926757812
P20,7.5,143.5,85,615.9000244140625,615.8599853515625,615.9299926757812
P20,7.5,144.5,79,615.8900146484375,615.8200073242188,615.9149780273438
P20,7.5,145.5,84,615.8900146484375,615.8449859619141,615.9199829101562
P20,7.5,146.5,69,615.8699951171875,615.7899780273438,615.9099731445312
P20,7.5,147.5,80,615.8699951171875,615.7874908447266,615.9025115966797
P20,7.5,148.5,121,615.8200073242188,615.760009765625,615.8900146484375
P20,7.5,149.5,177,615.8699951171875,615.8300170898438,615.8900146484375
P20,7.5,150.5,221,615.8200073242188,615.780029296875,615.8499755859375
P20,7.5,151.5,294,615.7899780273438,615.75,615.8200073242188
P20,7.5,152.5,310,615.760009765625,615.719970703125,615.8099975585938
P20,7.5,153.5,309,615.719970703125,615.6799926757812,615.7899780273438
P20,7.5,154.5,280,615.719970703125,615.6599731445312,615.7999877929688
P20,7.5,155.5,306,615.72998046875,615.6724853515625,615.780029296875
P20,7.5,156.5,245,615.75,615.7000122070312,615.7899780273438
P20,7.5,157.5,129,615.739990234375,615.719970703125,615.780029296875
P20,7.5,158.5,130,615.760009765625,615.72998046875,615.7899780273438
P20,7.5,159.5,222,615.780029296875,615.7100219726562,615.8200073242188
P20,7.5,160.5,293,615.780029296875,615.6699829101562,615.8200073242188
P20,7.5,161.5,313,615.739990234375,615.6599731445312,615.780029296875
P20,7.5,162.5,311,615.72998046875,615.6500244140625,615.780029296875
P20,7.5,163.5,281,615.739990234375,615.6199951171875,615.8099975585938
P20,7.5,164.5,181,615.7899780273438,615.6900024414062,615.8599853515625
P20,7.5,165.5,87,615.6599731445312,615.5499877929688,615.989990234375
P20,7.5,166.5,119,615.8699951171875,615.6099853515625,615.9849853515625
P20,7.5,167.5,191,615.75,615.6500244140625,615.8099975585938
P20,7.5,168.5,282,615.6099853515625,615.5800170898438,615.6400146484375
P20,7.5,169.5,317,615.5499877929688,615.4600219726562,615.5999755859375
P20,7.5,170.5,307,615.52001953125,615.4099731445312,615.5800170898438
P20,7.5,171.5,314,615.530029296875,615.3699951171875,615.5974884033203
P20,7.5,172.5,307,615.5,615.3800048828125,615.5999755859375
P20,7.5,173.5,309,615.510009765625,615.3800048828125,615.5999755859375
P20,7.5,174.5,311,615.489990234375,615.3400268554688,615.5900268554688
P20,7.5,175.5,333,615.510009765625,615.4400024414062,615.5900268554688
P20,7.5,176.5,328,615.5,615.4000244140625,615.5999755859375
P20,7.5,177.5,309,615.6099853515625,615.4099731445312,615.8200073242188
P20,7.5,178.5,281,615.77001953125,615.5499877929688,615.8599853515625
P20,7.5,179.5,300,615.8099975585938,615.7100219726562,615.9000244140625
P21,2.5,0.5,1,,,
P21,2.5,1.5,0,,,
P21,2.5,2.5,10,600.969970703125,600.7474975585938,601.0475006103516
P21,2.5,3.5,48,600.8400268554688,600.7349853515625,601.0275115966797
P21,2.5,4.5,93,600.8699951171875,600.780029296875,600.989990234375
P21,2.5,5.5,104,600.7899780273438,600.697509765625,600.8925170898438
P21,2.5,6.5,117,600.8200073242188,600.75,600.9099731445312
P21,2.5,7.5,121,600.8699951171875,600.8099975585938,601.010009765625
P21,2.5,8.5,110,601.1199951171875,600.885009765625,601.3775024414062
P21,2.5,9.5,67,601.5999755859375,601.1000061035156,601.7550048828125
P21,2.5,10.5,78,601.4849853515625,601.1699829101562,601.8875122070312
P21,2.5,11.5,36,601.6099853515625,601.4375152587891,601.780029296875
P21,2.5,12.5,60,601.385009765625,601.2349853515625,601.5425262451172
P21,2.5,13.5,95,601.1400146484375,600.9649963378906,601.47998046875
P21,2.5,14.5,70,601.3250122070312,601.1199951171875,601.5474853515625
P21,2.5,15.5,13,601.5900268554688,601.5499877929688,601.5999755859375
P21,2.5,16.5,0,,,
P21,2.5,17.5,41,601.4299926757812,601.2899780273438,601.5900268554688
P21,2.5,18.5,95,601.3800048828125,601.22998046875,601.5499877929688
P21,2.5,19.5,117,601.260009765625,601.1400146484375,601.3800048828125
P21,2.5,20.5,116,601.2449951171875,601.1199951171875,601.3599853515625
P21,2.5,21.5,121,601.1900024414062,601.02001953125,601.3699951171875
P21,2.5,22.5,127,601.3099975585938,601.10498046875,601.5
P21,2.5,23.5,108,601.239990234375,600.9874877929688,601.4924926757812
P21,2.5,24.5,105,601.239990234375,600.97998046875,601.4400024414062
P21,2.5,25.5,98,601.1699829101562,601.0025024414062,601.375
P21,2.5,26.5,74,601.2550048828125,601.1599731445312,601.3800048828125
P21,2.5,27.5,72,601.3900146484375,601.260009765625,601.572509765625
P21,2.5,28.5,22,601.385009765625,600.9700164794922,601.6600036621094
P21,2.5,29.5,20,600.780029296875,600.7349853515625,600.8550262451172
P21,2.5,30.5,62,601.030029296875,600.8400268554688,601.2224884033203
P21,2.5,31.5,26,601.0499877929688,600.864990234375,601.239990234375
P21,2.5,32.5,15,601.239990234375,600.9549865722656,601.3550109863281
P21,2.5,33.5,13,601.27001953125,601.1300048828125,601.3099975585938
P21,2.5,34.5,7,601.27001953125,601.1700134277344,601.3900146484375
P21,2.5,35.5,21,601.3699951171875,601.260009765625,601.4099731445312
P21,2.5,36.5,7,601.3499755859375,601.3200073242188,601.4149780273438
P21,2.5,37.5,0,,,
P21,2.5,38.5,0,,,
P21,2.5,39.5,3,601.530029296875,601.530029296875,601.5350036621094
P21,2.5,40.5,6,601.7449951171875,601.6200103759766,601.8625183105469
P21,2.5,41.5,10,601.875,601.7875213623047,601.8900146484375
P21,2.5,42.5,39,601.8400268554688,601.635009765625,601.9349975585938
P21,2.5,43.5,87,601.739990234375,601.6599731445312,601.8200073242188
P21,2.5,44.5,110,601.7850341796875,601.6900024414062,601.8400268554688
P21,2.5,45.5,90,601.9000244140625,601.760009765625,601.969970703125
P21,2.5,46.5,74,602.030029296875,601.9500122070312,602.0900268554688
P21,2.5,47.5,73,601.989990234375,601.9500122070312,602.0900268554688
P21,2.5,48.5,52,602.1400146484375,602.0499877929688,602.1824951171875
P21,2.5,49.5,42,602.135009765625,602.1024780273438,602.1875
P21,2.5,50.5,61,602.1500244140625,602.0999755859375,602.2100219726562
P21,2.5,51.5,84,602.2000122070312,602.0399780273438,602.2899780273438
P21,2.5,52.5,58,602.1749877929688,602.0900268554688,602.260009765625
P21,2.5,53.5,23,602.1900024414062,602.1400146484375,602.2550048828125
P21,2.5,54.5,0,,,
P21,2.5,55.5,0,,,
P21,2.5,56.5,0,,,
P21,2.5,57.5,0,,,
P21,2.5,58.5,0,,,
P21,2.5,59.5,0,,,
P21,2.5,60.5,0,,,
P21,2.5,61.5,0,,,
P21,2.5,62.5,0,,,
P21,2.5,63.5,1,,,
P21,2.5,64.5,14,603.8099975585938,603.6799926757812,603.8674926757812
P21,2.5,65.5,32,603.7550048828125,603.625,603.8874969482422
P21,2.5,66.5,6,603.719970703125,603.7025146484375,603.8274841308594
P21,2.5,67.5,0,,,
P21,2.5,68.5,0,,,
P21,2.5,69.5,0,,,
P21,2.5,70.5,0,,,
P21,2.5,71.5,0,,,
P21,2.5,72.5,0,,,
P21,2.5,73.5,0,,,
P21,2.5,74.5,0,,,
P21,2.5,75.5,0,,,
P21,2.5,76.5,0,,,
P21,2.5,77.5,0,,,
P21,2.5,78.5,0,,,
P21,2.5,79.5,0,,,
P21,2.5,80.5,0,,,
P21,2.5,81.5,0,,,
P21,2.5,82.5,0,,,
P21,2.5,83.5,0,,,
P21,2.5,84.5,0,,,
P21,2.5,85.5,0,,,
P21,2.5,86.5,0,,,
P21,2.5,87.5,0,,,
P21,2.5,88.5,0,,,
P21,2.5,89.5,0,,,
P21,2.5,90.5,0,,,
P21,2.5,91.5,0,,,
P21,2.5,92.5,0,,,
P21,2.5,93.5,0,,,
P21,2.5,94.5,0,,,
P21,2.5,95.5,0,,,
P21,2.5,96.5,0,,,
P21,2.5,97.5,0,,,
P21,2.5,98.5,0,,,
P21,2.5,99.5,0,,,
P21,2.5,100.5,0,,,
P21,2.5,101.5,0,,,
P21,2.5,102.5,0,,,
P21,2.5,103.5,0,,,
P21,2.5,104.5,0,,,
P21,2.5,105.5,0,,,
P21,2.5,106.5,0,,,
P21,2.5,107.5,0,,,
P21,2.5,108.5,0,,,
P21,2.5,109.5,0,,,
P21,2.5,110.5,0,,,
P21,2.5,111.5,0,,,
P21,2.5,112.5,0,,,
P21,2.5,113.5,0,,,
P21,2.5,114.5,0,,,
P21,2.5,115.5,0,,,
P21,2.5,116.5,0,,,
P21,2.5,117.5,0,,,
P21,2.5,118.5,0,,,
P21,2.5,119.5,0,,,
P21,2.5,120.5,9,616.5800170898438,616.5,616.6099853515625
P21,2.5,121.5,36,616.7000122070312,616.6049957275391,616.7775115966797
P21,2.5,122.5,43,616.6400146484375,616.4349975585938,616.8800048828125
P21,2.5,123.5,68,616.4000244140625,616.3499755859375,616.5075073242188
P21,2.5,124.5,60,616.5,616.4199829101562,616.60498046875
P21,2.5,125.5,8,616.6099853515625,616.5675048828125,616.6325073242188
P21,2.5,126.5,7,616.5800170898438,616.5350036621094,616.5950012207031
P21,2.5,127.5,46,616.469970703125,616.4400024414062,616.5275268554688
P21,2.5,128.5,35,616.4000244140625,616.3400268554688,616.4649963378906
P21,2.5,129.5,63,616.3099975585938,616.2750244140625,616.4500122070312
P21,2.5,130.5,75,616.2899780273438,616.2750244140625,616.3150024414062
P21,2.5,131.5,66,616.2850341796875,616.2625122070312,616.3275146484375
P21,2.5,132.5,62,616.280029296875,616.25,616.3699951171875
P21,2.5,133.5,82,616.25,616.22998046875,616.2974853515625
P21,2.5,134.5,81,616.25,616.22998046875,616.280029296875
P21,2.5,135.5,86,616.260009765625,616.22998046875,616.280029296875
P21,2.5,136.5,80,616.239990234375,616.2174835205078,616.2725219726562
P21,2.5,137.5,51,616.1900024414062,616.1699829101562,616.2100219726562
P21,2.5,138.5,62,616.1749877929688,616.1300048828125,616.2000122070312
P21,2.5,139.5,45,616.0700073242188,616.0499877929688,616.1099853515625
P21,2.5,140.5,36,616.0599975585938,616.0474853515625,616.0800170898438
P21,2.5,141.5,18,616.0250244140625,616.0025024414062,616.0574951171875
P21,2.5,142.5,0,,,
P21,2.5,143.5,1,,,
P21,2.5,144.5,8,615.9749755859375,615.9674835205078,615.989990234375
P21,2.5,145.5,0,,,
P21,2.5,146.5,4,615.9749755859375,615.9624786376953,615.9824829101562
P21,2.5,147.5,19,615.969970703125,615.9600219726562,615.97998046875
P21,2.5,148.5,52,615.969970703125,615.9600219726562,615.9924926757812
P21,2.5,149.5,29,615.9500122070312,615.9299926757812,615.969970703125
P21,2.5,150.5,3,615.8900146484375,615.885009765625,615.89501953125
P21,2.5,151.5,28,615.9500122070312,615.9375,615.969970703125
P21,2.5,152.5,75,615.9099731445312,615.885009765625,615.9299926757812
P21,2.5,153.5,98,615.8900146484375,615.8699951171875,615.9099731445312
P21,2.5,154.5,108,615.8699951171875,615.8499755859375,615.9000244140625
P21,2.5,155.5,99,615.8599853515625,615.8450012207031,615.8800048828125
P21,2.5,156.5,107,615.8599853515625,615.8400268554688,615.8699951171875
P21,2.5,157.5,100,615.8499755859375,615.8400268554688,615.8599853515625
P21,2.5,158.5,104,615.8599853515625,615.8400268554688,615.8800048828125
P21,2.5,159.5,100,615.8699951171875,615.8499755859375,615.8900146484375
P21,2.5,160.5,107,615.8699951171875,615.8499755859375,615.8800048828125
P21,2.5,161.5,102,615.8499755859375,615.8300170898438,615.8775024414062
P21,2.5,162.5,104,615.8400268554688,615.8200073242188,615.8699951171875
P21,2.5,163.5,104,615.8699951171875,615.8400268554688,615.9099731445312
P21,2.5,164.5,78,615.989990234375,615.9400024414062,616.0474853515625
P21,2.5,165.5,31,615.9400024414062,615.864990234375,616.0050048828125
P21,2.5,166.5,116,615.8150024414062,615.760009765625,615.8925170898438
P21,2.5,167.5,99,615.780029296875,615.72998046875,615.8099975585938
P21,2.5,168.5,106,615.72998046875,615.6824951171875,615.8074951171875
P21,2.5,169.5,100,615.75,615.7000122070312,615.7899780273438
P21,2.5,170.5,107,615.72998046875,615.7000122070312,615.7550048828125
P21,2.5,171.5,98,615.719970703125,615.6900024414062,615.739990234375
P21,2.5,172.5,108,615.6900024414062,615.6599731445312,615.719970703125
P21,2.5,173.5,101,615.6900024414062,615.6599731445312,615.72998046875
P21,2.5,174.5,104,615.7000122070312,615.6574859619141,615.72998046875
P21,2.5,175.5,116,615.7100219726562,615.6799926757812,615.75
P21,2.5,176.5,105,615.8400268554688,615.77001953125,615.9299926757812
P21,2.5,177.5,77,615.9000244140625,615.8599853515625,615.9400024414062
P21,2.5,178.5,41,615.9000244140625,615.8900146484375,615.9299926757812
P21,2.5,179.5,78,615.9000244140625,615.8499755859375,615.9400024414062
P21,5.0,0.5,93,600.7000122070312,600.5599975585938,600.8200073242188
P21,5.0,1.5,104,600.7899780273438,600.7100219726562,600.8699951171875
P21,5.0,2.5,133,600.760009765625,600.5800170898438,600.8699951171875
P21,5.0,3.5,152,600.9600219726562,600.6849975585938,601.1325073242188
P21,5.0,4.5,186,600.8150024414062,600.6500244140625,601.0374908447266
P21,5.0,5.5,215,600.7899780273438,600.5800170898438,601.1950073242188
P21,5.0,6.5,235,600.8300170898438,600.719970703125,601.0050048828125
P21,5.0,7.5,234,600.8400268554688,600.7625122070312,600.9500122070312
P21,5.0,8.5,229,601.010009765625,600.760009765625,601.27001953125
P21,5.0,9.5,179,601.1500244140625,600.77001953125,601.4049987792969
P21,5.0,10.5,150,601.125,601.0,601.489990234375
P21,5.0,11.5,95,601.1500244140625,600.97998046875,601.5150146484375
P21,5.0,12.5,103,601.219970703125,601.0599975585938,601.4249877929688
P21,5.0,13.5,137,601.0800170898438,600.8699951171875,601.4400024414062
P21,5.0,14.5,118,601.1199951171875,600.9124755859375,601.4074859619141
P21,5.0,15.5,56,600.800048828125,600.6900024414062,601.2899780273438
P21,5.0,16.5,45,600.739990234375,600.5999755859375,600.9099731445312
P21,5.0,17.5,110,601.2050170898438,600.9600219726562,601.3900146484375
P21,5.0,18.5,146,601.27001953125,601.1900024414062,601.45751953125
P21,5.0,19.5,175,601.27001953125,601.1799926757812,601.385009765625
P21,5.0,20.5,189,601.3400268554688,601.2000122070312,601.489990234375
P21,5.0,21.5,222,601.2899780273438,601.0999755859375,601.5
P21,5.0,22.5,186,601.2550048828125,601.0599975585938,601.4400024414062
P21,5.0,23.5,152,601.2050170898438,600.9874877929688,601.5050048828125
P21,5.0,24.5,175,601.280029296875,600.9749755859375,601.5499877929688
P21,5.0,25.5,203,601.25,601.0150146484375,601.5150146484375
P21,5.0,26.5,199,601.1699829101562,600.9649963378906,601.364990234375
P21,5.0,27.5,168,601.1500244140625,600.8599853515625,601.4099731445312
P21,5.0,28.5,85,600.9199829101562,600.719970703125,601.3300170898438
P21,5.0,29.5,66,600.75,600.6525115966797,600.9599761962891
P21,5.0,30.5,94,601.0599975585938,600.8499755859375,601.239990234375
P21,5.0,31.5,26,601.0499877929688,600.864990234375,601.239990234375
P21,5.0,32.5,15,601.239990234375,600.9549865722656,601.3550109863281
P21,5.0,33.5,17,601.3099975585938,601.1400146484375,601.4199829101562
P21,5.0,34.5,18,601.4949951171875,601.385009765625,601.875
P21,5.0,35.5,21,601.3699951171875,601.260009765625,601.4099731445312
P21,5.0,36.5,11,601.4199829101562,601.3399963378906,602.4850158691406
P21,5.0,37.5,0,,,
P21,5.0,38.5,1,,,
P21,5.0,39.5,21,601.1599731445312,601.0800170898438,601.25
P21,5.0,40.5,59,601.27001953125,601.2349853515625,601.489990234375
P21,5.0,41.5,61,601.47998046875,601.4199829101562,601.7100219726562
P21,5.0,42.5,117,601.6500244140625,601.4400024414062,601.780029296875
P21,5.0,43.5,155,601.72998046875,601.6500244140625,601.8200073242188
P21,5.0,44.5,179,601.780029296875,601.6900024414062,601.8300170898438
P21,5.0,45.5,138,601.8900146484375,601.7725219726562,601.95751953125
P21,5.0,46.5,103,602.010009765625,601.9400024414062,602.0700073242188
P21,5.0,47.5,93,602.02001953125,601.9400024414062,602.0900268554688
P21,5.0,48.5,69,602.1300048828125,602.0499877929688,602.1799926757812
P21,5.0,49.5,72,602.1099853515625,601.9849853515625,602.1699829101562
P21,5.0,50.5,111,602.0800170898438,601.9500122070312,602.1649780273438
P21,5.0,51.5,142,602.114990234375,601.97998046875,602.260009765625
P21,5.0,52.5,113,602.0900268554688,602.010009765625,602.2000122070312
P21,5.0,53.5,72,602.2550048828125,602.1475219726562,602.3699951171875
P21,5.0,54.5,26,602.6799926757812,602.5900268554688,602.7974853515625
P21,5.0,55.5,0,,,
P21,5.0,56.5,1,,,
P21,5.0,57.5,1,,,
P21,5.0,58.5,7,603.0800170898438,602.9649963378906,603.1500244140625
P21,5.0,59.5,36,602.2900390625,602.0599975585938,602.4625091552734
P21,5.0,60.5,46,602.14501953125,602.0399780273438,602.2000122070312
P21,5.0,61.5,29,602.1599731445312,602.1199951171875,602.1799926757812
P21,5.0,62.5,32,602.094970703125,602.0574951171875,602.1525115966797
P21,5.0,63.5,32,602.0400390625,601.9649810791016,602.2225189208984
P21,5.0,64.5,30,603.3599853515625,603.1400146484375,603.7974853515625
P21,5.0,65.5,43,603.760009765625,603.6099853515625,603.9450073242188
P21,5.0,66.5,48,603.8599853515625,603.47998046875,605.6450042724609
P21,5.0,67.5,41,605.5499877929688,603.6900024414062,605.6900024414062
P21,5.0,68.5,11,606.1599731445312,606.0499877929688,606.2699890136719
P21,5.0,69.5,29,606.489990234375,606.1500244140625,606.75
P21,5.0,70.5,3,604.97998046875,604.9249877929688,605.0050048828125
P21,5.0,71.5,0,,,
P21,5.0,72.5,0,,,
P21,5.0,73.5,0,,,
P21,5.0,74.5,0,,,
P21,5.0,75.5,0,,,
P21,5.0,76.5,0,,,
P21,5.0,77.5,0,,,
P21,5.0,78.5,0,,,
P21,5.0,79.5,0,,,
P21,5.0,80.5,0,,,
P21,5.0,81.5,0,,,
P21,5.0,82.5,0,,,
P21,5.0,83.5,0,,,
P21,5.0,84.5,0,,,
P21,5.0,85.5,0,,,
P21,5.0,86.5,0,,,
P21,5.0,87.5,0,,,
P21,5.0,88.5,0,,,
P21,5.0,89.5,0,,,
P21,5.0,90.5,0,,,
P21,5.0,91.5,0,,,
P21,5.0,92.5,0,,,
P21,5.0,93.5,0,,,
P21,5.0,94.5,0,,,
P21,5.0,95.5,0,,,
P21,5.0,96.5,0,,,
P21,5.0,97.5,0,,,
P21,5.0,98.5,0,,,
P21,5.0,99.5,0,,,
P21,5.0,100.5,0,,,
P21,5.0,101.5,0,,,
P21,5.0,102.5,0,,,
P21,5.0,103.5,0,,,
P21,5.0,104.5,0,,,
P21,5.0,105.5,0,,,
P21,5.0,106.5,0,,,
P21,5.0,107.5,0,,,
P21,5.0,108.5,0,,,
P21,5.0,109.5,0,,,
P21,5.0,110.5,0,,,
P21,5.0,111.5,0,,,
P21,5.0,112.5,0,,,
P21,5.0,113.5,0,,,
P21,5.0,114.5,0,,,
P21,5.0,115.5,0,,,
P21,5.0,116.5,0,,,
P21,5.0,117.5,0,,,
P21,5.0,118.5,0,,,
P21,5.0,119.5,18,617.2000122070312,617.1799926757812,617.2274780273438
P21,5.0,120.5,57,616.9500122070312,616.8300170898438,617.0499877929688
P21,5.0,121.5,99,616.8599853515625,616.6849975585938,616.9299926757812
P21,5.0,122.5,102,616.7149658203125,616.3074951171875,616.9199829101562
P21,5.0,123.5,127,616.3699951171875,616.219970703125,616.4600219726562
P21,5.0,124.5,132,616.4299926757812,616.2999877929688,616.5925140380859
P21,5.0,125.5,74,616.4299926757812,616.3049926757812,616.5974884033203
P21,5.0,126.5,41,616.4400024414062,616.3400268554688,616.5800170898438
P21,5.0,127.5,74,616.5,616.4500122070312,616.6174926757812
P21,5.0,128.5,37,616.4099731445312,616.3400268554688,616.469970703125
P21,5.0,129.5,63,616.3099975585938,616.2750244140625,616.4500122070312
P21,5.0,130.5,75,616.2899780273438,616.2750244140625,616.3150024414062
P21,5.0,131.5,66,616.2850341796875,616.2625122070312,616.3275146484375
P21,5.0,132.5,63,616.280029296875,616.25,616.375
P21,5.0,133.5,90,616.260009765625,616.22998046875,616.3074951171875
P21,5.0,134.5,119,616.25,616.219970703125,616.280029296875
P21,5.0,135.5,118,616.239990234375,616.2100219726562,616.27001953125
P21,5.0,136.5,103,616.22998046875,616.2100219726562,616.27001953125
P21,5.0,137.5,71,616.1799926757812,616.1000061035156,616.2000122070312
P21,5.0,138.5,79,616.1599731445312,616.0499877929688,616.1900024414062
P21,5.0,139.5,74,616.0399780273438,616.0125122070312,616.0800170898438
P21,5.0,140.5,67,616.030029296875,616.0,616.0599975585938
P21,5.0,141.5,53,616.0,615.97998046875,616.02001953125
P21,5.0,142.5,38,615.97998046875,615.9625091552734,615.9974975585938
P21,5.0,143.5,50,615.969970703125,615.9600219726562,615.97998046875
P21,5.0,144.5,58,615.9600219726562,615.9400024414062,615.97998046875
P21,5.0,145.5,52,615.9500122070312,615.9400024414062,615.9625091552734
P21,5.0,146.5,55,615.9500122070312,615.9349975585938,615.9649963378906
P21,5.0,147.5,72,615.9500122070312,615.9299926757812,615.9625091552734
P21,5.0,148.5,99,615.9500122070312,615.9299926757812,615.9749755859375
P21,5.0,149.5,81,615.9000244140625,615.8699951171875,615.9400024414062
P21,5.0,150.5,51,615.8499755859375,615.8400268554688,615.864990234375
P21,5.0,151.5,109,615.9299926757812,615.8400268554688,615.9500122070312
P21,5.0,152.5,150,615.89501953125,615.8400268554688,615.927490234375
P21,5.0,153.5,185,615.8800048828125,615.8400268554688,615.9099731445312
P21,5.0,154.5,187,615.8699951171875,615.8400268554688,615.8900146484375
P21,5.0,155.5,201,615.8599853515625,615.8400268554688,615.8800048828125
P21,5.0,156.5,205,615.8599853515625,615.8400268554688,615.8800048828125
P21,5.0,157.5,175,615.8599853515625,615.8400268554688,615.8800048828125
P21,5.0,158.5,161,615.8699951171875,615.8499755859375,615.8900146484375
P21,5.0,159.5,187,615.8699951171875,615.8499755859375,615.8900146484375
P21,5.0,160.5,209,615.8599853515625,615.8400268554688,615.8800048828125
P21,5.0,161.5,209,615.8400268554688,615.8099975585938,615.8599853515625
P21,5.0,162.5,204,615.8300170898438,615.8099975585938,615.8599853515625
P21,5.0,163.5,236,615.8800048828125,615.8400268554688,616.0399780273438
P21,5.0,164.5,207,616.030029296875,615.9349975585938,616.5199890136719
P21,5.0,165.5,104,615.9400024414062,615.8800048828125,616.010009765625
P21,5.0,166.5,187,615.8300170898438,615.780029296875,615.885009765625
P21,5.0,167.5,216,615.780029296875,615.719970703125,615.8125
P21,5.0,168.5,207,615.72998046875,615.6400146484375,615.8099975585938
P21,5.0,169.5,208,615.75,615.6400146484375,615.8099975585938
P21,5.0,170.5,208,615.72998046875,615.6500244140625,615.780029296875
P21,5.0,171.5,204,615.719970703125,615.6500244140625,615.75
P21,5.0,172.5,205,615.6900024414062,615.6500244140625,615.760009765625
P21,5.0,173.5,209,615.7000122070312,615.6500244140625,615.75
P21,5.0,174.5,204,615.7000122070312,615.6500244140625,615.739990234375
P21,5.0,175.5,232,615.719970703125,615.6500244140625,615.7999877929688
P21,5.0,176.5,213,615.8200073242188,615.7100219726562,615.9299926757812
P21,5.0,177.5,179,615.9199829101562,615.8900146484375,615.9500122070312
P21,5.0,178.5,110,615.9400024414062,615.8900146484375,615.969970703125
P21,5.0,179.5,167,615.9000244140625,615.8499755859375,615.9400024414062
P21,7.5,0.5,188,600.52001953125,600.3200073242188,600.6925048828125
P21,7.5,1.5,218,600.5900268554688,600.4299926757812,600.7899780273438
P21,7.5,2.5,250,600.7249755859375,600.4924926757812,600.8499755859375
P21,7.5,3.5,268,600.8400268554688,600.5499877929688,601.1199951171875
P21,7.5,4.5,265,600.780029296875,600.52001953125,601.010009765625
P21,7.5,5.5,308,600.77001953125,600.427490234375,601.1074829101562
P21,7.5,6.5,347,600.8400268554688,600.64501953125,601.0549926757812
P21,7.5,7.5,355,600.8300170898438,600.7100219726562,600.9949951171875
P21,7.5,8.5,349,600.9500122070312,600.75,601.25
P21,7.5,9.5,254,601.0399780273438,600.780029296875,601.4724884033203
P21,7.5,10.5,202,601.0399780273438,600.8425140380859,601.2575073242188
P21,7.5,11.5,144,601.0399780273438,600.8400268554688,601.3274993896484
P21,7.5,12.5,147,601.1699829101562,601.030029296875,601.3150024414062
P21,7.5,13.5,188,601.0999755859375,600.91748046875,601.3125
P21,7.5,14.5,174,601.0900268554688,600.8699951171875,601.27001953125
P21,7.5,15.5,109,601.0399780273438,600.780029296875,601.2000122070312
P21,7.5,16.5,102,601.0,600.7850189208984,601.2274780273438
P21,7.5,17.5,168,601.3099975585938,601.0900268554688,601.4500122070312
P21,7.5,18.5,205,601.2899780273438,601.2000122070312,601.4400024414062
P21,7.5,19.5,236,601.2899780273438,601.1799926757812,601.4199829101562
P21,7.5,20.5,261,601.4000244140625,601.22998046875,601.530029296875
P21,7.5,21.5,275,601.3499755859375,601.0850219726562,601.5599975585938
P21,7.5,22.5,232,601.3049926757812,601.0775146484375,601.5225219726562
P21,7.5,23.5,168,601.239990234375,600.9974975585938,601.6024780273438
P21,7.5,24.5,205,601.3800048828125,601.010009765625,601.5800170898438
P21,7.5,25.5,263,601.4000244140625,601.0449829101562,601.75
P21,7.5,26.5,212,601.1799926757812,600.9674835205078,601.4124755859375
P21,7.5,27.5,169,601.1500244140625,600.8599853515625,601.4099731445312
P21,7.5,28.5,90,600.989990234375,600.72998046875,601.4049835205078
P21,7.5,29.5,90,600.8800048828125,600.6824951171875,601.2374877929688
P21,7.5,30.5,129,601.1099853515625,600.9299926757812,601.27001953125
P21,7.5,31.5,65,601.0700073242188,600.9400024414062,601.239990234375
P21,7.5,32.5,59,601.2000122070312,601.1099853515625,601.3200073242188
P21,7.5,33.5,71,601.1599731445312,601.0499877929688,601.3049926757812
P21,7.5,34.5,75,601.239990234375,601.1599731445312,601.4000244140625
P21,7.5,35.5,73,601.4099731445312,601.3099975585938,601.47998046875
P21,7.5,36.5,46,601.4749755859375,601.4099731445312,601.5549926757812
P21,7.5,37.5,46,600.875,600.7274780273438,601.0899810791016
P21,7.5,38.5,67,600.7999877929688,600.6400146484375,600.875
P21,7.5,39.5,79,600.780029296875,600.5950012207031,601.0599975585938
P21,7.5,40.5,121,601.1099853515625,600.739990234375,601.27001953125
P21,7.5,41.5,124,601.385009765625,601.1799926757812,601.47998046875
P21,7.5,42.5,173,601.530029296875,601.3099975585938,601.719970703125
P21,7.5,43.5,206,601.6799926757812,601.5700073242188,601.7999877929688
P21,7.5,44.5,230,601.739990234375,601.6099853515625,601.8200073242188
P21,7.5,45.5,187,601.8599853515625,601.72998046875,601.9400024414062
P21,7.5,46.5,115,602.02001953125,601.9400024414062,602.0900268554688
P21,7.5,47.5,107,601.989990234375,601.9299926757812,602.0950012207031
P21,7.5,48.5,109,602.0599975585938,601.9299926757812,602.1500244140625
P21,7.5,49.5,129,601.9600219726562,601.8699951171875,602.1199951171875
P21,7.5,50.5,163,601.969970703125,601.8499755859375,602.135009765625
P21,7.5,51.5,194,602.0650024414062,601.9500122070312,602.260009765625
P21,7.5,52.5,120,602.0850219726562,602.010009765625,602.2025146484375
P21,7.5,53.5,76,602.2449951171875,602.1275024414062,602.35498046875
P21,7.5,54.5,26,602.6799926757812,602.5900268554688,602.7974853515625
P21,7.5,55.5,0,,,
P21,7.5,56.5,1,,,
P21,7.5,57.5,2,,,
P21,7.5,58.5,11,603.2100219726562,603.0299987792969,603.3500061035156
P21,7.5,59.5,42,602.3250122070312,602.0599975585938,602.4774780273438
P21,7.5,60.5,59,602.1799926757812,602.0549926757812,602.2899780273438
P21,7.5,61.5,44,602.1649780273438,602.1300048828125,602.2100219726562
P21,7.5,62.5,54,602.1199951171875,602.08251953125,602.1875
P21,7.5,63.5,44,602.1849975585938,601.989990234375,605.0025024414062
P21,7.5,64.5,51,603.8300170898438,603.2049865722656,605.3400268554688
P21,7.5,65.5,81,603.97998046875,603.7000122070312,605.4000244140625
P21,7.5,66.5,76,604.6600341796875,603.4599761962891,605.6224975585938
P21,7.5,67.5,65,605.6300048828125,603.8400268554688,605.739990234375
P21,7.5,68.5,49,605.969970703125,605.739990234375,606.3099975585938
P21,7.5,69.5,59,606.1300048828125,604.9649963378906,606.4750061035156
P21,7.5,70.5,4,604.9249877929688,604.7149963378906,604.9924926757812
P21,7.5,71.5,0,,,
P21,7.5,72.5,0,,,
P21,7.5,73.5,0,,,
P21,7.5,74.5,0,,,
P21,7.5,75.5,0,,,
P21,7.5,76.5,0,,,
P21,7.5,77.5,0,,,
P21,7.5,78.5,0,,,
P21,7.5,79.5,0,,,
P21,7.5,80.5,0,,,
P21,7.5,81.5,0,,,
P21,7.5,82.5,0,,,
P21,7.5,83.5,0,,,
P21,7.5,84.5,0,,,
P21,7.5,85.5,0,,,
P21,7.5,86.5,0,,,
P21,7.5,87.5,0,,,
P21,7.5,88.5,0,,,
P21,7.5,89.5,0,,,
P21,7.5,90.5,0,,,
P21,7.5,91.5,0,,,
P21,7.5,92.5,0,,,
P21,7.5,93.5,0,,,
P21,7.5,94.5,0,,,
P21,7.5,95.5,0,,,
P21,7.5,96.5,0,,,
P21,7.5,97.5,0,,,
P21,7.5,98.5,0,,,
P21,7.5,99.5,0,,,
P21,7.5,100.5,0,,,
P21,7.5,101.5,0,,,
P21,7.5,102.5,0,,,
P21,7.5,103.5,0,,,
P21,7.5,104.5,0,,,
P21,7.5,105.5,0,,,
P21,7.5,106.5,0,,,
P21,7.5,107.5,0,,,
P21,7.5,108.5,0,,,
P21,7.5,109.5,0,,,
P21,7.5,110.5,0,,,
P21,7.5,111.5,0,,,
P21,7.5,112.5,0,,,
P21,7.5,113.5,0,,,
P21,7.5,114.5,0,,,
P21,7.5,115.5,0,,,
P21,7.5,116.5,0,,,
P21,7.5,117.5,0,,,
P21,7.5,118.5,7,617.1599731445312,617.1300048828125,617.1599731445312
P21,7.5,119.5,66,617.1300048828125,617.0599975585938,617.2100219726562
P21,7.5,120.5,119,616.9099731445312,616.7999877929688,617.0399780273438
P21,7.5,121.5,150,616.8599853515625,616.719970703125,616.9500122070312
P21,7.5,122.5,140,616.6900024414062,616.3474884033203,616.9299926757812
P21,7.5,123.5,219,616.3499755859375,616.1500244140625,616.5150146484375
P21,7.5,124.5,234,616.4199829101562,616.1824951171875,616.5399780273438
P21,7.5,125.5,177,616.4299926757812,616.27001953125,616.5399780273438
P21,7.5,126.5,146,616.4299926757812,616.3300170898438,616.52001953125
P21,7.5,127.5,151,616.4600219726562,616.4049987792969,616.5
P21,7.5,128.5,60,616.4299926757812,616.3800048828125,616.4600219726562
P21,7.5,129.5,90,616.385009765625,616.2899780273438,616.4749908447266
P21,7.5,130.5,111,616.3099975585938,616.280029296875,616.3900146484375
P21,7.5,131.5,115,616.3300170898438,616.27001953125,616.4099731445312
P21,7.5,132.5,95,616.3699951171875,616.260009765625,616.4299926757812
P21,7.5,133.5,100,616.2550048828125,616.22998046875,616.3125
P21,7.5,134.5,147,616.239990234375,616.2050170898438,616.27001953125
P21,7.5,135.5,149,616.219970703125,616.1500244140625,616.260009765625
P21,7.5,136.5,120,616.219970703125,616.1799926757812,616.2525024414062
P21,7.5,137.5,102,616.114990234375,615.9924926757812,616.1900024414062
P21,7.5,138.5,129,616.0399780273438,615.969970703125,616.1699829101562
P21,7.5,139.5,125,616.0,615.969970703125,616.0499877929688
P21,7.5,140.5,109,616.0,615.969970703125,616.0399780273438
P21,7.5,141.5,75,615.97998046875,615.9550170898438,616.0
P21,7.5,142.5,58,615.969970703125,615.9500122070312,615.989990234375
P21,7.5,143.5,83,615.9600219726562,615.9400024414062,615.97998046875
P21,7.5,144.5,110,615.9400024414062,615.9099731445312,615.9600219726562
P21,7.5,145.5,103,615.9299926757812,615.9099731445312,615.9550170898438
P21,7.5,146.5,107,615.9299926757812,615.9099731445312,615.9500122070312
P21,7.5,147.5,123,615.9299926757812,615.9000244140625,615.9550170898438
P21,7.5,148.5,151,615.9299926757812,615.9000244140625,615.9600219726562
P21,7.5,149.5,133,615.9000244140625,615.8699951171875,615.9199829101562
P21,7.5,150.5,132,615.8699951171875,615.8474884033203,615.9000244140625
P21,7.5,151.5,164,615.8499755859375,615.8200073242188,615.9400024414062
P21,7.5,152.5,200,615.85498046875,615.8300170898438,615.9099731445312
P21,7.5,153.5,237,615.8599853515625,615.8300170898438,615.9000244140625
P21,7.5,154.5,239,615.8499755859375,615.8300170898438,615.8900146484375
P21,7.5,155.5,256,615.8499755859375,615.8200073242188,615.8800048828125
P21,7.5,156.5,286,615.8499755859375,615.8200073242188,615.8800048828125
P21,7.5,157.5,259,615.8599853515625,615.8300170898438,615.8800048828125
P21,7.5,158.5,215,615.8699951171875,615.8499755859375,615.8900146484375
P21,7.5,159.5,259,615.8699951171875,615.8499755859375,615.8900146484375
P21,7.5,160.5,309,615.8599853515625,615.8400268554688,615.8800048828125
P21,7.5,161.5,316,615.8400268554688,615.8099975585938,615.8699951171875
P21,7.5,162.5,315,615.8300170898438,615.7999877929688,615.8800048828125
P21,7.5,163.5,387,615.9099731445312,615.8300170898438,616.3599853515625
P21,7.5,164.5,328,616.0150146484375,615.8800048828125,616.35498046875
P21,7.5,165.5,199,615.9099731445312,615.8499755859375,615.969970703125
P21,7.5,166.5,244,615.8400268554688,615.7899780273438,615.8825073242188
P21,7.5,167.5,309,615.7999877929688,615.760009765625,615.8599853515625
P21,7.5,168.5,308,615.72998046875,615.6300048828125,615.8300170898438
P21,7.5,169.5,316,615.75,615.6300048828125,615.8300170898438
P21,7.5,170.5,309,615.72998046875,615.6199951171875,615.8200073242188
P21,7.5,171.5,309,615.719970703125,615.6199951171875,615.780029296875
P21,7.5,172.5,305,615.6900024414062,615.6300048828125,615.8099975585938
P21,7.5,173.5,315,615.7000122070312,615.6400146484375,615.7899780273438
P21,7.5,174.5,307,615.7000122070312,615.6300048828125,615.760009765625
P21,7.5,175.5,342,615.719970703125,615.6400146484375,615.8775024414062
P21,7.5,176.5,322,615.8099975585938,615.6300048828125,615.9500122070312
P21,7.5,177.5,283,615.9199829101562,615.8400268554688,615.97998046875
P21,7.5,178.5,214,615.9099731445312,615.8499755859375,615.97998046875
P21,7.5,179.5,231,615.8800048828125,615.8150024414062,615.9299926757812
P22,2.5,0.5,108,600.4199829101562,600.2274780273438,600.5
P22,2.5,1.5,94,600.3800048828125,600.1799926757812,600.5775146484375
P22,2.5,2.5,84,600.3400268554688,600.2374877929688,600.54248046875
P22,2.5,3.5,65,600.3400268554688,600.1500244140625,600.5499877929688
P22,2.5,4.5,106,600.52001953125,600.2025146484375,600.5700073242188
P22,2.5,5.5,64,600.344970703125,600.0899810791016,600.52001953125
P22,2.5,6.5,68,600.239990234375,599.9874877929688,600.5225219726562
P22,2.5,7.5,55,600.0700073242188,600.0250244140625,600.2799987792969
P22,2.5,8.5,70,600.1199951171875,600.02001953125,600.3800048828125
P22,2.5,9.5,80,600.135009765625,600.0675048828125,600.3450164794922
P22,2.5,10.5,78,600.2000122070312,600.1199951171875,600.5000152587891
P22,2.5,11.5,93,600.27001953125,600.1500244140625,600.5599975585938
P22,2.5,12.5,98,600.385009765625,600.2050018310547,600.47998046875
P22,2.5,13.5,105,600.3499755859375,600.239990234375,600.489990234375
P22,2.5,14.5,116,600.3499755859375,600.20751953125,600.6124877929688
P22,2.5,15.5,108,600.469970703125,600.1300048828125,600.5925140380859
P22,2.5,16.5,90,600.219970703125,599.9924926757812,600.3599853515625
P22,2.5,17.5,100,600.35498046875,600.2575073242188,600.47998046875
P22,2.5,18.5,117,600.530029296875,600.2999877929688,600.5900268554688
P22,2.5,19.5,125,600.3400268554688,600.0499877929688,600.6400146484375
P22,2.5,20.5,112,600.030029296875,599.7474975585938,600.4849853515625
P22,2.5,21.5,99,599.9199829101562,599.6699829101562,600.3399963378906
P22,2.5,22.5,102,599.8900146484375,599.6624755859375,600.20751953125
P22,2.5,23.5,111,599.780029296875,599.6799926757812,600.2000122070312
P22,2.5,24.5,117,599.8599853515625,599.739990234375,600.2999877929688
P22,2.5,25.5,122,599.989990234375,599.8900146484375,600.4099731445312
P22,2.5,26.5,114,600.1400146484375,600.010009765625,600.3375244140625
P22,2.5,27.5,104,600.2750244140625,600.1699829101562,600.4199829101562
P22,2.5,28.5,101,600.4199829101562,600.25,600.5700073242188
P22,2.5,29.5,88,600.405029296875,600.1475219726562,600.6124877929688
P22,2.5,30.5,100,600.4550170898438,600.16748046875,600.5325164794922
P22,2.5,31.5,81,600.3900146484375,600.1599731445312,600.489990234375
P22,2.5,32.5,82,600.3699951171875,600.27001953125,600.4874877929688
P22,2.5,33.5,71,600.3599853515625,600.2249755859375,600.4500122070312
P22,2.5,34.5,85,600.3599853515625,600.2899780273438,600.4400024414062
P22,2.5,35.5,53,600.3400268554688,600.280029296875,600.3800048828125
P22,2.5,36.5,27,600.3499755859375,600.2850036621094,600.375
P22,2.5,37.5,16,600.3900146484375,600.3800048828125,600.4299926757812
P22,2.5,38.5,2,,,
P22,2.5,39.5,0,,,
P22,2.5,40.5,0,,,
P22,2.5,41.5,0,,,
P22,2.5,42.5,0,,,
P22,2.5,43.5,12,600.8250122070312,600.7699890136719,600.9200134277344
P22,2.5,44.5,6,601.1900024414062,601.0899963378906,601.2000122070312
P22,2.5,45.5,4,602.239990234375,602.1649932861328,602.3224945068359
P22,2.5,46.5,12,602.4150390625,602.3775024414062,602.6274871826172
P22,2.5,47.5,3,603.3099975585938,603.3049926757812,603.3450012207031
P22,2.5,48.5,0,,,
P22,2.5,49.5,0,,,
P22,2.5,50.5,0,,,
P22,2.5,51.5,0,,,
P22,2.5,52.5,0,,,
P22,2.5,53.5,0,,,
P22,2.5,54.5,0,,,
P22,2.5,55.5,0,,,
P22,2.5,56.5,0,,,
P22,2.5,57.5,4,602.969970703125,602.9199829101562,603.0749816894531
P22,2.5,58.5,10,602.5350341796875,602.5125122070312,602.5875244140625
P22,2.5,59.5,2,,,
P22,2.5,60.5,1,,,
P22,2.5,61.5,0,,,
P22,2.5,62.5,0,,,
P22,2.5,63.5,0,,,
P22,2.5,64.5,0,,,
P22,2.5,65.5,0,,,
P22,2.5,66.5,0,,,
P22,2.5,67.5,0,,,
P22,2.5,68.5,0,,,
P22,2.5,69.5,0,,,
P22,2.5,70.5,0,,,
P22,2.5,71.5,0,,,
P22,2.5,72.5,0,,,
P22,2.5,73.5,0,,,
P22,2.5,74.5,0,,,
P22,2.5,75.5,0,,,
P22,2.5,76.5,0,,,
P22,2.5,77.5,0,,,
P22,2.5,78.5,0,,,
P22,2.5,79.5,0,,,
P22,2.5,80.5,0,,,
P22,2.5,81.5,0,,,
P22,2.5,82.5,0,,,
P22,2.5,83.5,0,,,
P22,2.5,84.5,0,,,
P22,2.5,85.5,0,,,
P22,2.5,86.5,0,,,
P22,2.5,87.5,0,,,
P22,2.5,88.5,0,,,
P22,2.5,89.5,0,,,
P22,2.5,90.5,0,,,
P22,2.5,91.5,0,,,
P22,2.5,92.5,0,,,
P22,2.5,93.5,0,,,
P22,2.5,94.5,0,,,
P22,2.5,95.5,0,,,
P22,2.5,96.5,0,,,
P22,2.5,97.5,12,611.385009765625,611.3424835205078,611.4399871826172
P22,2.5,98.5,33,611.5800170898438,611.489990234375,611.6400146484375
P22,2.5,99.5,55,611.75,611.6950073242188,611.7899780273438
P22,2.5,100.5,47,611.8599853515625,611.7750244140625,611.8800048828125
P22,2.5,101.5,54,611.89501953125,611.8300170898438,612.0150146484375
P22,2.5,102.5,68,612.1500244140625,611.989990234375,612.2224731445312
P22,2.5,103.5,29,612.2100219726562,612.1599731445312,612.25
P22,2.5,104.5,1,,,
P22,2.5,105.5,0,,,
P22,2.5,106.5,0,,,
P22,2.5,107.5,0,,,
P22,2.5,108.5,0,,,
P22,2.5,109.5,0,,,
P22,2.5,110.5,0,,,
P22,2.5,111.5,0,,,
P22,2.5,112.5,0,,,
P22,2.5,113.5,1,,,
P22,2.5,114.5,5,615.6599731445312,615.6300048828125,615.6599731445312
P22,2.5,115.5,79,615.72998046875,615.6400146484375,615.8350219726562
P22,2.5,116.5,104,616.1649780273438,616.0275268554688,616.29248046875
P22,2.5,117.5,76,616.39501953125,616.3499755859375,616.4400024414062
P22,2.5,118.5,76,616.4450073242188,616.4000244140625,616.6875
P22,2.5,119.5,104,616.4949951171875,616.4400024414062,616.6500244140625
P22,2.5,120.5,110,616.5,616.4400024414062,616.6500244140625
P22,2.5,121.5,110,616.4600219726562,616.4400024414062,616.5999755859375
P22,2.5,122.5,108,616.489990234375,616.4400024414062,616.5925140380859
P22,2.5,123.5,103,616.52001953125,616.4600219726562,616.6549987792969
P22,2.5,124.5,104,616.530029296875,616.489990234375,616.6400146484375
P22,2.5,125.5,111,616.5999755859375,616.52001953125,616.780029296875
P22,2.5,126.5,80,616.7050170898438,616.45751953125,616.8800048828125
P22,2.5,127.5,46,616.7050170898438,616.4824829101562,616.9074859619141
P22,2.5,128.5,29,616.6500244140625,616.530029296875,616.8099975585938
P22,2.5,129.5,64,616.7850341796875,616.677490234375,616.83251953125
P22,2.5,130.5,25,616.719970703125,616.7000122070312,616.760009765625
P22,2.5,131.5,1,,,
P22,2.5,132.5,1,,,
P22,2.5,133.5,24,616.52001953125,616.47998046875,616.60498046875
P22,2.5,134.5,49,616.469970703125,616.4400024414062,616.489990234375
P22,2.5,135.5,54,616.4000244140625,616.3699951171875,616.4199829101562
P22,2.5,136.5,52,616.3400268554688,616.3200073242188,616.3599853515625
P22,2.5,137.5,44,616.3350219726562,616.3099975585938,616.3599853515625
P22,2.5,138.5,49,616.3400268554688,616.2899780273438,616.3800048828125
P22,2.5,139.5,73,616.2999877929688,616.27001953125,616.3400268554688
P22,2.5,140.5,67,616.3099975585938,616.27001953125,616.3400268554688
P22,2.5,141.5,51,616.2999877929688,616.27001953125,616.3200073242188
P22,2.5,142.5,47,616.280029296875,616.25,616.3200073242188
P22,2.5,143.5,34,616.2449951171875,616.2224731445312,616.260009765625
P22,2.5,144.5,1,,,
P22,2.5,145.5,0,,,
P22,2.5,146.5,0,,,
P22,2.5,147.5,0,,,
P22,2.5,148.5,0,,,
P22,2.5,149.5,0,,,
P22,2.5,150.5,0,,,
P22,2.5,151.5,0,,,
P22,2.5,152.5,0,,,
P22,2.5,153.5,0,,,
P22,2.5,154.5,24,616.0250244140625,616.0,616.0499877929688
P22,2.5,155.5,83,615.9500122070312,615.9299926757812,615.97998046875
P22,2.5,156.5,106,615.9199829101562,615.9000244140625,615.9774780273438
P22,2.5,157.5,105,615.9099731445312,615.8900146484375,616.02001953125
P22,2.5,158.5,110,615.9299926757812,615.9025115966797,616.010009765625
P22,2.5,159.5,117,615.9600219726562,615.9299926757812,616.0900268554688
P22,2.5,160.5,81,616.1699829101562,616.030029296875,616.3499755859375
P22,2.5,161.5,89,616.25,616.1400146484375,616.4099731445312
P22,2.5,162.5,117,616.010009765625,615.97998046875,616.0700073242188
P22,2.5,163.5,106,615.969970703125,615.9500122070312,615.989990234375
P22,2.5,164.5,105,615.969970703125,615.9500122070312,615.989990234375
P22,2.5,165.5,104,615.989990234375,615.9600219726562,616.010009765625
P22,2.5,166.5,106,615.969970703125,615.9500122070312,615.989990234375
P22,2.5,167.5,105,615.97998046875,615.9600219726562,616.0
P22,2.5,168.5,101,615.97998046875,615.9600219726562,616.0
P22,2.5,169.5,106,615.97998046875,615.9600219726562,616.0
P22,2.5,170.5,102,615.9600219726562,615.9400024414062,615.989990234375
P22,2.5,171.5,103,615.97998046875,615.9500122070312,616.0599975585938
P22,2.5,172.5,106,616.135009765625,615.97998046875,616.197509765625
P22,2.5,173.5,115,616.1799926757812,616.114990234375,616.2650146484375
P22,2.5,174.5,105,616.25,616.2000122070312,616.280029296875
P22,2.5,175.5,99,616.280029296875,616.1950073242188,616.3400268554688
P22,2.5,176.5,98,616.1199951171875,615.9874877929688,616.2000122070312
P22,2.5,177.5,49,615.8499755859375,615.780029296875,615.9500122070312
P22,2.5,178.5,2,,,
P22,2.5,179.5,33,616.02001953125,616.0,616.0399780273438
P22,5.0,0.5,207,600.4099731445312,600.1900024414062,600.5050048828125
P22,5.0,1.5,202,600.3699951171875,600.1799926757812,600.5800170898438
P22,5.0,2.5,179,600.3400268554688,600.22998046875,600.5800170898438
P22,5.0,3.5,163,600.3400268554688,600.1599731445312,600.6400146484375
P22,5.0,4.5,211,600.510009765625,600.030029296875,600.5800170898438
P22,5.0,5.5,142,600.27001953125,599.8900146484375,600.45751953125
P22,5.0,6.5,150,600.0449829101562,599.9000244140625,600.5499877929688
P22,5.0,7.5,132,600.030029296875,599.97998046875,600.3499755859375
P22,5.0,8.5,145,600.0700073242188,599.969970703125,600.489990234375
P22,5.0,9.5,151,600.0900268554688,600.010009765625,600.3500061035156
P22,5.0,10.5,163,600.1500244140625,600.0399780273438,600.5800170898438
P22,5.0,11.5,174,600.219970703125,599.9600219726562,600.5875244140625
P22,5.0,12.5,189,600.3699951171875,599.969970703125,600.5800170898438
P22,5.0,13.5,218,600.3699951171875,600.0025024414062,600.7474975585938
P22,5.0,14.5,192,600.3200073242188,599.9400024414062,600.6400146484375
P22,5.0,15.5,162,600.1199951171875,599.8925170898438,600.5399780273438
P22,5.0,16.5,142,599.9749755859375,599.8624877929688,600.27001953125
P22,5.0,17.5,154,600.2449951171875,599.9199829101562,600.4000244140625
P22,5.0,18.5,180,600.4550170898438,599.95751953125,600.5800170898438
P22,5.0,19.5,223,600.280029296875,599.9649963378906,600.6900024414062
P22,5.0,20.5,216,600.030029296875,599.8175048828125,600.72998046875
P22,5.0,21.5,209,600.1599731445312,599.7999877929688,600.780029296875
P22,5.0,22.5,215,600.2000122070312,599.8250122070312,600.9649963378906
P22,5.0,23.5,218,600.22998046875,599.7625122070312,600.7899780273438
P22,5.0,24.5,238,600.4100341796875,599.8699951171875,600.9049835205078
P22,5.0,25.5,241,600.47998046875,599.989990234375,600.8599853515625
P22,5.0,26.5,269,600.6799926757812,600.1699829101562,600.97998046875
P22,5.0,27.5,243,600.72998046875,600.3250122070312,601.2050170898438
P22,5.0,28.5,209,600.6300048828125,600.4199829101562,601.1500244140625
P22,5.0,29.5,165,600.5900268554688,600.25,600.8900146484375
P22,5.0,30.5,169,600.469970703125,600.2100219726562,600.5999755859375
P22,5.0,31.5,141,600.3200073242188,600.1699829101562,600.47998046875
P22,5.0,32.5,141,600.3200073242188,600.1500244140625,600.4600219726562
P22,5.0,33.5,127,600.239990234375,600.1199951171875,600.4000244140625
P22,5.0,34.5,144,600.3300170898438,600.22998046875,600.4400024414062
P22,5.0,35.5,114,600.2999877929688,600.2125091552734,600.3775024414062
P22,5.0,36.5,78,600.3099975585938,600.2525024414062,600.3699951171875
P22,5.0,37.5,69,600.3400268554688,600.2999877929688,600.3900146484375
P22,5.0,38.5,54,600.4099731445312,600.3150024414062,600.4674835205078
P22,5.0,39.5,46,600.47998046875,600.3099975585938,600.5974884033203
P22,5.0,40.5,47,600.5599975585938,600.3499755859375,600.7850036621094
P22,5.0,41.5,49,600.4600219726562,600.3599853515625,600.5499877929688
P22,5.0,42.5,40,600.4500122070312,600.364990234375,600.510009765625
P22,5.0,43.5,64,600.5599975585938,600.5075073242188,600.6099853515625
P22,5.0,44.5,56,600.7000122070312,600.5875244140625,600.8499755859375
P22,5.0,45.5,71,601.0800170898438,600.9099731445312,601.2149963378906
P22,5.0,46.5,63,601.6199951171875,601.4949951171875,601.989990234375
P22,5.0,47.5,20,601.8800048828125,601.8025054931641,602.1275024414062
P22,5.0,48.5,5,602.6500244140625,602.6099853515625,602.6799926757812
P22,5.0,49.5,2,,,
P22,5.0,50.5,0,,,
P22,5.0,51.5,0,,,
P22,5.0,52.5,0,,,
P22,5.0,53.5,0,,,
P22,5.0,54.5,1,,,
P22,5.0,55.5,0,,,
P22,5.0,56.5,0,,,
P22,5.0,57.5,21,602.780029296875,602.719970703125,602.969970703125
P22,5.0,58.5,65,602.469970703125,602.3800048828125,602.6199951171875
P22,5.0,59.5,50,602.4400024414062,602.2399749755859,602.5574951171875
P22,5.0,60.5,20,602.0150146484375,601.6875,602.3849945068359
P22,5.0,61.5,6,602.7449951171875,602.4874725341797,602.9950103759766
P22,5.0,62.5,1,,,
P22,5.0,63.5,0,,,
P22,5.0,64.5,0,,,
P22,5.0,65.5,0,,,
P22,5.0,66.5,0,,,
P22,5.0,67.5,0,,,
P22,5.0,68.5,0,,,
P22,5.0,69.5,0,,,
P22,5.0,70.5,0,,,
P22,5.0,71.5,0,,,
P22,5.0,72.5,0,,,
P22,5.0,73.5,0,,,
P22,5.0,74.5,0,,,
P22,5.0,75.5,0,,,
P22,5.0,76.5,0,,,
P22,5.0,77.5,0,,,
P22,5.0,78.5,0,,,
P22,5.0,79.5,0,,,
P22,5.0,80.5,0,,,
P22,5.0,81.5,0,,,
P22,5.0,82.5,0,,,
P22,5.0,83.5,0,,,
P22,5.0,84.5,0,,,
P22,5.0,85.5,0,,,
P22,5.0,86.5,0,,,
P22,5.0,87.5,0,,,
P22,5.0,88.5,8,609.89501953125,609.8324890136719,609.9450073242188
P22,5.0,89.5,0,,,
P22,5.0,90.5,0,,,
P22,5.0,91.5,0,,,
P22,5.0,92.5,0,,,
P22,5.0,93.5,0,,,
P22,5.0,94.5,0,,,
P22,5.0,95.5,0,,,
P22,5.0,96.5,1,,,
P22,5.0,97.5,18,611.3349609375,611.1925048828125,611.4049835205078
P22,5.0,98.5,58,611.5499877929688,611.4025115966797,611.625
P22,5.0,99.5,95,611.6900024414062,611.5700073242188,611.780029296875
P22,5.0,100.5,100,611.8400268554688,611.719970703125,611.8699951171875
P22,5.0,101.5,100,611.875,611.8200073242188,611.9924926757812
P22,5.0,102.5,111,611.9600219726562,611.739990234375,612.1900024414062
P22,5.0,103.5,73,611.9299926757812,611.3900146484375,612.1900024414062
P22,5.0,104.5,23,611.219970703125,611.1950073242188,611.2949829101562
P22,5.0,105.5,14,611.375,611.3175048828125,611.4649810791016
P22,5.0,106.5,0,,,
P22,5.0,107.5,0,,,
P22,5.0,108.5,0,,,
P22,5.0,109.5,0,,,
P22,5.0,110.5,0,,,
P22,5.0,111.5,0,,,
P22,5.0,112.5,2,,,
P22,5.0,113.5,3,615.030029296875,615.010009765625,615.1500244140625
P22,5.0,114.5,69,615.5700073242188,615.52001953125,615.6699829101562
P22,5.0,115.5,171,615.7899780273438,615.7000122070312,615.9299926757812
P22,5.0,116.5,168,616.1500244140625,616.0399780273438,616.25
P22,5.0,117.5,130,616.2950439453125,616.0399780273438,616.4099731445312
P22,5.0,118.5,136,616.385009765625,616.1300048828125,616.5200042724609
P22,5.0,119.5,171,616.469970703125,616.4000244140625,616.6199951171875
P22,5.0,120.5,201,616.469970703125,616.4299926757812,616.6400146484375
P22,5.0,121.5,217,616.469970703125,616.4400024414062,616.5499877929688
P22,5.0,122.5,212,616.5,616.4600219726562,616.5399780273438
P22,5.0,123.5,211,616.5599975585938,616.489990234375,616.6749877929688
P22,5.0,124.5,233,616.6099853515625,616.52001953125,616.8200073242188
P22,5.0,125.5,234,616.6199951171875,616.5399780273438,616.77001953125
P22,5.0,126.5,189,616.6099853515625,616.530029296875,616.77001953125
P22,5.0,127.5,162,616.5999755859375,616.47998046875,616.780029296875
P22,5.0,128.5,108,616.469970703125,616.4199829101562,616.5650024414062
P22,5.0,129.5,129,616.5700073242188,616.4199829101562,616.780029296875
P22,5.0,130.5,77,616.510009765625,616.4199829101562,616.7100219726562
P22,5.0,131.5,51,616.4199829101562,616.4000244140625,616.4749755859375
P22,5.0,132.5,57,616.4099731445312,616.3900146484375,616.4299926757812
P22,5.0,133.5,72,616.4299926757812,616.3900146484375,616.4824829101562
P22,5.0,134.5,88,616.4299926757812,616.3699951171875,616.4724731445312
P22,5.0,135.5,81,616.3699951171875,616.3300170898438,616.4099731445312
P22,5.0,136.5,65,616.3300170898438,616.3099975585938,616.3499755859375
P22,5.0,137.5,45,616.3300170898438,616.3099975585938,616.3599853515625
P22,5.0,138.5,49,616.3400268554688,616.2899780273438,616.3800048828125
P22,5.0,139.5,73,616.2999877929688,616.27001953125,616.3400268554688
P22,5.0,140.5,76,616.3099975585938,616.27001953125,616.3499755859375
P22,5.0,141.5,74,616.3200073242188,616.2825164794922,616.3499755859375
P22,5.0,142.5,84,616.3400268554688,616.27001953125,616.4224853515625
P22,5.0,143.5,81,616.3400268554688,616.25,616.4199829101562
P22,5.0,144.5,51,616.3499755859375,616.2999877929688,616.4099731445312
P22,5.0,145.5,41,616.3099975585938,616.27001953125,616.3400268554688
P22,5.0,146.5,30,616.2949829101562,616.280029296875,616.3200073242188
P22,5.0,147.5,13,616.260009765625,616.25,616.27001953125
P22,5.0,148.5,1,,,
P22,5.0,149.5,0,,,
P22,5.0,150.5,0,,,
P22,5.0,151.5,0,,,
P22,5.0,152.5,5,616.1199951171875,616.1099853515625,616.1300048828125
P22,5.0,153.5,36,616.10498046875,616.0800170898438,616.1300048828125
P22,5.0,154.5,77,616.0700073242188,616.0399780273438,616.0999755859375
P22,5.0,155.5,142,615.9849853515625,615.9400024414062,616.0775146484375
P22,5.0,156.5,210,615.9199829101562,615.9000244140625,616.0800170898438
P22,5.0,157.5,206,615.9099731445312,615.8800048828125,616.0800170898438
P22,5.0,158.5,214,615.9299926757812,615.9000244140625,616.0800170898438
P22,5.0,159.5,200,615.9500122070312,615.9099731445312,616.1400146484375
P22,5.0,160.5,175,616.1400146484375,615.9400024414062,616.2949829101562
P22,5.0,161.5,208,616.1900024414062,616.0574951171875,616.260009765625
P22,5.0,162.5,248,616.1199951171875,616.0175170898438,616.3900146484375
P22,5.0,163.5,230,616.0,615.9600219726562,616.0399780273438
P22,5.0,164.5,210,615.969970703125,615.9299926757812,616.010009765625
P22,5.0,165.5,208,615.97998046875,615.9074859619141,616.010009765625
P22,5.0,166.5,212,615.969970703125,615.9199829101562,615.9924926757812
P22,5.0,167.5,206,615.97998046875,615.9400024414062,616.010009765625
P22,5.0,168.5,210,615.97998046875,615.9400024414062,616.010009765625
P22,5.0,169.5,211,615.97998046875,615.9450073242188,616.02001953125
P22,5.0,170.5,210,615.97998046875,615.9400024414062,616.0474853515625
P22,5.0,171.5,205,615.989990234375,615.9400024414062,616.0999755859375
P22,5.0,172.5,222,616.1599731445312,615.9500122070312,616.219970703125
P22,5.0,173.5,223,616.1799926757812,616.0399780273438,616.280029296875
P22,5.0,174.5,217,616.219970703125,616.0399780273438,616.280029296875
P22,5.0,175.5,204,616.135009765625,615.989990234375,616.280029296875
P22,5.0,176.5,159,616.0599975585938,615.9949951171875,616.1549987792969
P22,5.0,177.5,129,615.989990234375,615.9000244140625,616.030029296875
P22,5.0,178.5,91,615.989990234375,615.9299926757812,616.02001953125
P22,5.0,179.5,84,616.030029296875,616.0175170898438,616.0499877929688
P22,7.5,0.5,309,600.4099731445312,600.1799926757812,600.5599975585938
P22,7.5,1.5,306,600.3699951171875,600.1699829101562,600.6099853515625
P22,7.5,2.5,287,600.3400268554688,600.1799926757812,600.6199951171875
P22,7.5,3.5,270,600.280029296875,600.1099853515625,600.5700073242188
P22,7.5,4.5,313,600.4199829101562,599.969970703125,600.5800170898438
P22,7.5,5.5,245,600.2999877929688,599.8400268554688,600.469970703125
P22,7.5,6.5,252,600.0650024414062,599.8099975585938,600.5900268554688
P22,7.5,7.5,235,600.030029296875,599.8599853515625,600.635009765625
P22,7.5,8.5,257,600.0999755859375,599.9400024414062,600.5599975585938
P22,7.5,9.5,258,600.114990234375,600.0,600.510009765625
P22,7.5,10.5,262,600.2000122070312,600.010009765625,600.6574859619141
P22,7.5,11.5,290,600.27001953125,599.9525146484375,600.6900024414062
P22,7.5,12.5,312,600.4000244140625,599.9400024414062,600.8499755859375
P22,7.5,13.5,316,600.4000244140625,599.9774780273438,600.8900146484375
P22,7.5,14.5,265,600.2999877929688,599.9099731445312,600.780029296875
P22,7.5,15.5,232,600.1199951171875,599.8800048828125,600.5499877929688
P22,7.5,16.5,210,600.0150146484375,599.8599853515625,600.3275146484375
P22,7.5,17.5,222,600.2650146484375,599.9400024414062,600.45751953125
P22,7.5,18.5,246,600.52001953125,600.0999755859375,600.6799926757812
P22,7.5,19.5,279,600.469970703125,600.030029296875,600.760009765625
P22,7.5,20.5,302,600.4349975585938,599.9099731445312,600.77001953125
P22,7.5,21.5,314,600.6699829101562,600.010009765625,601.0775146484375
P22,7.5,22.5,256,600.4150390625,599.8674926757812,601.1749877929688
P22,7.5,23.5,250,600.4149780273438,599.8125,601.0050048828125
P22,7.5,24.5,291,600.6599731445312,599.9849853515625,601.3400268554688
P22,7.5,25.5,312,600.7550048828125,600.1799926757812,601.1799926757812
P22,7.5,26.5,330,600.8099975585938,600.2324829101562,601.1074829101562
P22,7.5,27.5,315,600.9199829101562,600.4149780273438,601.3499755859375
P22,7.5,28.5,237,600.7899780273438,600.469970703125,601.2899780273438
P22,7.5,29.5,198,600.635009765625,600.3300170898438,601.0474853515625
P22,7.5,30.5,220,600.5499877929688,600.3400268554688,601.0325164794922
P22,7.5,31.5,207,600.469970703125,600.22998046875,600.8599853515625
P22,7.5,32.5,209,600.4600219726562,600.27001953125,600.9600219726562
P22,7.5,33.5,208,600.4450073242188,600.2000122070312,600.9600219726562
P22,7.5,34.5,230,600.4749755859375,600.2899780273438,601.030029296875
P22,7.5,35.5,205,600.489990234375,600.280029296875,601.0399780273438
P22,7.5,36.5,170,600.5900268554688,600.3200073242188,603.1775054931641
P22,7.5,37.5,143,600.4400024414062,600.3300170898438,600.875
P22,7.5,38.5,120,600.4500122070312,600.3775024414062,600.6199951171875
P22,7.5,39.5,124,600.5750122070312,600.3775024414062,600.8599853515625
P22,7.5,40.5,105,600.530029296875,600.2999877929688,600.780029296875
P22,7.5,41.5,110,600.5050048828125,600.33251953125,600.6574859619141
P22,7.5,42.5,101,600.4400024414062,600.3499755859375,600.5399780273438
P22,7.5,43.5,111,600.530029296875,600.469970703125,600.5900268554688
P22,7.5,44.5,92,600.6649780273438,600.5775146484375,600.7999877929688
P22,7.5,45.5,122,601.0499877929688,600.9099731445312,601.1799926757812
P22,7.5,46.5,123,601.4600219726562,601.27001953125,601.6300048828125
P22,7.5,47.5,53,601.75,601.6599731445312,601.8900146484375
P22,7.5,48.5,7,602.6799926757812,602.6300048828125,603.2599792480469
P22,7.5,49.5,2,,,
P22,7.5,50.5,6,603.0150146484375,602.9675140380859,603.0549926757812
P22,7.5,51.5,8,602.760009765625,602.6725158691406,602.802490234375
P22,7.5,52.5,13,602.010009765625,601.9400024414062,602.0700073242188
P22,7.5,53.5,17,602.6400146484375,602.4299926757812,602.780029296875
P22,7.5,54.5,28,603.0750122070312,602.9749908447266,603.1925048828125
P22,7.5,55.5,16,602.969970703125,602.8800048828125,603.1024780273438
P22,7.5,56.5,0,,,
P22,7.5,57.5,24,602.8399658203125,602.719970703125,603.0175018310547
P22,7.5,58.5,76,602.5350341796875,602.3900146484375,602.7000122070312
P22,7.5,59.5,78,602.489990234375,602.219970703125,602.625
P22,7.5,60.5,45,602.75,602.0999755859375,602.9500122070312
P22,7.5,61.5,14,603.14501953125,602.9650115966797,603.2324981689453
P22,7.5,62.5,2,,,
P22,7.5,63.5,1,,,
P22,7.5,64.5,5,602.6199951171875,602.5499877929688,602.6300048828125
P22,7.5,65.5,0,,,
P22,7.5,66.5,0,,,
P22,7.5,67.5,0,,,
P22,7.5,68.5,0,,,
P22,7.5,69.5,0,,,
P22,7.5,70.5,0,,,
P22,7.5,71.5,0,,,
P22,7.5,72.5,0,,,
P22,7.5,73.5,0,,,
P22,7.5,74.5,0,,,
P22,7.5,75.5,0,,,
P22,7.5,76.5,0,,,
P22,7.5,77.5,0,,,
P22,7.5,78.5,0,,,
P22,7.5,79.5,0,,,
P22,7.5,80.5,0,,,
P22,7.5,81.5,0,,,
P22,7.5,82.5,0,,,
P22,7.5,83.5,0,,,
P22,7.5,84.5,0,,,
P22,7.5,85.5,0,,,
P22,7.5,86.5,0,,,
P22,7.5,87.5,20,609.85498046875,609.8049926757812,609.8925170898438
P22,7.5,88.5,21,609.8200073242188,609.760009765625,609.8800048828125
P22,7.5,89.5,2,,,
P22,7.5,90.5,1,,,
P22,7.5,91.5,35,608.75,608.7100219726562,608.8350219726562
P22,7.5,92.5,37,608.8800048828125,608.780029296875,608.9299926757812
P22,7.5,93.5,32,608.75,608.6900024414062,608.8175048828125
P22,7.5,94.5,44,609.5499877929688,609.375,609.719970703125
P22,7.5,95.5,22,609.6749877929688,609.5800170898438,609.760009765625
P22,7.5,96.5,11,610.8599853515625,610.4549865722656,610.9099731445312
P22,7.5,97.5,54,610.6500244140625,610.4600219726562,611.1849975585938
P22,7.5,98.5,82,611.4299926757812,610.9400024414062,611.5875244140625
P22,7.5,99.5,126,611.5900268554688,611.0925140380859,611.75
P22,7.5,100.5,137,611.77001953125,611.1699829101562,611.8599853515625
P22,7.5,101.5,152,611.8200073242188,611.1174926757812,611.9099731445312
P22,7.5,102.5,168,611.7249755859375,611.1300048828125,612.052490234375
P22,7.5,103.5,124,611.35498046875,611.2000122070312,611.9625091552734
P22,7.5,104.5,74,611.2100219726562,611.1799926757812,611.25
P22,7.5,105.5,83,611.4400024414062,611.3450012207031,611.5800170898438
P22,7.5,106.5,45,611.9600219726562,611.8300170898438,612.0499877929688
P22,7.5,107.5,43,612.0800170898438,612.030029296875,612.1799926757812
P22,7.5,108.5,29,612.0,611.9500122070312,612.0499877929688
P22,7.5,109.5,22,611.9649658203125,611.85498046875,612.0875244140625
P22,7.5,110.5,1,,,
P22,7.5,111.5,2,,,
P22,7.5,112.5,12,614.6699829101562,614.4500122070312,614.9124755859375
P22,7.5,113.5,7,615.030029296875,614.9349975585938,615.3650207519531
P22,7.5,114.5,100,615.655029296875,615.5474853515625,615.822509765625
P22,7.5,115.5,207,615.8400268554688,615.7149963378906,616.0
P22,7.5,116.5,213,616.1900024414062,616.0599975585938,616.2899780273438
P22,7.5,117.5,190,616.3300170898438,616.0700073242188,616.4299926757812
P22,7.5,118.5,219,616.4099731445312,616.2000122070312,616.7000122070312
P22,7.5,119.5,257,616.5,616.3900146484375,616.739990234375
P22,7.5,120.5,282,616.469970703125,616.4000244140625,616.6475219726562
P22,7.5,121.5,319,616.4600219726562,616.4199829101562,616.5650024414062
P22,7.5,122.5,308,616.47998046875,616.4099731445312,616.5225219726562
P22,7.5,123.5,294,616.52001953125,616.4600219726562,616.6400146484375
P22,7.5,124.5,336,616.5700073242188,616.5,616.7125091552734
P22,7.5,125.5,340,616.5700073242188,616.5,616.6724853515625
P22,7.5,126.5,297,616.5599975585938,616.5,616.6599731445312
P22,7.5,127.5,266,616.5,616.4600219726562,616.6699829101562
P22,7.5,128.5,207,616.4600219726562,616.4199829101562,616.5399780273438
P22,7.5,129.5,203,616.469970703125,616.4199829101562,616.6599731445312
P22,7.5,130.5,159,616.4500122070312,616.4199829101562,616.5750122070312
P22,7.5,131.5,123,616.4400024414062,616.4099731445312,616.469970703125
P22,7.5,132.5,89,616.4199829101562,616.4000244140625,616.5
P22,7.5,133.5,80,616.4349975585938,616.3900146484375,616.5225219726562
P22,7.5,134.5,88,616.4299926757812,616.3699951171875,616.4724731445312
P22,7.5,135.5,81,616.3699951171875,616.3300170898438,616.4099731445312
P22,7.5,136.5,65,616.3300170898438,616.3099975585938,616.3499755859375
P22,7.5,137.5,45,616.3300170898438,616.3099975585938,616.3599853515625
P22,7.5,138.5,49,616.3400268554688,616.2899780273438,616.3800048828125
P22,7.5,139.5,73,616.2999877929688,616.27001953125,616.3400268554688
P22,7.5,140.5,76,616.3099975585938,616.27001953125,616.3499755859375
P22,7.5,141.5,74,616.3200073242188,616.2825164794922,616.3499755859375
P22,7.5,142.5,84,616.3400268554688,616.27001953125,616.4224853515625
P22,7.5,143.5,82,616.3400268554688,616.25,616.4199829101562
P22,7.5,144.5,65,616.3900146484375,616.3099975585938,616.4299926757812
P22,7.5,145.5,87,616.3699951171875,616.3099975585938,616.489990234375
P22,7.5,146.5,80,616.3699951171875,616.3099975585938,616.4199829101562
P22,7.5,147.5,66,616.35498046875,616.3099975585938,616.3900146484375
P22,7.5,148.5,33,616.2899780273438,616.280029296875,616.3099975585938
P22,7.5,149.5,20,616.010009765625,615.9874877929688,616.030029296875
P22,7.5,150.5,11,615.97998046875,615.9600219726562,615.989990234375
P22,7.5,151.5,0,,,
P22,7.5,152.5,8,616.125,616.1099853515625,616.1400146484375
P22,7.5,153.5,67,616.1300048828125,616.0999755859375,616.1500244140625
P22,7.5,154.5,131,616.0999755859375,616.0499877929688,616.1500244140625
P22,7.5,155.5,229,616.010009765625,615.9199829101562,616.1400146484375
P22,7.5,156.5,317,615.9299926757812,615.8900146484375,616.1400146484375
P22,7.5,157.5,309,615.9099731445312,615.8800048828125,616.1300048828125
P22,7.5,158.5,295,615.9199829101562,615.8900146484375,616.125
P22,7.5,159.5,289,615.9400024414062,615.8900146484375,616.22998046875
P22,7.5,160.5,278,616.1199951171875,615.9099731445312,616.239990234375
P22,7.5,161.5,313,616.1400146484375,615.97998046875,616.219970703125
P22,7.5,162.5,372,616.1099853515625,616.02001953125,616.25
P22,7.5,163.5,377,616.0499877929688,615.97998046875,616.3800048828125
P22,7.5,164.5,334,616.0,615.9500122070312,616.0499877929688
P22,7.5,165.5,313,615.97998046875,615.8800048828125,616.010009765625
P22,7.5,166.5,315,615.9600219726562,615.8900146484375,616.010009765625
P22,7.5,167.5,309,615.97998046875,615.9099731445312,616.030029296875
P22,7.5,168.5,312,615.97998046875,615.9099731445312,616.030029296875
P22,7.5,169.5,315,615.97998046875,615.9199829101562,616.0399780273438
P22,7.5,170.5,311,615.97998046875,615.9199829101562,616.0700073242188
P22,7.5,171.5,311,615.989990234375,615.9000244140625,616.1599731445312
P22,7.5,172.5,329,616.1599731445312,615.9199829101562,616.25
P22,7.5,173.5,326,616.1799926757812,615.989990234375,616.2899780273438
P22,7.5,174.5,327,616.1500244140625,615.9600219726562,616.260009765625
P22,7.5,175.5,282,616.0250244140625,615.9525146484375,616.219970703125
P22,7.5,176.5,259,616.030029296875,615.969970703125,616.0800170898438
P22,7.5,177.5,220,616.010009765625,615.947509765625,616.0499877929688
P22,7.5,178.5,172,616.02001953125,615.9400024414062,616.0499877929688
P22,7.5,179.5,168,616.0399780273438,616.0,616.0625
P23,2.5,0.5,99,604.6300048828125,604.4450073242188,604.739990234375
P23,2.5,1.5,99,604.47998046875,604.2949829101562,604.5750122070312
P23,2.5,2.5,109,604.3900146484375,604.27001953125,604.6199951171875
P23,2.5,3.5,87,604.4600219726562,604.375,604.5449829101562
P23,2.5,4.5,58,604.6500244140625,604.3800048828125,604.7000122070312
P23,2.5,5.5,24,604.4149780273438,604.3275146484375,604.5025024414062
P23,2.5,6.5,31,604.4400024414062,604.35498046875,604.510009765625
P23,2.5,7.5,36,604.364990234375,604.2874908447266,604.4600219726562
P23,2.5,8.5,38,604.2899780273438,604.1550140380859,604.3900146484375
P23,2.5,9.5,25,604.4299926757812,604.239990234375,604.5
P23,2.5,10.5,23,602.9000244140625,602.8200073242188,603.2050170898438
P23,2.5,11.5,35,602.8400268554688,602.7850036621094,603.0449829101562
P23,2.5,12.5,63,603.3599853515625,603.0850219726562,603.6199951171875
P23,2.5,13.5,64,603.4099731445312,603.2174835205078,603.552490234375
P23,2.5,14.5,84,603.4299926757812,603.1799926757812,603.52001953125
P23,2.5,15.5,94,603.47998046875,603.2525024414062,603.5574951171875
P23,2.5,16.5,78,603.3300170898438,603.260009765625,603.3875122070312
P23,2.5,17.5,73,603.280029296875,603.2100219726562,603.3300170898438
P23,2.5,18.5,62,603.4000244140625,603.322509765625,603.4299926757812
P23,2.5,19.5,51,603.4099731445312,603.3300170898438,603.4849853515625
P23,2.5,20.5,51,603.1900024414062,603.1099853515625,603.2999877929688
P23,2.5,21.5,38,602.8099975585938,602.72998046875,602.9400024414062
P23,2.5,22.5,42,602.3900146484375,602.322509765625,602.4949951171875
P23,2.5,23.5,48,602.3599853515625,602.3275146484375,602.4025115966797
P23,2.5,24.5,39,602.52001953125,602.2249755859375,602.7200012207031
P23,2.5,25.5,49,602.4500122070312,602.0399780273438,602.6199951171875
P23,2.5,26.5,15,601.9400024414062,601.8600158691406,602.1900024414062
P23,2.5,27.5,16,602.2099609375,602.0850219726562,602.3450164794922
P23,2.5,28.5,14,602.75,602.2100219726562,602.9150085449219
P23,2.5,29.5,6,603.22998046875,602.6124725341797,603.2474975585938
P23,2.5,30.5,36,603.25,603.219970703125,603.2825164794922
P23,2.5,31.5,56,603.1749877929688,603.0399780273438,603.2324829101562
P23,2.5,32.5,91,602.9199829101562,602.7899780273438,603.0350036621094
P23,2.5,33.5,97,603.0599975585938,602.9600219726562,603.1400146484375
P23,2.5,34.5,49,603.1699829101562,603.1099853515625,603.2100219726562
P23,2.5,35.5,19,603.02001953125,602.8500061035156,603.364990234375
P23,2.5,36.5,0,,,
P23,2.5,37.5,1,,,
P23,2.5,38.5,0,,,
P23,2.5,39.5,0,,,
P23,2.5,40.5,0,,,
P23,2.5,41.5,0,,,
P23,2.5,42.5,0,,,
P23,2.5,43.5,5,601.969970703125,601.969970703125,601.969970703125
P23,2.5,44.5,20,601.5050048828125,601.4450073242188,601.739990234375
P23,2.5,45.5,39,601.510009765625,601.4649963378906,601.5999755859375
P23,2.5,46.5,5,601.5900268554688,601.47998046875,601.5900268554688
P23,2.5,47.5,2,,,
P23,2.5,48.5,10,601.77001953125,601.7374877929688,601.7999877929688
P23,2.5,49.5,22,601.8350219726562,601.802490234375,602.0399780273438
P23,2.5,50.5,16,601.8599853515625,601.8449859619141,601.8825073242188
P23,2.5,51.5,17,601.72998046875,601.7100219726562,602.3499755859375
P23,2.5,52.5,17,601.75,601.6900024414062,602.1300048828125
P23,2.5,53.5,42,601.9550170898438,601.7899780273438,602.0700073242188
P23,2.5,54.5,20,601.9949951171875,601.9674835205078,602.1400146484375
P23,2.5,55.5,46,602.2850341796875,602.1699829101562,602.3800048828125
P23,2.5,56.5,49,602.030029296875,601.9400024414062,602.1099853515625
P23,2.5,57.5,51,602.0800170898438,602.02001953125,602.125
P23,2.5,58.5,67,602.0499877929688,601.7850036621094,602.1300048828125
P23,2.5,59.5,86,601.8300170898438,601.72998046875,601.9199829101562
P23,2.5,60.5,104,601.8150024414062,601.719970703125,601.9224853515625
P23,2.5,61.5,93,602.0399780273438,601.9600219726562,602.1099853515625
P23,2.5,62.5,66,602.260009765625,602.1599731445312,602.3375244140625
P23,2.5,63.5,49,602.1300048828125,602.0900268554688,602.1599731445312
P23,2.5,64.5,34,602.155029296875,602.0750122070312,602.2374877929688
P23,2.5,65.5,41,602.3200073242188,602.27001953125,602.3599853515625
P23,2.5,66.5,38,602.2850341796875,602.2125091552734,602.4199981689453
P23,2.5,67.5,8,602.6900024414062,602.6200256347656,602.7150115966797
P23,2.5,68.5,0,,,
P23,2.5,69.5,0,,,
P23,2.5,70.5,0,,,
P23,2.5,71.5,0,,,
P23,2.5,72.5,0,,,
P23,2.5,73.5,0,,,
P23,2.5,74.5,0,,,
P23,2.5,75.5,0,,,
P23,2.5,76.5,0,,,
P23,2.5,77.5,0,,,
P23,2.5,78.5,0,,,
P23,2.5,79.5,0,,,
P23,2.5,80.5,0,,,
P23,2.5,81.5,0,,,
P23,2.5,82.5,0,,,
P23,2.5,83.5,0,,,
P23,2.5,84.5,0,,,
P23,2.5,85.5,0,,,
P23,2.5,86.5,1,,,
P23,2.5,87.5,2,,,
P23,2.5,88.5,16,606.9100341796875,606.7174835205078,606.9525146484375
P23,2.5,89.5,19,607.010009765625,606.9700012207031,607.114990234375
P23,2.5,90.5,2,,,
P23,2.5,91.5,10,606.8599853515625,606.7750091552734,606.9249877929688
P23,2.5,92.5,3,606.97998046875,606.9499816894531,606.989990234375
P23,2.5,93.5,2,,,
P23,2.5,94.5,0,,,
P23,2.5,95.5,0,,,
P23,2.5,96.5,0,,,
P23,2.5,97.5,1,,,
P23,2.5,98.5,9,608.27001953125,608.25,608.4299926757812
P23,2.5,99.5,58,608.5650024414062,608.4525146484375,608.70751953125
P23,2.5,100.5,112,608.8900146484375,608.739990234375,608.9600219726562
P23,2.5,101.5,107,609.010009765625,608.9649963378906,609.0750122070312
P23,2.5,102.5,113,609.260009765625,609.1400146484375,609.3800048828125
P23,2.5,103.5,122,609.5549926757812,609.4500122070312,609.6199951171875
P23,2.5,104.5,118,609.6400146484375,609.5700073242188,609.8850250244141
P23,2.5,105.5,84,609.85498046875,609.7174835205078,609.97998046875
P23,2.5,106.5,49,610.1099853515625,610.0499877929688,610.1900024414062
P23,2.5,107.5,32,610.39501953125,610.2949981689453,610.52001953125
P23,2.5,108.5,21,610.510009765625,610.4600219726562,610.5800170898438
P23,2.5,109.5,12,610.469970703125,610.3825073242188,610.5724945068359
P23,2.5,110.5,2,,,
P23,2.5,111.5,0,,,
P23,2.5,112.5,0,,,
P23,2.5,113.5,0,,,
P23,2.5,114.5,0,,,
P23,2.5,115.5,0,,,
P23,2.5,116.5,35,613.02001953125,612.9299926757812,613.1799926757812
P23,2.5,117.5,45,613.1500244140625,613.0499877929688,613.3699951171875
P23,2.5,118.5,55,613.739990234375,613.280029296875,613.969970703125
P23,2.5,119.5,34,614.2000122070312,614.1000213623047,614.3350219726562
P23,2.5,120.5,44,614.27001953125,614.0700073242188,614.4224853515625
P23,2.5,121.5,3,614.719970703125,614.6949768066406,614.7849731445312
P23,2.5,122.5,4,614.8199462890625,614.60498046875,614.9749755859375
P23,2.5,123.5,20,615.0549926757812,614.9774780273438,615.1399993896484
P23,2.5,124.5,19,615.530029296875,615.4349975585938,615.5950012207031
P23,2.5,125.5,16,615.7650146484375,615.7024841308594,615.8525238037109
P23,2.5,126.5,23,615.9400024414062,615.8799743652344,616.0350036621094
P23,2.5,127.5,24,615.97998046875,615.9199829101562,616.0125122070312
P23,2.5,128.5,47,615.760009765625,615.6900024414062,615.97998046875
P23,2.5,129.5,52,615.885009765625,615.6475219726562,616.08251953125
P23,2.5,130.5,26,616.1199951171875,616.0625,616.20751953125
P23,2.5,131.5,14,616.72998046875,616.6749877929688,616.7899780273438
P23,2.5,132.5,48,616.9199829101562,616.7899780273438,617.0625
P23,2.5,133.5,72,617.385009765625,617.3099975585938,617.4874877929688
P23,2.5,134.5,97,617.3400268554688,617.260009765625,617.4500122070312
P23,2.5,135.5,102,617.4249877929688,617.3425140380859,617.510009765625
P23,2.5,136.5,104,617.3800048828125,617.3300170898438,617.4625091552734
P23,2.5,137.5,107,617.3099975585938,617.0750122070312,617.375
P23,2.5,138.5,108,617.280029296875,616.9550170898438,617.4299926757812
P23,2.5,139.5,97,617.0999755859375,616.6799926757812,617.280029296875
P23,2.5,140.5,103,617.0,616.60498046875,617.1599731445312
P23,2.5,141.5,94,616.89501953125,616.6099853515625,617.2675170898438
P23,2.5,142.5,109,616.8099975585938,616.5700073242188,617.239990234375
P23,2.5,143.5,116,616.6199951171875,616.5399780273438,617.04248046875
P23,2.5,144.5,113,616.5800170898438,616.52001953125,616.780029296875
P23,2.5,145.5,114,616.4949951171875,616.4600219726562,616.7099761962891
P23,2.5,146.5,112,616.4299926757812,616.4000244140625,616.489990234375
P23,2.5,147.5,105,616.3900146484375,616.3699951171875,616.4299926757812
P23,2.5,148.5,101,616.3699951171875,616.3400268554688,616.3900146484375
P23,2.5,149.5,74,616.375,616.3200073242188,616.4099731445312
P23,2.5,150.5,35,616.22998046875,616.1849975585938,616.3900146484375
P23,2.5,151.5,27,616.1799926757812,616.1500244140625,616.22998046875
P23,2.5,152.5,54,616.2100219726562,616.1699829101562,616.3250122070312
P23,2.5,153.5,33,616.469970703125,616.4199829101562,616.5499877929688
P23,2.5,154.5,43,616.6199951171875,616.5750122070312,616.75
P23,2.5,155.5,100,616.6199951171875,616.5700073242188,616.6900024414062
P23,2.5,156.5,99,616.5499877929688,616.510009765625,616.5950012207031
P23,2.5,157.5,106,616.510009765625,616.489990234375,616.5800170898438
P23,2.5,158.5,103,616.469970703125,616.4299926757812,616.510009765625
P23,2.5,159.5,104,616.4349975585938,616.3574829101562,616.489990234375
P23,2.5,160.5,101,616.4099731445312,616.3300170898438,616.47998046875
P23,2.5,161.5,99,616.3499755859375,616.3099975585938,616.4550170898438
P23,2.5,162.5,80,616.3499755859375,616.2999877929688,616.4199829101562
P23,2.5,163.5,74,616.3099975585938,616.25,616.3599853515625
P23,2.5,164.5,68,616.2349853515625,616.1900024414062,616.3049926757812
P23,2.5,165.5,59,616.3599853515625,616.2100219726562,616.4400024414062
P23,2.5,166.5,45,616.3400268554688,616.219970703125,616.4199829101562
P23,2.5,167.5,34,616.260009765625,616.219970703125,616.2899780273438
P23,2.5,168.5,16,616.2449951171875,616.2274780273438,616.2625122070312
P23,2.5,169.5,0,,,
P23,2.5,170.5,0,,,
P23,2.5,171.5,0,,,
P23,2.5,172.5,0,,,
P23,2.5,173.5,0,,,
P23,2.5,174.5,1,,,
P23,2.5,175.5,23,616.280029296875,616.25,616.3450012207031
P23,2.5,176.5,99,616.3099975585938,616.280029296875,616.3400268554688
P23,2.5,177.5,101,616.3200073242188,616.2899780273438,616.3400268554688
P23,2.5,178.5,102,616.3499755859375,616.3099975585938,616.3975219726562
P23,2.5,179.5,103,616.3699951171875,616.3499755859375,616.3900146484375
P23,5.0,0.5,181,604.5499877929688,604.3900146484375,604.719970703125
P23,5.0,1.5,154,604.5050048828125,604.33251953125,604.6074829101562
P23,5.0,2.5,166,604.4500122070312,604.2999877929688,604.6199951171875
P23,5.0,3.5,129,604.510009765625,604.4099731445312,604.5599975585938
P23,5.0,4.5,94,604.530029296875,604.3599853515625,604.6699829101562
P23,5.0,5.5,53,604.3200073242188,604.1400146484375,604.4600219726562
P23,5.0,6.5,69,604.0900268554688,603.1400146484375,604.4299926757812
P23,5.0,7.5,64,604.405029296875,604.2899780273438,604.6450042724609
P23,5.0,8.5,75,604.4099731445312,604.2049865722656,604.9299926757812
P23,5.0,9.5,93,604.6300048828125,604.239990234375,604.77001953125
P23,5.0,10.5,81,603.489990234375,602.8699951171875,604.6199951171875
P23,5.0,11.5,98,602.7999877929688,602.72998046875,603.0025024414062
P23,5.0,12.5,107,603.02001953125,602.9199829101562,603.4450073242188
P23,5.0,13.5,110,603.1749877929688,603.0,603.4674835205078
P23,5.0,14.5,116,603.3150024414062,603.0875244140625,603.489990234375
P23,5.0,15.5,125,603.4299926757812,603.1599731445312,603.5499877929688
P23,5.0,16.5,94,603.3200073242188,603.260009765625,603.3900146484375
P23,5.0,17.5,95,603.25,603.1749877929688,603.3049926757812
P23,5.0,18.5,77,603.4000244140625,603.3300170898438,603.4400024414062
P23,5.0,19.5,54,603.4199829101562,603.33251953125,603.4874877929688
P23,5.0,20.5,55,603.1799926757812,603.0800170898438,603.2900085449219
P23,5.0,21.5,45,602.780029296875,602.5999755859375,602.8800048828125
P23,5.0,22.5,53,602.3900146484375,602.3099975585938,602.530029296875
P23,5.0,23.5,69,602.3900146484375,602.3300170898438,603.010009765625
P23,5.0,24.5,112,602.4199829101562,601.5175170898438,603.052490234375
P23,5.0,25.5,144,602.14501953125,601.4074859619141,602.9924926757812
P23,5.0,26.5,112,601.8150024414062,601.2174835205078,603.4400024414062
P23,5.0,27.5,107,601.9199829101562,601.3349914550781,603.5650024414062
P23,5.0,28.5,112,602.010009765625,601.5275268554688,603.572509765625
P23,5.0,29.5,96,601.8900146484375,601.39501953125,603.2925109863281
P23,5.0,30.5,130,603.2149658203125,601.5474853515625,603.4299926757812
P23,5.0,31.5,128,603.1950073242188,602.3499755859375,603.5399780273438
P23,5.0,32.5,123,602.9500122070312,602.7899780273438,603.0800170898438
P23,5.0,33.5,126,603.0499877929688,602.9600219726562,603.1400146484375
P23,5.0,34.5,59,603.1699829101562,603.0750122070312,603.2149963378906
P23,5.0,35.5,22,603.0400390625,602.8400115966797,603.3724975585938
P23,5.0,36.5,12,604.0350341796875,602.1624908447266,604.1325073242188
P23,5.0,37.5,3,602.1199951171875,602.114990234375,602.8399963378906
P23,5.0,38.5,0,,,
P23,5.0,39.5,0,,,
P23,5.0,40.5,0,,,
P23,5.0,41.5,0,,,
P23,5.0,42.5,6,602.489990234375,601.3300170898438,603.6500244140625
P23,5.0,43.5,49,601.469970703125,601.2999877929688,601.6300048828125
P23,5.0,44.5,78,601.2899780273438,601.0325164794922,601.4774780273438
P23,5.0,45.5,82,601.489990234375,601.4124755859375,601.614990234375
P23,5.0,46.5,50,601.2449951171875,601.1824951171875,601.2874908447266
P23,5.0,47.5,53,601.3900146484375,601.3099975585938,601.4400024414062
P23,5.0,48.5,72,601.47998046875,601.4500122070312,601.7775115966797
P23,5.0,49.5,93,601.8099975585938,601.469970703125,601.9000244140625
P23,5.0,50.5,52,601.72998046875,601.6199951171875,601.8524780273438
P23,5.0,51.5,41,601.6900024414062,601.6500244140625,601.75
P23,5.0,52.5,61,601.719970703125,601.6400146484375,602.010009765625
P23,5.0,53.5,111,601.72998046875,601.6549987792969,601.9349975585938
P23,5.0,54.5,111,601.9299926757812,601.6699829101562,602.0800170898438
P23,5.0,55.5,158,602.0900268554688,601.7624969482422,602.2575073242188
P23,5.0,56.5,163,601.9600219726562,601.8699951171875,602.0899963378906
P23,5.0,57.5,121,601.9000244140625,601.8400268554688,602.0800170898438
P23,5.0,58.5,143,601.9600219726562,601.8599853515625,602.0999755859375
P23,5.0,59.5,184,601.8800048828125,601.7899780273438,601.9525146484375
P23,5.0,60.5,206,601.8099975585938,601.72998046875,601.8699951171875
P23,5.0,61.5,201,601.969970703125,601.8499755859375,602.0900268554688
P23,5.0,62.5,137,602.1699829101562,602.0900268554688,602.3200073242188
P23,5.0,63.5,105,602.1199951171875,602.0599975585938,602.1599731445312
P23,5.0,64.5,92,601.9149780273438,601.8474884033203,602.1300048828125
P23,5.0,65.5,100,602.1649780273438,601.9974975585938,602.322509765625
P23,5.0,66.5,76,602.1799926757812,602.0875244140625,602.2999877929688
P23,5.0,67.5,32,602.2750244140625,602.2324981689453,602.4924926757812
P23,5.0,68.5,26,602.6900024414062,602.5749969482422,602.7999877929688
P23,5.0,69.5,5,603.1599731445312,603.1300048828125,603.2000122070312
P23,5.0,70.5,0,,,
P23,5.0,71.5,0,,,
P23,5.0,72.5,0,,,
P23,5.0,73.5,0,,,
P23,5.0,74.5,0,,,
P23,5.0,75.5,0,,,
P23,5.0,76.5,0,,,
P23,5.0,77.5,0,,,
P23,5.0,78.5,0,,,
P23,5.0,79.5,0,,,
P23,5.0,80.5,0,,,
P23,5.0,81.5,0,,,
P23,5.0,82.5,0,,,
P23,5.0,83.5,0,,,
P23,5.0,84.5,0,,,
P23,5.0,85.5,0,,,
P23,5.0,86.5,3,608.739990234375,608.3999938964844,608.7649841308594
P23,5.0,87.5,4,608.4000244140625,607.9675140380859,608.8174896240234
P23,5.0,88.5,18,606.9299926757812,606.7399749755859,607.0050201416016
P23,5.0,89.5,19,607.010009765625,606.9700012207031,607.114990234375
P23,5.0,90.5,36,607.4000244140625,607.2899780273438,607.47998046875
P23,5.0,91.5,31,607.4000244140625,607.010009765625,607.7149963378906
P23,5.0,92.5,45,607.3499755859375,607.0800170898438,607.5900268554688
P23,5.0,93.5,25,607.6500244140625,607.0900268554688,607.9000244140625
P23,5.0,94.5,30,608.010009765625,606.8925170898438,608.8624877929688
P23,5.0,95.5,47,607.0499877929688,606.9600219726562,607.1900024414062
P23,5.0,96.5,45,607.5999755859375,607.4600219726562,607.6799926757812
P23,5.0,97.5,47,607.780029296875,607.6799926757812,607.8500061035156
P23,5.0,98.5,78,608.2349853515625,608.072509765625,608.427490234375
P23,5.0,99.5,111,608.6099853515625,608.489990234375,608.739990234375
P23,5.0,100.5,196,608.9199829101562,608.7775268554688,609.08251953125
P23,5.0,101.5,207,609.030029296875,608.9400024414062,609.2100219726562
P23,5.0,102.5,212,609.3200073242188,609.0999755859375,609.635009765625
P23,5.0,103.5,234,609.5499877929688,609.1224975585938,609.875
P23,5.0,104.5,234,609.64501953125,609.41748046875,610.1500244140625
P23,5.0,105.5,131,609.969970703125,609.7850036621094,610.510009765625
P23,5.0,106.5,89,610.25,610.0900268554688,610.97998046875
P23,5.0,107.5,70,610.5599975585938,610.4224853515625,611.0675048828125
P23,5.0,108.5,61,611.1199951171875,610.5800170898438,611.27001953125
P23,5.0,109.5,34,611.5250244140625,610.5724945068359,611.6375122070312
P23,5.0,110.5,65,612.0499877929688,611.8800048828125,612.22998046875
P23,5.0,111.5,48,612.4400024414062,612.3125,612.5574951171875
P23,5.0,112.5,23,612.7000122070312,612.4400024414062,612.8399963378906
P23,5.0,113.5,6,613.0150146484375,612.9625091552734,613.1275177001953
P23,5.0,114.5,15,611.0700073242188,610.8150024414062,611.1499938964844
P23,5.0,115.5,15,611.7000122070312,611.6400146484375,612.1100158691406
P23,5.0,116.5,77,613.02001953125,612.9199829101562,613.3400268554688
P23,5.0,117.5,117,612.6300048828125,612.3800048828125,613.219970703125
P23,5.0,118.5,126,613.7449951171875,612.9349975585938,615.0599975585938
P23,5.0,119.5,108,613.6099853515625,613.1799926757812,614.2625122070312
P23,5.0,120.5,78,614.3200073242188,613.989990234375,615.3075103759766
P23,5.0,121.5,8,615.64501953125,614.8174743652344,615.9225158691406
P23,5.0,122.5,21,614.239990234375,614.0399780273438,614.3699951171875
P23,5.0,123.5,38,615.02001953125,614.8874969482422,615.1275024414062
P23,5.0,124.5,23,615.52001953125,615.4199829101562,615.5650024414062
P23,5.0,125.5,37,615.6400146484375,615.5399780273438,615.739990234375
P23,5.0,126.5,67,615.719970703125,615.4949951171875,615.9249877929688
P23,5.0,127.5,74,615.7999877929688,615.719970703125,615.947509765625
P23,5.0,128.5,90,615.8599853515625,615.7125091552734,616.0399780273438
P23,5.0,129.5,113,616.010009765625,615.8099975585938,616.1599731445312
P23,5.0,130.5,52,616.2349853515625,616.1199951171875,616.5399780273438
P23,5.0,131.5,51,616.719970703125,616.6699829101562,616.7899780273438
P23,5.0,132.5,106,616.7949829101562,616.6400146484375,617.0399780273438
P23,5.0,133.5,139,617.260009765625,617.0650024414062,617.4049987792969
P23,5.0,134.5,183,617.2899780273438,617.135009765625,617.3599853515625
P23,5.0,135.5,198,617.3300170898438,617.1900024414062,617.4299926757812
P23,5.0,136.5,215,617.2899780273438,616.8350219726562,617.3800048828125
P23,5.0,137.5,208,617.2750244140625,616.5900268554688,617.3524780273438
P23,5.0,138.5,214,617.1699829101562,616.5800170898438,617.3400268554688
P23,5.0,139.5,197,617.0700073242188,616.5599975585938,617.3699951171875
P23,5.0,140.5,206,617.0050048828125,616.5800170898438,617.3549957275391
P23,5.0,141.5,199,616.8800048828125,616.6099853515625,617.280029296875
P23,5.0,142.5,215,616.8699951171875,616.5750122070312,617.2899780273438
P23,5.0,143.5,213,616.7000122070312,616.5700073242188,617.22998046875
P23,5.0,144.5,198,616.6199951171875,616.5499877929688,617.1799926757812
P23,5.0,145.5,189,616.5700073242188,616.47998046875,617.27001953125
P23,5.0,146.5,169,616.489990234375,616.4099731445312,616.77001953125
P23,5.0,147.5,171,616.4400024414062,616.3900146484375,616.7900085449219
P23,5.0,148.5,148,616.3800048828125,616.3499755859375,616.489990234375
P23,5.0,149.5,128,616.3900146484375,616.2974853515625,616.4525146484375
P23,5.0,150.5,56,616.3900146484375,616.2174835205078,616.552490234375
P23,5.0,151.5,47,616.239990234375,616.1749877929688,616.280029296875
P23,5.0,152.5,103,616.3400268554688,616.2050170898438,616.4099731445312
P23,5.0,153.5,85,616.5499877929688,616.4600219726562,616.5999755859375
P23,5.0,154.5,95,616.6500244140625,616.5999755859375,616.7050170898438
P23,5.0,155.5,150,616.6649780273438,616.5925140380859,616.7000122070312
P23,5.0,156.5,169,616.5800170898438,616.52001953125,616.6699829101562
P23,5.0,157.5,182,616.530029296875,616.47998046875,616.6300048828125
P23,5.0,158.5,170,616.5,616.4400024414062,616.5999755859375
P23,5.0,159.5,161,616.489990234375,616.3800048828125,616.5700073242188
P23,5.0,160.5,160,616.47998046875,616.3599853515625,616.5700073242188
P23,5.0,161.5,151,616.469970703125,616.3300170898438,616.530029296875
P23,5.0,162.5,129,616.4299926757812,616.3099975585938,616.489990234375
P23,5.0,163.5,128,616.3800048828125,616.2899780273438,616.4299926757812
P23,5.0,164.5,120,616.385009765625,616.219970703125,616.5125122070312
P23,5.0,165.5,117,616.4500122070312,616.260009765625,616.5
P23,5.0,166.5,114,616.4299926757812,616.22998046875,616.47998046875
P23,5.0,167.5,107,616.2999877929688,616.1900024414062,616.385009765625
P23,5.0,168.5,63,616.2100219726562,616.135009765625,616.260009765625
P23,5.0,169.5,24,616.155029296875,616.1400146484375,616.1699829101562
P23,5.0,170.5,52,616.25,616.2000122070312,616.3099975585938
P23,5.0,171.5,28,616.27001953125,616.2000122070312,616.33251953125
P23,5.0,172.5,11,616.3699951171875,616.3599853515625,616.375
P23,5.0,173.5,33,616.3599853515625,616.3400268554688,616.3699951171875
P23,5.0,174.5,56,616.3699951171875,616.3499755859375,616.3900146484375
P23,5.0,175.5,114,616.3400268554688,616.219970703125,616.3800048828125
P23,5.0,176.5,204,616.3099975585938,616.2474975585938,616.3599853515625
P23,5.0,177.5,207,616.3200073242188,616.27001953125,616.375
P23,5.0,178.5,203,616.3499755859375,616.2899780273438,616.4099731445312
P23,5.0,179.5,209,616.3699951171875,616.3099975585938,616.4000244140625
P23,7.5,0.5,245,604.4299926757812,604.0800170898438,604.6699829101562
P23,7.5,1.5,209,604.3800048828125,604.0700073242188,604.5700073242188
P23,7.5,2.5,203,604.3800048828125,604.2249755859375,604.5850219726562
P23,7.5,3.5,177,604.4400024414062,604.22998046875,604.5399780273438
P23,7.5,4.5,123,604.469970703125,603.7950134277344,604.635009765625
P23,7.5,5.5,96,603.4500122070312,603.3474884033203,604.33251953125
P23,7.5,6.5,120,603.2550048828125,603.02001953125,604.3099975585938
P23,7.5,7.5,112,604.2449951171875,602.9674835205078,604.4600219726562
P23,7.5,8.5,114,604.1799926757812,602.6950073242188,604.7349853515625
P23,7.5,9.5,142,604.5999755859375,602.760009765625,604.780029296875
P23,7.5,10.5,119,603.5599975585938,602.8049926757812,604.6500244140625
P23,7.5,11.5,131,602.8099975585938,602.7349853515625,603.0150146484375
P23,7.5,12.5,151,603.02001953125,602.9099731445312,603.60498046875
P23,7.5,13.5,140,603.1699829101562,603.0275268554688,603.4249877929688
P23,7.5,14.5,131,603.27001953125,603.1199951171875,603.469970703125
P23,7.5,15.5,142,603.2949829101562,603.072509765625,603.530029296875
P23,7.5,16.5,105,603.2999877929688,603.22998046875,603.3800048828125
P23,7.5,17.5,96,603.25,603.177490234375,603.3099975585938
P23,7.5,18.5,90,603.3900146484375,603.2150115966797,603.4375
P23,7.5,19.5,87,603.2999877929688,602.2049865722656,603.4500122070312
P23,7.5,20.5,118,602.9749755859375,601.9824829101562,603.177490234375
P23,7.5,21.5,104,602.52001953125,601.6199951171875,602.8874969482422
P23,7.5,22.5,113,602.3800048828125,602.02001953125,603.1699829101562
P23,7.5,23.5,108,602.39501953125,602.3074951171875,603.1599731445312
P23,7.5,24.5,154,601.9849853515625,601.33251953125,603.0474853515625
P23,7.5,25.5,232,601.9500122070312,601.0275268554688,603.1500244140625
P23,7.5,26.5,211,601.739990234375,600.885009765625,603.510009765625
P23,7.5,27.5,185,601.77001953125,600.97998046875,603.510009765625
P23,7.5,28.5,145,602.0599975585938,601.3499755859375,603.5999755859375
P23,7.5,29.5,136,601.5799560546875,601.0050048828125,602.6124725341797
P23,7.5,30.5,201,601.75,600.9400024414062,603.3200073242188
P23,7.5,31.5,217,603.0800170898438,601.22998046875,603.6300048828125
P23,7.5,32.5,205,602.9400024414062,602.4500122070312,603.25
P23,7.5,33.5,175,603.0599975585938,602.9149780273438,603.1649780273438
P23,7.5,34.5,74,603.1400146484375,603.02001953125,603.2100219726562
P23,7.5,35.5,31,603.3499755859375,602.9249877929688,603.739990234375
P23,7.5,36.5,20,603.9400024414062,603.8549957275391,604.0474853515625
P23,7.5,37.5,4,602.8399658203125,602.1174926757812,603.6324920654297
P23,7.5,38.5,0,,,
P23,7.5,39.5,0,,,
P23,7.5,40.5,3,603.75,603.6900024414062,603.7550048828125
P23,7.5,41.5,10,603.3099975585938,603.1849975585938,603.4099731445312
P23,7.5,42.5,68,602.9450073242188,601.3699951171875,603.08251953125
P23,7.5,43.5,134,601.3800048828125,601.2224731445312,602.4800109863281
P23,7.5,44.5,157,601.2999877929688,601.0900268554688,601.47998046875
P23,7.5,45.5,139,601.4400024414062,601.2449951171875,601.52001953125
P23,7.5,46.5,85,601.25,601.1799926757812,601.3099975585938
P23,7.5,47.5,113,601.3599853515625,601.239990234375,601.4400024414062
P23,7.5,48.5,124,601.52001953125,601.469970703125,601.7025146484375
P23,7.5,49.5,145,601.77001953125,601.52001953125,601.8699951171875
P23,7.5,50.5,104,601.7449951171875,601.6275024414062,601.8599853515625
P23,7.5,51.5,99,601.6799926757812,601.5399780273438,601.7899780273438
P23,7.5,52.5,139,601.7000122070312,601.5650024414062,601.9649963378906
P23,7.5,53.5,209,601.72998046875,601.6300048828125,602.0900268554688
P23,7.5,54.5,181,601.7000122070312,601.6199951171875,602.0599975585938
P23,7.5,55.5,228,602.010009765625,601.6475219726562,602.2650146484375
P23,7.5,56.5,262,601.9500122070312,601.719970703125,602.1300048828125
P23,7.5,57.5,214,601.8900146484375,601.8099975585938,602.0574951171875
P23,7.5,58.5,222,601.9199829101562,601.7999877929688,602.0900268554688
P23,7.5,59.5,249,601.8400268554688,601.72998046875,601.9400024414062
P23,7.5,60.5,269,601.8099975585938,601.72998046875,601.8900146484375
P23,7.5,61.5,266,601.9299926757812,601.8099975585938,602.0800170898438
P23,7.5,62.5,193,602.1199951171875,601.9199829101562,602.280029296875
P23,7.5,63.5,165,602.0700073242188,601.969970703125,602.1400146484375
P23,7.5,64.5,158,602.0,601.8900146484375,602.1300048828125
P23,7.5,65.5,161,602.1599731445312,602.0,602.280029296875
P23,7.5,66.5,128,602.1500244140625,602.0800170898438,602.239990234375
P23,7.5,67.5,80,602.135009765625,602.0599975585938,602.2625122070312
P23,7.5,68.5,82,602.3250122070312,602.1724853515625,602.6125030517578
P23,7.5,69.5,53,602.4400024414062,602.280029296875,602.6300048828125
P23,7.5,70.5,11,602.5499877929688,602.469970703125,602.6950073242188
P23,7.5,71.5,23,602.8099975585938,602.6950073242188,603.22998046875
P23,7.5,72.5,14,602.760009765625,602.6624755859375,602.8700103759766
P23,7.5,73.5,4,602.7950439453125,602.7474975585938,602.8850250244141
P23,7.5,74.5,1,,,
P23,7.5,75.5,0,,,
P23,7.5,76.5,0,,,
P23,7.5,77.5,0,,,
P23,7.5,78.5,0,,,
P23,7.5,79.5,0,,,
P23,7.5,80.5,0,,,
P23,7.5,81.5,0,,,
P23,7.5,82.5,0,,,
P23,7.5,83.5,0,,,
P23,7.5,84.5,0,,,
P23,7.5,85.5,0,,,
P23,7.5,86.5,3,608.739990234375,608.3999938964844,608.7649841308594
P23,7.5,87.5,10,608.8299560546875,608.7725219726562,608.8975219726562
P23,7.5,88.5,26,606.989990234375,606.8475189208984,608.7249908447266
P23,7.5,89.5,19,607.010009765625,606.9700012207031,607.114990234375
P23,7.5,90.5,48,607.3900146484375,607.3200073242188,607.4625091552734
P23,7.5,91.5,110,607.510009765625,607.3624877929688,607.6275024414062
P23,7.5,92.5,152,607.4949951171875,606.95751953125,607.7750091552734
P23,7.5,93.5,154,607.3200073242188,606.79248046875,607.989990234375
P23,7.5,94.5,138,607.385009765625,607.0900268554688,608.1074829101562
P23,7.5,95.5,102,607.2949829101562,607.0950164794922,607.5449981689453
P23,7.5,96.5,99,607.760009765625,607.60498046875,607.8900146484375
P23,7.5,97.5,120,607.875,607.75,608.2650146484375
P23,7.5,98.5,155,608.1500244140625,608.02001953125,608.4550170898438
P23,7.5,99.5,204,608.594970703125,608.4000244140625,608.9724884033203
P23,7.5,100.5,264,608.969970703125,608.7999877929688,609.3125
P23,7.5,101.5,282,609.1400146484375,608.969970703125,609.6400146484375
P23,7.5,102.5,279,609.4500122070312,609.1649780273438,610.1199951171875
P23,7.5,103.5,292,609.5700073242188,609.0275268554688,610.04248046875
P23,7.5,104.5,321,609.6199951171875,609.0399780273438,610.239990234375
P23,7.5,105.5,225,609.8800048828125,609.0800170898438,610.6099853515625
P23,7.5,106.5,191,610.1900024414062,608.9450073242188,610.989990234375
P23,7.5,107.5,158,610.8800048828125,610.2025146484375,611.0875244140625
P23,7.5,108.5,143,611.0999755859375,610.5050048828125,611.2750244140625
P23,7.5,109.5,104,611.6099853515625,611.4949951171875,611.739990234375
P23,7.5,110.5,117,612.0999755859375,611.9000244140625,612.27001953125
P23,7.5,111.5,101,612.5499877929688,612.4099731445312,612.7100219726562
P23,7.5,112.5,93,612.989990234375,612.8099975585938,613.1900024414062
P23,7.5,113.5,45,613.4199829101562,613.239990234375,613.510009765625
P23,7.5,114.5,23,611.1799926757812,611.0299987792969,613.8450012207031
P23,7.5,115.5,51,612.3099975585938,612.2000122070312,612.4199829101562
P23,7.5,116.5,126,613.0050048828125,612.7025146484375,615.0924835205078
P23,7.5,117.5,180,613.1199951171875,612.4249877929688,615.9675140380859
P23,7.5,118.5,229,613.510009765625,612.27001953125,615.52001953125
P23,7.5,119.5,190,613.1749877929688,612.52001953125,614.177490234375
P23,7.5,120.5,148,613.6400146484375,612.947509765625,614.4224853515625
P23,7.5,121.5,19,614.0700073242188,612.97998046875,615.1799926757812
P23,7.5,122.5,43,614.0399780273438,613.9349975585938,614.2200012207031
P23,7.5,123.5,67,614.6900024414062,613.9949951171875,615.0299987792969
P23,7.5,124.5,57,614.3099975585938,614.239990234375,615.510009765625
P23,7.5,125.5,81,615.02001953125,614.5,615.5999755859375
P23,7.5,126.5,97,615.5,614.9199829101562,615.8400268554688
P23,7.5,127.5,94,615.7650146484375,615.6425170898438,615.9349975585938
P23,7.5,128.5,125,615.9600219726562,615.760009765625,616.1199951171875
P23,7.5,129.5,141,616.0399780273438,615.8400268554688,616.1699829101562
P23,7.5,130.5,65,616.219970703125,616.1300048828125,616.52001953125
P23,7.5,131.5,90,616.5999755859375,616.2825164794922,616.7274780273438
P23,7.5,132.5,172,616.6400146484375,616.3800048828125,616.8800048828125
P23,7.5,133.5,217,617.0999755859375,616.4099731445312,617.3400268554688
P23,7.5,134.5,281,617.25,616.5900268554688,617.3400268554688
P23,7.5,135.5,303,617.260009765625,616.8049926757812,617.3699951171875
P23,7.5,136.5,317,617.1699829101562,616.6300048828125,617.3599853515625
P23,7.5,137.5,345,617.239990234375,616.6199951171875,617.3900146484375
P23,7.5,138.5,358,617.1599731445312,616.5999755859375,617.4299926757812
P23,7.5,139.5,298,616.905029296875,616.5499877929688,617.2999877929688
P23,7.5,140.5,293,617.0599975585938,616.5800170898438,617.2999877929688
P23,7.5,141.5,270,617.1400146484375,616.6099853515625,617.2899780273438
P23,7.5,142.5,295,617.0800170898438,616.6199951171875,617.2899780273438
P23,7.5,143.5,298,616.885009765625,616.6099853515625,617.2100219726562
P23,7.5,144.5,274,616.8800048828125,616.5700073242188,617.219970703125
P23,7.5,145.5,260,616.7449951171875,616.5,617.27001953125
P23,7.5,146.5,220,616.6400146484375,616.4299926757812,617.072509765625
P23,7.5,147.5,209,616.52001953125,616.3900146484375,617.0900268554688
P23,7.5,148.5,185,616.4000244140625,616.3599853515625,616.9299926757812
P23,7.5,149.5,163,616.4199829101562,616.3200073242188,616.9400024414062
P23,7.5,150.5,113,616.7100219726562,616.3900146484375,617.0700073242188
P23,7.5,151.5,89,616.3699951171875,616.22998046875,616.6699829101562
P23,7.5,152.5,162,616.3900146484375,616.2899780273438,616.5250244140625
P23,7.5,153.5,142,616.5599975585938,616.489990234375,616.6199951171875
P23,7.5,154.5,146,616.6799926757812,616.6199951171875,616.72998046875
P23,7.5,155.5,204,616.6799926757812,616.6199951171875,616.7100219726562
P23,7.5,156.5,219,616.6300048828125,616.530029296875,616.7000122070312
P23,7.5,157.5,236,616.5999755859375,616.489990234375,616.6799926757812
P23,7.5,158.5,235,616.5499877929688,616.4600219726562,616.625
P23,7.5,159.5,239,616.510009765625,616.4199829101562,616.5800170898438
P23,7.5,160.5,233,616.510009765625,616.3699951171875,616.5900268554688
P23,7.5,161.5,229,616.489990234375,616.3200073242188,616.5800170898438
P23,7.5,162.5,210,616.4600219726562,616.302490234375,616.5499877929688
P23,7.5,163.5,215,616.3900146484375,616.239990234375,616.4749755859375
P23,7.5,164.5,215,616.4000244140625,616.1699829101562,616.6099853515625
P23,7.5,165.5,223,616.4500122070312,616.14501953125,616.5399780273438
P23,7.5,166.5,214,616.405029296875,616.1099853515625,616.489990234375
P23,7.5,167.5,199,616.219970703125,616.1199951171875,616.3599853515625
P23,7.5,168.5,116,616.1400146484375,616.0999755859375,616.22998046875
P23,7.5,169.5,74,616.1400146484375,616.1124877929688,616.1599731445312
P23,7.5,170.5,113,616.239990234375,616.2000122070312,616.2999877929688
P23,7.5,171.5,118,616.3300170898438,616.280029296875,616.3699951171875
P23,7.5,172.5,110,616.3699951171875,616.1849975585938,616.4074859619141
P23,7.5,173.5,90,616.39501953125,616.3599853515625,616.4199829101562
P23,7.5,174.5,118,616.3900146484375,616.3599853515625,616.4099731445312
P23,7.5,175.5,215,616.3400268554688,616.1849975585938,616.3900146484375
P23,7.5,176.5,304,616.3099975585938,616.2274780273438,616.3800048828125
P23,7.5,177.5,314,616.3200073242188,616.25,616.4199829101562
P23,7.5,178.5,305,616.3499755859375,616.260009765625,616.4199829101562
P23,7.5,179.5,311,616.3699951171875,616.27001953125,616.4099731445312
P24,2.5,0.5,0,,,
P24,2.5,1.5,18,599.7149658203125,599.6749877929688,599.7899780273438
P24,2.5,2.5,112,599.875,599.7100219726562,600.1450042724609
P24,2.5,3.5,120,599.989990234375,599.9099731445312,600.1525115966797
P24,2.5,4.5,111,600.1300048828125,599.9450073242188,600.2750244140625
P24,2.5,5.5,108,600.1500244140625,599.8800048828125,600.4099731445312
P24,2.5,6.5,111,600.0800170898438,599.875,600.2949829101562
P24,2.5,7.5,116,599.9149780273438,599.6900024414062,600.1624755859375
P24,2.5,8.5,116,599.885009765625,599.719970703125,600.1024780273438
P24,2.5,9.5,116,599.9249877929688,599.780029296875,600.0700073242188
P24,2.5,10.5,120,599.8699951171875,599.77001953125,600.052490234375
P24,2.5,11.5,107,599.9600219726562,599.7999877929688,600.0499877929688
P24,2.5,12.5,128,599.8699951171875,599.739990234375,600.1024780273438
P24,2.5,13.5,117,600.030029296875,599.8099975585938,600.1599731445312
P24,2.5,14.5,95,600.1199951171875,599.75,600.2100219726562
P24,2.5,15.5,108,600.02001953125,599.8900146484375,600.1624755859375
P24,2.5,16.5,105,600.010009765625,599.9299926757812,600.1599731445312
P24,2.5,17.5,118,600.094970703125,599.9025115966797,600.27001953125
P24,2.5,18.5,118,600.0599975585938,599.9099731445312,600.2449951171875
P24,2.5,19.5,110,600.0700073242188,599.9550018310547,600.2000122070312
P24,2.5,20.5,101,600.0499877929688,599.9099731445312,600.2899780273438
P24,2.5,21.5,103,600.1300048828125,600.010009765625,600.3450012207031
P24,2.5,22.5,86,600.0850219726562,600.02001953125,600.2100219726562
P24,2.5,23.5,103,600.1799926757812,600.0549926757812,600.3099975585938
P24,2.5,24.5,118,600.2949829101562,600.1024780273438,600.3875122070312
P24,2.5,25.5,103,600.2899780273438,600.1599731445312,600.510009765625
P24,2.5,26.5,108,600.4149780273438,600.3400268554688,600.5125122070312
P24,2.5,27.5,100,600.3699951171875,600.3099975585938,600.4299926757812
P24,2.5,28.5,115,600.5399780273438,600.385009765625,600.6300048828125
P24,2.5,29.5,106,600.5900268554688,600.54248046875,600.6300048828125
P24,2.5,30.5,109,600.5999755859375,600.5,600.7000122070312
P24,2.5,31.5,115,600.6599731445312,600.5549926757812,600.85498046875
P24,2.5,32.5,87,600.8499755859375,600.75,600.989990234375
P24,2.5,33.5,94,600.8699951171875,600.7899780273438,601.0175170898438
P24,2.5,34.5,107,600.969970703125,600.8200073242188,601.0449829101562
P24,2.5,35.5,91,600.989990234375,600.9199829101562,601.0499877929688
P24,2.5,36.5,94,601.0800170898438,601.0025024414062,601.197509765625
P24,2.5,37.5,103,601.22998046875,601.1649780273438,601.2850036621094
P24,2.5,38.5,104,601.2750244140625,601.197509765625,601.3300170898438
P24,2.5,39.5,102,601.2850341796875,601.1900024414062,601.3599853515625
P24,2.5,40.5,101,601.3499755859375,601.280029296875,601.3900146484375
P24,2.5,41.5,102,601.4099731445312,601.3624877929688,601.45751953125
P24,2.5,42.5,112,601.4749755859375,601.4299926757812,601.5599975585938
P24,2.5,43.5,112,601.5900268554688,601.4874877929688,601.6400146484375
P24,2.5,44.5,108,601.6500244140625,601.5700073242188,601.7000122070312
P24,2.5,45.5,102,601.635009765625,601.6099853515625,601.6799926757812
P24,2.5,46.5,101,601.6400146484375,601.5999755859375,601.6799926757812
P24,2.5,47.5,102,601.6199951171875,601.5025024414062,601.6599731445312
P24,2.5,48.5,105,601.4500122070312,601.25,601.5999755859375
P24,2.5,49.5,108,601.4649658203125,601.3699951171875,601.5399780273438
P24,2.5,50.5,102,601.625,601.530029296875,601.6799926757812
P24,2.5,51.5,102,601.6400146484375,601.552490234375,601.697509765625
P24,2.5,52.5,105,601.6500244140625,601.5999755859375,601.7000122070312
P24,2.5,53.5,104,601.6849975585938,601.6199951171875,601.7424926757812
P24,2.5,54.5,102,601.7000122070312,601.6500244140625,601.739990234375
P24,2.5,55.5,102,601.6699829101562,601.5800170898438,601.7575073242188
P24,2.5,56.5,103,601.7100219726562,601.6300048828125,601.760009765625
P24,2.5,57.5,102,601.760009765625,601.7125091552734,601.8099975585938
P24,2.5,58.5,103,601.77001953125,601.719970703125,601.8350219726562
P24,2.5,59.5,104,601.8300170898438,601.7974853515625,601.8699951171875
P24,2.5,60.5,102,601.8400268554688,601.77001953125,601.9000244140625
P24,2.5,61.5,105,601.9099731445312,601.8599853515625,601.9500122070312
P24,2.5,62.5,103,601.97998046875,601.9199829101562,602.0399780273438
P24,2.5,63.5,103,601.9500122070312,601.9199829101562,601.97998046875
P24,2.5,64.5,103,601.989990234375,601.9500122070312,602.0549926757812
P24,2.5,65.5,105,602.1199951171875,601.989990234375,602.2000122070312
P24,2.5,66.5,104,602.1900024414062,602.0675048828125,602.22998046875
P24,2.5,67.5,99,602.2999877929688,602.239990234375,602.3499755859375
P24,2.5,68.5,103,602.3900146484375,602.3599853515625,602.4299926757812
P24,2.5,69.5,107,602.4500122070312,602.3900146484375,602.5
P24,2.5,70.5,113,602.4500122070312,602.3499755859375,602.52001953125
P24,2.5,71.5,85,602.6400146484375,602.5499877929688,602.739990234375
P24,2.5,72.5,25,602.7899780273438,602.75,602.8499755859375
P24,2.5,73.5,18,602.9649658203125,602.8425140380859,603.030029296875
P24,2.5,74.5,7,603.3200073242188,603.2300109863281,603.3699951171875
P24,2.5,75.5,0,,,
P24,2.5,76.5,0,,,
P24,2.5,77.5,0,,,
P24,2.5,78.5,20,604.60498046875,604.5700073242188,604.7025146484375
P24,2.5,79.5,80,604.64501953125,604.5574951171875,604.739990234375
P24,2.5,80.5,111,604.6500244140625,604.5599975585938,604.7750244140625
P24,2.5,81.5,107,604.5599975585938,604.52001953125,604.6600036621094
P24,2.5,82.5,102,604.5549926757812,604.469970703125,604.7174835205078
P24,2.5,83.5,130,604.8049926757812,604.6500244140625,604.9674835205078
P24,2.5,84.5,105,605.0,604.7899780273438,605.0999755859375
P24,2.5,85.5,117,605.0700073242188,604.9400024414062,605.1799926757812
P24,2.5,86.5,119,605.22998046875,605.1199951171875,605.3200073242188
P24,2.5,87.5,127,605.4500122070312,605.3200073242188,605.6099853515625
P24,2.5,88.5,124,605.5350341796875,605.3074951171875,605.7825164794922
P24,2.5,89.5,130,605.7449951171875,605.52001953125,605.9000244140625
P24,2.5,90.5,110,605.7149658203125,605.5800170898438,605.927490234375
P24,2.5,91.5,113,605.5900268554688,605.469970703125,606.1599731445312
P24,2.5,92.5,133,606.0700073242188,605.72998046875,606.6699829101562
P24,2.5,93.5,125,606.2899780273438,605.9500122070312,606.5800170898438
P24,2.5,94.5,127,606.1500244140625,605.89501953125,606.4849853515625
P24,2.5,95.5,119,606.1099853515625,605.7949829101562,606.375
P24,2.5,96.5,119,606.3300170898438,605.7850036621094,606.47998046875
P24,2.5,97.5,118,606.4949951171875,606.0850067138672,606.6799926757812
P24,2.5,98.5,116,606.635009765625,606.260009765625,606.822509765625
P24,2.5,99.5,118,606.6099853515625,606.3975067138672,606.95751953125
P24,2.5,100.5,111,606.6799926757812,606.5449829101562,607.0950012207031
P24,2.5,101.5,100,606.7349853515625,606.5499877929688,607.1624755859375
P24,2.5,102.5,85,606.9600219726562,606.77001953125,607.3599853515625
P24,2.5,103.5,79,607.3699951171875,607.0800170898438,608.0999755859375
P24,2.5,104.5,66,607.4349975585938,607.1550140380859,607.8074951171875
P24,2.5,105.5,21,608.1099853515625,607.8300170898438,609.1699829101562
P24,2.5,106.5,48,608.6849975585938,608.2550048828125,609.35498046875
P24,2.5,107.5,50,608.3049926757812,608.1124877929688,609.4324951171875
P24,2.5,108.5,58,609.5599975585938,608.135009765625,609.9400024414062
P24,2.5,109.5,43,609.3900146484375,608.9700012207031,610.3099975585938
P24,2.5,110.5,18,610.1749877929688,609.8799896240234,610.3800048828125
P24,2.5,111.5,9,609.8300170898438,609.530029296875,609.8699951171875
P24,2.5,112.5,33,610.1599731445312,609.8599853515625,610.3900146484375
P24,2.5,113.5,103,610.2999877929688,609.875,610.6400146484375
P24,2.5,114.5,42,610.9450073242188,610.5249938964844,611.1624908447266
P24,2.5,115.5,48,611.4099731445312,611.3699951171875,611.5900268554688
P24,2.5,116.5,98,611.5549926757812,611.4099731445312,611.83251953125
P24,2.5,117.5,122,611.5999755859375,611.2974853515625,611.7999877929688
P24,2.5,118.5,127,611.5800170898438,611.114990234375,611.8699951171875
P24,2.5,119.5,119,611.719970703125,611.4249877929688,611.9199829101562
P24,2.5,120.5,138,611.780029296875,611.4299926757812,612.0275268554688
P24,2.5,121.5,142,611.760009765625,611.5,612.2099761962891
P24,2.5,122.5,133,612.3200073242188,612.0900268554688,612.4500122070312
P24,2.5,123.5,107,612.52001953125,612.4299926757812,612.635009765625
P24,2.5,124.5,55,612.7100219726562,612.5899963378906,612.9649963378906
P24,2.5,125.5,62,612.9549560546875,612.54248046875,613.8200073242188
P24,2.5,126.5,53,613.4199829101562,613.0900268554688,613.989990234375
P24,2.5,127.5,112,613.8499755859375,613.52001953125,614.4124755859375
P24,2.5,128.5,124,614.364990234375,613.8674926757812,614.8425140380859
P24,2.5,129.5,103,614.5599975585938,614.0449829101562,615.2050170898438
P24,2.5,130.5,86,614.6599731445312,614.4099731445312,614.9799957275391
P24,2.5,131.5,66,614.7449951171875,614.6699829101562,614.947509765625
P24,2.5,132.5,37,614.9099731445312,614.8200073242188,615.0499877929688
P24,2.5,133.5,59,614.9600219726562,614.9099731445312,615.0700073242188
P24,2.5,134.5,95,615.219970703125,615.0999755859375,615.3099975585938
P24,2.5,135.5,86,615.2949829101562,615.1525115966797,615.3499755859375
P24,2.5,136.5,110,615.3400268554688,615.260009765625,615.4299926757812
P24,2.5,137.5,82,615.5250244140625,615.4124755859375,615.6074829101562
P24,2.5,138.5,39,615.5499877929688,615.510009765625,615.625
P24,2.5,139.5,6,615.3150024414062,615.1900177001953,615.4024963378906
P24,2.5,140.5,0,,,
P24,2.5,141.5,0,,,
P24,2.5,142.5,0,,,
P24,2.5,143.5,0,,,
P24,2.5,144.5,0,,,
P24,2.5,145.5,0,,,
P24,2.5,146.5,0,,,
P24,2.5,147.5,0,,,
P24,2.5,148.5,0,,,
P24,2.5,149.5,6,618.2850341796875,618.2525024414062,618.3549957275391
P24,2.5,150.5,1,,,
P24,2.5,151.5,1,,,
P24,2.5,152.5,5,617.219970703125,617.2100219726562,617.260009765625
P24,2.5,153.5,3,617.2899780273438,617.2749938964844,617.3049926757812
P24,2.5,154.5,0,,,
P24,2.5,155.5,15,616.5800170898438,616.4649963378906,616.6499938964844
P24,2.5,156.5,37,616.4600219726562,616.3200073242188,616.6400146484375
P24,2.5,157.5,76,616.6500244140625,616.427490234375,616.802490234375
P24,2.5,158.5,105,616.47998046875,616.4500122070312,616.5399780273438
P24,2.5,159.5,79,616.4600219726562,616.4000244140625,616.489990234375
P24,2.5,160.5,44,616.4199829101562,616.39501953125,616.4425048828125
P24,2.5,161.5,57,616.4500122070312,616.4299926757812,616.4600219726562
P24,2.5,162.5,90,616.469970703125,616.4500122070312,616.47998046875
P24,2.5,163.5,109,616.489990234375,616.469970703125,616.5
P24,2.5,164.5,113,616.489990234375,616.47998046875,616.510009765625
P24,2.5,165.5,103,616.5,616.489990234375,616.52001953125
P24,2.5,166.5,106,616.52001953125,616.5,616.530029296875
P24,2.5,167.5,101,616.530029296875,616.510009765625,616.5499877929688
P24,2.5,168.5,102,616.5399780273438,616.52001953125,616.5574951171875
P24,2.5,169.5,103,616.5800170898438,616.5599975585938,616.5999755859375
P24,2.5,170.5,101,616.5900268554688,616.5700073242188,616.6099853515625
P24,2.5,171.5,103,616.5999755859375,616.5800170898438,616.6199951171875
P24,2.5,172.5,105,616.6099853515625,616.5900268554688,616.6300048828125
P24,2.5,173.5,100,616.6099853515625,616.5974884033203,616.6199951171875
P24,2.5,174.5,101,616.6199951171875,616.5999755859375,616.6300048828125
P24,2.5,175.5,107,616.5999755859375,616.5900268554688,616.6199951171875
P24,2.5,176.5,100,616.5999755859375,616.5800170898438,616.6099853515625
P24,2.5,177.5,106,616.5999755859375,616.5900268554688,616.6199951171875
P24,2.5,178.5,102,616.6099853515625,616.5999755859375,616.6199951171875
P24,2.5,179.5,67,616.5800170898438,616.5549926757812,616.5900268554688
P24,5.0,0.5,8,601.2149658203125,600.5675048828125,601.2800140380859
P24,5.0,1.5,84,600.5650024414062,599.6049957275391,601.0875091552734
P24,5.0,2.5,221,599.9099731445312,599.6500244140625,600.7999877929688
P24,5.0,3.5,235,600.0,599.7949829101562,600.7200012207031
P24,5.0,4.5,219,600.1300048828125,599.8150024414062,600.7650146484375
P24,5.0,5.5,227,600.1199951171875,599.6599731445312,600.6900024414062
P24,5.0,6.5,244,600.1199951171875,599.8175048828125,600.4425048828125
P24,5.0,7.5,236,599.9199829101562,599.6900024414062,600.6799926757812
P24,5.0,8.5,214,599.9299926757812,599.75,600.6275024414062
P24,5.0,9.5,218,599.9500122070312,599.8599853515625,600.4924926757812
P24,5.0,10.5,231,599.9099731445312,599.760009765625,600.1549987792969
P24,5.0,11.5,229,599.9500122070312,599.6900024414062,600.1699829101562
P24,5.0,12.5,235,599.9000244140625,599.6699829101562,600.1900024414062
P24,5.0,13.5,222,600.030029296875,599.6500244140625,600.2000122070312
P24,5.0,14.5,190,600.1099853515625,599.7000122070312,600.2999877929688
P24,5.0,15.5,212,600.02001953125,599.9000244140625,600.302490234375
P24,5.0,16.5,216,600.02001953125,599.8975219726562,600.3200073242188
P24,5.0,17.5,232,600.125,599.8175048828125,600.29248046875
P24,5.0,18.5,226,600.0599975585938,599.8099975585938,600.3474884033203
P24,5.0,19.5,203,600.0399780273438,599.8800048828125,600.3399963378906
P24,5.0,20.5,195,600.0,599.8699951171875,600.4299926757812
P24,5.0,21.5,200,600.1099853515625,599.89501953125,600.469970703125
P24,5.0,22.5,177,600.0800170898438,599.9299926757812,600.4000244140625
P24,5.0,23.5,209,600.1799926757812,599.9500122070312,600.3699951171875
P24,5.0,24.5,217,600.280029296875,600.030029296875,600.4400024414062
P24,5.0,25.5,209,600.27001953125,600.1400146484375,600.4400024414062
P24,5.0,26.5,215,600.3699951171875,600.3049926757812,600.489990234375
P24,5.0,27.5,215,600.3699951171875,600.2899780273438,600.4500122070312
P24,5.0,28.5,229,600.3499755859375,600.2000122070312,600.5599975585938
P24,5.0,29.5,218,600.510009765625,600.4099731445312,600.5999755859375
P24,5.0,30.5,215,600.5399780273438,600.375,600.6500244140625
P24,5.0,31.5,220,600.6849975585938,600.4074859619141,600.8800048828125
P24,5.0,32.5,189,600.8400268554688,600.5999755859375,601.0499877929688
P24,5.0,33.5,186,600.8499755859375,600.739990234375,601.0900268554688
P24,5.0,34.5,224,600.9249877929688,600.6799926757812,601.0900268554688
P24,5.0,35.5,190,600.97998046875,600.7324829101562,601.0800170898438
P24,5.0,36.5,197,601.0399780273438,600.8800048828125,601.1199951171875
P24,5.0,37.5,207,601.1900024414062,601.0650024414062,601.27001953125
P24,5.0,38.5,208,601.2349853515625,601.0374908447266,601.2999877929688
P24,5.0,39.5,204,601.219970703125,600.9649810791016,601.3200073242188
P24,5.0,40.5,206,601.3300170898438,601.1550140380859,601.3900146484375
P24,5.0,41.5,207,601.3900146484375,601.135009765625,601.4500122070312
P24,5.0,42.5,216,601.4600219726562,601.2050170898438,601.52001953125
P24,5.0,43.5,222,601.47998046875,601.3125,601.6099853515625
P24,5.0,44.5,209,601.5700073242188,601.4199829101562,601.6599731445312
P24,5.0,45.5,208,601.5999755859375,601.47998046875,601.6400146484375
P24,5.0,46.5,205,601.6099853515625,601.52001953125,601.6599731445312
P24,5.0,47.5,205,601.6199951171875,601.469970703125,601.6900024414062
P24,5.0,48.5,206,601.489990234375,601.29248046875,601.6199951171875
P24,5.0,49.5,214,601.4400024414062,601.3400268554688,601.5499877929688
P24,5.0,50.5,207,601.530029296875,601.4349975585938,601.6300048828125
P24,5.0,51.5,206,601.530029296875,601.4500122070312,601.6500244140625
P24,5.0,52.5,214,601.5999755859375,601.489990234375,601.6799926757812
P24,5.0,53.5,204,601.6649780273438,601.5800170898438,601.75
P24,5.0,54.5,205,601.6599731445312,601.5499877929688,601.719970703125
P24,5.0,55.5,204,601.6099853515625,601.4299926757812,601.72998046875
P24,5.0,56.5,202,601.6849975585938,601.4924926757812,601.77001953125
P24,5.0,57.5,200,601.72998046875,601.6199951171875,601.7999877929688
P24,5.0,58.5,206,601.7999877929688,601.719970703125,601.8699951171875
P24,5.0,59.5,208,601.8200073242188,601.77001953125,601.8699951171875
P24,5.0,60.5,202,601.8400268554688,601.75,601.8900146484375
P24,5.0,61.5,215,601.9199829101562,601.7999877929688,601.969970703125
P24,5.0,62.5,208,602.0,601.9199829101562,602.0700073242188
P24,5.0,63.5,211,601.989990234375,601.9400024414062,602.0900268554688
P24,5.0,64.5,202,602.0499877929688,601.97998046875,602.1500244140625
P24,5.0,65.5,206,602.0999755859375,602.010009765625,602.219970703125
P24,5.0,66.5,209,602.1799926757812,602.1099853515625,602.219970703125
P24,5.0,67.5,206,602.2999877929688,602.22998046875,602.3599853515625
P24,5.0,68.5,203,602.4000244140625,602.3599853515625,602.4400024414062
P24,5.0,69.5,211,602.469970703125,602.4149780273438,602.52001953125
P24,5.0,70.5,218,602.510009765625,602.4299926757812,602.6375122070312
P24,5.0,71.5,188,602.72998046875,602.5974884033203,602.83251953125
P24,5.0,72.5,130,602.89501953125,602.77001953125,603.0399780273438
P24,5.0,73.5,110,602.9949951171875,602.8125,603.1174926757812
P24,5.0,74.5,83,603.2899780273438,603.1749877929688,603.4400024414062
P24,5.0,75.5,13,603.9199829101562,603.7999877929688,604.1599731445312
P24,5.0,76.5,10,604.0699462890625,603.8125152587891,604.2049713134766
P24,5.0,77.5,11,604.3900146484375,604.135009765625,604.5350036621094
P24,5.0,78.5,52,604.3350219726562,604.25,604.5999755859375
P24,5.0,79.5,186,604.6300048828125,604.52001953125,604.7575073242188
P24,5.0,80.5,226,604.6749877929688,604.5499877929688,604.780029296875
P24,5.0,81.5,209,604.5999755859375,604.530029296875,604.8099975585938
P24,5.0,82.5,210,604.6699829101562,604.52001953125,604.9074859619141
P24,5.0,83.5,240,604.72998046875,604.530029296875,604.9600219726562
P24,5.0,84.5,209,604.8200073242188,604.47998046875,605.0399780273438
P24,5.0,85.5,212,604.97998046875,604.6475219726562,605.1525115966797
P24,5.0,86.5,207,605.1900024414062,605.0250244140625,605.2999877929688
P24,5.0,87.5,229,605.4500122070312,605.280029296875,605.6099853515625
P24,5.0,88.5,236,605.6500244140625,605.4500122070312,605.9099731445312
P24,5.0,89.5,254,605.8499755859375,605.6500244140625,606.20751953125
P24,5.0,90.5,227,605.9000244140625,605.6599731445312,606.2249755859375
P24,5.0,91.5,237,605.8300170898438,605.5399780273438,606.4000244140625
P24,5.0,92.5,251,606.0900268554688,605.77001953125,606.4749755859375
P24,5.0,93.5,248,606.2949829101562,606.0275268554688,606.5225219726562
P24,5.0,94.5,257,606.1699829101562,606.0,606.4500122070312
P24,5.0,95.5,241,606.1099853515625,605.8099975585938,606.3699951171875
P24,5.0,96.5,208,606.0850219726562,605.739990234375,606.4400024414062
P24,5.0,97.5,207,606.3900146484375,605.7999877929688,606.6500244140625
P24,5.0,98.5,223,606.6099853515625,605.9049987792969,606.8699951171875
P24,5.0,99.5,218,606.5449829101562,606.0925140380859,606.989990234375
P24,5.0,100.5,190,606.5350341796875,606.280029296875,606.9900054931641
P24,5.0,101.5,171,606.5700073242188,606.489990234375,607.0599975585938
P24,5.0,102.5,185,606.9099731445312,606.7100219726562,607.5900268554688
P24,5.0,103.5,190,607.280029296875,607.0325164794922,608.2000122070312
P24,5.0,104.5,171,607.4299926757812,607.260009765625,608.0050048828125
P24,5.0,105.5,127,608.0399780273438,607.7900085449219,609.4299926757812
P24,5.0,106.5,115,608.239990234375,608.0700073242188,609.4349975585938
P24,5.0,107.5,122,608.135009765625,608.0700073242188,609.447509765625
P24,5.0,108.5,118,608.2249755859375,608.02001953125,609.7449951171875
P24,5.0,109.5,87,608.5599975585938,608.385009765625,609.3600158691406
P24,5.0,110.5,39,609.0,608.8049926757812,610.1199951171875
P24,5.0,111.5,73,609.3900146484375,609.1500244140625,609.780029296875
P24,5.0,112.5,105,609.7899780273438,609.4099731445312,610.2000122070312
P24,5.0,113.5,222,610.4600219726562,610.22998046875,610.719970703125
P24,5.0,114.5,108,610.9349975585938,610.6799926757812,611.1024780273438
P24,5.0,115.5,110,611.405029296875,611.2424926757812,611.6125030517578
P24,5.0,116.5,133,611.6300048828125,611.4299926757812,611.8499755859375
P24,5.0,117.5,228,611.60498046875,611.2249908447266,611.8400268554688
P24,5.0,118.5,211,611.7999877929688,611.0650024414062,612.0900268554688
P24,5.0,119.5,212,611.75,611.2874908447266,612.2100219726562
P24,5.0,120.5,222,611.9299926757812,611.5325164794922,612.4500122070312
P24,5.0,121.5,255,611.8699951171875,611.5549926757812,612.5599975585938
P24,5.0,122.5,234,612.3250122070312,612.030029296875,612.5875244140625
P24,5.0,123.5,191,612.5800170898438,612.4400024414062,612.780029296875
P24,5.0,124.5,127,612.969970703125,612.6950073242188,613.39501953125
P24,5.0,125.5,119,613.3099975585938,612.6950073242188,613.8499755859375
P24,5.0,126.5,121,613.7899780273438,613.219970703125,613.989990234375
P24,5.0,127.5,176,613.9149780273438,613.5675048828125,614.2424926757812
P24,5.0,128.5,176,614.2000122070312,613.8800048828125,614.6699829101562
P24,5.0,129.5,149,614.469970703125,614.1199951171875,615.0900268554688
P24,5.0,130.5,150,614.7349853515625,614.4824829101562,615.0974884033203
P24,5.0,131.5,131,614.9199829101562,614.7100219726562,615.135009765625
P24,5.0,132.5,58,615.0549926757812,614.8599853515625,615.4749908447266
P24,5.0,133.5,65,614.969970703125,614.9099731445312,615.1099853515625
P24,5.0,134.5,133,615.2899780273438,615.1300048828125,615.4000244140625
P24,5.0,135.5,138,615.3400268554688,615.239990234375,615.489990234375
P24,5.0,136.5,170,615.4149780273438,615.2999877929688,615.7575073242188
P24,5.0,137.5,144,615.5850219726562,615.4299926757812,616.0049896240234
P24,5.0,138.5,119,615.5700073242188,615.4199829101562,615.9300231933594
P24,5.0,139.5,70,615.594970703125,615.4199829101562,615.9724884033203
P24,5.0,140.5,17,616.02001953125,615.7899780273438,616.3099975585938
P24,5.0,141.5,1,,,
P24,5.0,142.5,1,,,
P24,5.0,143.5,1,,,
P24,5.0,144.5,2,,,
P24,5.0,145.5,21,617.4500122070312,617.3099975585938,617.510009765625
P24,5.0,146.5,39,617.219970703125,617.10498046875,617.3399963378906
P24,5.0,147.5,46,617.3350219726562,617.260009765625,617.4774780273438
P24,5.0,148.5,39,617.3400268554688,617.2449951171875,617.4249877929688
P24,5.0,149.5,53,617.5599975585938,617.4199829101562,617.6599731445312
P24,5.0,150.5,53,617.4299926757812,617.2000122070312,617.52001953125
P24,5.0,151.5,46,617.3499755859375,617.239990234375,617.4674835205078
P24,5.0,152.5,54,617.2899780273438,617.239990234375,617.3275146484375
P24,5.0,153.5,40,617.3200073242188,617.2750244140625,617.4625091552734
P24,5.0,154.5,18,616.5700073242188,616.4824829101562,616.875
P24,5.0,155.5,83,616.510009765625,616.35498046875,617.2250061035156
P24,5.0,156.5,114,616.364990234375,616.280029296875,616.8900146484375
P24,5.0,157.5,148,616.5050048828125,616.3099975585938,616.739990234375
P24,5.0,158.5,187,616.47998046875,616.4400024414062,616.5449829101562
P24,5.0,159.5,153,616.469970703125,616.4099731445312,616.510009765625
P24,5.0,160.5,147,616.4500122070312,616.4199829101562,616.489990234375
P24,5.0,161.5,136,616.4500122070312,616.4299926757812,616.469970703125
P24,5.0,162.5,144,616.469970703125,616.4500122070312,616.489990234375
P24,5.0,163.5,199,616.489990234375,616.469970703125,616.510009765625
P24,5.0,164.5,221,616.5,616.47998046875,616.510009765625
P24,5.0,165.5,210,616.5,616.489990234375,616.52001953125
P24,5.0,166.5,209,616.52001953125,616.5,616.530029296875
P24,5.0,167.5,203,616.530029296875,616.510009765625,616.5499877929688
P24,5.0,168.5,206,616.5399780273438,616.52001953125,616.5599975585938
P24,5.0,169.5,208,616.5700073242188,616.5399780273438,616.5999755859375
P24,5.0,170.5,210,616.5800170898438,616.5700073242188,616.5999755859375
P24,5.0,171.5,205,616.5900268554688,616.5700073242188,616.5999755859375
P24,5.0,172.5,208,616.5999755859375,616.5800170898438,616.6099853515625
P24,5.0,173.5,205,616.6099853515625,616.5999755859375,616.6300048828125
P24,5.0,174.5,205,616.6099853515625,616.5900268554688,616.6199951171875
P24,5.0,175.5,210,616.5999755859375,616.5800170898438,616.6199951171875
P24,5.0,176.5,202,616.5999755859375,616.5900268554688,616.6199951171875
P24,5.0,177.5,206,616.5900268554688,616.5700073242188,616.6099853515625
P24,5.0,178.5,204,616.5900268554688,616.5599975585938,616.6099853515625
P24,5.0,179.5,172,616.5900268554688,616.5700073242188,616.6400146484375
P24,7.5,0.5,90,599.9199829101562,599.4675140380859,601.6224975585938
P24,7.5,1.5,147,599.5900268554688,599.3300170898438,600.7899780273438
P24,7.5,2.5,291,599.780029296875,599.5999755859375,600.7999877929688
P24,7.5,3.5,315,599.969970703125,599.7100219726562,600.9550170898438
P24,7.5,4.5,315,600.0999755859375,599.7349853515625,600.9700012207031
P24,7.5,5.5,343,600.1099853515625,599.5250244140625,601.02001953125
P24,7.5,6.5,352,600.1099853515625,599.6375122070312,600.8874969482422
P24,7.5,7.5,347,599.9299926757812,599.6900024414062,601.14501953125
P24,7.5,8.5,317,600.02001953125,599.7899780273438,601.0499877929688
P24,7.5,9.5,317,600.010009765625,599.8900146484375,600.8300170898438
P24,7.5,10.5,328,599.9099731445312,599.75,600.2050018310547
P24,7.5,11.5,309,599.9500122070312,599.6599731445312,600.2000122070312
P24,7.5,12.5,323,599.9400024414062,599.6900024414062,600.25
P24,7.5,13.5,300,600.0250244140625,599.72998046875,600.2125091552734
P24,7.5,14.5,308,600.135009765625,599.780029296875,600.530029296875
P24,7.5,15.5,328,600.0599975585938,599.9000244140625,600.54248046875
P24,7.5,16.5,319,600.030029296875,599.8800048828125,600.6500244140625
P24,7.5,17.5,351,600.1400146484375,599.8400268554688,600.4599914550781
P24,7.5,18.5,348,600.10498046875,599.8200073242188,600.4324951171875
P24,7.5,19.5,308,600.0499877929688,599.8599853515625,600.4400024414062
P24,7.5,20.5,300,600.02001953125,599.8699951171875,600.4299926757812
P24,7.5,21.5,304,600.114990234375,599.8800048828125,600.6199951171875
P24,7.5,22.5,281,600.0999755859375,599.969970703125,600.6099853515625
P24,7.5,23.5,315,600.1799926757812,599.97998046875,600.489990234375
P24,7.5,24.5,323,600.280029296875,600.0449829101562,600.469970703125
P24,7.5,25.5,322,600.2550048828125,600.1199951171875,600.41748046875
P24,7.5,26.5,313,600.3499755859375,600.25,600.4400024414062
P24,7.5,27.5,320,600.3699951171875,600.2899780273438,600.4749755859375
P24,7.5,28.5,334,600.3499755859375,600.2000122070312,600.6300048828125
P24,7.5,29.5,323,600.510009765625,600.3800048828125,600.614990234375
P24,7.5,30.5,318,600.5399780273438,600.33251953125,600.6699829101562
P24,7.5,31.5,335,600.6599731445312,600.3450012207031,600.8900146484375
P24,7.5,32.5,294,600.8099975585938,600.5325164794922,601.0599975585938
P24,7.5,33.5,310,600.8150024414062,600.6124877929688,601.0175170898438
P24,7.5,34.5,333,600.760009765625,600.5900268554688,601.010009765625
P24,7.5,35.5,291,600.8800048828125,600.7000122070312,601.0499877929688
P24,7.5,36.5,301,601.0,600.8599853515625,601.0999755859375
P24,7.5,37.5,311,601.1199951171875,600.97998046875,601.239990234375
P24,7.5,38.5,316,601.1699829101562,600.969970703125,601.280029296875
P24,7.5,39.5,304,601.1900024414062,600.9199829101562,601.3099975585938
P24,7.5,40.5,317,601.280029296875,600.8599853515625,601.3800048828125
P24,7.5,41.5,310,601.344970703125,600.9625091552734,601.4299926757812
P24,7.5,42.5,319,601.3800048828125,600.9949951171875,601.47998046875
P24,7.5,43.5,323,601.3599853515625,601.14501953125,601.5599975585938
P24,7.5,44.5,315,601.4099731445312,601.1599731445312,601.6199951171875
P24,7.5,45.5,310,601.47998046875,601.2825164794922,601.6199951171875
P24,7.5,46.5,310,601.5499877929688,601.4199829101562,601.6300048828125
P24,7.5,47.5,296,601.5650024414062,601.4099731445312,601.6624755859375
P24,7.5,48.5,278,601.469970703125,601.2825164794922,601.6099853515625
P24,7.5,49.5,279,601.4299926757812,601.3099975585938,601.5350036621094
P24,7.5,50.5,295,601.52001953125,601.3800048828125,601.6199951171875
P24,7.5,51.5,318,601.489990234375,601.3800048828125,601.6375122070312
P24,7.5,52.5,319,601.5,601.4000244140625,601.6400146484375
P24,7.5,53.5,306,601.6099853515625,601.4224853515625,601.719970703125
P24,7.5,54.5,312,601.6400146484375,601.4774780273438,601.7100219726562
P24,7.5,55.5,310,601.5800170898438,601.3800048828125,601.719970703125
P24,7.5,56.5,304,601.6400146484375,601.4400024414062,601.7899780273438
P24,7.5,57.5,304,601.72998046875,601.5700073242188,601.8499755859375
P24,7.5,58.5,309,601.7999877929688,601.6599731445312,601.9199829101562
P24,7.5,59.5,312,601.8200073242188,601.739990234375,601.9000244140625
P24,7.5,60.5,307,601.8400268554688,601.72998046875,601.9199829101562
P24,7.5,61.5,323,601.9299926757812,601.8099975585938,602.0350036621094
P24,7.5,62.5,321,602.030029296875,601.9199829101562,602.1300048828125
P24,7.5,63.5,315,602.0399780273438,601.9500122070312,602.1300048828125
P24,7.5,64.5,307,602.0599975585938,601.97998046875,602.2000122070312
P24,7.5,65.5,309,602.1099853515625,602.010009765625,602.22998046875
P24,7.5,66.5,312,602.1699829101562,602.0999755859375,602.239990234375
P24,7.5,67.5,292,602.2899780273438,602.1875,602.3599853515625
P24,7.5,68.5,284,602.4000244140625,602.3499755859375,602.4625091552734
P24,7.5,69.5,299,602.510009765625,602.4400024414062,602.6199951171875
P24,7.5,70.5,287,602.5700073242188,602.469970703125,602.72998046875
P24,7.5,71.5,245,602.7999877929688,602.6300048828125,603.0
P24,7.5,72.5,172,603.0,602.8175048828125,603.1724853515625
P24,7.5,73.5,158,603.0999755859375,602.9199829101562,603.3875122070312
P24,7.5,74.5,122,603.3499755859375,603.22998046875,603.5275268554688
P24,7.5,75.5,81,603.6400146484375,603.47998046875,603.7999877929688
P24,7.5,76.5,80,603.5599975585938,603.4749908447266,604.0549774169922
P24,7.5,77.5,86,603.89501953125,603.6974945068359,604.1199951171875
P24,7.5,78.5,139,604.239990234375,603.969970703125,604.5250244140625
P24,7.5,79.5,317,604.52001953125,604.3300170898438,604.6799926757812
P24,7.5,80.5,337,604.6400146484375,604.510009765625,604.77001953125
P24,7.5,81.5,303,604.719970703125,604.5449829101562,604.9099731445312
P24,7.5,82.5,318,604.7100219726562,604.5700073242188,604.8674926757812
P24,7.5,83.5,358,604.7349853515625,604.552490234375,604.95751953125
P24,7.5,84.5,334,604.8699951171875,604.6199951171875,605.0875244140625
P24,7.5,85.5,328,605.0650024414062,604.8300170898438,605.280029296875
P24,7.5,86.5,329,605.2999877929688,605.1300048828125,605.5900268554688
P24,7.5,87.5,331,605.4600219726562,605.3400268554688,605.7149963378906
P24,7.5,88.5,345,605.6500244140625,605.4500122070312,606.2999877929688
P24,7.5,89.5,368,605.85498046875,605.5974884033203,606.3499755859375
P24,7.5,90.5,346,605.9099731445312,605.6400146484375,606.4924926757812
P24,7.5,91.5,368,605.8699951171875,605.6300048828125,606.6199951171875
P24,7.5,92.5,359,606.0900268554688,605.6699829101562,606.5399780273438
P24,7.5,93.5,380,606.3150024414062,605.9000244140625,606.5925140380859
P24,7.5,94.5,344,606.1300048828125,605.9000244140625,606.489990234375
P24,7.5,95.5,317,606.0800170898438,605.8300170898438,606.3300170898438
P24,7.5,96.5,286,606.2000122070312,605.8200073242188,606.4774780273438
P24,7.5,97.5,339,606.3699951171875,605.885009765625,606.6900024414062
P24,7.5,98.5,352,606.4000244140625,605.8599853515625,606.77001953125
P24,7.5,99.5,339,606.5,605.7950134277344,606.8699951171875
P24,7.5,100.5,286,606.3599853515625,605.9099731445312,606.8574829101562
P24,7.5,101.5,259,606.530029296875,606.3049926757812,606.97998046875
P24,7.5,102.5,274,606.8400268554688,606.5800170898438,607.8549957275391
P24,7.5,103.5,274,607.1400146484375,606.8825073242188,608.2324981689453
P24,7.5,104.5,283,607.3499755859375,607.0399780273438,608.0950012207031
P24,7.5,105.5,226,607.8800048828125,607.4600219726562,609.4099731445312
P24,7.5,106.5,184,608.0750122070312,607.8275146484375,609.1824798583984
P24,7.5,107.5,175,608.0999755859375,608.010009765625,608.3799743652344
P24,7.5,108.5,137,608.4099731445312,608.0399780273438,609.5599975585938
P24,7.5,109.5,106,608.5999755859375,608.4324951171875,609.1699981689453
P24,7.5,110.5,66,609.010009765625,608.885009765625,609.8299865722656
P24,7.5,111.5,86,609.4450073242188,609.1699829101562,609.7874908447266
P24,7.5,112.5,116,609.8399658203125,609.4425048828125,610.1425170898438
P24,7.5,113.5,274,610.4450073242188,610.2224731445312,610.7675170898438
P24,7.5,114.5,163,610.9600219726562,610.6300048828125,611.3350219726562
P24,7.5,115.5,142,611.4000244140625,611.1325073242188,611.6500244140625
P24,7.5,116.5,163,611.6500244140625,611.4099731445312,611.85498046875
P24,7.5,117.5,288,611.77001953125,611.3674926757812,611.989990234375
P24,7.5,118.5,277,612.010009765625,611.1699829101562,612.25
P24,7.5,119.5,272,611.97998046875,611.41748046875,612.3900146484375
P24,7.5,120.5,287,612.27001953125,611.6500244140625,612.739990234375
P24,7.5,121.5,327,612.25,611.614990234375,612.7550048828125
P24,7.5,122.5,296,612.4099731445312,612.0800170898438,612.9324951171875
P24,7.5,123.5,235,612.6599731445312,612.47998046875,613.0449829101562
P24,7.5,124.5,185,613.25,612.8300170898438,613.6799926757812
P24,7.5,125.5,148,613.7100219726562,612.8300170898438,613.9749755859375
P24,7.5,126.5,150,613.885009765625,613.35498046875,614.0499877929688
P24,7.5,127.5,216,613.8499755859375,613.6099853515625,614.1199951171875
P24,7.5,128.5,207,614.1599731445312,613.8499755859375,614.5950012207031
P24,7.5,129.5,159,614.469970703125,614.1500244140625,615.030029296875
P24,7.5,130.5,152,614.739990234375,614.4874877929688,615.0999755859375
P24,7.5,131.5,135,614.9199829101562,614.7149963378906,615.1749877929688
P24,7.5,132.5,68,615.135009765625,614.8775024414062,616.375
P24,7.5,133.5,65,614.969970703125,614.9099731445312,615.1099853515625
P24,7.5,134.5,140,615.2999877929688,615.1400146484375,615.4099731445312
P24,7.5,135.5,150,615.3499755859375,615.260009765625,615.5675048828125
P24,7.5,136.5,192,615.4600219726562,615.3200073242188,615.9000244140625
P24,7.5,137.5,195,615.6500244140625,615.489990234375,616.2100219726562
P24,7.5,138.5,189,616.0999755859375,615.52001953125,616.47998046875
P24,7.5,139.5,104,615.9649658203125,615.5075073242188,616.572509765625
P24,7.5,140.5,67,616.9000244140625,616.5550231933594,617.0399780273438
P24,7.5,141.5,47,616.9500122070312,616.8450012207031,617.0750122070312
P24,7.5,142.5,46,617.0650024414062,616.9124755859375,617.2474975585938
P24,7.5,143.5,35,617.3900146484375,617.1400146484375,617.4649963378906
P24,7.5,144.5,53,617.4600219726562,617.3699951171875,617.530029296875
P24,7.5,145.5,81,617.3300170898438,617.239990234375,617.47998046875
P24,7.5,146.5,93,617.3099975585938,617.2000122070312,617.4000244140625
P24,7.5,147.5,103,617.3499755859375,617.2750244140625,617.489990234375
P24,7.5,148.5,97,617.3900146484375,617.3099975585938,617.489990234375
P24,7.5,149.5,109,617.260009765625,617.1099853515625,617.5599975585938
P24,7.5,150.5,117,617.219970703125,617.0499877929688,617.469970703125
P24,7.5,151.5,116,617.4149780273438,617.2349853515625,617.6024780273438
P24,7.5,152.5,106,617.3400268554688,617.27001953125,617.4074859619141
P24,7.5,153.5,77,617.3200073242188,617.280029296875,617.3699951171875
P24,7.5,154.5,106,616.5700073242188,616.302490234375,617.3200073242188
P24,7.5,155.5,165,616.4500122070312,616.280029296875,617.2899780273438
P24,7.5,156.5,213,616.3699951171875,616.2899780273438,617.1699829101562
P24,7.5,157.5,229,616.5800170898438,616.3099975585938,616.8200073242188
P24,7.5,158.5,263,616.47998046875,616.4199829101562,616.5900268554688
P24,7.5,159.5,246,616.469970703125,616.4099731445312,616.530029296875
P24,7.5,160.5,256,616.4600219726562,616.4299926757812,616.5999755859375
P24,7.5,161.5,244,616.469970703125,616.4500122070312,616.5
P24,7.5,162.5,232,616.47998046875,616.45751953125,616.5
P24,7.5,163.5,253,616.5,616.47998046875,616.510009765625
P24,7.5,164.5,298,616.5,616.47998046875,616.52001953125
P24,7.5,165.5,315,616.510009765625,616.489990234375,616.52001953125
P24,7.5,166.5,313,616.52001953125,616.5,616.5399780273438
P24,7.5,167.5,307,616.530029296875,616.510009765625,616.5499877929688
P24,7.5,168.5,311,616.5399780273438,616.52001953125,616.5700073242188
P24,7.5,169.5,305,616.5700073242188,616.5399780273438,616.5900268554688
P24,7.5,170.5,314,616.5800170898438,616.5599975585938,616.5999755859375
P24,7.5,171.5,309,616.5900268554688,616.5599975585938,616.5999755859375
P24,7.5,172.5,310,616.5900268554688,616.5700073242188,616.6099853515625
P24,7.5,173.5,309,616.5999755859375,616.5800170898438,616.6199951171875
P24,7.5,174.5,307,616.5999755859375,616.5900268554688,616.6199951171875
P24,7.5,175.5,312,616.5999755859375,616.5800170898438,616.6199951171875
P24,7.5,176.5,306,616.594970703125,616.5800170898438,616.6099853515625
P24,7.5,177.5,308,616.5800170898438,616.5599975585938,616.5999755859375
P24,7.5,178.5,316,616.5800170898438,616.5499877929688,616.6099853515625
P24,7.5,179.5,281,616.5999755859375,616.5700073242188,616.8699951171875
P25,2.5,0.5,108,599.4500122070312,599.3800048828125,599.4924926757812
P25,2.5,1.5,104,599.6500244140625,599.5900268554688,599.7000122070312
P25,2.5,2.5,116,599.52001953125,599.4299926757812,599.6624755859375
P25,2.5,3.5,104,599.1699829101562,599.0875244140625,599.2625122070312
P25,2.5,4.5,136,599.4949951171875,599.27001953125,599.6900024414062
P25,2.5,5.5,120,599.6500244140625,599.5374908447266,599.7725219726562
P25,2.5,6.5,105,599.739990234375,599.6599731445312,599.8499755859375
P25,2.5,7.5,110,599.8049926757812,599.6599731445312,599.9299926757812
P25,2.5,8.5,106,599.8699951171875,599.760009765625,599.9299926757812
P25,2.5,9.5,49,599.77001953125,599.72998046875,599.8400268554688
P25,2.5,10.5,26,599.3350219726562,599.2899780273438,599.4000244140625
P25,2.5,11.5,17,599.3499755859375,599.2999877929688,599.4099731445312
P25,2.5,12.5,10,599.5849609375,599.5375213623047,599.6599884033203
P25,2.5,13.5,0,,,
P25,2.5,14.5,0,,,
P25,2.5,15.5,44,600.6099853515625,600.5349884033203,600.6400146484375
P25,2.5,16.5,15,600.5399780273438,600.39501953125,600.6749877929688
P25,2.5,17.5,0,,,
P25,2.5,18.5,0,,,
P25,2.5,19.5,0,,,
P25,2.5,20.5,0,,,
P25,2.5,21.5,0,,,
P25,2.5,22.5,0,,,
P25,2.5,23.5,0,,,
P25,2.5,24.5,0,,,
P25,2.5,25.5,0,,,
P25,2.5,26.5,0,,,
P25,2.5,27.5,0,,,
P25,2.5,28.5,0,,,
P25,2.5,29.5,0,,,
P25,2.5,30.5,0,,,
P25,2.5,31.5,0,,,
P25,2.5,32.5,0,,,
P25,2.5,33.5,0,,,
P25,2.5,34.5,0,,,
P25,2.5,35.5,0,,,
P25,2.5,36.5,0,,,
P25,2.5,37.5,0,,,
P25,2.5,38.5,0,,,
P25,2.5,39.5,0,,,
P25,2.5,40.5,0,,,
P25,2.5,41.5,0,,,
P25,2.5,42.5,0,,,
P25,2.5,43.5,0,,,
P25,2.5,44.5,0,,,
P25,2.5,45.5,0,,,
P25,2.5,46.5,0,,,
P25,2.5,47.5,0,,,
P25,2.5,48.5,0,,,
P25,2.5,49.5,0,,,
P25,2.5,50.5,0,,,
P25,2.5,51.5,0,,,
P25,2.5,52.5,0,,,
P25,2.5,53.5,0,,,
P25,2.5,54.5,0,,,
P25,2.5,55.5,0,,,
P25,2.5,56.5,0,,,
P25,2.5,57.5,0,,,
P25,2.5,58.5,0,,,
P25,2.5,59.5,0,,,
P25,2.5,60.5,0,,,
P25,2.5,61.5,0,,,
P25,2.5,62.5,0,,,
P25,2.5,63.5,0,,,
P25,2.5,64.5,0,,,
P25,2.5,65.5,0,,,
P25,2.5,66.5,7,602.1599731445312,602.1499938964844,602.2149963378906
P25,2.5,67.5,35,602.4600219726562,602.35498046875,602.5500183105469
P25,2.5,68.5,26,602.4949951171875,602.4025115966797,602.5675201416016
P25,2.5,69.5,33,602.780029296875,602.6699829101562,602.8699951171875
P25,2.5,70.5,2,,,
P25,2.5,71.5,0,,,
P25,2.5,72.5,0,,,
P25,2.5,73.5,0,,,
P25,2.5,74.5,0,,,
P25,2.5,75.5,0,,,
P25,2.5,76.5,0,,,
P25,2.5,77.5,0,,,
P25,2.5,78.5,0,,,
P25,2.5,79.5,0,,,
P25,2.5,80.5,0,,,
P25,2.5,81.5,0,,,
P25,2.5,82.5,0,,,
P25,2.5,83.5,0,,,
P25,2.5,84.5,0,,,
P25,2.5,85.5,0,,,
P25,2.5,86.5,0,,,
P25,2.5,87.5,0,,,
P25,2.5,88.5,0,,,
P25,2.5,89.5,0,,,
P25,2.5,90.5,0,,,
P25,2.5,91.5,0,,,
P25,2.5,92.5,0,,,
P25,2.5,93.5,0,,,
P25,2.5,94.5,0,,,
P25,2.5,95.5,0,,,
P25,2.5,96.5,0,,,
P25,2.5,97.5,0,,,
P25,2.5,98.5,0,,,
P25,2.5,99.5,0,,,
P25,2.5,100.5,0,,,
P25,2.5,101.5,0,,,
P25,2.5,102.5,0,,,
P25,2.5,103.5,0,,,
P25,2.5,104.5,0,,,
P25,2.5,105.5,0,,,
P25,2.5,106.5,0,,,
P25,2.5,107.5,0,,,
P25,2.5,108.5,0,,,
P25,2.5,109.5,0,,,
P25,2.5,110.5,0,,,
P25,2.5,111.5,0,,,
P25,2.5,112.5,0,,,
P25,2.5,113.5,0,,,
P25,2.5,114.5,0,,,
P25,2.5,115.5,0,,,
P25,2.5,116.5,0,,,
P25,2.5,117.5,0,,,
P25,2.5,118.5,0,,,
P25,2.5,119.5,0,,,
P25,2.5,120.5,0,,,
P25,2.5,121.5,0,,,
P25,2.5,122.5,0,,,
P25,2.5,123.5,0,,,
P25,2.5,124.5,0,,,
P25,2.5,125.5,0,,,
P25,2.5,126.5,0,,,
P25,2.5,127.5,0,,,
P25,2.5,128.5,0,,,
P25,2.5,129.5,0,,,
P25,2.5,130.5,0,,,
P25,2.5,131.5,0,,,
P25,2.5,132.5,0,,,
P25,2.5,133.5,0,,,
P25,2.5,134.5,0,,,
P25,2.5,135.5,0,,,
P25,2.5,136.5,0,,,
P25,2.5,137.5,0,,,
P25,2.5,138.5,0,,,
P25,2.5,139.5,0,,,
P25,2.5,140.5,0,,,
P25,2.5,141.5,0,,,
P25,2.5,142.5,0,,,
P25,2.5,143.5,0,,,
P25,2.5,144.5,0,,,
P25,2.5,145.5,0,,,
P25,2.5,146.5,0,,,
P25,2.5,147.5,0,,,
P25,2.5,148.5,1,,,
P25,2.5,149.5,22,616.5549926757812,616.4924926757812,616.625
P25,2.5,150.5,91,616.4299926757812,616.3599853515625,616.5150146484375
P25,2.5,151.5,104,616.3200073242188,616.2575073242188,616.3724975585938
P25,2.5,152.5,104,616.1599731445312,616.0999755859375,616.2224731445312
P25,2.5,153.5,102,616.1799926757812,616.1199951171875,616.219970703125
P25,2.5,154.5,101,616.260009765625,616.22998046875,616.2899780273438
P25,2.5,155.5,107,616.3200073242188,616.2899780273438,616.3400268554688
P25,2.5,156.5,100,616.3300170898438,616.3099975585938,616.3425140380859
P25,2.5,157.5,104,616.3800048828125,616.3574829101562,616.4099731445312
P25,2.5,158.5,103,616.4199829101562,616.4000244140625,616.4400024414062
P25,2.5,159.5,106,616.4199829101562,616.4099731445312,616.4400024414062
P25,2.5,160.5,117,616.4400024414062,616.4199829101562,616.4600219726562
P25,2.5,161.5,104,616.4500122070312,616.4299926757812,616.469970703125
P25,2.5,162.5,107,616.4600219726562,616.4400024414062,616.469970703125
P25,2.5,163.5,100,616.469970703125,616.4600219726562,616.489990234375
P25,2.5,164.5,104,616.510009765625,616.489990234375,616.530029296875
P25,2.5,165.5,105,616.5,616.489990234375,616.52001953125
P25,2.5,166.5,103,616.5,616.47998046875,616.52001953125
P25,2.5,167.5,104,616.489990234375,616.4600219726562,616.510009765625
P25,2.5,168.5,99,616.4600219726562,616.4249877929688,616.5
P25,2.5,169.5,106,616.4600219726562,616.4299926757812,616.489990234375
P25,2.5,170.5,104,616.4649658203125,616.4299926757812,616.5
P25,2.5,171.5,102,616.4600219726562,616.4099731445312,616.489990234375
P25,2.5,172.5,87,616.4400024414062,616.4000244140625,616.469970703125
P25,2.5,173.5,73,616.3699951171875,616.3499755859375,616.4000244140625
P25,2.5,174.5,80,616.4000244140625,616.3699951171875,616.4400024414062
P25,2.5,175.5,98,616.47998046875,616.4400024414062,616.5175170898438
P25,2.5,176.5,101,616.5499877929688,616.5,616.5900268554688
P25,2.5,177.5,98,616.6599731445312,616.5900268554688,616.7274780273438
P25,2.5,178.5,104,616.5999755859375,616.5399780273438,616.7125091552734
P25,2.5,179.5,108,616.6099853515625,616.5675048828125,616.6525115966797
P25,5.0,0.5,230,599.4199829101562,599.2899780273438,599.47998046875
P25,5.0,1.5,224,599.5900268554688,599.4400024414062,599.6699829101562
P25,5.0,2.5,227,599.47998046875,599.4000244140625,599.5599975585938
P25,5.0,3.5,206,599.2100219726562,599.0999755859375,599.3275146484375
P25,5.0,4.5,230,599.3200073242188,599.1099853515625,599.5574951171875
P25,5.0,5.5,217,599.469970703125,599.3200073242188,599.6599731445312
P25,5.0,6.5,208,599.6400146484375,599.469970703125,599.75
P25,5.0,7.5,218,599.6099853515625,599.4600219726562,599.8400268554688
P25,5.0,8.5,221,599.719970703125,599.5499877929688,599.8800048828125
P25,5.0,9.5,153,599.7000122070312,599.5399780273438,599.77001953125
P25,5.0,10.5,114,599.614990234375,599.4324951171875,599.760009765625
P25,5.0,11.5,43,599.5499877929688,599.375,599.7099914550781
P25,5.0,12.5,18,599.6849975585938,599.5774993896484,599.7449951171875
P25,5.0,13.5,0,,,
P25,5.0,14.5,19,599.8400268554688,599.7650146484375,599.8450012207031
P25,5.0,15.5,78,600.4400024414062,600.0175018310547,600.6199951171875
P25,5.0,16.5,39,600.3099975585938,599.89501953125,600.4949951171875
P25,5.0,17.5,1,,,
P25,5.0,18.5,0,,,
P25,5.0,19.5,0,,,
P25,5.0,20.5,0,,,
P25,5.0,21.5,0,,,
P25,5.0,22.5,0,,,
P25,5.0,23.5,0,,,
P25,5.0,24.5,0,,,
P25,5.0,25.5,0,,,
P25,5.0,26.5,0,,,
P25,5.0,27.5,0,,,
P25,5.0,28.5,0,,,
P25,5.0,29.5,0,,,
P25,5.0,30.5,0,,,
P25,5.0,31.5,0,,,
P25,5.0,32.5,0,,,
P25,5.0,33.5,0,,,
P25,5.0,34.5,0,,,
P25,5.0,35.5,0,,,
P25,5.0,36.5,0,,,
P25,5.0,37.5,0,,,
P25,5.0,38.5,0,,,
P25,5.0,39.5,0,,,
P25,5.0,40.5,0,,,
P25,5.0,41.5,0,,,
P25,5.0,42.5,0,,,
P25,5.0,43.5,0,,,
P25,5.0,44.5,0,,,
P25,5.0,45.5,0,,,
P25,5.0,46.5,0,,,
P25,5.0,47.5,0,,,
P25,5.0,48.5,0,,,
P25,5.0,49.5,0,,,
P25,5.0,50.5,0,,,
P25,5.0,51.5,0,,,
P25,5.0,52.5,0,,,
P25,5.0,53.5,0,,,
P25,5.0,54.5,0,,,
P25,5.0,55.5,0,,,
P25,5.0,56.5,0,,,
P25,5.0,57.5,0,,,
P25,5.0,58.5,0,,,
P25,5.0,59.5,0,,,
P25,5.0,60.5,0,,,
P25,5.0,61.5,0,,,
P25,5.0,62.5,0,,,
P25,5.0,63.5,0,,,
P25,5.0,64.5,0,,,
P25,5.0,65.5,3,602.3400268554688,602.3250122070312,602.3450012207031
P25,5.0,66.5,50,602.385009765625,602.2324829101562,602.489990234375
P25,5.0,67.5,92,602.3599853515625,602.280029296875,602.4600219726562
P25,5.0,68.5,81,602.4000244140625,602.3400268554688,602.489990234375
P25,5.0,69.5,87,602.5800170898438,602.4450073242188,602.739990234375
P25,5.0,70.5,61,602.739990234375,602.5900268554688,602.969970703125
P25,5.0,71.5,15,603.280029296875,603.2149963378906,603.3800048828125
P25,5.0,72.5,5,603.4000244140625,603.4000244140625,603.47998046875
P25,5.0,73.5,32,603.4000244140625,603.3050079345703,603.5400238037109
P25,5.0,74.5,42,603.2999877929688,603.2025146484375,603.4500122070312
P25,5.0,75.5,35,603.0700073242188,603.0350036621094,603.1400146484375
P25,5.0,76.5,35,603.1699829101562,603.1199951171875,603.2050170898438
P25,5.0,77.5,31,602.9600219726562,602.9049987792969,603.0849914550781
P25,5.0,78.5,16,603.405029296875,603.2899780273438,603.5450286865234
P25,5.0,79.5,0,,,
P25,5.0,80.5,0,,,
P25,5.0,81.5,0,,,
P25,5.0,82.5,0,,,
P25,5.0,83.5,0,,,
P25,5.0,84.5,0,,,
P25,5.0,85.5,0,,,
P25,5.0,86.5,0,,,
P25,5.0,87.5,0,,,
P25,5.0,88.5,0,,,
P25,5.0,89.5,0,,,
P25,5.0,90.5,0,,,
P25,5.0,91.5,7,605.1900024414062,605.1549987792969,605.3100280761719
P25,5.0,92.5,19,605.22998046875,605.0400085449219,605.2999877929688
P25,5.0,93.5,9,604.7999877929688,604.6699829101562,604.7999877929688
P25,5.0,94.5,0,,,
P25,5.0,95.5,0,,,
P25,5.0,96.5,0,,,
P25,5.0,97.5,0,,,
P25,5.0,98.5,0,,,
P25,5.0,99.5,0,,,
P25,5.0,100.5,0,,,
P25,5.0,101.5,0,,,
P25,5.0,102.5,0,,,
P25,5.0,103.5,0,,,
P25,5.0,104.5,0,,,
P25,5.0,105.5,0,,,
P25,5.0,106.5,0,,,
P25,5.0,107.5,0,,,
P25,5.0,108.5,0,,,
P25,5.0,109.5,0,,,
P25,5.0,110.5,0,,,
P25,5.0,111.5,0,,,
P25,5.0,112.5,0,,,
P25,5.0,113.5,0,,,
P25,5.0,114.5,0,,,
P25,5.0,115.5,0,,,
P25,5.0,116.5,0,,,
P25,5.0,117.5,0,,,
P25,5.0,118.5,0,,,
P25,5.0,119.5,0,,,
P25,5.0,120.5,0,,,
P25,5.0,121.5,0,,,
P25,5.0,122.5,0,,,
P25,5.0,123.5,0,,,
P25,5.0,124.5,0,,,
P25,5.0,125.5,0,,,
P25,5.0,126.5,0,,,
P25,5.0,127.5,0,,,
P25,5.0,128.5,0,,,
P25,5.0,129.5,0,,,
P25,5.0,130.5,0,,,
P25,5.0,131.5,0,,,
P25,5.0,132.5,0,,,
P25,5.0,133.5,0,,,
P25,5.0,134.5,0,,,
P25,5.0,135.5,0,,,
P25,5.0,136.5,0,,,
P25,5.0,137.5,0,,,
P25,5.0,138.5,0,,,
P25,5.0,139.5,0,,,
P25,5.0,140.5,0,,,
P25,5.0,141.5,0,,,
P25,5.0,142.5,0,,,
P25,5.0,143.5,0,,,
P25,5.0,144.5,0,,,
P25,5.0,145.5,0,,,
P25,5.0,146.5,0,,,
P25,5.0,147.5,0,,,
P25,5.0,148.5,19,616.6199951171875,616.5299987792969,616.6600036621094
P25,5.0,149.5,73,616.4600219726562,616.3800048828125,616.5499877929688
P25,5.0,150.5,141,616.3599853515625,616.260009765625,616.469970703125
P25,5.0,151.5,178,616.280029296875,616.1400146484375,616.3674926757812
P25,5.0,152.5,201,616.2000122070312,616.1400146484375,616.25
P25,5.0,153.5,208,616.219970703125,616.1699829101562,616.239990234375
P25,5.0,154.5,202,616.260009765625,616.2025146484375,616.2899780273438
P25,5.0,155.5,210,616.2999877929688,616.27001953125,616.3300170898438
P25,5.0,156.5,202,616.3300170898438,616.3099975585938,616.3400268554688
P25,5.0,157.5,208,616.3699951171875,616.3400268554688,616.3900146484375
P25,5.0,158.5,201,616.4000244140625,616.3699951171875,616.4199829101562
P25,5.0,159.5,220,616.4199829101562,616.3900146484375,616.4400024414062
P25,5.0,160.5,220,616.4400024414062,616.4000244140625,616.4600219726562
P25,5.0,161.5,209,616.4500122070312,616.4099731445312,616.469970703125
P25,5.0,162.5,211,616.4600219726562,616.4349975585938,616.47998046875
P25,5.0,163.5,207,616.47998046875,616.4600219726562,616.5
P25,5.0,164.5,208,616.5,616.47998046875,616.530029296875
P25,5.0,165.5,208,616.5,616.469970703125,616.530029296875
P25,5.0,166.5,203,616.5,616.4450073242188,616.5399780273438
P25,5.0,167.5,209,616.489990234375,616.4199829101562,616.52001953125
P25,5.0,168.5,201,616.4600219726562,616.4099731445312,616.52001953125
P25,5.0,169.5,208,616.4600219726562,616.4000244140625,616.530029296875
P25,5.0,170.5,200,616.469970703125,616.4000244140625,616.52001953125
P25,5.0,171.5,172,616.47998046875,616.4099731445312,616.52001953125
P25,5.0,172.5,176,616.4500122070312,616.3699951171875,616.5
P25,5.0,173.5,175,616.3699951171875,616.3400268554688,616.4500122070312
P25,5.0,174.5,172,616.3900146484375,616.3300170898438,616.4600219726562
P25,5.0,175.5,154,616.4500122070312,616.3499755859375,616.4974975585938
P25,5.0,176.5,179,616.5,616.4600219726562,616.5700073242188
P25,5.0,177.5,206,616.5449829101562,616.489990234375,616.6900024414062
P25,5.0,178.5,208,616.5499877929688,616.52001953125,616.6699829101562
P25,5.0,179.5,245,616.6199951171875,616.5499877929688,616.8300170898438
P25,7.5,0.5,344,599.35498046875,599.2000122070312,599.4600219726562
P25,7.5,1.5,337,599.47998046875,599.2899780273438,599.6300048828125
P25,7.5,2.5,338,599.4299926757812,599.29248046875,599.5275268554688
P25,7.5,3.5,318,599.280029296875,599.1400146484375,599.4099731445312
P25,7.5,4.5,334,599.3499755859375,599.2100219726562,599.5499877929688
P25,7.5,5.5,322,599.4199829101562,599.260009765625,599.6375122070312
P25,7.5,6.5,298,599.5549926757812,599.3825073242188,599.719970703125
P25,7.5,7.5,305,599.5499877929688,599.3900146484375,599.72998046875
P25,7.5,8.5,321,599.6799926757812,599.5,599.8099975585938
P25,7.5,9.5,282,599.6500244140625,599.5025024414062,599.77001953125
P25,7.5,10.5,210,599.6799926757812,599.5,599.8875122070312
P25,7.5,11.5,74,599.739990234375,599.5250091552734,599.9249877929688
P25,7.5,12.5,20,599.7149658203125,599.5924835205078,599.7625122070312
P25,7.5,13.5,1,,,
P25,7.5,14.5,20,599.8400268554688,599.7675170898438,599.8499755859375
P25,7.5,15.5,95,600.3599853515625,600.0549926757812,600.6099853515625
P25,7.5,16.5,85,600.0900268554688,599.9000244140625,600.27001953125
P25,7.5,17.5,16,600.135009765625,600.0700073242188,600.1925048828125
P25,7.5,18.5,0,,,
P25,7.5,19.5,0,,,
P25,7.5,20.5,0,,,
P25,7.5,21.5,0,,,
P25,7.5,22.5,0,,,
P25,7.5,23.5,0,,,
P25,7.5,24.5,0,,,
P25,7.5,25.5,0,,,
P25,7.5,26.5,0,,,
P25,7.5,27.5,0,,,
P25,7.5,28.5,0,,,
P25,7.5,29.5,0,,,
P25,7.5,30.5,0,,,
P25,7.5,31.5,0,,,
P25,7.5,32.5,0,,,
P25,7.5,33.5,0,,,
P25,7.5,34.5,0,,,
P25,7.5,35.5,0,,,
P25,7.5,36.5,0,,,
P25,7.5,37.5,0,,,
P25,7.5,38.5,0,,,
P25,7.5,39.5,0,,,
P25,7.5,40.5,0,,,
P25,7.5,41.5,0,,,
P25,7.5,42.5,0,,,
P25,7.5,43.5,0,,,
P25,7.5,44.5,0,,,
P25,7.5,45.5,0,,,
P25,7.5,46.5,0,,,
P25,7.5,47.5,0,,,
P25,7.5,48.5,0,,,
P25,7.5,49.5,0,,,
P25,7.5,50.5,0,,,
P25,7.5,51.5,0,,,
P25,7.5,52.5,0,,,
P25,7.5,53.5,0,,,
P25,7.5,54.5,0,,,
P25,7.5,55.5,0,,,
P25,7.5,56.5,0,,,
P25,7.5,57.5,0,,,
P25,7.5,58.5,4,602.155029296875,602.1500244140625,602.1624755859375
P25,7.5,59.5,10,602.1199951171875,602.10498046875,602.1400146484375
P25,7.5,60.5,17,602.0800170898438,602.0499877929688,602.0999755859375
P25,7.5,61.5,30,602.1099853515625,601.9474945068359,602.2025146484375
P25,7.5,62.5,43,602.0999755859375,602.0099792480469,602.125
P25,7.5,63.5,50,602.0750122070312,602.0,602.1174926757812
P25,7.5,64.5,46,602.2149658203125,602.1724853515625,602.2974853515625
P25,7.5,65.5,55,602.0700073242188,602.0449829101562,602.1199951171875
P25,7.5,66.5,102,602.25,602.1599731445312,602.3775024414062
P25,7.5,67.5,153,602.3499755859375,602.239990234375,602.4600219726562
P25,7.5,68.5,116,602.4500122070312,602.3674926757812,602.5650024414062
P25,7.5,69.5,134,602.6799926757812,602.5,602.9299926757812
P25,7.5,70.5,119,602.8900146484375,602.7100219726562,602.989990234375
P25,7.5,71.5,74,603.1799926757812,603.0125122070312,603.2974853515625
P25,7.5,72.5,63,603.1900024414062,602.8999938964844,603.4349975585938
P25,7.5,73.5,87,603.1300048828125,603.010009765625,603.375
P25,7.5,74.5,92,603.1599731445312,603.0,603.2825164794922
P25,7.5,75.5,85,603.0599975585938,602.9600219726562,603.1599731445312
P25,7.5,76.5,88,603.135009765625,602.9874877929688,603.239990234375
P25,7.5,77.5,94,603.1400146484375,602.9824829101562,603.3699951171875
P25,7.5,78.5,90,603.719970703125,603.5225219726562,603.8499755859375
P25,7.5,79.5,43,604.0999755859375,603.9550170898438,604.2550048828125
P25,7.5,80.5,25,604.0499877929688,603.969970703125,604.1099853515625
P25,7.5,81.5,32,603.864990234375,603.7374877929688,603.9924926757812
P25,7.5,82.5,35,604.2100219726562,604.0800170898438,604.27001953125
P25,7.5,83.5,26,604.2550048828125,604.1575164794922,604.322509765625
P25,7.5,84.5,25,604.3900146484375,604.280029296875,604.5800170898438
P25,7.5,85.5,10,604.8800048828125,604.8149871826172,604.9024810791016
P25,7.5,86.5,8,605.4450073242188,605.3800048828125,605.4650115966797
P25,7.5,87.5,9,605.2000122070312,605.1199951171875,605.239990234375
P25,7.5,88.5,13,605.469970703125,605.4600219726562,605.5900268554688
P25,7.5,89.5,0,,,
P25,7.5,90.5,0,,,
P25,7.5,91.5,7,605.1900024414062,605.1549987792969,605.3100280761719
P25,7.5,92.5,32,605.0400390625,604.6549835205078,605.2624969482422
P25,7.5,93.5,53,604.780029296875,604.6599731445312,604.8400268554688
P25,7.5,94.5,29,605.2000122070312,605.0499877929688,605.239990234375
P25,7.5,95.5,13,605.4000244140625,605.3699951171875,605.47998046875
P25,7.5,96.5,7,605.7000122070312,605.6900024414062,605.7799987792969
P25,7.5,97.5,10,605.60498046875,605.5700073242188,605.6300048828125
P25,7.5,98.5,8,605.655029296875,605.6300048828125,605.6974945068359
P25,7.5,99.5,0,,,
P25,7.5,100.5,0,,,
P25,7.5,101.5,0,,,
P25,7.5,102.5,0,,,
P25,7.5,103.5,0,,,
P25,7.5,104.5,0,,,
P25,7.5,105.5,0,,,
P25,7.5,106.5,0,,,
P25,7.5,107.5,0,,,
P25,7.5,108.5,0,,,
P25,7.5,109.5,0,,,
P25,7.5,110.5,0,,,
P25,7.5,111.5,0,,,
P25,7.5,112.5,0,,,
P25,7.5,113.5,0,,,
P25,7.5,114.5,0,,,
P25,7.5,115.5,0,,,
P25,7.5,116.5,0,,,
P25,7.5,117.5,0,,,
P25,7.5,118.5,0,,,
P25,7.5,119.5,0,,,
P25,7.5,120.5,0,,,
P25,7.5,121.5,0,,,
P25,7.5,122.5,0,,,
P25,7.5,123.5,0,,,
P25,7.5,124.5,0,,,
P25,7.5,125.5,0,,,
P25,7.5,126.5,0,,,
P25,7.5,127.5,0,,,
P25,7.5,128.5,0,,,
P25,7.5,129.5,0,,,
P25,7.5,130.5,0,,,
P25,7.5,131.5,0,,,
P25,7.5,132.5,0,,,
P25,7.5,133.5,0,,,
P25,7.5,134.5,0,,,
P25,7.5,135.5,0,,,
P25,7.5,136.5,0,,,
P25,7.5,137.5,0,,,
P25,7.5,138.5,0,,,
P25,7.5,139.5,0,,,
P25,7.5,140.5,0,,,
P25,7.5,141.5,0,,,
P25,7.5,142.5,0,,,
P25,7.5,143.5,0,,,
P25,7.5,144.5,0,,,
P25,7.5,145.5,0,,,
P25,7.5,146.5,0,,,
P25,7.5,147.5,35,616.5,616.4199829101562,616.5450134277344
P25,7.5,148.5,70,616.47998046875,616.4500122070312,616.5399780273438
P25,7.5,149.5,126,616.3900146484375,616.2825164794922,616.489990234375
P25,7.5,150.5,194,616.2750244140625,616.1525115966797,616.4199829101562
P25,7.5,151.5,228,616.219970703125,616.1574859619141,616.3400268554688
P25,7.5,152.5,271,616.2100219726562,616.1599731445312,616.260009765625
P25,7.5,153.5,311,616.239990234375,616.2000122070312,616.2899780273438
P25,7.5,154.5,310,616.2750244140625,616.22998046875,616.3099975585938
P25,7.5,155.5,316,616.2899780273438,616.25,616.3200073242188
P25,7.5,156.5,303,616.3200073242188,616.2999877929688,616.3400268554688
P25,7.5,157.5,310,616.3599853515625,616.3300170898438,616.3800048828125
P25,7.5,158.5,310,616.3900146484375,616.3499755859375,616.4099731445312
P25,7.5,159.5,327,616.4099731445312,616.3699951171875,616.4299926757812
P25,7.5,160.5,325,616.4299926757812,616.3800048828125,616.4600219726562
P25,7.5,161.5,318,616.4500122070312,616.4000244140625,616.469970703125
P25,7.5,162.5,316,616.4600219726562,616.4400024414062,616.489990234375
P25,7.5,163.5,309,616.47998046875,616.4600219726562,616.510009765625
P25,7.5,164.5,312,616.5,616.4600219726562,616.530029296875
P25,7.5,165.5,309,616.5,616.4500122070312,616.5399780273438
P25,7.5,166.5,306,616.5,616.4099731445312,616.5499877929688
P25,7.5,167.5,311,616.489990234375,616.4000244140625,616.530029296875
P25,7.5,168.5,305,616.4600219726562,616.3900146484375,616.5399780273438
P25,7.5,169.5,272,616.489990234375,616.4099731445312,616.5499877929688
P25,7.5,170.5,250,616.5,616.4124755859375,616.5399780273438
P25,7.5,171.5,245,616.5,616.4099731445312,616.5499877929688
P25,7.5,172.5,274,616.4500122070312,616.3400268554688,616.52001953125
P25,7.5,173.5,282,616.3699951171875,616.3099975585938,616.5
P25,7.5,174.5,277,616.3900146484375,616.239990234375,616.489990234375
P25,7.5,175.5,236,616.4450073242188,616.219970703125,616.510009765625
P25,7.5,176.5,235,616.47998046875,616.2850036621094,616.5499877929688
P25,7.5,177.5,266,616.5150146484375,616.4025115966797,616.6599731445312
P25,7.5,178.5,314,616.5399780273438,616.489990234375,616.5999755859375
P25,7.5,179.5,350,616.5999755859375,616.552490234375,616.780029296875
P26,2.5,0.5,105,599.030029296875,598.9199829101562,599.2000122070312
P26,2.5,1.5,108,599.2100219726562,599.0675048828125,599.4400024414062
P26,2.5,2.5,103,599.3599853515625,599.2000122070312,599.4450073242188
P26,2.5,3.5,109,599.3900146484375,599.27001953125,599.489990234375
P26,2.5,4.5,104,599.469970703125,599.3900146484375,599.530029296875
P26,2.5,5.5,109,599.6599731445312,599.47998046875,599.72998046875
P26,2.5,6.5,105,599.72998046875,599.530029296875,599.8200073242188
P26,2.5,7.5,125,599.6599731445312,599.510009765625,599.8099975585938
P26,2.5,8.5,114,599.875,599.6824951171875,599.9600219726562
P26,2.5,9.5,103,599.9000244140625,599.780029296875,599.989990234375
P26,2.5,10.5,65,599.8800048828125,599.719970703125,600.0499877929688
P26,2.5,11.5,47,599.75,599.6400146484375,599.9749755859375
P26,2.5,12.5,56,599.9249877929688,599.70751953125,600.1024780273438
P26,2.5,13.5,31,600.0900268554688,600.0499877929688,600.1300048828125
P26,2.5,14.5,4,600.094970703125,600.0700225830078,600.1024780273438
P26,2.5,15.5,0,,,
P26,2.5,16.5,0,,,
P26,2.5,17.5,0,,,
P26,2.5,18.5,0,,,
P26,2.5,19.5,0,,,
P26,2.5,20.5,0,,,
P26,2.5,21.5,0,,,
P26,2.5,22.5,0,,,
P26,2.5,23.5,0,,,
P26,2.5,24.5,0,,,
P26,2.5,25.5,0,,,
P26,2.5,26.5,0,,,
P26,2.5,27.5,0,,,
P26,2.5,28.5,0,,,
P26,2.5,29.5,0,,,
P26,2.5,30.5,0,,,
P26,2.5,31.5,0,,,
P26,2.5,32.5,0,,,
P26,2.5,33.5,0,,,
P26,2.5,34.5,0,,,
P26,2.5,35.5,0,,,
P26,2.5,36.5,0,,,
P26,2.5,37.5,0,,,
P26,2.5,38.5,0,,,
P26,2.5,39.5,0,,,
P26,2.5,40.5,0,,,
P26,2.5,41.5,0,,,
P26,2.5,42.5,0,,,
P26,2.5,43.5,0,,,
P26,2.5,44.5,0,,,
P26,2.5,45.5,0,,,
P26,2.5,46.5,0,,,
P26,2.5,47.5,0,,,
P26,2.5,48.5,0,,,
P26,2.5,49.5,0,,,
P26,2.5,50.5,0,,,
P26,2.5,51.5,0,,,
P26,2.5,52.5,0,,,
P26,2.5,53.5,0,,,
P26,2.5,54.5,0,,,
P26,2.5,55.5,0,,,
P26,2.5,56.5,0,,,
P26,2.5,57.5,0,,,
P26,2.5,58.5,0,,,
P26,2.5,59.5,0,,,
P26,2.5,60.5,0,,,
P26,2.5,61.5,0,,,
P26,2.5,62.5,0,,,
P26,2.5,63.5,0,,,
P26,2.5,64.5,0,,,
P26,2.5,65.5,0,,,
P26,2.5,66.5,0,,,
P26,2.5,67.5,0,,,
P26,2.5,68.5,0,,,
P26,2.5,69.5,0,,,
P26,2.5,70.5,0,,,
P26,2.5,71.5,0,,,
P26,2.5,72.5,0,,,
P26,2.5,73.5,0,,,
P26,2.5,74.5,0,,,
P26,2.5,75.5,0,,,
P26,2.5,76.5,0,,,
P26,2.5,77.5,0,,,
P26,2.5,78.5,0,,,
P26,2.5,79.5,0,,,
P26,2.5,80.5,0,,,
P26,2.5,81.5,0,,,
P26,2.5,82.5,0,,,
P26,2.5,83.5,0,,,
P26,2.5,84.5,0,,,
P26,2.5,85.5,0,,,
P26,2.5,86.5,0,,,
P26,2.5,87.5,0,,,
P26,2.5,88.5,0,,,
P26,2.5,89.5,0,,,
P26,2.5,90.5,0,,,
P26,2.5,91.5,0,,,
P26,2.5,92.5,0,,,
P26,2.5,93.5,0,,,
P26,2.5,94.5,0,,,
P26,2.5,95.5,0,,,
P26,2.5,96.5,0,,,
P26,2.5,97.5,0,,,
P26,2.5,98.5,0,,,
P26,2.5,99.5,0,,,
P26,2.5,100.5,0,,,
P26,2.5,101.5,0,,,
P26,2.5,102.5,0,,,
P26,2.5,103.5,0,,,
P26,2.5,104.5,0,,,
P26,2.5,105.5,0,,,
P26,2.5,106.5,0,,,
P26,2.5,107.5,0,,,
P26,2.5,108.5,0,,,
P26,2.5,109.5,0,,,
P26,2.5,110.5,0,,,
P26,2.5,111.5,0,,,
P26,2.5,112.5,0,,,
P26,2.5,113.5,0,,,
P26,2.5,114.5,0,,,
P26,2.5,115.5,0,,,
P26,2.5,116.5,0,,,
P26,2.5,117.5,0,,,
P26,2.5,118.5,0,,,
P26,2.5,119.5,0,,,
P26,2.5,120.5,0,,,
P26,2.5,121.5,0,,,
P26,2.5,122.5,0,,,
P26,2.5,123.5,0,,,
P26,2.5,124.5,0,,,
P26,2.5,125.5,0,,,
P26,2.5,126.5,0,,,
P26,2.5,127.5,0,,,
P26,2.5,128.5,0,,,
P26,2.5,129.5,0,,,
P26,2.5,130.5,0,,,
P26,2.5,131.5,0,,,
P26,2.5,132.5,0,,,
P26,2.5,133.5,0,,,
P26,2.5,134.5,0,,,
P26,2.5,135.5,0,,,
P26,2.5,136.5,0,,,
P26,2.5,137.5,0,,,
P26,2.5,138.5,0,,,
P26,2.5,139.5,22,615.9649658203125,615.6299743652344,616.0
P26,2.5,140.5,56,615.719970703125,615.6400146484375,615.7825164794922
P26,2.5,141.5,69,615.780029296875,615.7000122070312,615.8599853515625
P26,2.5,142.5,75,616.030029296875,615.97998046875,616.1699829101562
P26,2.5,143.5,97,616.0900268554688,616.030029296875,616.1900024414062
P26,2.5,144.5,107,616.0700073242188,615.9600219726562,616.1649780273438
P26,2.5,145.5,99,616.030029296875,615.9500122070312,616.0900268554688
P26,2.5,146.5,107,616.1099853515625,616.0800170898438,616.1400146484375
P26,2.5,147.5,103,616.1500244140625,616.125,616.1900024414062
P26,2.5,148.5,98,616.14501953125,616.1199951171875,616.1699829101562
P26,2.5,149.5,107,616.1500244140625,616.1300048828125,616.1599731445312
P26,2.5,150.5,102,616.1699829101562,616.1500244140625,616.1799926757812
P26,2.5,151.5,100,616.1649780273438,616.1500244140625,616.1799926757812
P26,2.5,152.5,107,616.1799926757812,616.1599731445312,616.2000122070312
P26,2.5,153.5,102,616.1699829101562,616.1400146484375,616.1900024414062
P26,2.5,154.5,105,616.1699829101562,616.1400146484375,616.1900024414062
P26,2.5,155.5,106,616.1599731445312,616.1300048828125,616.2000122070312
P26,2.5,156.5,114,616.1799926757812,616.1599731445312,616.2000122070312
P26,2.5,157.5,104,616.2100219726562,616.1799926757812,616.2424926757812
P26,2.5,158.5,103,616.2100219726562,616.1699829101562,616.260009765625
P26,2.5,159.5,104,616.1849975585938,616.1599731445312,616.2224731445312
P26,2.5,160.5,102,616.1699829101562,616.1400146484375,616.2274780273438
P26,2.5,161.5,101,616.1400146484375,616.1099853515625,616.2000122070312
P26,2.5,162.5,106,616.1199951171875,616.0900268554688,616.1699829101562
P26,2.5,163.5,103,616.0999755859375,616.0650024414062,616.1300048828125
P26,2.5,164.5,103,616.0599975585938,616.02001953125,616.1199951171875
P26,2.5,165.5,103,616.030029296875,615.9600219726562,616.0900268554688
P26,2.5,166.5,117,616.0800170898438,616.010009765625,616.1599731445312
P26,2.5,167.5,101,616.1599731445312,616.0499877929688,616.239990234375
P26,2.5,168.5,65,616.0599975585938,615.9199829101562,616.219970703125
P26,2.5,169.5,15,616.010009765625,615.7799987792969,616.0549926757812
P26,2.5,170.5,0,,,
P26,2.5,171.5,0,,,
P26,2.5,172.5,0,,,
P26,2.5,173.5,0,,,
P26,2.5,174.5,1,,,
P26,2.5,175.5,19,616.6699829101562,616.5050048828125,616.7900085449219
P26,2.5,176.5,22,617.0449829101562,616.85498046875,617.1375122070312
P26,2.5,177.5,15,616.75,616.6849975585938,616.8150024414062
P26,2.5,178.5,33,616.6199951171875,616.3200073242188,616.719970703125
P26,2.5,179.5,19,616.22998046875,616.1900024414062,616.2950134277344
P26,5.0,0.5,205,599.0700073242188,598.9600219726562,599.2899780273438
P26,5.0,1.5,220,599.280029296875,599.1599731445312,599.4400024414062
P26,5.0,2.5,215,599.4500122070312,599.3200073242188,599.5499877929688
P26,5.0,3.5,232,599.4099731445312,599.16748046875,599.6074829101562
P26,5.0,4.5,227,599.4400024414062,599.0449829101562,599.530029296875
P26,5.0,5.5,221,599.5800170898438,599.3300170898438,599.719970703125
P26,5.0,6.5,208,599.7349853515625,599.5175170898438,599.8499755859375
P26,5.0,7.5,232,599.6699829101562,599.52001953125,599.780029296875
P26,5.0,8.5,237,599.7100219726562,599.52001953125,599.8800048828125
P26,5.0,9.5,221,599.7999877929688,599.6900024414062,599.9299926757812
P26,5.0,10.5,119,599.8099975585938,599.6500244140625,599.989990234375
P26,5.0,11.5,60,599.7050170898438,599.6375122070312,599.9550018310547
P26,5.0,12.5,61,599.9500122070312,599.77001953125,600.1799926757812
P26,5.0,13.5,71,600.760009765625,600.10498046875,600.9100036621094
P26,5.0,14.5,63,601.1799926757812,600.9700012207031,601.3450012207031
P26,5.0,15.5,26,601.3200073242188,601.2100219726562,602.1899871826172
P26,5.0,16.5,7,601.72998046875,601.6400146484375,602.5050048828125
P26,5.0,17.5,0,,,
P26,5.0,18.5,0,,,
P26,5.0,19.5,0,,,
P26,5.0,20.5,0,,,
P26,5.0,21.5,0,,,
P26,5.0,22.5,0,,,
P26,5.0,23.5,0,,,
P26,5.0,24.5,0,,,
P26,5.0,25.5,0,,,
P26,5.0,26.5,0,,,
P26,5.0,27.5,0,,,
P26,5.0,28.5,0,,,
P26,5.0,29.5,0,,,
P26,5.0,30.5,0,,,
P26,5.0,31.5,0,,,
P26,5.0,32.5,0,,,
P26,5.0,33.5,0,,,
P26,5.0,34.5,0,,,
P26,5.0,35.5,0,,,
P26,5.0,36.5,0,,,
P26,5.0,37.5,0,,,
P26,5.0,38.5,0,,,
P26,5.0,39.5,0,,,
P26,5.0,40.5,0,,,
P26,5.0,41.5,0,,,
P26,5.0,42.5,0,,,
P26,5.0,43.5,0,,,
P26,5.0,44.5,0,,,
P26,5.0,45.5,0,,,
P26,5.0,46.5,0,,,
P26,5.0,47.5,0,,,
P26,5.0,48.5,0,,,
P26,5.0,49.5,0,,,
P26,5.0,50.5,0,,,
P26,5.0,51.5,0,,,
P26,5.0,52.5,0,,,
P26,5.0,53.5,0,,,
P26,5.0,54.5,0,,,
P26,5.0,55.5,0,,,
P26,5.0,56.5,0,,,
P26,5.0,57.5,0,,,
P26,5.0,58.5,0,,,
P26,5.0,59.5,0,,,
P26,5.0,60.5,0,,,
P26,5.0,61.5,0,,,
P26,5.0,62.5,0,,,
P26,5.0,63.5,0,,,
P26,5.0,64.5,0,,,
P26,5.0,65.5,0,,,
P26,5.0,66.5,0,,,
P26,5.0,67.5,0,,,
P26,5.0,68.5,0,,,
P26,5.0,69.5,0,,,
P26,5.0,70.5,0,,,
P26,5.0,71.5,0,,,
P26,5.0,72.5,0,,,
P26,5.0,73.5,0,,,
P26,5.0,74.5,0,,,
P26,5.0,75.5,0,,,
P26,5.0,76.5,0,,,
P26,5.0,77.5,0,,,
P26,5.0,78.5,0,,,
P26,5.0,79.5,0,,,
P26,5.0,80.5,0,,,
P26,5.0,81.5,0,,,
P26,5.0,82.5,0,,,
P26,5.0,83.5,0,,,
P26,5.0,84.5,0,,,
P26,5.0,85.5,0,,,
P26,5.0,86.5,0,,,
P26,5.0,87.5,0,,,
P26,5.0,88.5,0,,,
P26,5.0,89.5,0,,,
P26,5.0,90.5,0,,,
P26,5.0,91.5,0,,,
P26,5.0,92.5,0,,,
P26,5.0,93.5,0,,,
P26,5.0,94.5,0,,,
P26,5.0,95.5,0,,,
P26,5.0,96.5,0,,,
P26,5.0,97.5,0,,,
P26,5.0,98.5,0,,,
P26,5.0,99.5,0,,,
P26,5.0,100.5,0,,,
P26,5.0,101.5,0,,,
P26,5.0,102.5,0,,,
P26,5.0,103.5,0,,,
P26,5.0,104.5,0,,,
P26,5.0,105.5,0,,,
P26,5.0,106.5,0,,,
P26,5.0,107.5,0,,,
P26,5.0,108.5,0,,,
P26,5.0,109.5,0,,,
P26,5.0,110.5,0,,,
P26,5.0,111.5,0,,,
P26,5.0,112.5,0,,,
P26,5.0,113.5,0,,,
P26,5.0,114.5,0,,,
P26,5.0,115.5,0,,,
P26,5.0,116.5,0,,,
P26,5.0,117.5,0,,,
P26,5.0,118.5,0,,,
P26,5.0,119.5,0,,,
P26,5.0,120.5,0,,,
P26,5.0,121.5,0,,,
P26,5.0,122.5,0,,,
P26,5.0,123.5,0,,,
P26,5.0,124.5,0,,,
P26,5.0,125.5,0,,,
P26,5.0,126.5,0,,,
P26,5.0,127.5,0,,,
P26,5.0,128.5,0,,,
P26,5.0,129.5,0,,,
P26,5.0,130.5,0,,,
P26,5.0,131.5,0,,,
P26,5.0,132.5,0,,,
P26,5.0,133.5,0,,,
P26,5.0,134.5,0,,,
P26,5.0,135.5,0,,,
P26,5.0,136.5,0,,,
P26,5.0,137.5,0,,,
P26,5.0,138.5,0,,,
P26,5.0,139.5,75,615.6900024414062,615.625,615.8600158691406
P26,5.0,140.5,108,615.719970703125,615.6574859619141,615.7725219726562
P26,5.0,141.5,118,615.8499755859375,615.760009765625,615.9199829101562
P26,5.0,142.5,129,615.969970703125,615.9199829101562,616.0599975585938
P26,5.0,143.5,153,616.030029296875,615.9199829101562,616.1500244140625
P26,5.0,144.5,209,616.0800170898438,616.0,616.219970703125
P26,5.0,145.5,209,616.0800170898438,616.030029296875,616.1300048828125
P26,5.0,146.5,209,616.0999755859375,616.0599975585938,616.1300048828125
P26,5.0,147.5,202,616.1300048828125,616.0900268554688,616.1699829101562
P26,5.0,148.5,207,616.1400146484375,616.0999755859375,616.1799926757812
P26,5.0,149.5,207,616.1500244140625,616.1099853515625,616.1699829101562
P26,5.0,150.5,205,616.1599731445312,616.1400146484375,616.1900024414062
P26,5.0,151.5,207,616.1699829101562,616.135009765625,616.1900024414062
P26,5.0,152.5,206,616.1799926757812,616.1300048828125,616.219970703125
P26,5.0,153.5,207,616.1699829101562,616.0999755859375,616.22998046875
P26,5.0,154.5,210,616.1699829101562,616.1024780273438,616.2100219726562
P26,5.0,155.5,214,616.1799926757812,616.1400146484375,616.2100219726562
P26,5.0,156.5,221,616.1799926757812,616.1500244140625,616.2100219726562
P26,5.0,157.5,211,616.2000122070312,616.1300048828125,616.22998046875
P26,5.0,158.5,207,616.2000122070312,616.1199951171875,616.260009765625
P26,5.0,159.5,204,616.1799926757812,616.1300048828125,616.27001953125
P26,5.0,160.5,207,616.1699829101562,616.0950012207031,616.2650146484375
P26,5.0,161.5,206,616.1400146484375,616.0800170898438,616.27001953125
P26,5.0,162.5,207,616.1199951171875,616.0599975585938,616.2249755859375
P26,5.0,163.5,205,616.0999755859375,616.030029296875,616.2000122070312
P26,5.0,164.5,209,616.0599975585938,615.97998046875,616.1799926757812
P26,5.0,165.5,206,616.0800170898438,616.0,616.1500244140625
P26,5.0,166.5,207,616.0900268554688,616.02001953125,616.1500244140625
P26,5.0,167.5,163,616.1300048828125,616.030029296875,616.2000122070312
P26,5.0,168.5,122,616.2100219726562,616.052490234375,616.3099975585938
P26,5.0,169.5,66,616.3300170898438,616.2075042724609,616.4099731445312
P26,5.0,170.5,50,616.239990234375,616.1925048828125,616.3099975585938
P26,5.0,171.5,35,616.239990234375,616.22998046875,616.2550048828125
P26,5.0,172.5,33,616.2100219726562,616.1900024414062,616.239990234375
P26,5.0,173.5,27,616.1699829101562,616.1500244140625,616.1900024414062
P26,5.0,174.5,33,616.1500244140625,616.1300048828125,616.1699829101562
P26,5.0,175.5,61,616.219970703125,616.1500244140625,616.47998046875
P26,5.0,176.5,54,616.4150390625,616.2000122070312,616.9249877929688
P26,5.0,177.5,63,616.2100219726562,616.1599731445312,616.4800109863281
P26,5.0,178.5,81,616.1599731445312,616.1300048828125,616.52001953125
P26,5.0,179.5,60,616.0850219726562,616.0599975585938,616.1799926757812
P26,7.5,0.5,323,599.27001953125,599.0050048828125,599.4600219726562
P26,7.5,1.5,347,599.3400268554688,599.2100219726562,599.4749755859375
P26,7.5,2.5,356,599.4099731445312,599.2100219726562,599.52001953125
P26,7.5,3.5,361,599.280029296875,599.0700073242188,599.5
P26,7.5,4.5,364,599.4099731445312,599.1574859619141,599.52001953125
P26,7.5,5.5,327,599.6300048828125,599.3800048828125,599.75
P26,7.5,6.5,314,599.7349853515625,599.489990234375,599.8599853515625
P26,7.5,7.5,339,599.6599731445312,599.5050048828125,599.7999877929688
P26,7.5,8.5,363,599.6699829101562,599.52001953125,599.7899780273438
P26,7.5,9.5,297,599.8300170898438,599.719970703125,599.969970703125
P26,7.5,10.5,165,599.9500122070312,599.719970703125,600.1199951171875
P26,7.5,11.5,96,599.9349975585938,599.66748046875,600.0999755859375
P26,7.5,12.5,96,600.0449829101562,599.8699951171875,600.2025146484375
P26,7.5,13.5,137,600.8200073242188,600.3400268554688,601.030029296875
P26,7.5,14.5,82,601.2550048828125,601.0499877929688,601.3900146484375
P26,7.5,15.5,37,601.4600219726562,601.22998046875,601.6799926757812
P26,7.5,16.5,9,601.8699951171875,601.6500244140625,602.6900024414062
P26,7.5,17.5,0,,,
P26,7.5,18.5,0,,,
P26,7.5,19.5,0,,,
P26,7.5,20.5,0,,,
P26,7.5,21.5,0,,,
P26,7.5,22.5,0,,,
P26,7.5,23.5,0,,,
P26,7.5,24.5,0,,,
P26,7.5,25.5,0,,,
P26,7.5,26.5,0,,,
P26,7.5,27.5,0,,,
P26,7.5,28.5,0,,,
P26,7.5,29.5,0,,,
P26,7.5,30.5,0,,,
P26,7.5,31.5,0,,,
P26,7.5,32.5,0,,,
P26,7.5,33.5,0,,,
P26,7.5,34.5,0,,,
P26,7.5,35.5,0,,,
P26,7.5,36.5,0,,,
P26,7.5,37.5,0,,,
P26,7.5,38.5,0,,,
P26,7.5,39.5,0,,,
P26,7.5,40.5,0,,,
P26,7.5,41.5,0,,,
P26,7.5,42.5,0,,,
P26,7.5,43.5,0,,,
P26,7.5,44.5,0,,,
P26,7.5,45.5,0,,,
P26,7.5,46.5,0,,,
P26,7.5,47.5,0,,,
P26,7.5,48.5,0,,,
P26,7.5,49.5,0,,,
P26,7.5,50.5,0,,,
P26,7.5,51.5,0,,,
P26,7.5,52.5,0,,,
P26,7.5,53.5,0,,,
P26,7.5,54.5,0,,,
P26,7.5,55.5,0,,,
P26,7.5,56.5,0,,,
P26,7.5,57.5,0,,,
P26,7.5,58.5,0,,,
P26,7.5,59.5,0,,,
P26,7.5,60.5,0,,,
P26,7.5,61.5,0,,,
P26,7.5,62.5,0,,,
P26,7.5,63.5,0,,,
P26,7.5,64.5,0,,,
P26,7.5,65.5,0,,,
P26,7.5,66.5,0,,,
P26,7.5,67.5,0,,,
P26,7.5,68.5,0,,,
P26,7.5,69.5,0,,,
P26,7.5,70.5,0,,,
P26,7.5,71.5,0,,,
P26,7.5,72.5,0,,,
P26,7.5,73.5,0,,,
P26,7.5,74.5,0,,,
P26,7.5,75.5,0,,,
P26,7.5,76.5,0,,,
P26,7.5,77.5,0,,,
P26,7.5,78.5,0,,,
P26,7.5,79.5,0,,,
P26,7.5,80.5,0,,,
P26,7.5,81.5,0,,,
P26,7.5,82.5,0,,,
P26,7.5,83.5,0,,,
P26,7.5,84.5,0,,,
P26,7.5,85.5,0,,,
P26,7.5,86.5,0,,,
P26,7.5,87.5,0,,,
P26,7.5,88.5,0,,,
P26,7.5,89.5,0,,,
P26,7.5,90.5,0,,,
P26,7.5,91.5,0,,,
P26,7.5,92.5,0,,,
P26,7.5,93.5,0,,,
P26,7.5,94.5,0,,,
P26,7.5,95.5,0,,,
P26,7.5,96.5,0,,,
P26,7.5,97.5,0,,,
P26,7.5,98.5,0,,,
P26,7.5,99.5,0,,,
P26,7.5,100.5,0,,,
P26,7.5,101.5,0,,,
P26,7.5,102.5,0,,,
P26,7.5,103.5,0,,,
P26,7.5,104.5,0,,,
P26,7.5,105.5,0,,,
P26,7.5,106.5,0,,,
P26,7.5,107.5,0,,,
P26,7.5,108.5,0,,,
P26,7.5,109.5,0,,,
P26,7.5,110.5,0,,,
P26,7.5,111.5,0,,,
P26,7.5,112.5,0,,,
P26,7.5,113.5,0,,,
P26,7.5,114.5,0,,,
P26,7.5,115.5,0,,,
P26,7.5,116.5,0,,,
P26,7.5,117.5,0,,,
P26,7.5,118.5,0,,,
P26,7.5,119.5,0,,,
P26,7.5,120.5,0,,,
P26,7.5,121.5,0,,,
P26,7.5,122.5,0,,,
P26,7.5,123.5,0,,,
P26,7.5,124.5,0,,,
P26,7.5,125.5,0,,,
P26,7.5,126.5,0,,,
P26,7.5,127.5,0,,,
P26,7.5,128.5,0,,,
P26,7.5,129.5,0,,,
P26,7.5,130.5,0,,,
P26,7.5,131.5,0,,,
P26,7.5,132.5,0,,,
P26,7.5,133.5,0,,,
P26,7.5,134.5,0,,,
P26,7.5,135.5,0,,,
P26,7.5,136.5,0,,,
P26,7.5,137.5,0,,,
P26,7.5,138.5,45,615.8200073242188,615.77001953125,615.9600219726562
P26,7.5,139.5,126,615.77001953125,615.6500244140625,615.8800048828125
P26,7.5,140.5,161,615.77001953125,615.6900024414062,615.9000244140625
P26,7.5,141.5,169,615.8699951171875,615.780029296875,615.9299926757812
P26,7.5,142.5,181,615.9299926757812,615.8800048828125,616.010009765625
P26,7.5,143.5,202,615.9949951171875,615.9400024414062,616.0974884033203
P26,7.5,144.5,267,616.0399780273438,615.9849853515625,616.2000122070312
P26,7.5,145.5,295,616.0700073242188,616.02001953125,616.2050170898438
P26,7.5,146.5,317,616.0999755859375,616.0499877929688,616.1599731445312
P26,7.5,147.5,308,616.1099853515625,616.0499877929688,616.1699829101562
P26,7.5,148.5,310,616.1199951171875,616.0599975585938,616.1699829101562
P26,7.5,149.5,308,616.14501953125,616.0900268554688,616.1799926757812
P26,7.5,150.5,312,616.1599731445312,616.0875244140625,616.1900024414062
P26,7.5,151.5,311,616.1699829101562,616.0999755859375,616.2000122070312
P26,7.5,152.5,310,616.1799926757812,616.0900268554688,616.239990234375
P26,7.5,153.5,313,616.1699829101562,616.0700073242188,616.25
P26,7.5,154.5,322,616.1649780273438,616.0900268554688,616.239990234375
P26,7.5,155.5,311,616.1799926757812,616.1199951171875,616.22998046875
P26,7.5,156.5,327,616.1799926757812,616.0950012207031,616.239990234375
P26,7.5,157.5,319,616.2000122070312,616.0900268554688,616.25
P26,7.5,158.5,315,616.2100219726562,616.0599975585938,616.27001953125
P26,7.5,159.5,308,616.1799926757812,616.0499877929688,616.2999877929688
P26,7.5,160.5,310,616.1699829101562,616.0399780273438,616.2999877929688
P26,7.5,161.5,309,616.1400146484375,616.030029296875,616.2999877929688
P26,7.5,162.5,309,616.1199951171875,616.02001953125,616.25
P26,7.5,163.5,314,616.0900268554688,615.969970703125,616.22998046875
P26,7.5,164.5,315,616.0599975585938,615.9600219726562,616.2149963378906
P26,7.5,165.5,279,616.0999755859375,616.0,616.219970703125
P26,7.5,166.5,255,616.1199951171875,616.0350036621094,616.2000122070312
P26,7.5,167.5,216,616.155029296875,616.0599975585938,616.219970703125
P26,7.5,168.5,137,616.2100219726562,616.0700073242188,616.2999877929688
P26,7.5,169.5,78,616.2949829101562,616.2025146484375,616.4074859619141
P26,7.5,170.5,60,616.239990234375,616.2000122070312,616.2999877929688
P26,7.5,171.5,42,616.239990234375,616.22998046875,616.27001953125
P26,7.5,172.5,34,616.2149658203125,616.1925048828125,616.239990234375
P26,7.5,173.5,31,616.1699829101562,616.1500244140625,616.1900024414062
P26,7.5,174.5,49,616.1500244140625,616.1300048828125,616.1699829101562
P26,7.5,175.5,84,616.1699829101562,616.1099853515625,616.3350067138672
P26,7.5,176.5,90,616.1799926757812,616.0900268554688,616.6574859619141
P26,7.5,177.5,106,616.1500244140625,616.1099853515625,616.2575073242188
P26,7.5,178.5,133,616.1400146484375,616.1099853515625,616.2000122070312
P26,7.5,179.5,110,616.0999755859375,616.0700073242188,616.2000122070312
P27,2.5,0.5,0,,,
P27,2.5,1.5,2,,,
P27,2.5,2.5,29,599.9099731445312,599.8200073242188,599.9600219726562
P27,2.5,3.5,80,599.9149780273438,599.6875,599.9849853515625
P27,2.5,4.5,83,599.989990234375,599.8599853515625,600.0999755859375
P27,2.5,5.5,75,599.969970703125,599.7449951171875,600.10498046875
P27,2.5,6.5,26,599.97998046875,599.9224853515625,600.0075073242188
P27,2.5,7.5,0,,,
P27,2.5,8.5,0,,,
P27,2.5,9.5,0,,,
P27,2.5,10.5,0,,,
P27,2.5,11.5,0,,,
P27,2.5,12.5,0,,,
P27,2.5,13.5,0,,,
P27,2.5,14.5,0,,,
P27,2.5,15.5,0,,,
P27,2.5,16.5,0,,,
P27,2.5,17.5,0,,,
P27,2.5,18.5,0,,,
P27,2.5,19.5,0,,,
P27,2.5,20.5,0,,,
P27,2.5,21.5,0,,,
P27,2.5,22.5,0,,,
P27,2.5,23.5,0,,,
P27,2.5,24.5,0,,,
P27,2.5,25.5,0,,,
P27,2.5,26.5,0,,,
P27,2.5,27.5,0,,,
P27,2.5,28.5,0,,,
P27,2.5,29.5,0,,,
P27,2.5,30.5,0,,,
P27,2.5,31.5,0,,,
P27,2.5,32.5,0,,,
P27,2.5,33.5,0,,,
P27,2.5,34.5,0,,,
P27,2.5,35.5,0,,,
P27,2.5,36.5,0,,,
P27,2.5,37.5,0,,,
P27,2.5,38.5,0,,,
P27,2.5,39.5,0,,,
P27,2.5,40.5,0,,,
P27,2.5,41.5,0,,,
P27,2.5,42.5,0,,,
P27,2.5,43.5,0,,,
P27,2.5,44.5,0,,,
P27,2.5,45.5,0,,,
P27,2.5,46.5,0,,,
P27,2.5,47.5,0,,,
P27,2.5,48.5,0,,,
P27,2.5,49.5,0,,,
P27,2.5,50.5,0,,,
P27,2.5,51.5,0,,,
P27,2.5,52.5,0,,,
P27,2.5,53.5,0,,,
P27,2.5,54.5,0,,,
P27,2.5,55.5,0,,,
P27,2.5,56.5,0,,,
P27,2.5,57.5,0,,,
P27,2.5,58.5,0,,,
P27,2.5,59.5,0,,,
P27,2.5,60.5,0,,,
P27,2.5,61.5,0,,,
P27,2.5,62.5,0,,,
P27,2.5,63.5,0,,,
P27,2.5,64.5,0,,,
P27,2.5,65.5,0,,,
P27,2.5,66.5,0,,,
P27,2.5,67.5,0,,,
P27,2.5,68.5,0,,,
P27,2.5,69.5,0,,,
P27,2.5,70.5,0,,,
P27,2.5,71.5,0,,,
P27,2.5,72.5,0,,,
P27,2.5,73.5,0,,,
P27,2.5,74.5,0,,,
P27,2.5,75.5,0,,,
P27,2.5,76.5,0,,,
P27,2.5,77.5,0,,,
P27,2.5,78.5,0,,,
P27,2.5,79.5,0,,,
P27,2.5,80.5,0,,,
P27,2.5,81.5,0,,,
P27,2.5,82.5,0,,,
P27,2.5,83.5,0,,,
P27,2.5,84.5,0,,,
P27,2.5,85.5,0,,,
P27,2.5,86.5,0,,,
P27,2.5,87.5,0,,,
P27,2.5,88.5,0,,,
P27,2.5,89.5,0,,,
P27,2.5,90.5,0,,,
P27,2.5,91.5,0,,,
P27,2.5,92.5,0,,,
P27,2.5,93.5,0,,,
P27,2.5,94.5,0,,,
P27,2.5,95.5,0,,,
P27,2.5,96.5,0,,,
P27,2.5,97.5,0,,,
P27,2.5,98.5,0,,,
P27,2.5,99.5,0,,,
P27,2.5,100.5,0,,,
P27,2.5,101.5,0,,,
P27,2.5,102.5,0,,,
P27,2.5,103.5,0,,,
P27,2.5,104.5,0,,,
P27,2.5,105.5,0,,,
P27,2.5,106.5,0,,,
P27,2.5,107.5,0,,,
P27,2.5,108.5,0,,,
P27,2.5,109.5,0,,,
P27,2.5,110.5,0,,,
P27,2.5,111.5,0,,,
P27,2.5,112.5,0,,,
P27,2.5,113.5,0,,,
P27,2.5,114.5,0,,,
P27,2.5,115.5,0,,,
P27,2.5,116.5,0,,,
P27,2.5,117.5,0,,,
P27,2.5,118.5,0,,,
P27,2.5,119.5,0,,,
P27,2.5,120.5,0,,,
P27,2.5,121.5,0,,,
P27,2.5,122.5,0,,,
P27,2.5,123.5,0,,,
P27,2.5,124.5,0,,,
P27,2.5,125.5,0,,,
P27,2.5,126.5,0,,,
P27,2.5,127.5,0,,,
P27,2.5,128.5,0,,,
P27,2.5,129.5,0,,,
P27,2.5,130.5,0,,,
P27,2.5,131.5,0,,,
P27,2.5,132.5,8,616.0599975585938,616.0599975585938,616.1575012207031
P27,2.5,133.5,34,616.25,616.1849975585938,616.2899780273438
P27,2.5,134.5,49,615.989990234375,615.9400024414062,616.0999755859375
P27,2.5,135.5,89,615.9000244140625,615.780029296875,616.02001953125
P27,2.5,136.5,108,615.7449951171875,615.6099853515625,615.8375091552734
P27,2.5,137.5,103,615.72998046875,615.6599731445312,615.77001953125
P27,2.5,138.5,104,615.780029296875,615.72998046875,615.8099975585938
P27,2.5,139.5,102,615.7999877929688,615.780029296875,615.8400268554688
P27,2.5,140.5,101,615.7999877929688,615.77001953125,615.8300170898438
P27,2.5,141.5,107,615.7899780273438,615.77001953125,615.8450012207031
P27,2.5,142.5,104,615.7999877929688,615.77001953125,615.8400268554688
P27,2.5,143.5,100,615.8200073242188,615.77001953125,615.8499755859375
P27,2.5,144.5,108,615.8099975585938,615.77001953125,615.8499755859375
P27,2.5,145.5,98,615.7899780273438,615.760009765625,615.8300170898438
P27,2.5,146.5,99,615.7999877929688,615.77001953125,615.8400268554688
P27,2.5,147.5,81,615.8400268554688,615.8200073242188,615.8599853515625
P27,2.5,148.5,80,615.8699951171875,615.8474884033203,616.0399780273438
P27,2.5,149.5,87,615.8499755859375,615.77001953125,615.9649963378906
P27,2.5,150.5,94,615.780029296875,615.75,615.8699951171875
P27,2.5,151.5,113,615.77001953125,615.72998046875,615.8200073242188
P27,2.5,152.5,106,615.77001953125,615.7324829101562,615.8099975585938
P27,2.5,153.5,104,615.760009765625,615.739990234375,615.7999877929688
P27,2.5,154.5,102,615.760009765625,615.7224731445312,615.7999877929688
P27,2.5,155.5,104,615.77001953125,615.7100219726562,615.7999877929688
P27,2.5,156.5,103,615.739990234375,615.6799926757812,615.7899780273438
P27,2.5,157.5,103,615.7000122070312,615.6599731445312,615.760009765625
P27,2.5,158.5,107,615.6699829101562,615.5750122070312,615.7249755859375
P27,2.5,159.5,100,615.6300048828125,615.5700073242188,615.7000122070312
P27,2.5,160.5,89,615.6699829101562,615.5800170898438,615.75
P27,2.5,161.5,50,615.6900024414062,615.58251953125,615.7775268554688
P27,2.5,162.5,12,615.7550048828125,615.70751953125,615.7825164794922
P27,2.5,163.5,0,,,
P27,2.5,164.5,0,,,
P27,2.5,165.5,0,,,
P27,2.5,166.5,0,,,
P27,2.5,167.5,0,,,
P27,2.5,168.5,0,,,
P27,2.5,169.5,0,,,
P27,2.5,170.5,0,,,
P27,2.5,171.5,0,,,
P27,2.5,172.5,0,,,
P27,2.5,173.5,0,,,
P27,2.5,174.5,0,,,
P27,2.5,175.5,0,,,
P27,2.5,176.5,0,,,
P27,2.5,177.5,0,,,
P27,2.5,178.5,0,,,
P27,2.5,179.5,0,,,
P27,5.0,0.5,23,599.4000244140625,599.2899780273438,599.469970703125
P27,5.0,1.5,16,599.6849975585938,599.6275024414062,599.7575073242188
P27,5.0,2.5,40,599.8900146484375,599.7074737548828,599.9425048828125
P27,5.0,3.5,89,599.9199829101562,599.72998046875,600.0
P27,5.0,4.5,118,600.0650024414062,599.9099731445312,600.1300048828125
P27,5.0,5.5,114,600.0900268554688,599.8825073242188,600.1799926757812
P27,5.0,6.5,67,600.0900268554688,599.989990234375,600.1900024414062
P27,5.0,7.5,23,600.3200073242188,600.1950073242188,600.4299926757812
P27,5.0,8.5,4,600.7750244140625,600.6200256347656,600.9175109863281
P27,5.0,9.5,0,,,
P27,5.0,10.5,0,,,
P27,5.0,11.5,0,,,
P27,5.0,12.5,0,,,
P27,5.0,13.5,0,,,
P27,5.0,14.5,0,,,
P27,5.0,15.5,0,,,
P27,5.0,16.5,0,,,
P27,5.0,17.5,0,,,
P27,5.0,18.5,0,,,
P27,5.0,19.5,0,,,
P27,5.0,20.5,0,,,
P27,5.0,21.5,0,,,
P27,5.0,22.5,0,,,
P27,5.0,23.5,0,,,
P27,5.0,24.5,0,,,
P27,5.0,25.5,0,,,
P27,5.0,26.5,0,,,
P27,5.0,27.5,0,,,
P27,5.0,28.5,0,,,
P27,5.0,29.5,0,,,
P27,5.0,30.5,0,,,
P27,5.0,31.5,0,,,
P27,5.0,32.5,0,,,
P27,5.0,33.5,0,,,
P27,5.0,34.5,0,,,
P27,5.0,35.5,0,,,
P27,5.0,36.5,0,,,
P27,5.0,37.5,0,,,
P27,5.0,38.5,0,,,
P27,5.0,39.5,0,,,
P27,5.0,40.5,0,,,
P27,5.0,41.5,0,,,
P27,5.0,42.5,0,,,
P27,5.0,43.5,0,,,
P27,5.0,44.5,0,,,
P27,5.0,45.5,0,,,
P27,5.0,46.5,0,,,
P27,5.0,47.5,0,,,
P27,5.0,48.5,0,,,
P27,5.0,49.5,0,,,
P27,5.0,50.5,0,,,
P27,5.0,51.5,0,,,
P27,5.0,52.5,0,,,
P27,5.0,53.5,0,,,
P27,5.0,54.5,0,,,
P27,5.0,55.5,0,,,
P27,5.0,56.5,0,,,
P27,5.0,57.5,0,,,
P27,5.0,58.5,0,,,
P27,5.0,59.5,0,,,
P27,5.0,60.5,0,,,
P27,5.0,61.5,0,,,
P27,5.0,62.5,0,,,
P27,5.0,63.5,0,,,
P27,5.0,64.5,0,,,
P27,5.0,65.5,0,,,
P27,5.0,66.5,0,,,
P27,5.0,67.5,0,,,
P27,5.0,68.5,0,,,
P27,5.0,69.5,0,,,
P27,5.0,70.5,0,,,
P27,5.0,71.5,0,,,
P27,5.0,72.5,0,,,
P27,5.0,73.5,0,,,
P27,5.0,74.5,0,,,
P27,5.0,75.5,0,,,
P27,5.0,76.5,0,,,
P27,5.0,77.5,0,,,
P27,5.0,78.5,0,,,
P27,5.0,79.5,0,,,
P27,5.0,80.5,0,,,
P27,5.0,81.5,0,,,
P27,5.0,82.5,0,,,
P27,5.0,83.5,0,,,
P27,5.0,84.5,0,,,
P27,5.0,85.5,0,,,
P27,5.0,86.5,0,,,
P27,5.0,87.5,0,,,
P27,5.0,88.5,0,,,
P27,5.0,89.5,0,,,
P27,5.0,90.5,0,,,
P27,5.0,91.5,0,,,
P27,5.0,92.5,0,,,
P27,5.0,93.5,0,,,
P27,5.0,94.5,0,,,
P27,5.0,95.5,0,,,
P27,5.0,96.5,0,,,
P27,5.0,97.5,0,,,
P27,5.0,98.5,0,,,
P27,5.0,99.5,0,,,
P27,5.0,100.5,0,,,
P27,5.0,101.5,0,,,
P27,5.0,102.5,0,,,
P27,5.0,103.5,0,,,
P27,5.0,104.5,0,,,
P27,5.0,105.5,0,,,
P27,5.0,106.5,0,,,
P27,5.0,107.5,0,,,
P27,5.0,108.5,0,,,
P27,5.0,109.5,0,,,
P27,5.0,110.5,0,,,
P27,5.0,111.5,0,,,
P27,5.0,112.5,0,,,
P27,5.0,113.5,0,,,
P27,5.0,114.5,0,,,
P27,5.0,115.5,0,,,
P27,5.0,116.5,0,,,
P27,5.0,117.5,0,,,
P27,5.0,118.5,0,,,
P27,5.0,119.5,0,,,
P27,5.0,120.5,0,,,
P27,5.0,121.5,0,,,
P27,5.0,122.5,0,,,
P27,5.0,123.5,0,,,
P27,5.0,124.5,0,,,
P27,5.0,125.5,0,,,
P27,5.0,126.5,0,,,
P27,5.0,127.5,0,,,
P27,5.0,128.5,0,,,
P27,5.0,129.5,0,,,
P27,5.0,130.5,0,,,
P27,5.0,131.5,20,616.4199829101562,616.2100219726562,616.7999877929688
P27,5.0,132.5,63,616.1900024414062,616.0700073242188,616.3999938964844
P27,5.0,133.5,96,616.0999755859375,615.89501953125,616.260009765625
P27,5.0,134.5,103,615.8599853515625,615.719970703125,615.989990234375
P27,5.0,135.5,140,615.7650146484375,615.6199951171875,615.97998046875
P27,5.0,136.5,206,615.72998046875,615.6500244140625,615.969970703125
P27,5.0,137.5,211,615.739990234375,615.6699829101562,615.8300170898438
P27,5.0,138.5,208,615.7650146484375,615.7100219726562,615.8099975585938
P27,5.0,139.5,206,615.760009765625,615.7025146484375,615.8099975585938
P27,5.0,140.5,204,615.7899780273438,615.72998046875,615.8499755859375
P27,5.0,141.5,209,615.7899780273438,615.75,615.8599853515625
P27,5.0,142.5,208,615.7999877929688,615.739990234375,615.8699951171875
P27,5.0,143.5,200,615.8200073242188,615.7100219726562,615.8699951171875
P27,5.0,144.5,208,615.8200073242188,615.7174835205078,615.8699951171875
P27,5.0,145.5,172,615.8099975585938,615.760009765625,615.8800048828125
P27,5.0,146.5,179,615.8499755859375,615.7949829101562,615.9099731445312
P27,5.0,147.5,163,615.8599853515625,615.8200073242188,615.9199829101562
P27,5.0,148.5,179,615.8699951171875,615.8150024414062,615.9249877929688
P27,5.0,149.5,191,615.8499755859375,615.739990234375,615.9049987792969
P27,5.0,150.5,201,615.77001953125,615.72998046875,615.8900146484375
P27,5.0,151.5,206,615.760009765625,615.7000122070312,615.8499755859375
P27,5.0,152.5,214,615.780029296875,615.7100219726562,615.8599853515625
P27,5.0,153.5,211,615.760009765625,615.6900024414062,615.8400268554688
P27,5.0,154.5,205,615.760009765625,615.6500244140625,615.8699951171875
P27,5.0,155.5,205,615.77001953125,615.6300048828125,615.8400268554688
P27,5.0,156.5,208,615.739990234375,615.5999755859375,615.8200073242188
P27,5.0,157.5,201,615.7000122070312,615.5900268554688,615.7999877929688
P27,5.0,158.5,210,615.6799926757812,615.5700073242188,615.780029296875
P27,5.0,159.5,161,615.6900024414062,615.5900268554688,615.7899780273438
P27,5.0,160.5,140,615.7000122070312,615.6099853515625,615.780029296875
P27,5.0,161.5,102,615.72998046875,615.6599731445312,615.8175048828125
P27,5.0,162.5,65,615.7899780273438,615.75,615.8499755859375
P27,5.0,163.5,19,615.780029296875,615.7000122070312,615.8250122070312
P27,5.0,164.5,0,,,
P27,5.0,165.5,0,,,
P27,5.0,166.5,0,,,
P27,5.0,167.5,0,,,
P27,5.0,168.5,0,,,
P27,5.0,169.5,0,,,
P27,5.0,170.5,0,,,
P27,5.0,171.5,0,,,
P27,5.0,172.5,0,,,
P27,5.0,173.5,0,,,
P27,5.0,174.5,0,,,
P27,5.0,175.5,0,,,
P27,5.0,176.5,0,,,
P27,5.0,177.5,0,,,
P27,5.0,178.5,0,,,
P27,5.0,179.5,0,,,
P27,7.5,0.5,25,599.4000244140625,599.2899780273438,599.469970703125
P27,7.5,1.5,16,599.6849975585938,599.6275024414062,599.7575073242188
P27,7.5,2.5,40,599.8900146484375,599.7074737548828,599.9425048828125
P27,7.5,3.5,89,599.9199829101562,599.72998046875,600.0
P27,7.5,4.5,119,600.0700073242188,599.9099731445312,600.1300048828125
P27,7.5,5.5,117,600.0900268554688,599.8900146484375,600.1799926757812
P27,7.5,6.5,71,600.0700073242188,599.9749755859375,600.1900024414062
P27,7.5,7.5,49,600.2999877929688,600.1199951171875,600.3900146484375
P27,7.5,8.5,13,600.3599853515625,600.1599731445312,600.530029296875
P27,7.5,9.5,8,600.875,600.8574829101562,601.1024932861328
P27,7.5,10.5,0,,,
P27,7.5,11.5,0,,,
P27,7.5,12.5,0,,,
P27,7.5,13.5,0,,,
P27,7.5,14.5,0,,,
P27,7.5,15.5,0,,,
P27,7.5,16.5,0,,,
P27,7.5,17.5,0,,,
P27,7.5,18.5,0,,,
P27,7.5,19.5,0,,,
P27,7.5,20.5,0,,,
P27,7.5,21.5,0,,,
P27,7.5,22.5,0,,,
P27,7.5,23.5,0,,,
P27,7.5,24.5,0,,,
P27,7.5,25.5,0,,,
P27,7.5,26.5,0,,,
P27,7.5,27.5,0,,,
P27,7.5,28.5,0,,,
P27,7.5,29.5,0,,,
P27,7.5,30.5,0,,,
P27,7.5,31.5,0,,,
P27,7.5,32.5,0,,,
P27,7.5,33.5,0,,,
P27,7.5,34.5,0,,,
P27,7.5,35.5,0,,,
P27,7.5,36.5,0,,,
P27,7.5,37.5,0,,,
P27,7.5,38.5,0,,,
P27,7.5,39.5,0,,,
P27,7.5,40.5,0,,,
P27,7.5,41.5,0,,,
P27,7.5,42.5,0,,,
P27,7.5,43.5,0,,,
P27,7.5,44.5,0,,,
P27,7.5,45.5,0,,,
P27,7.5,46.5,0,,,
P27,7.5,47.5,0,,,
P27,7.5,48.5,0,,,
P27,7.5,49.5,0,,,
P27,7.5,50.5,0,,,
P27,7.5,51.5,0,,,
P27,7.5,52.5,0,,,
P27,7.5,53.5,0,,,
P27,7.5,54.5,0,,,
P27,7.5,55.5,0,,,
P27,7.5,56.5,0,,,
P27,7.5,57.5,0,,,
P27,7.5,58.5,0,,,
P27,7.5,59.5,0,,,
P27,7.5,60.5,0,,,
P27,7.5,61.5,0,,,
P27,7.5,62.5,0,,,
P27,7.5,63.5,0,,,
P27,7.5,64.5,0,,,
P27,7.5,65.5,0,,,
P27,7.5,66.5,0,,,
P27,7.5,67.5,0,,,
P27,7.5,68.5,0,,,
P27,7.5,69.5,0,,,
P27,7.5,70.5,0,,,
P27,7.5,71.5,0,,,
P27,7.5,72.5,0,,,
P27,7.5,73.5,0,,,
P27,7.5,74.5,0,,,
P27,7.5,75.5,0,,,
P27,7.5,76.5,0,,,
P27,7.5,77.5,0,,,
P27,7.5,78.5,0,,,
P27,7.5,79.5,0,,,
P27,7.5,80.5,0,,,
P27,7.5,81.5,0,,,
P27,7.5,82.5,0,,,
P27,7.5,83.5,0,,,
P27,7.5,84.5,0,,,
P27,7.5,85.5,0,,,
P27,7.5,86.5,0,,,
P27,7.5,87.5,0,,,
P27,7.5,88.5,0,,,
P27,7.5,89.5,0,,,
P27,7.5,90.5,0,,,
P27,7.5,91.5,0,,,
P27,7.5,92.5,0,,,
P27,7.5,93.5,0,,,
P27,7.5,94.5,0,,,
P27,7.5,95.5,0,,,
P27,7.5,96.5,0,,,
P27,7.5,97.5,0,,,
P27,7.5,98.5,0,,,
P27,7.5,99.5,0,,,
P27,7.5,100.5,0,,,
P27,7.5,101.5,0,,,
P27,7.5,102.5,0,,,
P27,7.5,103.5,0,,,
P27,7.5,104.5,0,,,
P27,7.5,105.5,0,,,
P27,7.5,106.5,0,,,
P27,7.5,107.5,0,,,
P27,7.5,108.5,0,,,
P27,7.5,109.5,0,,,
P27,7.5,110.5,0,,,
P27,7.5,111.5,0,,,
P27,7.5,112.5,0,,,
P27,7.5,113.5,0,,,
P27,7.5,114.5,0,,,
P27,7.5,115.5,0,,,
P27,7.5,116.5,0,,,
P27,7.5,117.5,0,,,
P27,7.5,118.5,0,,,
P27,7.5,119.5,0,,,
P27,7.5,120.5,0,,,
P27,7.5,121.5,0,,,
P27,7.5,122.5,0,,,
P27,7.5,123.5,0,,,
P27,7.5,124.5,0,,,
P27,7.5,125.5,0,,,
P27,7.5,126.5,0,,,
P27,7.5,127.5,0,,,
P27,7.5,128.5,0,,,
P27,7.5,129.5,0,,,
P27,7.5,130.5,0,,,
P27,7.5,131.5,73,616.1300048828125,615.97998046875,616.2999877929688
P27,7.5,132.5,117,616.0499877929688,615.7999877929688,616.2100219726562
P27,7.5,133.5,152,615.8599853515625,615.66748046875,616.1799926757812
P27,7.5,134.5,155,615.719970703125,615.5800170898438,615.9400024414062
P27,7.5,135.5,191,615.6699829101562,615.6199951171875,615.885009765625
P27,7.5,136.5,270,615.7000122070312,615.6400146484375,615.9674835205078
P27,7.5,137.5,311,615.739990234375,615.6599731445312,615.9000244140625
P27,7.5,138.5,313,615.760009765625,615.6799926757812,615.8200073242188
P27,7.5,139.5,309,615.75,615.6799926757812,615.8200073242188
P27,7.5,140.5,311,615.77001953125,615.7000122070312,615.8400268554688
P27,7.5,141.5,315,615.7899780273438,615.719970703125,615.8699951171875
P27,7.5,142.5,304,615.7999877929688,615.7000122070312,615.8900146484375
P27,7.5,143.5,288,615.8400268554688,615.70751953125,615.9000244140625
P27,7.5,144.5,281,615.8499755859375,615.75,615.9099731445312
P27,7.5,145.5,265,615.8800048828125,615.7899780273438,615.9400024414062
P27,7.5,146.5,263,615.8699951171875,615.7899780273438,615.9500122070312
P27,7.5,147.5,269,615.8599853515625,615.7899780273438,615.9500122070312
P27,7.5,148.5,278,615.8699951171875,615.7000122070312,615.95751953125
P27,7.5,149.5,302,615.8400268554688,615.7100219726562,615.9400024414062
P27,7.5,150.5,307,615.77001953125,615.7100219726562,615.9099731445312
P27,7.5,151.5,308,615.760009765625,615.6799926757812,615.9099731445312
P27,7.5,152.5,319,615.780029296875,615.6699829101562,615.9299926757812
P27,7.5,153.5,317,615.77001953125,615.6500244140625,615.9299926757812
P27,7.5,154.5,312,615.760009765625,615.6099853515625,615.9324951171875
P27,7.5,155.5,309,615.77001953125,615.5599975585938,615.9000244140625
P27,7.5,156.5,304,615.739990234375,615.5499877929688,615.8524780273438
P27,7.5,157.5,264,615.7449951171875,615.5999755859375,615.8599853515625
P27,7.5,158.5,262,615.72998046875,615.5925140380859,615.8599853515625
P27,7.5,159.5,209,615.760009765625,615.6199951171875,615.8300170898438
P27,7.5,160.5,194,615.77001953125,615.6400146484375,615.8200073242188
P27,7.5,161.5,155,615.780029296875,615.6900024414062,615.8400268554688
P27,7.5,162.5,116,615.7899780273438,615.739990234375,615.8425140380859
P27,7.5,163.5,72,615.9149780273438,615.8200073242188,615.9525146484375
P27,7.5,164.5,39,615.9500122070312,615.89501953125,616.0350036621094
P27,7.5,165.5,1,,,
P27,7.5,166.5,0,,,
P27,7.5,167.5,0,,,
P27,7.5,168.5,0,,,
P27,7.5,169.5,0,,,
P27,7.5,170.5,0,,,
P27,7.5,171.5,0,,,
P27,7.5,172.5,0,,,
P27,7.5,173.5,0,,,
P27,7.5,174.5,0,,,
P27,7.5,175.5,0,,,
P27,7.5,176.5,0,,,
P27,7.5,177.5,0,,,
P27,7.5,178.5,0,,,
P27,7.5,179.5,0,,,
P28,2.5,0.5,0,,,
P28,2.5,1.5,0,,,
P28,2.5,2.5,0,,,
P28,2.5,3.5,0,,,
P28,2.5,4.5,0,,,
P28,2.5,5.5,0,,,
P28,2.5,6.5,0,,,
P28,2.5,7.5,0,,,
P28,2.5,8.5,0,,,
P28,2.5,9.5,0,,,
P28,2.5,10.5,0,,,
P28,2.5,11.5,0,,,
P28,2.5,12.5,0,,,
P28,2.5,13.5,0,,,
P28,2.5,14.5,0,,,
P28,2.5,15.5,0,,,
P28,2.5,16.5,0,,,
P28,2.5,17.5,0,,,
P28,2.5,18.5,0,,,
P28,2.5,19.5,0,,,
P28,2.5,20.5,0,,,
P28,2.5,21.5,0,,,
P28,2.5,22.5,0,,,
P28,2.5,23.5,0,,,
P28,2.5,24.5,0,,,
P28,2.5,25.5,0,,,
P28,2.5,26.5,0,,,
P28,2.5,27.5,0,,,
P28,2.5,28.5,0,,,
P28,2.5,29.5,0,,,
P28,2.5,30.5,0,,,
P28,2.5,31.5,0,,,
P28,2.5,32.5,0,,,
P28,2.5,33.5,0,,,
P28,2.5,34.5,0,,,
P28,2.5,35.5,0,,,
P28,2.5,36.5,0,,,
P28,2.5,37.5,0,,,
P28,2.5,38.5,0,,,
P28,2.5,39.5,0,,,
P28,2.5,40.5,0,,,
P28,2.5,41.5,0,,,
P28,2.5,42.5,0,,,
P28,2.5,43.5,0,,,
P28,2.5,44.5,0,,,
P28,2.5,45.5,0,,,
P28,2.5,46.5,0,,,
P28,2.5,47.5,0,,,
P28,2.5,48.5,0,,,
P28,2.5,49.5,0,,,
P28,2.5,50.5,0,,,
P28,2.5,51.5,0,,,
P28,2.5,52.5,0,,,
P28,2.5,53.5,0,,,
P28,2.5,54.5,0,,,
P28,2.5,55.5,0,,,
P28,2.5,56.5,0,,,
P28,2.5,57.5,0,,,
P28,2.5,58.5,0,,,
P28,2.5,59.5,0,,,
P28,2.5,60.5,0,,,
P28,2.5,61.5,0,,,
P28,2.5,62.5,0,,,
P28,2.5,63.5,0,,,
P28,2.5,64.5,0,,,
P28,2.5,65.5,0,,,
P28,2.5,66.5,0,,,
P28,2.5,67.5,0,,,
P28,2.5,68.5,0,,,
P28,2.5,69.5,0,,,
P28,2.5,70.5,0,,,
P28,2.5,71.5,0,,,
P28,2.5,72.5,0,,,
P28,2.5,73.5,0,,,
P28,2.5,74.5,0,,,
P28,2.5,75.5,0,,,
P28,2.5,76.5,0,,,
P28,2.5,77.5,0,,,
P28,2.5,78.5,0,,,
P28,2.5,79.5,0,,,
P28,2.5,80.5,0,,,
P28,2.5,81.5,0,,,
P28,2.5,82.5,0,,,
P28,2.5,83.5,0,,,
P28,2.5,84.5,0,,,
P28,2.5,85.5,0,,,
P28,2.5,86.5,0,,,
P28,2.5,87.5,0,,,
P28,2.5,88.5,0,,,
P28,2.5,89.5,0,,,
P28,2.5,90.5,0,,,
P28,2.5,91.5,0,,,
P28,2.5,92.5,0,,,
P28,2.5,93.5,0,,,
P28,2.5,94.5,0,,,
P28,2.5,95.5,0,,,
P28,2.5,96.5,0,,,
P28,2.5,97.5,0,,,
P28,2.5,98.5,0,,,
P28,2.5,99.5,0,,,
P28,2.5,100.5,0,,,
P28,2.5,101.5,0,,,
P28,2.5,102.5,0,,,
P28,2.5,103.5,0,,,
P28,2.5,104.5,0,,,
P28,2.5,105.5,0,,,
P28,2.5,106.5,0,,,
P28,2.5,107.5,0,,,
P28,2.5,108.5,0,,,
P28,2.5,109.5,0,,,
P28,2.5,110.5,0,,,
P28,2.5,111.5,0,,,
P28,2.5,112.5,0,,,
P28,2.5,113.5,0,,,
P28,2.5,114.5,0,,,
P28,2.5,115.5,0,,,
P28,2.5,116.5,0,,,
P28,2.5,117.5,0,,,
P28,2.5,118.5,0,,,
P28,2.5,119.5,0,,,
P28,2.5,120.5,0,,,
P28,2.5,121.5,0,,,
P28,2.5,122.5,30,615.2999877929688,615.0499877929688,615.3800048828125
P28,2.5,123.5,72,615.3099975585938,615.27001953125,615.3499755859375
P28,2.5,124.5,95,615.3499755859375,615.3150024414062,615.4450073242188
P28,2.5,125.5,105,615.3599853515625,615.3300170898438,615.3800048828125
P28,2.5,126.5,101,615.3400268554688,615.2999877929688,615.3800048828125
P28,2.5,127.5,106,615.3499755859375,615.3099975585938,615.3800048828125
P28,2.5,128.5,103,615.3599853515625,615.3400268554688,615.3800048828125
P28,2.5,129.5,101,615.3699951171875,615.3400268554688,615.4000244140625
P28,2.5,130.5,104,615.3800048828125,615.3350219726562,615.4000244140625
P28,2.5,131.5,105,615.3699951171875,615.3099975585938,615.4199829101562
P28,2.5,132.5,102,615.3300170898438,615.2899780273438,615.3699951171875
P28,2.5,133.5,105,615.3099975585938,615.27001953125,615.3300170898438
P28,2.5,134.5,103,615.2999877929688,615.260009765625,615.3200073242188
P28,2.5,135.5,90,615.3200073242188,615.280029296875,615.3775024414062
P28,2.5,136.5,81,615.4299926757812,615.3200073242188,615.6300048828125
P28,2.5,137.5,35,615.6500244140625,615.5549926757812,615.7349853515625
P28,2.5,138.5,34,615.4000244140625,615.302490234375,615.6275024414062
P28,2.5,139.5,84,615.3699951171875,615.2899780273438,615.6199951171875
P28,2.5,140.5,95,615.2899780273438,615.260009765625,615.3800048828125
P28,2.5,141.5,104,615.27001953125,615.219970703125,615.3200073242188
P28,2.5,142.5,104,615.239990234375,615.177490234375,615.280029296875
P28,2.5,143.5,102,615.22998046875,615.1900024414062,615.2999877929688
P28,2.5,144.5,109,615.219970703125,615.1500244140625,615.2899780273438
P28,2.5,145.5,114,615.1699829101562,615.1400146484375,615.239990234375
P28,2.5,146.5,106,615.1599731445312,615.1300048828125,615.2000122070312
P28,2.5,147.5,99,615.1300048828125,615.0650024414062,615.1900024414062
P28,2.5,148.5,104,615.094970703125,615.0275268554688,615.1699829101562
P28,2.5,149.5,101,615.0800170898438,615.02001953125,615.1300048828125
P28,2.5,150.5,72,615.155029296875,615.0974884033203,615.219970703125
P28,2.5,151.5,45,615.3699951171875,615.2999877929688,615.4199829101562
P28,2.5,152.5,6,615.4749755859375,615.4600219726562,615.52001953125
P28,2.5,153.5,0,,,
P28,2.5,154.5,0,,,
P28,2.5,155.5,0,,,
P28,2.5,156.5,0,,,
P28,2.5,157.5,0,,,
P28,2.5,158.5,0,,,
P28,2.5,159.5,0,,,
P28,2.5,160.5,0,,,
P28,2.5,161.5,0,,,
P28,2.5,162.5,0,,,
P28,2.5,163.5,0,,,
P28,2.5,164.5,0,,,
P28,2.5,165.5,0,,,
P28,2.5,166.5,0,,,
P28,2.5,167.5,0,,,
P28,2.5,168.5,0,,,
P28,2.5,169.5,0,,,
P28,2.5,170.5,0,,,
P28,2.5,171.5,0,,,
P28,2.5,172.5,0,,,
P28,2.5,173.5,0,,,
P28,2.5,174.5,0,,,
P28,2.5,175.5,0,,,
P28,2.5,176.5,0,,,
P28,2.5,177.5,0,,,
P28,2.5,178.5,0,,,
P28,2.5,179.5,0,,,
P28,5.0,0.5,0,,,
P28,5.0,1.5,0,,,
P28,5.0,2.5,0,,,
P28,5.0,3.5,0,,,
P28,5.0,4.5,0,,,
P28,5.0,5.5,0,,,
P28,5.0,6.5,0,,,
P28,5.0,7.5,0,,,
P28,5.0,8.5,0,,,
P28,5.0,9.5,0,,,
P28,5.0,10.5,0,,,
P28,5.0,11.5,0,,,
P28,5.0,12.5,0,,,
P28,5.0,13.5,0,,,
P28,5.0,14.5,0,,,
P28,5.0,15.5,0,,,
P28,5.0,16.5,0,,,
P28,5.0,17.5,0,,,
P28,5.0,18.5,0,,,
P28,5.0,19.5,0,,,
P28,5.0,20.5,0,,,
P28,5.0,21.5,0,,,
P28,5.0,22.5,0,,,
P28,5.0,23.5,0,,,
P28,5.0,24.5,0,,,
P28,5.0,25.5,0,,,
P28,5.0,26.5,0,,,
P28,5.0,27.5,0,,,
P28,5.0,28.5,0,,,
P28,5.0,29.5,0,,,
P28,5.0,30.5,0,,,
P28,5.0,31.5,0,,,
P28,5.0,32.5,0,,,
P28,5.0,33.5,0,,,
P28,5.0,34.5,0,,,
P28,5.0,35.5,0,,,
P28,5.0,36.5,0,,,
P28,5.0,37.5,0,,,
P28,5.0,38.5,0,,,
P28,5.0,39.5,0,,,
P28,5.0,40.5,0,,,
P28,5.0,41.5,0,,,
P28,5.0,42.5,0,,,
P28,5.0,43.5,0,,,
P28,5.0,44.5,0,,,
P28,5.0,45.5,0,,,
P28,5.0,46.5,0,,,
P28,5.0,47.5,0,,,
P28,5.0,48.5,0,,,
P28,5.0,49.5,0,,,
P28,5.0,50.5,0,,,
P28,5.0,51.5,0,,,
P28,5.0,52.5,0,,,
P28,5.0,53.5,0,,,
P28,5.0,54.5,0,,,
P28,5.0,55.5,0,,,
P28,5.0,56.5,0,,,
P28,5.0,57.5,0,,,
P28,5.0,58.5,0,,,
P28,5.0,59.5,0,,,
P28,5.0,60.5,0,,,
P28,5.0,61.5,0,,,
P28,5.0,62.5,0,,,
P28,5.0,63.5,0,,,
P28,5.0,64.5,0,,,
P28,5.0,65.5,0,,,
P28,5.0,66.5,0,,,
P28,5.0,67.5,0,,,
P28,5.0,68.5,0,,,
P28,5.0,69.5,0,,,
P28,5.0,70.5,0,,,
P28,5.0,71.5,0,,,
P28,5.0,72.5,0,,,
P28,5.0,73.5,0,,,
P28,5.0,74.5,0,,,
P28,5.0,75.5,0,,,
P28,5.0,76.5,0,,,
P28,5.0,77.5,0,,,
P28,5.0,78.5,0,,,
P28,5.0,79.5,0,,,
P28,5.0,80.5,0,,,
P28,5.0,81.5,0,,,
P28,5.0,82.5,0,,,
P28,5.0,83.5,0,,,
P28,5.0,84.5,0,,,
P28,5.0,85.5,0,,,
P28,5.0,86.5,0,,,
P28,5.0,87.5,0,,,
P28,5.0,88.5,0,,,
P28,5.0,89.5,0,,,
P28,5.0,90.5,0,,,
P28,5.0,91.5,0,,,
P28,5.0,92.5,0,,,
P28,5.0,93.5,0,,,
P28,5.0,94.5,0,,,
P28,5.0,95.5,0,,,
P28,5.0,96.5,0,,,
P28,5.0,97.5,0,,,
P28,5.0,98.5,0,,,
P28,5.0,99.5,0,,,
P28,5.0,100.5,0,,,
P28,5.0,101.5,0,,,
P28,5.0,102.5,0,,,
P28,5.0,103.5,0,,,
P28,5.0,104.5,0,,,
P28,5.0,105.5,0,,,
P28,5.0,106.5,0,,,
P28,5.0,107.5,0,,,
P28,5.0,108.5,0,,,
P28,5.0,109.5,0,,,
P28,5.0,110.5,0,,,
P28,5.0,111.5,0,,,
P28,5.0,112.5,0,,,
P28,5.0,113.5,0,,,
P28,5.0,114.5,0,,,
P28,5.0,115.5,0,,,
P28,5.0,116.5,0,,,
P28,5.0,117.5,0,,,
P28,5.0,118.5,0,,,
P28,5.0,119.5,0,,,
P28,5.0,120.5,0,,,
P28,5.0,121.5,26,615.2000122070312,615.02001953125,615.22998046875
P28,5.0,122.5,70,615.2750244140625,615.1900024414062,615.3474884033203
P28,5.0,123.5,122,615.280029296875,615.239990234375,615.3200073242188
P28,5.0,124.5,148,615.3200073242188,615.2474975585938,615.3699951171875
P28,5.0,125.5,183,615.3400268554688,615.2899780273438,615.3800048828125
P28,5.0,126.5,179,615.3400268554688,615.3099975585938,615.39501953125
P28,5.0,127.5,198,615.3400268554688,615.2999877929688,615.4099731445312
P28,5.0,128.5,203,615.3499755859375,615.2999877929688,615.3800048828125
P28,5.0,129.5,202,615.3499755859375,615.2825164794922,615.4000244140625
P28,5.0,130.5,205,615.3800048828125,615.280029296875,615.4400024414062
P28,5.0,131.5,209,615.3699951171875,615.260009765625,615.4400024414062
P28,5.0,132.5,205,615.3300170898438,615.239990234375,615.4400024414062
P28,5.0,133.5,202,615.3099975585938,615.239990234375,615.3900146484375
P28,5.0,134.5,180,615.3300170898438,615.280029296875,615.3900146484375
P28,5.0,135.5,171,615.3900146484375,615.3150024414062,615.4749755859375
P28,5.0,136.5,163,615.4099731445312,615.3499755859375,615.5449829101562
P28,5.0,137.5,123,615.3800048828125,615.3400268554688,615.4750061035156
P28,5.0,138.5,106,615.2899780273438,615.1900024414062,615.4199829101562
P28,5.0,139.5,141,615.2899780273438,615.1900024414062,615.5599975585938
P28,5.0,140.5,177,615.280029296875,615.1799926757812,615.4299926757812
P28,5.0,141.5,200,615.260009765625,615.1300048828125,615.3724975585938
P28,5.0,142.5,209,615.239990234375,615.1099853515625,615.3599853515625
P28,5.0,143.5,207,615.22998046875,615.125,615.3499755859375
P28,5.0,144.5,219,615.2100219726562,615.1099853515625,615.3300170898438
P28,5.0,145.5,214,615.1699829101562,615.1099853515625,615.3400268554688
P28,5.0,146.5,218,615.1649780273438,615.0625,615.2899780273438
P28,5.0,147.5,204,615.1300048828125,614.97998046875,615.239990234375
P28,5.0,148.5,191,615.1300048828125,615.0,615.22998046875
P28,5.0,149.5,161,615.1199951171875,615.030029296875,615.22998046875
P28,5.0,150.5,122,615.1799926757812,615.1199951171875,615.25
P28,5.0,151.5,100,615.2899780273438,615.2000122070312,615.3699951171875
P28,5.0,152.5,53,615.4400024414062,615.3900146484375,615.469970703125
P28,5.0,153.5,37,615.4299926757812,615.3800048828125,615.5499877929688
P28,5.0,154.5,12,615.4849853515625,615.2575225830078,615.54248046875
P28,5.0,155.5,2,,,
P28,5.0,156.5,0,,,
P28,5.0,157.5,0,,,
P28,5.0,158.5,0,,,
P28,5.0,159.5,0,,,
P28,5.0,160.5,0,,,
P28,5.0,161.5,0,,,
P28,5.0,162.5,0,,,
P28,5.0,163.5,0,,,
P28,5.0,164.5,0,,,
P28,5.0,165.5,0,,,
P28,5.0,166.5,0,,,
P28,5.0,167.5,0,,,
P28,5.0,168.5,0,,,
P28,5.0,169.5,0,,,
P28,5.0,170.5,0,,,
P28,5.0,171.5,0,,,
P28,5.0,172.5,0,,,
P28,5.0,173.5,0,,,
P28,5.0,174.5,0,,,
P28,5.0,175.5,0,,,
P28,5.0,176.5,0,,,
P28,5.0,177.5,0,,,
P28,5.0,178.5,0,,,
P28,5.0,179.5,0,,,
P28,7.5,0.5,0,,,
P28,7.5,1.5,0,,,
P28,7.5,2.5,0,,,
P28,7.5,3.5,0,,,
P28,7.5,4.5,0,,,
P28,7.5,5.5,0,,,
P28,7.5,6.5,0,,,
P28,7.5,7.5,0,,,
P28,7.5,8.5,0,,,
P28,7.5,9.5,0,,,
P28,7.5,10.5,0,,,
P28,7.5,11.5,0,,,
P28,7.5,12.5,0,,,
P28,7.5,13.5,0,,,
P28,7.5,14.5,0,,,
P28,7.5,15.5,0,,,
P28,7.5,16.5,0,,,
P28,7.5,17.5,0,,,
P28,7.5,18.5,0,,,
P28,7.5,19.5,0,,,
P28,7.5,20.5,0,,,
P28,7.5,21.5,0,,,
P28,7.5,22.5,0,,,
P28,7.5,23.5,0,,,
P28,7.5,24.5,0,,,
P28,7.5,25.5,0,,,
P28,7.5,26.5,0,,,
P28,7.5,27.5,0,,,
P28,7.5,28.5,0,,,
P28,7.5,29.5,0,,,
P28,7.5,30.5,0,,,
P28,7.5,31.5,0,,,
P28,7.5,32.5,0,,,
P28,7.5,33.5,0,,,
P28,7.5,34.5,0,,,
P28,7.5,35.5,0,,,
P28,7.5,36.5,0,,,
P28,7.5,37.5,0,,,
P28,7.5,38.5,0,,,
P28,7.5,39.5,0,,,
P28,7.5,40.5,0,,,
P28,7.5,41.5,0,,,
P28,7.5,42.5,0,,,
P28,7.5,43.5,0,,,
P28,7.5,44.5,0,,,
P28,7.5,45.5,0,,,
P28,7.5,46.5,0,,,
P28,7.5,47.5,0,,,
P28,7.5,48.5,0,,,
P28,7.5,49.5,0,,,
P28,7.5,50.5,0,,,
P28,7.5,51.5,0,,,
P28,7.5,52.5,0,,,
P28,7.5,53.5,0,,,
P28,7.5,54.5,0,,,
P28,7.5,55.5,0,,,
P28,7.5,56.5,0,,,
P28,7.5,57.5,0,,,
P28,7.5,58.5,0,,,
P28,7.5,59.5,0,,,
P28,7.5,60.5,0,,,
P28,7.5,61.5,0,,,
P28,7.5,62.5,0,,,
P28,7.5,63.5,0,,,
P28,7.5,64.5,0,,,
P28,7.5,65.5,0,,,
P28,7.5,66.5,0,,,
P28,7.5,67.5,0,,,
P28,7.5,68.5,0,,,
P28,7.5,69.5,0,,,
P28,7.5,70.5,0,,,
P28,7.5,71.5,0,,,
P28,7.5,72.5,0,,,
P28,7.5,73.5,0,,,
P28,7.5,74.5,0,,,
P28,7.5,75.5,0,,,
P28,7.5,76.5,0,,,
P28,7.5,77.5,0,,,
P28,7.5,78.5,0,,,
P28,7.5,79.5,0,,,
P28,7.5,80.5,0,,,
P28,7.5,81.5,0,,,
P28,7.5,82.5,0,,,
P28,7.5,83.5,0,,,
P28,7.5,84.5,0,,,
P28,7.5,85.5,0,,,
P28,7.5,86.5,0,,,
P28,7.5,87.5,0,,,
P28,7.5,88.5,0,,,
P28,7.5,89.5,0,,,
P28,7.5,90.5,0,,,
P28,7.5,91.5,0,,,
P28,7.5,92.5,0,,,
P28,7.5,93.5,0,,,
P28,7.5,94.5,0,,,
P28,7.5,95.5,0,,,
P28,7.5,96.5,0,,,
P28,7.5,97.5,0,,,
P28,7.5,98.5,0,,,
P28,7.5,99.5,0,,,
P28,7.5,100.5,0,,,
P28,7.5,101.5,0,,,
P28,7.5,102.5,0,,,
P28,7.5,103.5,0,,,
P28,7.5,104.5,0,,,
P28,7.5,105.5,0,,,
P28,7.5,106.5,0,,,
P28,7.5,107.5,0,,,
P28,7.5,108.5,0,,,
P28,7.5,109.5,0,,,
P28,7.5,110.5,0,,,
P28,7.5,111.5,0,,,
P28,7.5,112.5,0,,,
P28,7.5,113.5,0,,,
P28,7.5,114.5,0,,,
P28,7.5,115.5,0,,,
P28,7.5,116.5,0,,,
P28,7.5,117.5,0,,,
P28,7.5,118.5,0,,,
P28,7.5,119.5,13,615.0900268554688,615.0800170898438,615.0999755859375
P28,7.5,120.5,33,615.1500244140625,615.1199951171875,615.2000122070312
P28,7.5,121.5,77,615.1900024414062,615.1500244140625,615.22998046875
P28,7.5,122.5,122,615.1900024414062,615.1224975585938,615.2899780273438
P28,7.5,123.5,172,615.25,615.1599731445312,615.2999877929688
P28,7.5,124.5,202,615.2899780273438,615.219970703125,615.3499755859375
P28,7.5,125.5,232,615.3200073242188,615.280029296875,615.3624877929688
P28,7.5,126.5,231,615.3300170898438,615.2899780273438,615.3800048828125
P28,7.5,127.5,248,615.3200073242188,615.260009765625,615.3825073242188
P28,7.5,128.5,261,615.3300170898438,615.25,615.3699951171875
P28,7.5,129.5,297,615.3499755859375,615.239990234375,615.4099731445312
P28,7.5,130.5,315,615.3699951171875,615.2349853515625,615.4299926757812
P28,7.5,131.5,309,615.3699951171875,615.219970703125,615.4600219726562
P28,7.5,132.5,314,615.3300170898438,615.219970703125,615.4874877929688
P28,7.5,133.5,280,615.3499755859375,615.260009765625,615.47998046875
P28,7.5,134.5,236,615.3599853515625,615.2899780273438,615.489990234375
P28,7.5,135.5,247,615.4099731445312,615.3200073242188,615.510009765625
P28,7.5,136.5,256,615.4099731445312,615.3200073242188,615.52001953125
P28,7.5,137.5,226,615.3800048828125,615.1500244140625,615.489990234375
P28,7.5,138.5,210,615.2750244140625,615.1300048828125,615.4400024414062
P28,7.5,139.5,243,615.2899780273438,615.10498046875,615.4949951171875
P28,7.5,140.5,274,615.2750244140625,615.0700073242188,615.6074829101562
P28,7.5,141.5,279,615.239990234375,615.030029296875,615.4000244140625
P28,7.5,142.5,274,615.1950073242188,615.0499877929688,615.3574829101562
P28,7.5,143.5,304,615.2100219726562,615.030029296875,615.3800048828125
P28,7.5,144.5,326,615.2100219726562,615.052490234375,615.3875122070312
P28,7.5,145.5,317,615.1699829101562,615.0399780273438,615.3699951171875
P28,7.5,146.5,307,615.1699829101562,615.010009765625,615.3400268554688
P28,7.5,147.5,277,615.1900024414062,614.989990234375,615.3300170898438
P28,7.5,148.5,244,615.1849975585938,615.030029296875,615.3099975585938
P28,7.5,149.5,214,615.1900024414062,615.0599975585938,615.2999877929688
P28,7.5,150.5,173,615.239990234375,615.1400146484375,615.3300170898438
P28,7.5,151.5,150,615.3200073242188,615.25,615.3699951171875
P28,7.5,152.5,108,615.375,615.3099975585938,615.4400024414062
P28,7.5,153.5,85,615.4099731445312,615.3599853515625,615.469970703125
P28,7.5,154.5,66,615.4000244140625,615.3499755859375,615.4400024414062
P28,7.5,155.5,24,615.4299926757812,615.3875122070312,615.5
P28,7.5,156.5,0,,,
P28,7.5,157.5,0,,,
P28,7.5,158.5,0,,,
P28,7.5,159.5,0,,,
P28,7.5,160.5,0,,,
P28,7.5,161.5,0,,,
P28,7.5,162.5,0,,,
P28,7.5,163.5,0,,,
P28,7.5,164.5,0,,,
P28,7.5,165.5,0,,,
P28,7.5,166.5,0,,,
P28,7.5,167.5,0,,,
P28,7.5,168.5,0,,,
P28,7.5,169.5,0,,,
P28,7.5,170.5,0,,,
P28,7.5,171.5,0,,,
P28,7.5,172.5,0,,,
P28,7.5,173.5,0,,,
P28,7.5,174.5,0,,,
P28,7.5,175.5,0,,,
P28,7.5,176.5,0,,,
P28,7.5,177.5,0,,,
P28,7.5,178.5,0,,,
P28,7.5,179.5,0,,,
P29,2.5,0.5,0,,,
P29,2.5,1.5,0,,,
P29,2.5,2.5,0,,,
P29,2.5,3.5,0,,,
P29,2.5,4.5,0,,,
P29,2.5,5.5,0,,,
P29,2.5,6.5,0,,,
P29,2.5,7.5,0,,,
P29,2.5,8.5,0,,,
P29,2.5,9.5,0,,,
P29,2.5,10.5,0,,,
P29,2.5,11.5,0,,,
P29,2.5,12.5,0,,,
P29,2.5,13.5,0,,,
P29,2.5,14.5,0,,,
P29,2.5,15.5,0,,,
P29,2.5,16.5,0,,,
P29,2.5,17.5,0,,,
P29,2.5,18.5,0,,,
P29,2.5,19.5,0,,,
P29,2.5,20.5,0,,,
P29,2.5,21.5,0,,,
P29,2.5,22.5,0,,,
P29,2.5,23.5,0,,,
P29,2.5,24.5,0,,,
P29,2.5,25.5,0,,,
P29,2.5,26.5,0,,,
P29,2.5,27.5,0,,,
P29,2.5,28.5,0,,,
P29,2.5,29.5,0,,,
P29,2.5,30.5,0,,,
P29,2.5,31.5,0,,,
P29,2.5,32.5,0,,,
P29,2.5,33.5,1,,,
P29,2.5,34.5,7,604.0900268554688,604.0650024414062,604.10498046875
P29,2.5,35.5,0,,,
P29,2.5,36.5,0,,,
P29,2.5,37.5,4,603.4299926757812,602.8599853515625,604.0
P29,2.5,38.5,5,603.9000244140625,603.8599853515625,603.9000244140625
P29,2.5,39.5,33,603.6699829101562,603.3800048828125,603.9500122070312
P29,2.5,40.5,43,604.030029296875,603.885009765625,604.0700073242188
P29,2.5,41.5,19,604.2999877929688,604.2349853515625,604.3399963378906
P29,2.5,42.5,10,604.35498046875,604.2175140380859,604.3599853515625
P29,2.5,43.5,0,,,
P29,2.5,44.5,0,,,
P29,2.5,45.5,0,,,
P29,2.5,46.5,0,,,
P29,2.5,47.5,0,,,
P29,2.5,48.5,0,,,
P29,2.5,49.5,17,602.5599975585938,602.47998046875,602.5999755859375
P29,2.5,50.5,40,602.3050537109375,601.9250030517578,602.3925170898438
P29,2.5,51.5,8,602.9199829101562,602.9199829101562,602.9374847412109
P29,2.5,52.5,0,,,
P29,2.5,53.5,0,,,
P29,2.5,54.5,0,,,
P29,2.5,55.5,0,,,
P29,2.5,56.5,0,,,
P29,2.5,57.5,0,,,
P29,2.5,58.5,0,,,
P29,2.5,59.5,0,,,
P29,2.5,60.5,0,,,
P29,2.5,61.5,0,,,
P29,2.5,62.5,0,,,
P29,2.5,63.5,0,,,
P29,2.5,64.5,0,,,
P29,2.5,65.5,0,,,
P29,2.5,66.5,0,,,
P29,2.5,67.5,0,,,
P29,2.5,68.5,0,,,
P29,2.5,69.5,0,,,
P29,2.5,70.5,0,,,
P29,2.5,71.5,0,,,
P29,2.5,72.5,0,,,
P29,2.5,73.5,0,,,
P29,2.5,74.5,0,,,
P29,2.5,75.5,0,,,
P29,2.5,76.5,0,,,
P29,2.5,77.5,0,,,
P29,2.5,78.5,0,,,
P29,2.5,79.5,0,,,
P29,2.5,80.5,0,,,
P29,2.5,81.5,0,,,
P29,2.5,82.5,0,,,
P29,2.5,83.5,0,,,
P29,2.5,84.5,0,,,
P29,2.5,85.5,0,,,
P29,2.5,86.5,0,,,
P29,2.5,87.5,0,,,
P29,2.5,88.5,0,,,
P29,2.5,89.5,0,,,
P29,2.5,90.5,0,,,
P29,2.5,91.5,0,,,
P29,2.5,92.5,0,,,
P29,2.5,93.5,0,,,
P29,2.5,94.5,0,,,
P29,2.5,95.5,0,,,
P29,2.5,96.5,0,,,
P29,2.5,97.5,0,,,
P29,2.5,98.5,0,,,
P29,2.5,99.5,0,,,
P29,2.5,100.5,0,,,
P29,2.5,101.5,0,,,
P29,2.5,102.5,0,,,
P29,2.5,103.5,0,,,
P29,2.5,104.5,0,,,
P29,2.5,105.5,0,,,
P29,2.5,106.5,0,,,
P29,2.5,107.5,0,,,
P29,2.5,108.5,0,,,
P29,2.5,109.5,0,,,
P29,2.5,110.5,13,614.8699951171875,614.8400268554688,614.8900146484375
P29,2.5,111.5,35,614.9000244140625,614.8800048828125,614.9400024414062
P29,2.5,112.5,69,614.9000244140625,614.8800048828125,614.9299926757812
P29,2.5,113.5,105,614.8800048828125,614.8400268554688,614.9199829101562
P29,2.5,114.5,104,614.9199829101562,614.8875122070312,614.9400024414062
P29,2.5,115.5,104,614.9199829101562,614.9000244140625,614.9500122070312
P29,2.5,116.5,99,614.8699951171875,614.8499755859375,614.8900146484375
P29,2.5,117.5,101,614.8099975585938,614.780029296875,614.8400268554688
P29,2.5,118.5,107,614.75,614.719970703125,614.7850036621094
P29,2.5,119.5,101,614.6900024414062,614.6599731445312,614.72998046875
P29,2.5,120.5,103,614.6199951171875,614.5900268554688,614.6699829101562
P29,2.5,121.5,97,614.6099853515625,614.5800170898438,614.6400146484375
P29,2.5,122.5,49,614.6900024414062,614.6199951171875,614.77001953125
P29,2.5,123.5,36,614.7249755859375,614.6699829101562,614.9025115966797
P29,2.5,124.5,55,614.6199951171875,614.5650024414062,614.6950073242188
P29,2.5,125.5,73,614.3499755859375,614.3099975585938,614.4099731445312
P29,2.5,126.5,103,614.3099975585938,614.2899780273438,614.3450012207031
P29,2.5,127.5,101,614.27001953125,614.22998046875,614.3300170898438
P29,2.5,128.5,107,614.219970703125,614.1699829101562,614.2550048828125
P29,2.5,129.5,106,614.1400146484375,614.1024780273438,614.1799926757812
P29,2.5,130.5,100,614.0800170898438,614.030029296875,614.1199951171875
P29,2.5,131.5,103,614.02001953125,614.0,614.0599975585938
P29,2.5,132.5,107,613.9500122070312,613.8800048828125,614.010009765625
P29,2.5,133.5,102,613.8599853515625,613.7999877929688,613.9400024414062
P29,2.5,134.5,105,613.989990234375,613.9400024414062,614.0700073242188
P29,2.5,135.5,27,614.1799926757812,614.1549987792969,614.260009765625
P29,2.5,136.5,5,614.3099975585938,614.2899780273438,614.3800048828125
P29,2.5,137.5,0,,,
P29,2.5,138.5,0,,,
P29,2.5,139.5,0,,,
P29,2.5,140.5,0,,,
P29,2.5,141.5,0,,,
P29,2.5,142.5,0,,,
P29,2.5,143.5,0,,,
P29,2.5,144.5,0,,,
P29,2.5,145.5,0,,,
P29,2.5,146.5,0,,,
P29,2.5,147.5,0,,,
P29,2.5,148.5,0,,,
P29,2.5,149.5,0,,,
P29,2.5,150.5,0,,,
P29,2.5,151.5,0,,,
P29,2.5,152.5,0,,,
P29,2.5,153.5,0,,,
P29,2.5,154.5,0,,,
P29,2.5,155.5,0,,,
P29,2.5,156.5,0,,,
P29,2.5,157.5,0,,,
P29,2.5,158.5,0,,,
P29,2.5,159.5,0,,,
P29,2.5,160.5,0,,,
P29,2.5,161.5,0,,,
P29,2.5,162.5,0,,,
P29,2.5,163.5,0,,,
P29,2.5,164.5,0,,,
P29,2.5,165.5,0,,,
P29,2.5,166.5,0,,,
P29,2.5,167.5,0,,,
P29,2.5,168.5,0,,,
P29,2.5,169.5,0,,,
P29,2.5,170.5,0,,,
P29,2.5,171.5,0,,,
P29,2.5,172.5,0,,,
P29,2.5,173.5,0,,,
P29,2.5,174.5,0,,,
P29,2.5,175.5,0,,,
P29,2.5,176.5,0,,,
P29,2.5,177.5,0,,,
P29,2.5,178.5,0,,,
P29,2.5,179.5,0,,,
P29,5.0,0.5,0,,,
P29,5.0,1.5,0,,,
P29,5.0,2.5,0,,,
P29,5.0,3.5,0,,,
P29,5.0,4.5,0,,,
P29,5.0,5.5,0,,,
P29,5.0,6.5,0,,,
P29,5.0,7.5,0,,,
P29,5.0,8.5,0,,,
P29,5.0,9.5,0,,,
P29,5.0,10.5,0,,,
P29,5.0,11.5,0,,,
P29,5.0,12.5,0,,,
P29,5.0,13.5,0,,,
P29,5.0,14.5,0,,,
P29,5.0,15.5,0,,,
P29,5.0,16.5,0,,,
P29,5.0,17.5,0,,,
P29,5.0,18.5,0,,,
P29,5.0,19.5,0,,,
P29,5.0,20.5,0,,,
P29,5.0,21.5,0,,,
P29,5.0,22.5,0,,,
P29,5.0,23.5,0,,,
P29,5.0,24.5,0,,,
P29,5.0,25.5,0,,,
P29,5.0,26.5,0,,,
P29,5.0,27.5,0,,,
P29,5.0,28.5,0,,,
P29,5.0,29.5,0,,,
P29,5.0,30.5,0,,,
P29,5.0,31.5,0,,,
P29,5.0,32.5,0,,,
P29,5.0,33.5,9,604.1599731445312,604.1099853515625,604.1699829101562
P29,5.0,34.5,35,604.0999755859375,604.0350036621094,604.2850036621094
P29,5.0,35.5,63,604.3800048828125,604.0849914550781,604.7099914550781
P29,5.0,36.5,59,604.1900024414062,603.8250122070312,604.5700073242188
P29,5.0,37.5,66,604.1849975585938,603.9224853515625,604.5625
P29,5.0,38.5,67,604.2000122070312,603.9199829101562,604.5150146484375
P29,5.0,39.5,88,603.7050170898438,603.4874877929688,603.9299926757812
P29,5.0,40.5,113,604.0999755859375,603.97998046875,604.239990234375
P29,5.0,41.5,86,604.3099975585938,604.239990234375,604.4550170898438
P29,5.0,42.5,63,604.22998046875,604.0750122070312,604.3300170898438
P29,5.0,43.5,29,604.1400146484375,604.0499877929688,604.2899780273438
P29,5.0,44.5,37,604.219970703125,604.1400146484375,604.3200073242188
P29,5.0,45.5,39,604.1500244140625,604.1099853515625,604.1849975585938
P29,5.0,46.5,50,603.9299926757812,603.3699951171875,604.0850219726562
P29,5.0,47.5,42,603.5350341796875,603.4124755859375,603.6074829101562
P29,5.0,48.5,37,603.3900146484375,603.280029296875,603.5499877929688
P29,5.0,49.5,38,602.760009765625,602.5700073242188,603.0399780273438
P29,5.0,50.5,70,602.5999755859375,602.280029296875,603.030029296875
P29,5.0,51.5,37,602.9000244140625,602.02001953125,602.989990234375
P29,5.0,52.5,42,602.5599975585938,602.2950286865234,602.8449859619141
P29,5.0,53.5,18,601.8599853515625,601.4199829101562,602.25
P29,5.0,54.5,0,,,
P29,5.0,55.5,0,,,
P29,5.0,56.5,0,,,
P29,5.0,57.5,0,,,
P29,5.0,58.5,17,601.489990234375,601.0,601.5399780273438
P29,5.0,59.5,45,601.8699951171875,601.739990234375,602.010009765625
P29,5.0,60.5,32,601.9000244140625,601.2425231933594,602.3100280761719
P29,5.0,61.5,18,603.22998046875,603.1150207519531,603.2849884033203
P29,5.0,62.5,24,603.22998046875,603.1325073242188,603.2725219726562
P29,5.0,63.5,10,603.39501953125,603.2474822998047,604.4600219726562
P29,5.0,64.5,3,602.6099853515625,602.6099853515625,602.6099853515625
P29,5.0,65.5,0,,,
P29,5.0,66.5,0,,,
P29,5.0,67.5,0,,,
P29,5.0,68.5,0,,,
P29,5.0,69.5,0,,,
P29,5.0,70.5,0,,,
P29,5.0,71.5,0,,,
P29,5.0,72.5,0,,,
P29,5.0,73.5,0,,,
P29,5.0,74.5,0,,,
P29,5.0,75.5,0,,,
P29,5.0,76.5,0,,,
P29,5.0,77.5,0,,,
P29,5.0,78.5,0,,,
P29,5.0,79.5,0,,,
P29,5.0,80.5,0,,,
P29,5.0,81.5,0,,,
P29,5.0,82.5,0,,,
P29,5.0,83.5,0,,,
P29,5.0,84.5,0,,,
P29,5.0,85.5,0,,,
P29,5.0,86.5,0,,,
P29,5.0,87.5,0,,,
P29,5.0,88.5,0,,,
P29,5.0,89.5,0,,,
P29,5.0,90.5,0,,,
P29,5.0,91.5,0,,,
P29,5.0,92.5,0,,,
P29,5.0,93.5,0,,,
P29,5.0,94.5,0,,,
P29,5.0,95.5,0,,,
P29,5.0,96.5,0,,,
P29,5.0,97.5,0,,,
P29,5.0,98.5,0,,,
P29,5.0,99.5,0,,,
P29,5.0,100.5,0,,,
P29,5.0,101.5,0,,,
P29,5.0,102.5,0,,,
P29,5.0,103.5,0,,,
P29,5.0,104.5,0,,,
P29,5.0,105.5,0,,,
P29,5.0,106.5,0,,,
P29,5.0,107.5,0,,,
P29,5.0,108.5,0,,,
P29,5.0,109.5,5,614.9000244140625,614.8900146484375,614.9199829101562
P29,5.0,110.5,49,614.9099731445312,614.8699951171875,615.4099731445312
P29,5.0,111.5,131,614.9299926757812,614.8900146484375,615.2650146484375
P29,5.0,112.5,130,614.8900146484375,614.8599853515625,614.9299926757812
P29,5.0,113.5,188,614.9000244140625,614.8574829101562,614.9299926757812
P29,5.0,114.5,209,614.9099731445312,614.8699951171875,614.9299926757812
P29,5.0,115.5,207,614.9199829101562,614.9000244140625,614.9500122070312
P29,5.0,116.5,203,614.8699951171875,614.8400268554688,614.9299926757812
P29,5.0,117.5,206,614.8099975585938,614.75,614.8699951171875
P29,5.0,118.5,212,614.75,614.7000122070312,614.8200073242188
P29,5.0,119.5,204,614.6900024414062,614.6400146484375,614.760009765625
P29,5.0,120.5,202,614.6300048828125,614.5599975585938,614.719970703125
P29,5.0,121.5,199,614.6500244140625,614.6099853515625,614.7100219726562
P29,5.0,122.5,149,614.7000122070312,614.6400146484375,614.8300170898438
P29,5.0,123.5,148,614.72998046875,614.66748046875,614.8425140380859
P29,5.0,124.5,138,614.6099853515625,614.3825073242188,614.9199829101562
P29,5.0,125.5,130,614.3049926757812,614.27001953125,614.3699951171875
P29,5.0,126.5,190,614.3049926757812,614.2625122070312,614.3699951171875
P29,5.0,127.5,204,614.27001953125,614.2100219726562,614.3599853515625
P29,5.0,128.5,206,614.219970703125,614.1400146484375,614.2899780273438
P29,5.0,129.5,210,614.1400146484375,614.072509765625,614.239990234375
P29,5.0,130.5,206,614.0800170898438,613.989990234375,614.1699829101562
P29,5.0,131.5,206,614.02001953125,613.969970703125,614.0999755859375
P29,5.0,132.5,209,613.9600219726562,613.8200073242188,614.0700073242188
P29,5.0,133.5,211,613.9600219726562,613.8599853515625,614.030029296875
P29,5.0,134.5,199,613.97998046875,613.9299926757812,614.0399780273438
P29,5.0,135.5,84,614.1699829101562,614.1275024414062,614.1900024414062
P29,5.0,136.5,55,614.0800170898438,613.9849853515625,614.2100219726562
P29,5.0,137.5,16,613.8800048828125,613.8574829101562,613.9700164794922
P29,5.0,138.5,0,,,
P29,5.0,139.5,0,,,
P29,5.0,140.5,0,,,
P29,5.0,141.5,0,,,
P29,5.0,142.5,0,,,
P29,5.0,143.5,0,,,
P29,5.0,144.5,0,,,
P29,5.0,145.5,0,,,
P29,5.0,146.5,0,,,
P29,5.0,147.5,0,,,
P29,5.0,148.5,0,,,
P29,5.0,149.5,0,,,
P29,5.0,150.5,0,,,
P29,5.0,151.5,0,,,
P29,5.0,152.5,0,,,
P29,5.0,153.5,0,,,
P29,5.0,154.5,0,,,
P29,5.0,155.5,0,,,
P29,5.0,156.5,0,,,
P29,5.0,157.5,0,,,
P29,5.0,158.5,0,,,
P29,5.0,159.5,0,,,
P29,5.0,160.5,0,,,
P29,5.0,161.5,0,,,
P29,5.0,162.5,0,,,
P29,5.0,163.5,0,,,
P29,5.0,164.5,0,,,
P29,5.0,165.5,0,,,
P29,5.0,166.5,0,,,
P29,5.0,167.5,0,,,
P29,5.0,168.5,0,,,
P29,5.0,169.5,0,,,
P29,5.0,170.5,0,,,
P29,5.0,171.5,0,,,
P29,5.0,172.5,0,,,
P29,5.0,173.5,0,,,
P29,5.0,174.5,0,,,
P29,5.0,175.5,0,,,
P29,5.0,176.5,0,,,
P29,5.0,177.5,0,,,
P29,5.0,178.5,0,,,
P29,5.0,179.5,0,,,
P29,7.5,0.5,0,,,
P29,7.5,1.5,0,,,
P29,7.5,2.5,0,,,
P29,7.5,3.5,0,,,
P29,7.5,4.5,0,,,
P29,7.5,5.5,0,,,
P29,7.5,6.5,0,,,
P29,7.5,7.5,0,,,
P29,7.5,8.5,0,,,
P29,7.5,9.5,0,,,
P29,7.5,10.5,0,,,
P29,7.5,11.5,0,,,
P29,7.5,12.5,0,,,
P29,7.5,13.5,0,,,
P29,7.5,14.5,0,,,
P29,7.5,15.5,0,,,
P29,7.5,16.5,0,,,
P29,7.5,17.5,0,,,
P29,7.5,18.5,0,,,
P29,7.5,19.5,0,,,
P29,7.5,20.5,0,,,
P29,7.5,21.5,0,,,
P29,7.5,22.5,0,,,
P29,7.5,23.5,0,,,
P29,7.5,24.5,0,,,
P29,7.5,25.5,0,,,
P29,7.5,26.5,0,,,
P29,7.5,27.5,0,,,
P29,7.5,28.5,0,,,
P29,7.5,29.5,0,,,
P29,7.5,30.5,0,,,
P29,7.5,31.5,0,,,
P29,7.5,32.5,0,,,
P29,7.5,33.5,9,604.1599731445312,604.1099853515625,604.1699829101562
P29,7.5,34.5,35,604.0999755859375,604.0350036621094,604.2850036621094
P29,7.5,35.5,63,604.3800048828125,604.0849914550781,604.7099914550781
P29,7.5,36.5,66,604.2550048828125,603.875,604.7374877929688
P29,7.5,37.5,75,604.3099975585938,603.9549865722656,604.6849975585938
P29,7.5,38.5,71,604.27001953125,603.9400024414062,604.5650024414062
P29,7.5,39.5,125,603.9099731445312,603.5900268554688,604.2000122070312
P29,7.5,40.5,157,604.1199951171875,604.030029296875,604.280029296875
P29,7.5,41.5,144,604.2149658203125,603.9649810791016,604.3699951171875
P29,7.5,42.5,116,604.25,604.1599731445312,604.3499755859375
P29,7.5,43.5,95,604.3800048828125,604.1500244140625,604.5
P29,7.5,44.5,98,604.3349609375,604.2000122070312,604.5075073242188
P29,7.5,45.5,114,604.094970703125,603.97998046875,604.1799926757812
P29,7.5,46.5,120,603.8599853515625,603.5449981689453,604.0599975585938
P29,7.5,47.5,91,603.5900268554688,603.489990234375,603.780029296875
P29,7.5,48.5,62,603.4600219726562,603.2899780273438,604.1174926757812
P29,7.5,49.5,60,602.9749755859375,602.7000122070312,603.1300048828125
P29,7.5,50.5,79,602.8900146484375,602.3050231933594,603.0449829101562
P29,7.5,51.5,53,602.9600219726562,602.8200073242188,603.4000244140625
P29,7.5,52.5,57,602.760009765625,602.510009765625,603.260009765625
P29,7.5,53.5,117,602.6699829101562,602.260009765625,603.0
P29,7.5,54.5,107,602.25,601.780029296875,602.625
P29,7.5,55.5,86,602.7550048828125,602.3925170898438,603.0424957275391
P29,7.5,56.5,3,603.8599853515625,603.5399780273438,603.8849792480469
P29,7.5,57.5,0,,,
P29,7.5,58.5,18,601.489990234375,601.0,601.5399780273438
P29,7.5,59.5,117,601.9600219726562,601.739990234375,602.7999877929688
P29,7.5,60.5,87,602.4299926757812,601.8599853515625,602.780029296875
P29,7.5,61.5,80,603.239990234375,603.1200103759766,603.510009765625
P29,7.5,62.5,91,603.22998046875,603.0700073242188,603.4199829101562
P29,7.5,63.5,66,603.635009765625,603.1724853515625,604.114990234375
P29,7.5,64.5,41,604.3200073242188,604.030029296875,604.5900268554688
P29,7.5,65.5,18,604.4150390625,604.3624877929688,604.5250244140625
P29,7.5,66.5,2,,,
P29,7.5,67.5,0,,,
P29,7.5,68.5,0,,,
P29,7.5,69.5,0,,,
P29,7.5,70.5,0,,,
P29,7.5,71.5,0,,,
P29,7.5,72.5,0,,,
P29,7.5,73.5,0,,,
P29,7.5,74.5,0,,,
P29,7.5,75.5,0,,,
P29,7.5,76.5,0,,,
P29,7.5,77.5,0,,,
P29,7.5,78.5,0,,,
P29,7.5,79.5,0,,,
P29,7.5,80.5,0,,,
P29,7.5,81.5,0,,,
P29,7.5,82.5,0,,,
P29,7.5,83.5,0,,,
P29,7.5,84.5,0,,,
P29,7.5,85.5,0,,,
P29,7.5,86.5,0,,,
P29,7.5,87.5,0,,,
P29,7.5,88.5,0,,,
P29,7.5,89.5,0,,,
P29,7.5,90.5,0,,,
P29,7.5,91.5,0,,,
P29,7.5,92.5,0,,,
P29,7.5,93.5,0,,,
P29,7.5,94.5,0,,,
P29,7.5,95.5,0,,,
P29,7.5,96.5,0,,,
P29,7.5,97.5,0,,,
P29,7.5,98.5,0,,,
P29,7.5,99.5,0,,,
P29,7.5,100.5,0,,,
P29,7.5,101.5,0,,,
P29,7.5,102.5,0,,,
P29,7.5,103.5,0,,,
P29,7.5,104.5,0,,,
P29,7.5,105.5,0,,,
P29,7.5,106.5,0,,,
P29,7.5,107.5,0,,,
P29,7.5,108.5,0,,,
P29,7.5,109.5,35,614.8900146484375,614.864990234375,614.9149780273438
P29,7.5,110.5,100,614.9099731445312,614.8699951171875,614.969970703125
P29,7.5,111.5,194,614.9149780273438,614.8800048828125,615.1275024414062
P29,7.5,112.5,200,614.8900146484375,614.8400268554688,614.9299926757812
P29,7.5,113.5,246,614.8900146484375,614.8524780273438,614.9299926757812
P29,7.5,114.5,292,614.9099731445312,614.8599853515625,614.9299926757812
P29,7.5,115.5,312,614.9099731445312,614.8699951171875,614.9400024414062
P29,7.5,116.5,305,614.8699951171875,614.8099975585938,614.9500122070312
P29,7.5,117.5,311,614.8099975585938,614.7249755859375,614.9099731445312
P29,7.5,118.5,312,614.75,614.6699829101562,614.8699951171875
P29,7.5,119.5,311,614.7000122070312,614.6099853515625,614.8099975585938
P29,7.5,120.5,302,614.6699829101562,614.5700073242188,614.77001953125
P29,7.5,121.5,291,614.7100219726562,614.6300048828125,614.7999877929688
P29,7.5,122.5,232,614.72998046875,614.6599731445312,614.8200073242188
P29,7.5,123.5,248,614.6900024414062,614.6300048828125,614.780029296875
P29,7.5,124.5,232,614.5999755859375,614.2675170898438,614.9224853515625
P29,7.5,125.5,205,614.2899780273438,614.22998046875,614.3900146484375
P29,7.5,126.5,245,614.2899780273438,614.1900024414062,614.3499755859375
P29,7.5,127.5,304,614.27001953125,614.16748046875,614.3825073242188
P29,7.5,128.5,309,614.219970703125,614.1099853515625,614.3400268554688
P29,7.5,129.5,314,614.1400146484375,614.030029296875,614.2974853515625
P29,7.5,130.5,305,614.0800170898438,613.9600219726562,614.22998046875
P29,7.5,131.5,313,614.02001953125,613.8599853515625,614.1599731445312
P29,7.5,132.5,315,613.97998046875,613.8599853515625,614.10498046875
P29,7.5,133.5,315,614.0,613.9099731445312,614.0999755859375
P29,7.5,134.5,257,614.010009765625,613.9500122070312,614.0900268554688
P29,7.5,135.5,136,614.1199951171875,614.0075073242188,614.1724853515625
P29,7.5,136.5,109,614.0900268554688,614.02001953125,614.1799926757812
P29,7.5,137.5,73,613.969970703125,613.9099731445312,614.0700073242188
P29,7.5,138.5,24,613.9299926757812,613.8875122070312,613.9650115966797
P29,7.5,139.5,0,,,
P29,7.5,140.5,0,,,
P29,7.5,141.5,0,,,
P29,7.5,142.5,0,,,
P29,7.5,143.5,0,,,
P29,7.5,144.5,0,,,
P29,7.5,145.5,0,,,
P29,7.5,146.5,0,,,
P29,7.5,147.5,0,,,
P29,7.5,148.5,0,,,
P29,7.5,149.5,0,,,
P29,7.5,150.5,0,,,
P29,7.5,151.5,0,,,
P29,7.5,152.5,0,,,
P29,7.5,153.5,0,,,
P29,7.5,154.5,0,,,
P29,7.5,155.5,0,,,
P29,7.5,156.5,0,,,
P29,7.5,157.5,0,,,
P29,7.5,158.5,0,,,
P29,7.5,159.5,0,,,
P29,7.5,160.5,0,,,
P29,7.5,161.5,0,,,
P29,7.5,162.5,0,,,
P29,7.5,163.5,0,,,
P29,7.5,164.5,0,,,
P29,7.5,165.5,0,,,
P29,7.5,166.5,0,,,
P29,7.5,167.5,0,,,
P29,7.5,168.5,0,,,
P29,7.5,169.5,0,,,
P29,7.5,170.5,0,,,
P29,7.5,171.5,0,,,
P29,7.5,172.5,0,,,
P29,7.5,173.5,0,,,
P29,7.5,174.5,0,,,
P29,7.5,175.5,0,,,
P29,7.5,176.5,0,,,
P29,7.5,177.5,0,,,
P29,7.5,178.5,0,,,
P29,7.5,179.5,0,,,
P30,2.5,0.5,0,,,
P30,2.5,1.5,0,,,
P30,2.5,2.5,0,,,
P30,2.5,3.5,0,,,
P30,2.5,4.5,0,,,
P30,2.5,5.5,0,,,
P30,2.5,6.5,0,,,
P30,2.5,7.5,0,,,
P30,2.5,8.5,0,,,
P30,2.5,9.5,0,,,
P30,2.5,10.5,0,,,
P30,2.5,11.5,0,,,
P30,2.5,12.5,0,,,
P30,2.5,13.5,0,,,
P30,2.5,14.5,0,,,
P30,2.5,15.5,0,,,
P30,2.5,16.5,0,,,
P30,2.5,17.5,0,,,
P30,2.5,18.5,0,,,
P30,2.5,19.5,0,,,
P30,2.5,20.5,0,,,
P30,2.5,21.5,0,,,
P30,2.5,22.5,0,,,
P30,2.5,23.5,0,,,
P30,2.5,24.5,0,,,
P30,2.5,25.5,0,,,
P30,2.5,26.5,0,,,
P30,2.5,27.5,0,,,
P30,2.5,28.5,0,,,
P30,2.5,29.5,0,,,
P30,2.5,30.5,0,,,
P30,2.5,31.5,0,,,
P30,2.5,32.5,0,,,
P30,2.5,33.5,0,,,
P30,2.5,34.5,0,,,
P30,2.5,35.5,0,,,
P30,2.5,36.5,58,603.9249877929688,603.8499755859375,604.1174926757812
P30,2.5,37.5,83,603.8200073242188,603.6799926757812,603.9550170898438
P30,2.5,38.5,50,603.5250244140625,603.4000244140625,604.1524963378906
P30,2.5,39.5,50,604.1599731445312,604.08251953125,604.2750244140625
P30,2.5,40.5,79,604.2100219726562,604.0900268554688,604.2899780273438
P30,2.5,41.5,77,604.260009765625,603.8099975585938,604.4099731445312
P30,2.5,42.5,40,604.1749877929688,604.0374908447266,604.3150024414062
P30,2.5,43.5,25,604.2999877929688,604.1900024414062,604.4099731445312
P30,2.5,44.5,25,604.0800170898438,603.969970703125,604.2100219726562
P30,2.5,45.5,4,604.155029296875,604.14501953125,604.2224731445312
P30,2.5,46.5,12,604.0400390625,603.9699859619141,604.1349945068359
P30,2.5,47.5,37,603.6799926757812,603.530029296875,603.760009765625
P30,2.5,48.5,66,603.0700073242188,602.969970703125,603.3250122070312
P30,2.5,49.5,117,602.9099731445312,602.3900146484375,603.1400146484375
P30,2.5,50.5,164,602.5999755859375,602.1699829101562,603.0025024414062
P30,2.5,51.5,159,602.3800048828125,602.0250244140625,602.8300170898438
P30,2.5,52.5,138,603.0250244140625,602.4400024414062,603.4199829101562
P30,2.5,53.5,163,602.8099975585938,602.4600219726562,603.27001953125
P30,2.5,54.5,120,602.47998046875,602.0900268554688,603.1300048828125
P30,2.5,55.5,108,602.5800170898438,602.2575073242188,603.0200042724609
P30,2.5,56.5,104,603.1400146484375,602.9874877929688,603.4050140380859
P30,2.5,57.5,117,603.530029296875,603.4000244140625,603.6699829101562
P30,2.5,58.5,127,603.8300170898438,603.4049987792969,603.97998046875
P30,2.5,59.5,113,603.8499755859375,603.3900146484375,604.0499877929688
P30,2.5,60.5,141,604.0399780273438,603.760009765625,604.3200073242188
P30,2.5,61.5,122,604.364990234375,604.25,604.4674835205078
P30,2.5,62.5,92,604.1749877929688,604.0775146484375,604.7224731445312
P30,2.5,63.5,124,604.14501953125,603.7324981689453,604.5425262451172
P30,2.5,64.5,120,604.1749877929688,603.8050079345703,604.5
P30,2.5,65.5,192,603.9249877929688,603.66748046875,604.25
P30,2.5,66.5,100,604.280029296875,604.0549926757812,604.469970703125
P30,2.5,67.5,44,604.2850341796875,604.197509765625,604.3950042724609
P30,2.5,68.5,8,604.4550170898438,604.3175201416016,604.52001953125
P30,2.5,69.5,0,,,
P30,2.5,70.5,0,,,
P30,2.5,71.5,0,,,
P30,2.5,72.5,0,,,
P30,2.5,73.5,0,,,
P30,2.5,74.5,0,,,
P30,2.5,75.5,0,,,
P30,2.5,76.5,0,,,
P30,2.5,77.5,0,,,
P30,2.5,78.5,0,,,
P30,2.5,79.5,0,,,
P30,2.5,80.5,0,,,
P30,2.5,81.5,0,,,
P30,2.5,82.5,0,,,
P30,2.5,83.5,0,,,
P30,2.5,84.5,0,,,
P30,2.5,85.5,0,,,
P30,2.5,86.5,0,,,
P30,2.5,87.5,0,,,
P30,2.5,88.5,0,,,
P30,2.5,89.5,0,,,
P30,2.5,90.5,0,,,
P30,2.5,91.5,0,,,
P30,2.5,92.5,0,,,
P30,2.5,93.5,0,,,
P30,2.5,94.5,0,,,
P30,2.5,95.5,0,,,
P30,2.5,96.5,0,,,
P30,2.5,97.5,0,,,
P30,2.5,98.5,0,,,
P30,2.5,99.5,0,,,
P30,2.5,100.5,0,,,
P30,2.5,101.5,0,,,
P30,2.5,102.5,0,,,
P30,2.5,103.5,0,,,
P30,2.5,104.5,0,,,
P30,2.5,105.5,14,615.3400268554688,615.29248046875,615.3674926757812
P30,2.5,106.5,104,614.97998046875,614.9099731445312,615.2025146484375
P30,2.5,107.5,105,614.9199829101562,614.8900146484375,614.9600219726562
P30,2.5,108.5,102,614.8599853515625,614.8300170898438,614.9099731445312
P30,2.5,109.5,105,614.8400268554688,614.8200073242188,614.8599853515625
P30,2.5,110.5,99,614.8699951171875,614.8400268554688,614.9000244140625
P30,2.5,111.5,107,614.8099975585938,614.780029296875,614.8400268554688
P30,2.5,112.5,104,614.75,614.72998046875,614.77001953125
P30,2.5,113.5,102,614.719970703125,614.7100219726562,614.739990234375
P30,2.5,114.5,98,614.6699829101562,614.6500244140625,614.6900024414062
P30,2.5,115.5,104,614.6099853515625,614.5900268554688,614.6325073242188
P30,2.5,116.5,95,614.5,614.47998046875,614.530029296875
P30,2.5,117.5,48,614.635009765625,614.4974975585938,614.7100219726562
P30,2.5,118.5,44,614.7050170898438,614.6199951171875,614.79248046875
P30,2.5,119.5,63,614.5900268554688,614.5,614.64501953125
P30,2.5,120.5,88,614.239990234375,614.2100219726562,614.280029296875
P30,2.5,121.5,105,614.1900024414062,614.1799926757812,614.2100219726562
P30,2.5,122.5,104,614.1599731445312,614.1300048828125,614.1824951171875
P30,2.5,123.5,102,614.0800170898438,614.0599975585938,614.0999755859375
P30,2.5,124.5,101,614.030029296875,614.0,614.0499877929688
P30,2.5,125.5,107,613.9600219726562,613.9199829101562,614.0
P30,2.5,126.5,101,613.8400268554688,613.8099975585938,613.8699951171875
P30,2.5,127.5,103,613.72998046875,613.6849975585938,613.77001953125
P30,2.5,128.5,101,613.6099853515625,613.5800170898438,613.6699829101562
P30,2.5,129.5,106,613.6500244140625,613.6099853515625,613.7274780273438
P30,2.5,130.5,83,613.72998046875,613.5850219726562,613.8200073242188
P30,2.5,131.5,2,,,
P30,2.5,132.5,0,,,
P30,2.5,133.5,0,,,
P30,2.5,134.5,0,,,
P30,2.5,135.5,0,,,
P30,2.5,136.5,0,,,
P30,2.5,137.5,0,,,
P30,2.5,138.5,0,,,
P30,2.5,139.5,0,,,
P30,2.5,140.5,0,,,
P30,2.5,141.5,0,,,
P30,2.5,142.5,0,,,
P30,2.5,143.5,0,,,
P30,2.5,144.5,0,,,
P30,2.5,145.5,0,,,
P30,2.5,146.5,0,,,
P30,2.5,147.5,0,,,
P30,2.5,148.5,0,,,
P30,2.5,149.5,0,,,
P30,2.5,150.5,0,,,
P30,2.5,151.5,0,,,
P30,2.5,152.5,0,,,
P30,2.5,153.5,0,,,
P30,2.5,154.5,0,,,
P30,2.5,155.5,0,,,
P30,2.5,156.5,0,,,
P30,2.5,157.5,0,,,
P30,2.5,158.5,0,,,
P30,2.5,159.5,0,,,
P30,2.5,160.5,0,,,
P30,2.5,161.5,0,,,
P30,2.5,162.5,0,,,
P30,2.5,163.5,0,,,
P30,2.5,164.5,0,,,
P30,2.5,165.5,0,,,
P30,2.5,166.5,0,,,
P30,2.5,167.5,0,,,
P30,2.5,168.5,0,,,
P30,2.5,169.5,0,,,
P30,2.5,170.5,0,,,
P30,2.5,171.5,0,,,
P30,2.5,172.5,0,,,
P30,2.5,173.5,0,,,
P30,2.5,174.5,0,,,
P30,2.5,175.5,0,,,
P30,2.5,176.5,0,,,
P30,2.5,177.5,0,,,
P30,2.5,178.5,0,,,
P30,2.5,179.5,0,,,
P30,5.0,0.5,0,,,
P30,5.0,1.5,0,,,
P30,5.0,2.5,0,,,
P30,5.0,3.5,0,,,
P30,5.0,4.5,0,,,
P30,5.0,5.5,0,,,
P30,5.0,6.5,0,,,
P30,5.0,7.5,0,,,
P30,5.0,8.5,0,,,
P30,5.0,9.5,0,,,
P30,5.0,10.5,0,,,
P30,5.0,11.5,0,,,
P30,5.0,12.5,0,,,
P30,5.0,13.5,0,,,
P30,5.0,14.5,0,,,
P30,5.0,15.5,0,,,
P30,5.0,16.5,0,,,
P30,5.0,17.5,0,,,
P30,5.0,18.5,0,,,
P30,5.0,19.5,0,,,
P30,5.0,20.5,0,,,
P30,5.0,21.5,0,,,
P30,5.0,22.5,0,,,
P30,5.0,23.5,0,,,
P30,5.0,24.5,0,,,
P30,5.0,25.5,0,,,
P30,5.0,26.5,0,,,
P30,5.0,27.5,0,,,
P30,5.0,28.5,0,,,
P30,5.0,29.5,0,,,
P30,5.0,30.5,0,,,
P30,5.0,31.5,0,,,
P30,5.0,32.5,0,,,
P30,5.0,33.5,0,,,
P30,5.0,34.5,0,,,
P30,5.0,35.5,0,,,
P30,5.0,36.5,58,603.9249877929688,603.8499755859375,604.1174926757812
P30,5.0,37.5,83,603.8200073242188,603.6799926757812,603.9550170898438
P30,5.0,38.5,50,603.5250244140625,603.4000244140625,604.1524963378906
P30,5.0,39.5,50,604.1599731445312,604.08251953125,604.2750244140625
P30,5.0,40.5,79,604.2100219726562,604.0900268554688,604.2899780273438
P30,5.0,41.5,79,604.2000122070312,603.7900085449219,604.3999938964844
P30,5.0,42.5,45,604.1599731445312,604.0399780273438,604.2999877929688
P30,5.0,43.5,54,604.2999877929688,604.1824951171875,604.4074859619141
P30,5.0,44.5,82,604.0800170898438,603.9625091552734,604.1199951171875
P30,5.0,45.5,46,604.10498046875,604.0125122070312,604.16748046875
P30,5.0,46.5,21,604.1199951171875,604.02001953125,604.3200073242188
P30,5.0,47.5,55,603.6699829101562,603.5,603.7850036621094
P30,5.0,48.5,69,603.0800170898438,602.969970703125,603.3499755859375
P30,5.0,49.5,138,602.9949951171875,602.5,603.3499755859375
P30,5.0,50.5,189,602.780029296875,602.2000122070312,603.219970703125
P30,5.0,51.5,186,602.5449829101562,602.1099853515625,603.177490234375
P30,5.0,52.5,163,603.0800170898438,602.4400024414062,603.6549987792969
P30,5.0,53.5,183,602.8900146484375,602.52001953125,603.5499877929688
P30,5.0,54.5,164,602.780029296875,602.2374877929688,603.6550140380859
P30,5.0,55.5,171,602.9000244140625,602.4099731445312,604.25
P30,5.0,56.5,158,603.4100341796875,603.0599975585938,603.9649810791016
P30,5.0,57.5,172,603.52001953125,603.3499755859375,603.719970703125
P30,5.0,58.5,214,603.625,603.2424926757812,603.8875122070312
P30,5.0,59.5,256,603.60498046875,603.239990234375,603.9625091552734
P30,5.0,60.5,303,604.0599975585938,603.6900024414062,604.4099731445312
P30,5.0,61.5,254,604.3400268554688,603.9749755859375,604.6699829101562
P30,5.0,62.5,206,604.1300048828125,603.469970703125,604.9875030517578
P30,5.0,63.5,246,603.864990234375,603.1799926757812,604.7525024414062
P30,5.0,64.5,243,604.010009765625,603.02001953125,604.6199951171875
P30,5.0,65.5,378,604.010009765625,603.6400146484375,604.4299926757812
P30,5.0,66.5,240,604.7100219726562,604.3300170898438,605.260009765625
P30,5.0,67.5,169,605.2100219726562,604.5,605.5900268554688
P30,5.0,68.5,79,604.7899780273438,604.5399780273438,605.0850219726562
P30,5.0,69.5,11,604.469970703125,604.4099731445312,605.2900085449219
P30,5.0,70.5,0,,,
P30,5.0,71.5,0,,,
P30,5.0,72.5,0,,,
P30,5.0,73.5,0,,,
P30,5.0,74.5,0,,,
P30,5.0,75.5,0,,,
P30,5.0,76.5,0,,,
P30,5.0,77.5,0,,,
P30,5.0,78.5,0,,,
P30,5.0,79.5,0,,,
P30,5.0,80.5,0,,,
P30,5.0,81.5,0,,,
P30,5.0,82.5,0,,,
P30,5.0,83.5,0,,,
P30,5.0,84.5,0,,,
P30,5.0,85.5,0,,,
P30,5.0,86.5,0,,,
P30,5.0,87.5,0,,,
P30,5.0,88.5,0,,,
P30,5.0,89.5,0,,,
P30,5.0,90.5,0,,,
P30,5.0,91.5,0,,,
P30,5.0,92.5,0,,,
P30,5.0,93.5,0,,,
P30,5.0,94.5,0,,,
P30,5.0,95.5,0,,,
P30,5.0,96.5,0,,,
P30,5.0,97.5,0,,,
P30,5.0,98.5,0,,,
P30,5.0,99.5,0,,,
P30,5.0,100.5,0,,,
P30,5.0,101.5,0,,,
P30,5.0,102.5,0,,,
P30,5.0,103.5,0,,,
P30,5.0,104.5,0,,,
P30,5.0,105.5,22,615.344970703125,615.29248046875,615.3775024414062
P30,5.0,106.5,206,615.0399780273438,614.9400024414062,615.1599731445312
P30,5.0,107.5,212,614.9199829101562,614.8900146484375,614.9600219726562
P30,5.0,108.5,206,614.8499755859375,614.8200073242188,614.9074859619141
P30,5.0,109.5,212,614.8400268554688,614.8099975585938,614.8699951171875
P30,5.0,110.5,199,614.8699951171875,614.8400268554688,614.8900146484375
P30,5.0,111.5,211,614.8300170898438,614.7999877929688,614.8499755859375
P30,5.0,112.5,208,614.760009765625,614.739990234375,614.7899780273438
P30,5.0,113.5,207,614.719970703125,614.7000122070312,614.739990234375
P30,5.0,114.5,201,614.6699829101562,614.6400146484375,614.6900024414062
P30,5.0,115.5,205,614.5999755859375,614.5700073242188,614.6199951171875
P30,5.0,116.5,193,614.52001953125,614.489990234375,614.5499877929688
P30,5.0,117.5,123,614.530029296875,614.4849853515625,614.760009765625
P30,5.0,118.5,91,614.6900024414062,614.5999755859375,614.760009765625
P30,5.0,119.5,101,614.52001953125,614.3499755859375,614.6199951171875
P30,5.0,120.5,162,614.239990234375,614.2100219726562,614.280029296875
P30,5.0,121.5,210,614.1950073242188,614.1799926757812,614.219970703125
P30,5.0,122.5,202,614.1599731445312,614.1300048828125,614.1875
P30,5.0,123.5,205,614.0900268554688,614.0599975585938,614.1099853515625
P30,5.0,124.5,208,614.030029296875,613.97998046875,614.0499877929688
P30,5.0,125.5,208,613.9600219726562,613.9000244140625,614.0
P30,5.0,126.5,206,613.8400268554688,613.7999877929688,613.8875122070312
P30,5.0,127.5,209,613.72998046875,613.6599731445312,613.7899780273438
P30,5.0,128.5,201,613.6699829101562,613.5999755859375,613.760009765625
P30,5.0,129.5,187,613.6400146484375,613.5900268554688,613.7550048828125
P30,5.0,130.5,155,613.6799926757812,613.5700073242188,613.8200073242188
P30,5.0,131.5,14,613.3699951171875,613.3175048828125,613.5574951171875
P30,5.0,132.5,0,,,
P30,5.0,133.5,0,,,
P30,5.0,134.5,0,,,
P30,5.0,135.5,0,,,
P30,5.0,136.5,0,,,
P30,5.0,137.5,0,,,
P30,5.0,138.5,0,,,
P30,5.0,139.5,0,,,
P30,5.0,140.5,0,,,
P30,5.0,141.5,0,,,
P30,5.0,142.5,0,,,
P30,5.0,143.5,0,,,
P30,5.0,144.5,0,,,
P30,5.0,145.5,0,,,
P30,5.0,146.5,0,,,
P30,5.0,147.5,0,,,
P30,5.0,148.5,0,,,
P30,5.0,149.5,0,,,
P30,5.0,150.5,0,,,
P30,5.0,151.5,0,,,
P30,5.0,152.5,0,,,
P30,5.0,153.5,0,,,
P30,5.0,154.5,0,,,
P30,5.0,155.5,0,,,
P30,5.0,156.5,0,,,
P30,5.0,157.5,0,,,
P30,5.0,158.5,0,,,
P30,5.0,159.5,0,,,
P30,5.0,160.5,0,,,
P30,5.0,161.5,0,,,
P30,5.0,162.5,0,,,
P30,5.0,163.5,0,,,
P30,5.0,164.5,0,,,
P30,5.0,165.5,0,,,
P30,5.0,166.5,0,,,
P30,5.0,167.5,0,,,
P30,5.0,168.5,0,,,
P30,5.0,169.5,0,,,
P30,5.0,170.5,0,,,
P30,5.0,171.5,0,,,
P30,5.0,172.5,0,,,
P30,5.0,173.5,0,,,
P30,5.0,174.5,0,,,
P30,5.0,175.5,0,,,
P30,5.0,176.5,0,,,
P30,5.0,177.5,0,,,
P30,5.0,178.5,0,,,
P30,5.0,179.5,0,,,
P30,7.5,0.5,0,,,
P30,7.5,1.5,0,,,
P30,7.5,2.5,0,,,
P30,7.5,3.5,0,,,
P30,7.5,4.5,0,,,
P30,7.5,5.5,0,,,
P30,7.5,6.5,0,,,
P30,7.5,7.5,0,,,
P30,7.5,8.5,0,,,
P30,7.5,9.5,0,,,
P30,7.5,10.5,0,,,
P30,7.5,11.5,0,,,
P30,7.5,12.5,0,,,
P30,7.5,13.5,0,,,
P30,7.5,14.5,0,,,
P30,7.5,15.5,0,,,
P30,7.5,16.5,0,,,
P30,7.5,17.5,0,,,
P30,7.5,18.5,0,,,
P30,7.5,19.5,0,,,
P30,7.5,20.5,0,,,
P30,7.5,21.5,0,,,
P30,7.5,22.5,0,,,
P30,7.5,23.5,0,,,
P30,7.5,24.5,0,,,
P30,7.5,25.5,0,,,
P30,7.5,26.5,0,,,
P30,7.5,27.5,0,,,
P30,7.5,28.5,0,,,
P30,7.5,29.5,0,,,
P30,7.5,30.5,0,,,
P30,7.5,31.5,0,,,
P30,7.5,32.5,0,,,
P30,7.5,33.5,0,,,
P30,7.5,34.5,0,,,
P30,7.5,35.5,0,,,
P30,7.5,36.5,58,603.9249877929688,603.8499755859375,604.1174926757812
P30,7.5,37.5,83,603.8200073242188,603.6799926757812,603.9550170898438
P30,7.5,38.5,50,603.5250244140625,603.4000244140625,604.1524963378906
P30,7.5,39.5,50,604.1599731445312,604.08251953125,604.2750244140625
P30,7.5,40.5,79,604.2100219726562,604.0900268554688,604.2899780273438
P30,7.5,41.5,79,604.2000122070312,603.7900085449219,604.3999938964844
P30,7.5,42.5,45,604.1599731445312,604.0399780273438,604.2999877929688
P30,7.5,43.5,63,604.280029296875,604.135009765625,604.39501953125
P30,7.5,44.5,107,604.0599975585938,603.8699951171875,604.1099853515625
P30,7.5,45.5,63,604.0599975585938,603.6399841308594,604.14501953125
P30,7.5,46.5,38,603.9599609375,602.7100219726562,604.1425170898438
P30,7.5,47.5,78,603.5850219726562,603.3099975585938,603.72998046875
P30,7.5,48.5,124,602.6199951171875,601.5275268554688,603.1724853515625
P30,7.5,49.5,200,602.7249755859375,601.8699951171875,603.2100219726562
P30,7.5,50.5,281,602.6199951171875,602.1699829101562,603.2000122070312
P30,7.5,51.5,237,602.72998046875,602.22998046875,603.1799926757812
P30,7.5,52.5,204,603.0250244140625,602.4550170898438,603.4299926757812
P30,7.5,53.5,187,602.8900146484375,602.5299987792969,603.5700073242188
P30,7.5,54.5,179,602.9000244140625,602.2650146484375,603.9399719238281
P30,7.5,55.5,242,603.4749755859375,602.5999755859375,604.2775268554688
P30,7.5,56.5,228,603.8350219726562,603.1599731445312,604.1925048828125
P30,7.5,57.5,236,603.6649780273438,603.4000244140625,604.3450164794922
P30,7.5,58.5,264,603.7050170898438,603.3074951171875,604.0700073242188
P30,7.5,59.5,343,603.739990234375,603.260009765625,604.280029296875
P30,7.5,60.5,446,604.0700073242188,603.4400024414062,604.5900268554688
P30,7.5,61.5,380,604.3200073242188,603.33251953125,604.8599853515625
P30,7.5,62.5,356,603.9849853515625,603.3775024414062,605.2100219726562
P30,7.5,63.5,375,603.5599975585938,603.0499877929688,604.760009765625
P30,7.5,64.5,375,603.8200073242188,602.8250122070312,604.7100219726562
P30,7.5,65.5,479,604.0999755859375,603.635009765625,604.530029296875
P30,7.5,66.5,350,605.010009765625,604.510009765625,605.4674835205078
P30,7.5,67.5,225,605.4500122070312,604.739990234375,605.8300170898438
P30,7.5,68.5,108,605.0250244140625,604.5875244140625,605.6300048828125
P30,7.5,69.5,13,605.25,604.4099731445312,605.3599853515625
P30,7.5,70.5,0,,,
P30,7.5,71.5,0,,,
P30,7.5,72.5,0,,,
P30,7.5,73.5,0,,,
P30,7.5,74.5,0,,,
P30,7.5,75.5,0,,,
P30,7.5,76.5,0,,,
P30,7.5,77.5,0,,,
P30,7.5,78.5,0,,,
P30,7.5,79.5,0,,,
P30,7.5,80.5,0,,,
P30,7.5,81.5,0,,,
P30,7.5,82.5,0,,,
P30,7.5,83.5,0,,,
P30,7.5,84.5,0,,,
P30,7.5,85.5,0,,,
P30,7.5,86.5,0,,,
P30,7.5,87.5,0,,,
P30,7.5,88.5,0,,,
P30,7.5,89.5,0,,,
P30,7.5,90.5,0,,,
P30,7.5,91.5,0,,,
P30,7.5,92.5,0,,,
P30,7.5,93.5,0,,,
P30,7.5,94.5,0,,,
P30,7.5,95.5,0,,,
P30,7.5,96.5,0,,,
P30,7.5,97.5,0,,,
P30,7.5,98.5,0,,,
P30,7.5,99.5,0,,,
P30,7.5,100.5,0,,,
P30,7.5,101.5,0,,,
P30,7.5,102.5,0,,,
P30,7.5,103.5,0,,,
P30,7.5,104.5,5,614.97998046875,614.969970703125,615.0
P30,7.5,105.5,53,615.1400146484375,615.010009765625,615.3400268554688
P30,7.5,106.5,309,615.0599975585938,614.969970703125,615.1900024414062
P30,7.5,107.5,319,614.9099731445312,614.8699951171875,614.9500122070312
P30,7.5,108.5,312,614.8499755859375,614.8099975585938,614.8900146484375
P30,7.5,109.5,312,614.8499755859375,614.8099975585938,614.8800048828125
P30,7.5,110.5,303,614.8499755859375,614.8200073242188,614.8800048828125
P30,7.5,111.5,314,614.8300170898438,614.8099975585938,614.8599853515625
P30,7.5,112.5,307,614.77001953125,614.75,614.8099975585938
P30,7.5,113.5,311,614.719970703125,614.7000122070312,614.739990234375
P30,7.5,114.5,305,614.6699829101562,614.6400146484375,614.6900024414062
P30,7.5,115.5,308,614.5999755859375,614.5574951171875,614.6300048828125
P30,7.5,116.5,294,614.5399780273438,614.5025024414062,614.6099853515625
P30,7.5,117.5,195,614.530029296875,614.489990234375,614.77001953125
P30,7.5,118.5,149,614.6799926757812,614.5900268554688,614.75
P30,7.5,119.5,165,614.4299926757812,614.280029296875,614.6199951171875
P30,7.5,120.5,217,614.22998046875,614.2100219726562,614.260009765625
P30,7.5,121.5,300,614.2000122070312,614.1799926757812,614.219970703125
P30,7.5,122.5,303,614.1599731445312,614.1199951171875,614.1900024414062
P30,7.5,123.5,309,614.0800170898438,614.0499877929688,614.1300048828125
P30,7.5,124.5,311,614.030029296875,613.97998046875,614.0599975585938
P30,7.5,125.5,308,613.9550170898438,613.8900146484375,614.010009765625
P30,7.5,126.5,309,613.8400268554688,613.7999877929688,613.9000244140625
P30,7.5,127.5,310,613.75,613.6699829101562,613.8300170898438
P30,7.5,128.5,260,613.7000122070312,613.6099853515625,613.780029296875
P30,7.5,129.5,239,613.6300048828125,613.5900268554688,613.7249755859375
P30,7.5,130.5,209,613.7100219726562,613.5700073242188,613.8200073242188
P30,7.5,131.5,59,613.7100219726562,613.52001953125,613.9149780273438
P30,7.5,132.5,0,,,
P30,7.5,133.5,0,,,
P30,7.5,134.5,0,,,
P30,7.5,135.5,0,,,
P30,7.5,136.5,0,,,
P30,7.5,137.5,0,,,
P30,7.5,138.5,0,,,
P30,7.5,139.5,0,,,
P30,7.5,140.5,0,,,
P30,7.5,141.5,0,,,
P30,7.5,142.5,0,,,
P30,7.5,143.5,0,,,
P30,7.5,144.5,0,,,
P30,7.5,145.5,0,,,
P30,7.5,146.5,0,,,
P30,7.5,147.5,0,,,
P30,7.5,148.5,0,,,
P30,7.5,149.5,0,,,
P30,7.5,150.5,0,,,
P30,7.5,151.5,0,,,
P30,7.5,152.5,0,,,
P30,7.5,153.5,0,,,
P30,7.5,154.5,0,,,
P30,7.5,155.5,0,,,
P30,7.5,156.5,0,,,
P30,7.5,157.5,0,,,
P30,7.5,158.5,0,,,
P30,7.5,159.5,0,,,
P30,7.5,160.5,0,,,
P30,7.5,161.5,0,,,
P30,7.5,162.5,0,,,
P30,7.5,163.5,0,,,
P30,7.5,164.5,0,,,
P30,7.5,165.5,0,,,
P30,7.5,166.5,0,,,
P30,7.5,167.5,0,,,
P30,7.5,168.5,0,,,
P30,7.5,169.5,0,,,
P30,7.5,170.5,0,,,
P30,7.5,171.5,0,,,
P30,7.5,172.5,0,,,
P30,7.5,173.5,0,,,
P30,7.5,174.5,0,,,
P30,7.5,175.5,0,,,
P30,7.5,176.5,0,,,
P30,7.5,177.5,0,,,
P30,7.5,178.5,0,,,
P30,7.5,179.5,0,,,
P31,2.5,0.5,0,,,
P31,2.5,1.5,0,,,
P31,2.5,2.5,0,,,
P31,2.5,3.5,0,,,
P31,2.5,4.5,0,,,
P31,2.5,5.5,0,,,
P31,2.5,6.5,11,601.0399780273438,600.9850158691406,601.0399780273438
P31,2.5,7.5,8,601.0450439453125,601.0,601.1099853515625
P31,2.5,8.5,4,601.1199951171875,601.1199951171875,601.1474914550781
P31,2.5,9.5,0,,,
P31,2.5,10.5,0,,,
P31,2.5,11.5,9,601.1099853515625,600.989990234375,601.3499755859375
P31,2.5,12.5,15,601.1099853515625,601.0299987792969,601.1950073242188
P31,2.5,13.5,17,601.25,601.1900024414062,601.2899780273438
P31,2.5,14.5,7,601.22998046875,601.1999816894531,601.3100280761719
P31,2.5,15.5,10,601.27001953125,601.2550048828125,601.2974853515625
P31,2.5,16.5,2,,,
P31,2.5,17.5,9,601.27001953125,601.219970703125,601.3200073242188
P31,2.5,18.5,8,601.030029296875,600.9900054931641,601.1224822998047
P31,2.5,19.5,0,,,
P31,2.5,20.5,3,600.6199951171875,600.6050109863281,600.6950073242188
P31,2.5,21.5,3,600.6799926757812,600.5650024414062,600.7149963378906
P31,2.5,22.5,0,,,
P31,2.5,23.5,0,,,
P31,2.5,24.5,0,,,
P31,2.5,25.5,0,,,
P31,2.5,26.5,0,,,
P31,2.5,27.5,0,,,
P31,2.5,28.5,0,,,
P31,2.5,29.5,0,,,
P31,2.5,30.5,0,,,
P31,2.5,31.5,0,,,
P31,2.5,32.5,0,,,
P31,2.5,33.5,0,,,
P31,2.5,34.5,0,,,
P31,2.5,35.5,0,,,
P31,2.5,36.5,0,,,
P31,2.5,37.5,0,,,
P31,2.5,38.5,0,,,
P31,2.5,39.5,1,,,
P31,2.5,40.5,8,603.2850341796875,603.27001953125,603.3400115966797
P31,2.5,41.5,5,603.0999755859375,603.0999755859375,603.469970703125
P31,2.5,42.5,2,,,
P31,2.5,43.5,0,,,
P31,2.5,44.5,0,,,
P31,2.5,45.5,0,,,
P31,2.5,46.5,0,,,
P31,2.5,47.5,0,,,
P31,2.5,48.5,0,,,
P31,2.5,49.5,0,,,
P31,2.5,50.5,21,603.7100219726562,603.6400146484375,603.8099975585938
P31,2.5,51.5,99,603.6900024414062,603.489990234375,603.8099975585938
P31,2.5,52.5,133,603.6199951171875,603.4400024414062,603.7999877929688
P31,2.5,53.5,116,603.6950073242188,603.4774780273438,603.9000244140625
P31,2.5,54.5,113,603.7000122070312,603.5,603.8900146484375
P31,2.5,55.5,119,603.6699829101562,603.4949951171875,603.9749755859375
P31,2.5,56.5,100,603.8049926757812,603.6649932861328,604.08251953125
P31,2.5,57.5,93,604.0800170898438,603.8900146484375,604.3099975585938
P31,2.5,58.5,92,604.3150024414062,604.1400146484375,604.4824829101562
P31,2.5,59.5,93,604.1400146484375,604.0499877929688,604.280029296875
P31,2.5,60.5,104,603.875,603.5875244140625,604.2625122070312
P31,2.5,61.5,99,604.1599731445312,603.6649780273438,604.530029296875
P31,2.5,62.5,108,604.0800170898438,603.5,604.385009765625
P31,2.5,63.5,107,603.8099975585938,603.5800170898438,604.1600036621094
P31,2.5,64.5,115,604.0999755859375,603.8350219726562,604.3300170898438
P31,2.5,65.5,82,604.0650024414062,603.6299896240234,604.2874908447266
P31,2.5,66.5,26,603.719970703125,603.3724975585938,603.8375244140625
P31,2.5,67.5,8,603.27001953125,603.2274780273438,603.322509765625
P31,2.5,68.5,0,,,
P31,2.5,69.5,0,,,
P31,2.5,70.5,0,,,
P31,2.5,71.5,0,,,
P31,2.5,72.5,0,,,
P31,2.5,73.5,0,,,
P31,2.5,74.5,0,,,
P31,2.5,75.5,0,,,
P31,2.5,76.5,0,,,
P31,2.5,77.5,0,,,
P31,2.5,78.5,0,,,
P31,2.5,79.5,0,,,
P31,2.5,80.5,0,,,
P31,2.5,81.5,0,,,
P31,2.5,82.5,0,,,
P31,2.5,83.5,0,,,
P31,2.5,84.5,0,,,
P31,2.5,85.5,0,,,
P31,2.5,86.5,0,,,
P31,2.5,87.5,0,,,
P31,2.5,88.5,0,,,
P31,2.5,89.5,0,,,
P31,2.5,90.5,0,,,
P31,2.5,91.5,0,,,
P31,2.5,92.5,0,,,
P31,2.5,93.5,0,,,
P31,2.5,94.5,0,,,
P31,2.5,95.5,0,,,
P31,2.5,96.5,0,,,
P31,2.5,97.5,0,,,
P31,2.5,98.5,0,,,
P31,2.5,99.5,0,,,
P31,2.5,100.5,0,,,
P31,2.5,101.5,0,,,
P31,2.5,102.5,0,,,
P31,2.5,103.5,8,615.2449951171875,615.1900024414062,615.3300018310547
P31,2.5,104.5,99,615.25,615.1500244140625,615.3499755859375
P31,2.5,105.5,104,615.1500244140625,615.1199951171875,615.2000122070312
P31,2.5,106.5,104,615.0599975585938,615.030029296875,615.0999755859375
P31,2.5,107.5,105,615.1199951171875,615.0999755859375,615.1500244140625
P31,2.5,108.5,104,615.0900268554688,615.0800170898438,615.1099853515625
P31,2.5,109.5,104,615.0599975585938,615.0399780273438,615.0800170898438
P31,2.5,110.5,102,615.0,614.969970703125,615.030029296875
P31,2.5,111.5,101,614.9400024414062,614.9099731445312,614.969970703125
P31,2.5,112.5,103,614.8400268554688,614.8200073242188,614.8900146484375
P31,2.5,113.5,105,614.780029296875,614.75,614.8200073242188
P31,2.5,114.5,97,614.7999877929688,614.760009765625,614.8699951171875
P31,2.5,115.5,95,615.0,614.9299926757812,615.030029296875
P31,2.5,116.5,82,614.8599853515625,614.802490234375,614.9000244140625
P31,2.5,117.5,91,614.5700073242188,614.510009765625,614.6500244140625
P31,2.5,118.5,101,614.4600219726562,614.4099731445312,614.489990234375
P31,2.5,119.5,103,614.4000244140625,614.3599853515625,614.4299926757812
P31,2.5,120.5,103,614.3400268554688,614.2999877929688,614.3800048828125
P31,2.5,121.5,104,614.280029296875,614.2474975585938,614.3099975585938
P31,2.5,122.5,101,614.1799926757812,614.1400146484375,614.219970703125
P31,2.5,123.5,103,614.0999755859375,614.0700073242188,614.1500244140625
P31,2.5,124.5,106,614.030029296875,614.0025024414062,614.0599975585938
P31,2.5,125.5,99,613.8599853515625,613.8400268554688,613.8900146484375
P31,2.5,126.5,107,613.9299926757812,613.9000244140625,613.9600219726562
P31,2.5,127.5,64,613.9500122070312,613.8800048828125,613.989990234375
P31,2.5,128.5,2,,,
P31,2.5,129.5,0,,,
P31,2.5,130.5,0,,,
P31,2.5,131.5,0,,,
P31,2.5,132.5,0,,,
P31,2.5,133.5,0,,,
P31,2.5,134.5,0,,,
P31,2.5,135.5,0,,,
P31,2.5,136.5,0,,,
P31,2.5,137.5,0,,,
P31,2.5,138.5,0,,,
P31,2.5,139.5,0,,,
P31,2.5,140.5,0,,,
P31,2.5,141.5,0,,,
P31,2.5,142.5,0,,,
P31,2.5,143.5,0,,,
P31,2.5,144.5,0,,,
P31,2.5,145.5,0,,,
P31,2.5,146.5,0,,,
P31,2.5,147.5,0,,,
P31,2.5,148.5,0,,,
P31,2.5,149.5,0,,,
P31,2.5,150.5,0,,,
P31,2.5,151.5,0,,,
P31,2.5,152.5,0,,,
P31,2.5,153.5,0,,,
P31,2.5,154.5,0,,,
P31,2.5,155.5,0,,,
P31,2.5,156.5,0,,,
P31,2.5,157.5,0,,,
P31,2.5,158.5,0,,,
P31,2.5,159.5,0,,,
P31,2.5,160.5,0,,,
P31,2.5,161.5,0,,,
P31,2.5,162.5,0,,,
P31,2.5,163.5,0,,,
P31,2.5,164.5,0,,,
P31,2.5,165.5,0,,,
P31,2.5,166.5,0,,,
P31,2.5,167.5,0,,,
P31,2.5,168.5,0,,,
P31,2.5,169.5,0,,,
P31,2.5,170.5,0,,,
P31,2.5,171.5,0,,,
P31,2.5,172.5,0,,,
P31,2.5,173.5,0,,,
P31,2.5,174.5,0,,,
P31,2.5,175.5,0,,,
P31,2.5,176.5,0,,,
P31,2.5,177.5,0,,,
P31,2.5,178.5,0,,,
P31,2.5,179.5,0,,,
P31,5.0,0.5,0,,,
P31,5.0,1.5,0,,,
P31,5.0,2.5,0,,,
P31,5.0,3.5,0,,,
P31,5.0,4.5,0,,,
P31,5.0,5.5,0,,,
P31,5.0,6.5,11,601.0399780273438,600.9850158691406,601.0399780273438
P31,5.0,7.5,8,601.0450439453125,601.0,601.1099853515625
P31,5.0,8.5,4,601.1199951171875,601.1199951171875,601.1474914550781
P31,5.0,9.5,0,,,
P31,5.0,10.5,0,,,
P31,5.0,11.5,11,601.1099853515625,600.9949951171875,601.3299865722656
P31,5.0,12.5,30,601.0150146484375,600.7075042724609,601.1674957275391
P31,5.0,13.5,68,600.8300170898438,600.6174926757812,601.1925048828125
P31,5.0,14.5,36,600.9599609375,600.8099975585938,601.22998046875
P31,5.0,15.5,13,601.27001953125,601.2100219726562,601.2899780273438
P31,5.0,16.5,10,601.1650390625,601.0500183105469,601.4125061035156
P31,5.0,17.5,20,601.280029296875,600.8200073242188,601.3874969482422
P31,5.0,18.5,17,600.6799926757812,600.3900146484375,601.010009765625
P31,5.0,19.5,1,,,
P31,5.0,20.5,16,602.3349609375,602.2974853515625,602.4899749755859
P31,5.0,21.5,20,602.405029296875,602.33251953125,602.5350189208984
P31,5.0,22.5,0,,,
P31,5.0,23.5,0,,,
P31,5.0,24.5,0,,,
P31,5.0,25.5,0,,,
P31,5.0,26.5,0,,,
P31,5.0,27.5,0,,,
P31,5.0,28.5,0,,,
P31,5.0,29.5,0,,,
P31,5.0,30.5,0,,,
P31,5.0,31.5,0,,,
P31,5.0,32.5,0,,,
P31,5.0,33.5,0,,,
P31,5.0,34.5,0,,,
P31,5.0,35.5,0,,,
P31,5.0,36.5,0,,,
P31,5.0,37.5,0,,,
P31,5.0,38.5,0,,,
P31,5.0,39.5,3,603.25,603.1650085449219,603.2999877929688
P31,5.0,40.5,16,603.3350219726562,603.2874908447266,603.4025115966797
P31,5.0,41.5,25,603.3099975585938,603.1300048828125,603.3900146484375
P31,5.0,42.5,53,602.7999877929688,602.719970703125,602.9600219726562
P31,5.0,43.5,37,602.489990234375,602.3900146484375,602.8099975585938
P31,5.0,44.5,22,602.4549560546875,602.3574829101562,602.5550079345703
P31,5.0,45.5,36,603.3800048828125,603.0424957275391,604.7274780273438
P31,5.0,46.5,4,603.530029296875,603.4975128173828,603.9874877929688
P31,5.0,47.5,0,,,
P31,5.0,48.5,0,,,
P31,5.0,49.5,13,603.719970703125,603.6799926757812,603.8499755859375
P31,5.0,50.5,85,603.8200073242188,603.6799926757812,603.9500122070312
P31,5.0,51.5,172,603.7449951171875,603.5125122070312,604.0025024414062
P31,5.0,52.5,220,603.6749877929688,603.2274780273438,603.9525146484375
P31,5.0,53.5,208,603.739990234375,603.3025054931641,604.030029296875
P31,5.0,54.5,219,603.6900024414062,603.2099914550781,604.0449829101562
P31,5.0,55.5,211,603.7000122070312,603.375,604.3099975585938
P31,5.0,56.5,190,603.844970703125,603.4324951171875,604.2274780273438
P31,5.0,57.5,197,604.0700073242188,603.1900024414062,604.2999877929688
P31,5.0,58.5,184,604.3800048828125,603.8574829101562,604.5700073242188
P31,5.0,59.5,199,604.1699829101562,603.1099853515625,604.4849853515625
P31,5.0,60.5,207,604.0700073242188,603.52001953125,604.530029296875
P31,5.0,61.5,190,604.4649658203125,603.5700073242188,604.72998046875
P31,5.0,62.5,209,604.0599975585938,603.0,604.7100219726562
P31,5.0,63.5,232,603.7650146484375,602.72998046875,604.6625213623047
P31,5.0,64.5,239,604.0900268554688,603.1849975585938,604.4649963378906
P31,5.0,65.5,140,603.7650146484375,602.8775177001953,604.2825164794922
P31,5.0,66.5,75,602.780029296875,602.5499877929688,603.375
P31,5.0,67.5,49,603.260009765625,602.9600219726562,603.5399780273438
P31,5.0,68.5,6,603.6749877929688,603.6475067138672,603.6950073242188
P31,5.0,69.5,0,,,
P31,5.0,70.5,0,,,
P31,5.0,71.5,0,,,
P31,5.0,72.5,0,,,
P31,5.0,73.5,0,,,
P31,5.0,74.5,0,,,
P31,5.0,75.5,0,,,
P31,5.0,76.5,0,,,
P31,5.0,77.5,0,,,
P31,5.0,78.5,0,,,
P31,5.0,79.5,0,,,
P31,5.0,80.5,0,,,
P31,5.0,81.5,0,,,
P31,5.0,82.5,0,,,
P31,5.0,83.5,0,,,
P31,5.0,84.5,0,,,
P31,5.0,85.5,0,,,
P31,5.0,86.5,0,,,
P31,5.0,87.5,0,,,
P31,5.0,88.5,0,,,
P31,5.0,89.5,0,,,
P31,5.0,90.5,0,,,
P31,5.0,91.5,0,,,
P31,5.0,92.5,0,,,
P31,5.0,93.5,0,,,
P31,5.0,94.5,0,,,
P31,5.0,95.5,0,,,
P31,5.0,96.5,0,,,
P31,5.0,97.5,0,,,
P31,5.0,98.5,0,,,
P31,5.0,99.5,0,,,
P31,5.0,100.5,0,,,
P31,5.0,101.5,0,,,
P31,5.0,102.5,0,,,
P31,5.0,103.5,44,615.2850341796875,615.27001953125,615.3099975585938
P31,5.0,104.5,177,615.25,615.1400146484375,615.3200073242188
P31,5.0,105.5,201,615.1500244140625,615.0900268554688,615.2100219726562
P31,5.0,106.5,204,615.0599975585938,615.02001953125,615.1099853515625
P31,5.0,107.5,213,615.1199951171875,615.0900268554688,615.1900024414062
P31,5.0,108.5,205,615.0999755859375,615.0700073242188,615.1500244140625
P31,5.0,109.5,205,615.0599975585938,615.030029296875,615.0999755859375
P31,5.0,110.5,207,615.0,614.9400024414062,615.0499877929688
P31,5.0,111.5,204,614.9400024414062,614.8599853515625,614.989990234375
P31,5.0,112.5,208,614.8400268554688,614.7899780273438,614.9099731445312
P31,5.0,113.5,206,614.780029296875,614.739990234375,614.8400268554688
P31,5.0,114.5,165,614.7999877929688,614.739990234375,614.8699951171875
P31,5.0,115.5,165,615.02001953125,614.9600219726562,615.0700073242188
P31,5.0,116.5,174,614.8900146484375,614.8400268554688,614.9500122070312
P31,5.0,117.5,188,614.5999755859375,614.530029296875,614.6799926757812
P31,5.0,118.5,207,614.4600219726562,614.3800048828125,614.510009765625
P31,5.0,119.5,201,614.4099731445312,614.3499755859375,614.4500122070312
P31,5.0,120.5,208,614.3400268554688,614.280029296875,614.3800048828125
P31,5.0,121.5,207,614.260009765625,614.22998046875,614.3099975585938
P31,5.0,122.5,204,614.1699829101562,614.1300048828125,614.22998046875
P31,5.0,123.5,205,614.0999755859375,614.0599975585938,614.1400146484375
P31,5.0,124.5,212,614.0399780273438,614.0,614.0800170898438
P31,5.0,125.5,202,613.8699951171875,613.8300170898438,613.9500122070312
P31,5.0,126.5,213,613.9299926757812,613.8599853515625,613.989990234375
P31,5.0,127.5,142,613.885009765625,613.8400268554688,613.9874877929688
P31,5.0,128.5,43,613.9600219726562,613.8900146484375,614.02001953125
P31,5.0,129.5,0,,,
P31,5.0,130.5,0,,,
P31,5.0,131.5,0,,,
P31,5.0,132.5,0,,,
P31,5.0,133.5,0,,,
P31,5.0,134.5,0,,,
P31,5.0,135.5,0,,,
P31,5.0,136.5,0,,,
P31,5.0,137.5,0,,,
P31,5.0,138.5,0,,,
P31,5.0,139.5,0,,,
P31,5.0,140.5,0,,,
P31,5.0,141.5,0,,,
P31,5.0,142.5,0,,,
P31,5.0,143.5,0,,,
P31,5.0,144.5,0,,,
P31,5.0,145.5,0,,,
P31,5.0,146.5,0,,,
P31,5.0,147.5,0,,,
P31,5.0,148.5,0,,,
P31,5.0,149.5,0,,,
P31,5.0,150.5,0,,,
P31,5.0,151.5,0,,,
P31,5.0,152.5,0,,,
P31,5.0,153.5,0,,,
P31,5.0,154.5,0,,,
P31,5.0,155.5,0,,,
P31,5.0,156.5,0,,,
P31,5.0,157.5,0,,,
P31,5.0,158.5,0,,,
P31,5.0,159.5,0,,,
P31,5.0,160.5,0,,,
P31,5.0,161.5,0,,,
P31,5.0,162.5,0,,,
P31,5.0,163.5,0,,,
P31,5.0,164.5,0,,,
P31,5.0,165.5,0,,,
P31,5.0,166.5,0,,,
P31,5.0,167.5,0,,,
P31,5.0,168.5,0,,,
P31,5.0,169.5,0,,,
P31,5.0,170.5,0,,,
P31,5.0,171.5,0,,,
P31,5.0,172.5,0,,,
P31,5.0,173.5,0,,,
P31,5.0,174.5,0,,,
P31,5.0,175.5,0,,,
P31,5.0,176.5,0,,,
P31,5.0,177.5,0,,,
P31,5.0,178.5,0,,,
P31,5.0,179.5,0,,,
P31,7.5,0.5,0,,,
P31,7.5,1.5,0,,,
P31,7.5,2.5,0,,,
P31,7.5,3.5,0,,,
P31,7.5,4.5,0,,,
P31,7.5,5.5,0,,,
P31,7.5,6.5,11,601.0399780273438,600.9850158691406,601.0399780273438
P31,7.5,7.5,8,601.0450439453125,601.0,601.1099853515625
P31,7.5,8.5,4,601.1199951171875,601.1199951171875,601.1474914550781
P31,7.5,9.5,0,,,
P31,7.5,10.5,0,,,
P31,7.5,11.5,11,601.1099853515625,600.9949951171875,601.3299865722656
P31,7.5,12.5,37,600.9400024414062,600.5599975585938,601.1099853515625
P31,7.5,13.5,75,600.8200073242188,600.6199951171875,601.1900024414062
P31,7.5,14.5,49,600.9299926757812,600.8300170898438,601.1799926757812
P31,7.5,15.5,16,601.239990234375,601.1624908447266,601.2750091552734
P31,7.5,16.5,15,601.030029296875,600.7949829101562,601.2650146484375
P31,7.5,17.5,22,601.2449951171875,600.7449798583984,601.3600006103516
P31,7.5,18.5,18,600.6749877929688,600.4150085449219,601.0075073242188
P31,7.5,19.5,1,,,
P31,7.5,20.5,16,602.3349609375,602.2974853515625,602.4899749755859
P31,7.5,21.5,22,602.4349975585938,602.3400268554688,602.5449981689453
P31,7.5,22.5,0,,,
P31,7.5,23.5,0,,,
P31,7.5,24.5,0,,,
P31,7.5,25.5,0,,,
P31,7.5,26.5,0,,,
P31,7.5,27.5,0,,,
P31,7.5,28.5,0,,,
P31,7.5,29.5,0,,,
P31,7.5,30.5,0,,,
P31,7.5,31.5,0,,,
P31,7.5,32.5,0,,,
P31,7.5,33.5,0,,,
P31,7.5,34.5,0,,,
P31,7.5,35.5,0,,,
P31,7.5,36.5,0,,,
P31,7.5,37.5,0,,,
P31,7.5,38.5,0,,,
P31,7.5,39.5,3,603.25,603.1650085449219,603.2999877929688
P31,7.5,40.5,22,603.39501953125,603.3099975585938,603.7900085449219
P31,7.5,41.5,66,603.4749755859375,603.3125,603.7424926757812
P31,7.5,42.5,102,602.969970703125,602.7899780273438,603.177490234375
P31,7.5,43.5,87,602.8300170898438,602.5,603.02001953125
P31,7.5,44.5,72,602.85498046875,602.4974975585938,603.4100189208984
P31,7.5,45.5,81,603.3200073242188,603.1699829101562,603.72998046875
P31,7.5,46.5,29,603.7999877929688,603.5499877929688,603.8400268554688
P31,7.5,47.5,17,603.9099731445312,603.8900146484375,603.9199829101562
P31,7.5,48.5,22,603.875,603.802490234375,603.9000244140625
P31,7.5,49.5,90,603.6099853515625,603.1525115966797,603.8674926757812
P31,7.5,50.5,168,603.64501953125,603.4000244140625,603.8300170898438
P31,7.5,51.5,260,603.7100219726562,603.4074859619141,603.9299926757812
P31,7.5,52.5,317,603.6199951171875,603.22998046875,603.9500122070312
P31,7.5,53.5,296,603.6799926757812,603.3200073242188,604.02001953125
P31,7.5,54.5,314,603.5400390625,603.1699829101562,603.9500122070312
P31,7.5,55.5,291,603.5800170898438,603.1799926757812,604.0499877929688
P31,7.5,56.5,271,603.739990234375,603.0900268554688,604.1649780273438
P31,7.5,57.5,264,603.8800048828125,603.1375122070312,604.260009765625
P31,7.5,58.5,227,604.3900146484375,603.25,604.5599975585938
P31,7.5,59.5,240,604.1599731445312,602.7849884033203,604.52001953125
P31,7.5,60.5,269,604.0499877929688,602.8200073242188,604.530029296875
P31,7.5,61.5,270,604.4600219726562,602.9025115966797,604.72998046875
P31,7.5,62.5,308,604.0599975585938,602.4500122070312,604.6925048828125
P31,7.5,63.5,353,603.72998046875,602.25,604.719970703125
P31,7.5,64.5,350,604.0599975585938,602.3825073242188,604.5850219726562
P31,7.5,65.5,217,603.1400146484375,602.4000244140625,604.219970703125
P31,7.5,66.5,143,602.8300170898438,602.6649780273438,603.2999877929688
P31,7.5,67.5,112,603.22998046875,602.9974975585938,603.5250091552734
P31,7.5,68.5,32,603.6749877929688,603.5349884033203,603.8849945068359
P31,7.5,69.5,0,,,
P31,7.5,70.5,0,,,
P31,7.5,71.5,0,,,
P31,7.5,72.5,0,,,
P31,7.5,73.5,0,,,
P31,7.5,74.5,0,,,
P31,7.5,75.5,0,,,
P31,7.5,76.5,0,,,
P31,7.5,77.5,0,,,
P31,7.5,78.5,0,,,
P31,7.5,79.5,0,,,
P31,7.5,80.5,0,,,
P31,7.5,81.5,0,,,
P31,7.5,82.5,0,,,
P31,7.5,83.5,0,,,
P31,7.5,84.5,0,,,
P31,7.5,85.5,0,,,
P31,7.5,86.5,0,,,
P31,7.5,87.5,0,,,
P31,7.5,88.5,0,,,
P31,7.5,89.5,0,,,
P31,7.5,90.5,0,,,
P31,7.5,91.5,0,,,
P31,7.5,92.5,0,,,
P31,7.5,93.5,0,,,
P31,7.5,94.5,0,,,
P31,7.5,95.5,0,,,
P31,7.5,96.5,0,,,
P31,7.5,97.5,0,,,
P31,7.5,98.5,0,,,
P31,7.5,99.5,0,,,
P31,7.5,100.5,0,,,
P31,7.5,101.5,0,,,
P31,7.5,102.5,0,,,
P31,7.5,103.5,76,615.2999877929688,615.27001953125,615.4750213623047
P31,7.5,104.5,256,615.25,615.1199951171875,615.3400268554688
P31,7.5,105.5,296,615.1500244140625,615.0700073242188,615.22998046875
P31,7.5,106.5,305,615.0599975585938,614.989990234375,615.1400146484375
P31,7.5,107.5,322,615.1199951171875,615.0700073242188,615.2100219726562
P31,7.5,108.5,302,615.0999755859375,615.0599975585938,615.1599731445312
P31,7.5,109.5,308,615.0599975585938,615.010009765625,615.1199951171875
P31,7.5,110.5,311,615.0,614.9299926757812,615.0800170898438
P31,7.5,111.5,308,614.9400024414062,614.8599853515625,615.030029296875
P31,7.5,112.5,310,614.8400268554688,614.780029296875,614.9299926757812
P31,7.5,113.5,308,614.780029296875,614.719970703125,614.8699951171875
P31,7.5,114.5,235,614.780029296875,614.6900024414062,614.875
P31,7.5,115.5,230,615.02001953125,614.9400024414062,615.1174926757812
P31,7.5,116.5,260,614.9000244140625,614.8574829101562,614.969970703125
P31,7.5,117.5,276,614.6300048828125,614.5399780273438,614.6900024414062
P31,7.5,118.5,313,614.4600219726562,614.3599853515625,614.5499877929688
P31,7.5,119.5,301,614.4099731445312,614.3200073242188,614.47998046875
P31,7.5,120.5,315,614.3400268554688,614.260009765625,614.4099731445312
P31,7.5,121.5,309,614.260009765625,614.219970703125,614.3400268554688
P31,7.5,122.5,304,614.1799926757812,614.1300048828125,614.25
P31,7.5,123.5,306,614.0999755859375,614.0599975585938,614.1599731445312
P31,7.5,124.5,312,614.0399780273438,613.97998046875,614.0900268554688
P31,7.5,125.5,315,613.8699951171875,613.8200073242188,613.989990234375
P31,7.5,126.5,317,613.9299926757812,613.8400268554688,614.0399780273438
P31,7.5,127.5,222,613.864990234375,613.8200073242188,613.9974975585938
P31,7.5,128.5,81,613.8900146484375,613.780029296875,614.0
P31,7.5,129.5,22,613.0250244140625,612.8325042724609,613.1300048828125
P31,7.5,130.5,4,612.3599853515625,612.2824859619141,612.3874969482422
P31,7.5,131.5,0,,,
P31,7.5,132.5,0,,,
P31,7.5,133.5,0,,,
P31,7.5,134.5,0,,,
P31,7.5,135.5,0,,,
P31,7.5,136.5,0,,,
P31,7.5,137.5,0,,,
P31,7.5,138.5,0,,,
P31,7.5,139.5,0,,,
P31,7.5,140.5,0,,,
P31,7.5,141.5,0,,,
P31,7.5,142.5,0,,,
P31,7.5,143.5,0,,,
P31,7.5,144.5,0,,,
P31,7.5,145.5,0,,,
P31,7.5,146.5,0,,,
P31,7.5,147.5,0,,,
P31,7.5,148.5,0,,,
P31,7.5,149.5,0,,,
P31,7.5,150.5,0,,,
P31,7.5,151.5,0,,,
P31,7.5,152.5,0,,,
P31,7.5,153.5,0,,,
P31,7.5,154.5,0,,,
P31,7.5,155.5,0,,,
P31,7.5,156.5,0,,,
P31,7.5,157.5,0,,,
P31,7.5,158.5,0,,,
P31,7.5,159.5,0,,,
P31,7.5,160.5,0,,,
P31,7.5,161.5,0,,,
P31,7.5,162.5,0,,,
P31,7.5,163.5,0,,,
P31,7.5,164.5,0,,,
P31,7.5,165.5,0,,,
P31,7.5,166.5,0,,,
P31,7.5,167.5,0,,,
P31,7.5,168.5,0,,,
P31,7.5,169.5,0,,,
P31,7.5,170.5,0,,,
P31,7.5,171.5,0,,,
P31,7.5,172.5,0,,,
P31,7.5,173.5,0,,,
P31,7.5,174.5,0,,,
P31,7.5,175.5,0,,,
P31,7.5,176.5,0,,,
P31,7.5,177.5,0,,,
P31,7.5,178.5,0,,,
P31,7.5,179.5,0,,,
P32,2.5,0.5,0,,,
P32,2.5,1.5,0,,,
P32,2.5,2.5,0,,,
P32,2.5,3.5,0,,,
P32,2.5,4.5,0,,,
P32,2.5,5.5,0,,,
P32,2.5,6.5,0,,,
P32,2.5,7.5,0,,,
P32,2.5,8.5,0,,,
P32,2.5,9.5,0,,,
P32,2.5,10.5,0,,,
P32,2.5,11.5,0,,,
P32,2.5,12.5,0,,,
P32,2.5,13.5,0,,,
P32,2.5,14.5,0,,,
P32,2.5,15.5,0,,,
P32,2.5,16.5,0,,,
P32,2.5,17.5,0,,,
P32,2.5,18.5,0,,,
P32,2.5,19.5,0,,,
P32,2.5,20.5,0,,,
P32,2.5,21.5,0,,,
P32,2.5,22.5,0,,,
P32,2.5,23.5,0,,,
P32,2.5,24.5,0,,,
P32,2.5,25.5,0,,,
P32,2.5,26.5,0,,,
P32,2.5,27.5,0,,,
P32,2.5,28.5,0,,,
P32,2.5,29.5,0,,,
P32,2.5,30.5,0,,,
P32,2.5,31.5,0,,,
P32,2.5,32.5,0,,,
P32,2.5,33.5,0,,,
P32,2.5,34.5,0,,,
P32,2.5,35.5,0,,,
P32,2.5,36.5,0,,,
P32,2.5,37.5,0,,,
P32,2.5,38.5,0,,,
P32,2.5,39.5,0,,,
P32,2.5,40.5,0,,,
P32,2.5,41.5,0,,,
P32,2.5,42.5,0,,,
P32,2.5,43.5,0,,,
P32,2.5,44.5,0,,,
P32,2.5,45.5,1,,,
P32,2.5,46.5,2,,,
P32,2.5,47.5,1,,,
P32,2.5,48.5,7,603.9400024414062,603.9249877929688,603.9599914550781
P32,2.5,49.5,1,,,
P32,2.5,50.5,1,,,
P32,2.5,51.5,7,603.6500244140625,603.5900268554688,603.75
P32,2.5,52.5,17,603.7100219726562,603.6500244140625,603.77001953125
P32,2.5,53.5,21,603.8699951171875,603.7999877929688,603.969970703125
P32,2.5,54.5,12,603.8699951171875,603.8150177001953,603.9125213623047
P32,2.5,55.5,2,,,
P32,2.5,56.5,0,,,
P32,2.5,57.5,0,,,
P32,2.5,58.5,0,,,
P32,2.5,59.5,0,,,
P32,2.5,60.5,0,,,
P32,2.5,61.5,0,,,
P32,2.5,62.5,0,,,
P32,2.5,63.5,0,,,
P32,2.5,64.5,0,,,
P32,2.5,65.5,0,,,
P32,2.5,66.5,0,,,
P32,2.5,67.5,0,,,
P32,2.5,68.5,0,,,
P32,2.5,69.5,0,,,
P32,2.5,70.5,0,,,
P32,2.5,71.5,0,,,
P32,2.5,72.5,0,,,
P32,2.5,73.5,0,,,
P32,2.5,74.5,0,,,
P32,2.5,75.5,0,,,
P32,2.5,76.5,0,,,
P32,2.5,77.5,0,,,
P32,2.5,78.5,0,,,
P32,2.5,79.5,0,,,
P32,2.5,80.5,0,,,
P32,2.5,81.5,0,,,
P32,2.5,82.5,0,,,
P32,2.5,83.5,0,,,
P32,2.5,84.5,0,,,
P32,2.5,85.5,0,,,
P32,2.5,86.5,0,,,
P32,2.5,87.5,0,,,
P32,2.5,88.5,0,,,
P32,2.5,89.5,0,,,
P32,2.5,90.5,0,,,
P32,2.5,91.5,0,,,
P32,2.5,92.5,0,,,
P32,2.5,93.5,0,,,
P32,2.5,94.5,0,,,
P32,2.5,95.5,0,,,
P32,2.5,96.5,0,,,
P32,2.5,97.5,0,,,
P32,2.5,98.5,0,,,
P32,2.5,99.5,0,,,
P32,2.5,100.5,0,,,
P32,2.5,101.5,0,,,
P32,2.5,102.5,0,,,
P32,2.5,103.5,0,,,
P32,2.5,104.5,0,,,
P32,2.5,105.5,3,615.5999755859375,615.5749816894531,615.6299743652344
P32,2.5,106.5,55,615.8300170898438,615.8099975585938,615.8900146484375
P32,2.5,107.5,107,615.7100219726562,615.6199951171875,615.7949829101562
P32,2.5,108.5,108,615.7100219726562,615.66748046875,615.7424926757812
P32,2.5,109.5,102,615.739990234375,615.7000122070312,615.7899780273438
P32,2.5,110.5,106,615.72998046875,615.6799926757812,615.7999877929688
P32,2.5,111.5,108,615.6749877929688,615.5900268554688,615.7424926757812
P32,2.5,112.5,105,615.5900268554688,615.5700073242188,615.6300048828125
P32,2.5,113.5,105,615.5599975585938,615.510009765625,615.5999755859375
P32,2.5,114.5,110,615.5150146484375,615.469970703125,615.5599975585938
P32,2.5,115.5,96,615.47998046875,615.4000244140625,615.52001953125
P32,2.5,116.5,52,615.635009765625,615.5700073242188,615.6799926757812
P32,2.5,117.5,40,615.5999755859375,615.5499877929688,615.6224975585938
P32,2.5,118.5,70,615.4000244140625,615.302490234375,615.5499877929688
P32,2.5,119.5,105,615.1300048828125,615.0999755859375,615.2000122070312
P32,2.5,120.5,106,615.1699829101562,615.1199951171875,615.2100219726562
P32,2.5,121.5,108,615.14501953125,615.0900268554688,615.2100219726562
P32,2.5,122.5,106,615.0399780273438,614.9299926757812,615.1400146484375
P32,2.5,123.5,104,614.9500122070312,614.8400268554688,615.04248046875
P32,2.5,124.5,107,614.8599853515625,614.8150024414062,614.9199829101562
P32,2.5,125.5,110,614.8049926757812,614.77001953125,614.8400268554688
P32,2.5,126.5,112,614.6699829101562,614.6199951171875,614.75
P32,2.5,127.5,77,614.7100219726562,614.6599731445312,614.8400268554688
P32,2.5,128.5,32,614.8800048828125,614.8599853515625,614.9099731445312
P32,2.5,129.5,0,,,
P32,2.5,130.5,0,,,
P32,2.5,131.5,0,,,
P32,2.5,132.5,0,,,
P32,2.5,133.5,0,,,
P32,2.5,134.5,0,,,
P32,2.5,135.5,0,,,
P32,2.5,136.5,0,,,
P32,2.5,137.5,0,,,
P32,2.5,138.5,0,,,
P32,2.5,139.5,0,,,
P32,2.5,140.5,0,,,
P32,2.5,141.5,0,,,
P32,2.5,142.5,0,,,
P32,2.5,143.5,0,,,
P32,2.5,144.5,0,,,
P32,2.5,145.5,0,,,
P32,2.5,146.5,0,,,
P32,2.5,147.5,0,,,
P32,2.5,148.5,0,,,
P32,2.5,149.5,0,,,
P32,2.5,150.5,0,,,
P32,2.5,151.5,0,,,
P32,2.5,152.5,0,,,
P32,2.5,153.5,0,,,
P32,2.5,154.5,0,,,
P32,2.5,155.5,0,,,
P32,2.5,156.5,0,,,
P32,2.5,157.5,0,,,
P32,2.5,158.5,0,,,
P32,2.5,159.5,0,,,
P32,2.5,160.5,0,,,
P32,2.5,161.5,0,,,
P32,2.5,162.5,0,,,
P32,2.5,163.5,0,,,
P32,2.5,164.5,0,,,
P32,2.5,165.5,0,,,
P32,2.5,166.5,0,,,
P32,2.5,167.5,0,,,
P32,2.5,168.5,0,,,
P32,2.5,169.5,0,,,
P32,2.5,170.5,0,,,
P32,2.5,171.5,0,,,
P32,2.5,172.5,0,,,
P32,2.5,173.5,0,,,
P32,2.5,174.5,0,,,
P32,2.5,175.5,0,,,
P32,2.5,176.5,0,,,
P32,2.5,177.5,0,,,
P32,2.5,178.5,0,,,
P32,2.5,179.5,0,,,
P32,5.0,0.5,0,,,
P32,5.0,1.5,0,,,
P32,5.0,2.5,0,,,
P32,5.0,3.5,0,,,
P32,5.0,4.5,0,,,
P32,5.0,5.5,0,,,
P32,5.0,6.5,0,,,
P32,5.0,7.5,0,,,
P32,5.0,8.5,0,,,
P32,5.0,9.5,0,,,
P32,5.0,10.5,0,,,
P32,5.0,11.5,0,,,
P32,5.0,12.5,0,,,
P32,5.0,13.5,0,,,
P32,5.0,14.5,0,,,
P32,5.0,15.5,0,,,
P32,5.0,16.5,0,,,
P32,5.0,17.5,0,,,
P32,5.0,18.5,0,,,
P32,5.0,19.5,0,,,
P32,5.0,20.5,0,,,
P32,5.0,21.5,0,,,
P32,5.0,22.5,0,,,
P32,5.0,23.5,0,,,
P32,5.0,24.5,0,,,
P32,5.0,25.5,0,,,
P32,5.0,26.5,0,,,
P32,5.0,27.5,0,,,
P32,5.0,28.5,0,,,
P32,5.0,29.5,0,,,
P32,5.0,30.5,0,,,
P32,5.0,31.5,0,,,
P32,5.0,32.5,0,,,
P32,5.0,33.5,0,,,
P32,5.0,34.5,0,,,
P32,5.0,35.5,0,,,
P32,5.0,36.5,0,,,
P32,5.0,37.5,0,,,
P32,5.0,38.5,55,601.280029296875,600.8599853515625,601.6400146484375
P32,5.0,39.5,59,601.72998046875,601.0499877929688,602.0650024414062
P32,5.0,40.5,37,602.5900268554688,602.1199951171875,602.6599731445312
P32,5.0,41.5,10,600.5050048828125,600.4824829101562,600.5474853515625
P32,5.0,42.5,2,,,
P32,5.0,43.5,41,601.3200073242188,601.260009765625,601.47998046875
P32,5.0,44.5,14,601.5800170898438,601.489990234375,601.677490234375
P32,5.0,45.5,10,602.0599975585938,601.8200073242188,602.1549835205078
P32,5.0,46.5,3,603.72998046875,603.3800048828125,603.8049926757812
P32,5.0,47.5,31,603.6799926757812,603.5050048828125,603.8350219726562
P32,5.0,48.5,26,603.8350219726562,603.7949829101562,603.9049835205078
P32,5.0,49.5,5,603.8900146484375,603.8699951171875,603.9400024414062
P32,5.0,50.5,2,,,
P32,5.0,51.5,22,604.6700439453125,603.8300018310547,604.822509765625
P32,5.0,52.5,31,603.8200073242188,603.6950073242188,604.614990234375
P32,5.0,53.5,57,604.0999755859375,603.9099731445312,604.6799926757812
P32,5.0,54.5,19,603.9500122070312,603.8599853515625,604.0050048828125
P32,5.0,55.5,2,,,
P32,5.0,56.5,0,,,
P32,5.0,57.5,0,,,
P32,5.0,58.5,0,,,
P32,5.0,59.5,0,,,
P32,5.0,60.5,0,,,
P32,5.0,61.5,0,,,
P32,5.0,62.5,0,,,
P32,5.0,63.5,0,,,
P32,5.0,64.5,0,,,
P32,5.0,65.5,0,,,
P32,5.0,66.5,0,,,
P32,5.0,67.5,0,,,
P32,5.0,68.5,0,,,
P32,5.0,69.5,0,,,
P32,5.0,70.5,0,,,
P32,5.0,71.5,0,,,
P32,5.0,72.5,0,,,
P32,5.0,73.5,0,,,
P32,5.0,74.5,0,,,
P32,5.0,75.5,0,,,
P32,5.0,76.5,0,,,
P32,5.0,77.5,0,,,
P32,5.0,78.5,0,,,
P32,5.0,79.5,0,,,
P32,5.0,80.5,0,,,
P32,5.0,81.5,0,,,
P32,5.0,82.5,0,,,
P32,5.0,83.5,0,,,
P32,5.0,84.5,0,,,
P32,5.0,85.5,0,,,
P32,5.0,86.5,0,,,
P32,5.0,87.5,0,,,
P32,5.0,88.5,0,,,
P32,5.0,89.5,0,,,
P32,5.0,90.5,0,,,
P32,5.0,91.5,0,,,
P32,5.0,92.5,0,,,
P32,5.0,93.5,0,,,
P32,5.0,94.5,0,,,
P32,5.0,95.5,0,,,
P32,5.0,96.5,0,,,
P32,5.0,97.5,0,,,
P32,5.0,98.5,0,,,
P32,5.0,99.5,0,,,
P32,5.0,100.5,0,,,
P32,5.0,101.5,0,,,
P32,5.0,102.5,0,,,
P32,5.0,103.5,0,,,
P32,5.0,104.5,2,,,
P32,5.0,105.5,36,615.625,615.5900268554688,615.6925048828125
P32,5.0,106.5,142,615.8150024414062,615.6599731445312,615.9000244140625
P32,5.0,107.5,209,615.7000122070312,615.5900268554688,615.8499755859375
P32,5.0,108.5,210,615.7100219726562,615.6425170898438,615.77001953125
P32,5.0,109.5,210,615.739990234375,615.6699829101562,615.8400268554688
P32,5.0,110.5,208,615.72998046875,615.6500244140625,615.8200073242188
P32,5.0,111.5,211,615.6699829101562,615.5599975585938,615.7999877929688
P32,5.0,112.5,209,615.5999755859375,615.5499877929688,615.72998046875
P32,5.0,113.5,207,615.5599975585938,615.4849853515625,615.6549987792969
P32,5.0,114.5,209,615.52001953125,615.4500122070312,615.6099853515625
P32,5.0,115.5,191,615.5,615.3800048828125,615.5599975585938
P32,5.0,116.5,134,615.635009765625,615.5800170898438,615.6799926757812
P32,5.0,117.5,116,615.5750122070312,615.510009765625,615.6500244140625
P32,5.0,118.5,148,615.3599853515625,615.2224884033203,615.6400146484375
P32,5.0,119.5,208,615.1300048828125,615.0599975585938,615.25
P32,5.0,120.5,208,615.1699829101562,615.0900268554688,615.2625122070312
P32,5.0,121.5,208,615.1500244140625,615.0399780273438,615.239990234375
P32,5.0,122.5,214,615.030029296875,614.8900146484375,615.1574859619141
P32,5.0,123.5,207,614.9500122070312,614.8200073242188,615.0750122070312
P32,5.0,124.5,206,614.8599853515625,614.780029296875,615.02001953125
P32,5.0,125.5,225,614.8099975585938,614.72998046875,614.9000244140625
P32,5.0,126.5,228,614.6699829101562,614.5599975585938,614.8125
P32,5.0,127.5,177,614.760009765625,614.6699829101562,614.8400268554688
P32,5.0,128.5,81,614.9400024414062,614.9000244140625,614.97998046875
P32,5.0,129.5,2,,,
P32,5.0,130.5,0,,,
P32,5.0,131.5,0,,,
P32,5.0,132.5,0,,,
P32,5.0,133.5,0,,,
P32,5.0,134.5,0,,,
P32,5.0,135.5,0,,,
P32,5.0,136.5,0,,,
P32,5.0,137.5,0,,,
P32,5.0,138.5,0,,,
P32,5.0,139.5,0,,,
P32,5.0,140.5,0,,,
P32,5.0,141.5,0,,,
P32,5.0,142.5,0,,,
P32,5.0,143.5,0,,,
P32,5.0,144.5,0,,,
P32,5.0,145.5,0,,,
P32,5.0,146.5,0,,,
P32,5.0,147.5,0,,,
P32,5.0,148.5,0,,,
P32,5.0,149.5,0,,,
P32,5.0,150.5,0,,,
P32,5.0,151.5,0,,,
P32,5.0,152.5,0,,,
P32,5.0,153.5,0,,,
P32,5.0,154.5,0,,,
P32,5.0,155.5,0,,,
P32,5.0,156.5,0,,,
P32,5.0,157.5,0,,,
P32,5.0,158.5,0,,,
P32,5.0,159.5,0,,,
P32,5.0,160.5,0,,,
P32,5.0,161.5,0,,,
P32,5.0,162.5,0,,,
P32,5.0,163.5,0,,,
P32,5.0,164.5,0,,,
P32,5.0,165.5,0,,,
P32,5.0,166.5,0,,,
P32,5.0,167.5,0,,,
P32,5.0,168.5,0,,,
P32,5.0,169.5,0,,,
P32,5.0,170.5,0,,,
P32,5.0,171.5,0,,,
P32,5.0,172.5,0,,,
P32,5.0,173.5,0,,,
P32,5.0,174.5,0,,,
P32,5.0,175.5,0,,,
P32,5.0,176.5,0,,,
P32,5.0,177.5,0,,,
P32,5.0,178.5,0,,,
P32,5.0,179.5,0,,,
P32,7.5,0.5,0,,,
P32,7.5,1.5,0,,,
P32,7.5,2.5,0,,,
P32,7.5,3.5,0,,,
P32,7.5,4.5,0,,,
P32,7.5,5.5,2,,,
P32,7.5,6.5,18,597.7349853515625,597.6699829101562,597.77001953125
P32,7.5,7.5,12,598.0150146484375,597.7550048828125,598.3925170898438
P32,7.5,8.5,21,598.4500122070312,598.4099731445312,598.5999755859375
P32,7.5,9.5,17,598.0599975585938,597.9500122070312,598.1599731445312
P32,7.5,10.5,7,598.030029296875,598.0,598.0399780273438
P32,7.5,11.5,0,,,
P32,7.5,12.5,0,,,
P32,7.5,13.5,0,,,
P32,7.5,14.5,0,,,
P32,7.5,15.5,0,,,
P32,7.5,16.5,0,,,
P32,7.5,17.5,0,,,
P32,7.5,18.5,0,,,
P32,7.5,19.5,0,,,
P32,7.5,20.5,0,,,
P32,7.5,21.5,0,,,
P32,7.5,22.5,0,,,
P32,7.5,23.5,0,,,
P32,7.5,24.5,0,,,
P32,7.5,25.5,0,,,
P32,7.5,26.5,0,,,
P32,7.5,27.5,0,,,
P32,7.5,28.5,0,,,
P32,7.5,29.5,0,,,
P32,7.5,30.5,0,,,
P32,7.5,31.5,0,,,
P32,7.5,32.5,0,,,
P32,7.5,33.5,0,,,
P32,7.5,34.5,0,,,
P32,7.5,35.5,0,,,
P32,7.5,36.5,0,,,
P32,7.5,37.5,11,600.2000122070312,600.2000122070312,600.9850158691406
P32,7.5,38.5,150,601.239990234375,600.6099853515625,601.5700073242188
P32,7.5,39.5,87,601.8800048828125,601.0499877929688,602.5700073242188
P32,7.5,40.5,100,600.2000122070312,599.9299926757812,602.5999755859375
P32,7.5,41.5,89,600.1199951171875,599.75,602.9000244140625
P32,7.5,42.5,90,600.1900024414062,599.6799926757812,601.4150085449219
P32,7.5,43.5,147,600.8200073242188,600.1050109863281,601.2650146484375
P32,7.5,44.5,85,601.0499877929688,600.6300048828125,601.3800048828125
P32,7.5,45.5,46,601.4500122070312,600.7125091552734,601.7099914550781
P32,7.5,46.5,47,600.77001953125,600.5700073242188,602.8400268554688
P32,7.5,47.5,47,603.489990234375,602.7650146484375,603.7900085449219
P32,7.5,48.5,29,603.8300170898438,603.7100219726562,603.8900146484375
P32,7.5,49.5,5,603.8900146484375,603.8699951171875,603.9400024414062
P32,7.5,50.5,2,,,
P32,7.5,51.5,22,604.6700439453125,603.8300018310547,604.822509765625
P32,7.5,52.5,31,603.8200073242188,603.6950073242188,604.614990234375
P32,7.5,53.5,57,604.0999755859375,603.9099731445312,604.6799926757812
P32,7.5,54.5,19,603.9500122070312,603.8599853515625,604.0050048828125
P32,7.5,55.5,14,603.3800048828125,603.260009765625,603.4400024414062
P32,7.5,56.5,11,603.2999877929688,603.2750244140625,603.4250183105469
P32,7.5,57.5,0,,,
P32,7.5,58.5,0,,,
P32,7.5,59.5,0,,,
P32,7.5,60.5,0,,,
P32,7.5,61.5,0,,,
P32,7.5,62.5,0,,,
P32,7.5,63.5,0,,,
P32,7.5,64.5,0,,,
P32,7.5,65.5,0,,,
P32,7.5,66.5,0,,,
P32,7.5,67.5,0,,,
P32,7.5,68.5,0,,,
P32,7.5,69.5,0,,,
P32,7.5,70.5,0,,,
P32,7.5,71.5,0,,,
P32,7.5,72.5,0,,,
P32,7.5,73.5,0,,,
P32,7.5,74.5,0,,,
P32,7.5,75.5,0,,,
P32,7.5,76.5,0,,,
P32,7.5,77.5,0,,,
P32,7.5,78.5,0,,,
P32,7.5,79.5,0,,,
P32,7.5,80.5,0,,,
P32,7.5,81.5,0,,,
P32,7.5,82.5,0,,,
P32,7.5,83.5,0,,,
P32,7.5,84.5,0,,,
P32,7.5,85.5,0,,,
P32,7.5,86.5,0,,,
P32,7.5,87.5,0,,,
P32,7.5,88.5,0,,,
P32,7.5,89.5,0,,,
P32,7.5,90.5,0,,,
P32,7.5,91.5,0,,,
P32,7.5,92.5,0,,,
P32,7.5,93.5,0,,,
P32,7.5,94.5,0,,,
P32,7.5,95.5,0,,,
P32,7.5,96.5,0,,,
P32,7.5,97.5,0,,,
P32,7.5,98.5,0,,,
P32,7.5,99.5,0,,,
P32,7.5,100.5,0,,,
P32,7.5,101.5,0,,,
P32,7.5,102.5,0,,,
P32,7.5,103.5,0,,,
P32,7.5,104.5,2,,,
P32,7.5,105.5,59,615.6199951171875,615.5900268554688,615.6950073242188
P32,7.5,106.5,213,615.7899780273438,615.6099853515625,615.9199829101562
P32,7.5,107.5,315,615.7000122070312,615.5650024414062,615.9400024414062
P32,7.5,108.5,309,615.7100219726562,615.6199951171875,615.8200073242188
P32,7.5,109.5,317,615.739990234375,615.6199951171875,615.9099731445312
P32,7.5,110.5,308,615.72998046875,615.6199951171875,615.8599853515625
P32,7.5,111.5,313,615.6599731445312,615.530029296875,615.8200073242188
P32,7.5,112.5,319,615.5999755859375,615.52001953125,615.77001953125
P32,7.5,113.5,308,615.5599975585938,615.4600219726562,615.7100219726562
P32,7.5,114.5,311,615.52001953125,615.4099731445312,615.6500244140625
P32,7.5,115.5,303,615.5,615.375,615.5999755859375
P32,7.5,116.5,219,615.6300048828125,615.5650024414062,615.6799926757812
P32,7.5,117.5,196,615.5499877929688,615.4400024414062,615.6525115966797
P32,7.5,118.5,240,615.3300170898438,615.1099853515625,615.7100219726562
P32,7.5,119.5,295,615.1099853515625,615.0050048828125,615.2850036621094
P32,7.5,120.5,309,615.1699829101562,615.0399780273438,615.2999877929688
P32,7.5,121.5,314,615.1500244140625,614.989990234375,615.25
P32,7.5,122.5,315,615.030029296875,614.8800048828125,615.1799926757812
P32,7.5,123.5,320,614.9649658203125,614.8175048828125,615.0999755859375
P32,7.5,124.5,310,614.864990234375,614.72998046875,615.030029296875
P32,7.5,125.5,331,614.8200073242188,614.6849975585938,614.969970703125
P32,7.5,126.5,353,614.6599731445312,614.47998046875,614.8699951171875
P32,7.5,127.5,262,614.8099975585938,614.7000122070312,614.8800048828125
P32,7.5,128.5,133,614.97998046875,614.9199829101562,615.1699829101562
P32,7.5,129.5,6,615.3250122070312,615.2375183105469,615.3899841308594
P32,7.5,130.5,0,,,
P32,7.5,131.5,0,,,
P32,7.5,132.5,0,,,
P32,7.5,133.5,0,,,
P32,7.5,134.5,0,,,
P32,7.5,135.5,0,,,
P32,7.5,136.5,0,,,
P32,7.5,137.5,0,,,
P32,7.5,138.5,0,,,
P32,7.5,139.5,0,,,
P32,7.5,140.5,0,,,
P32,7.5,141.5,0,,,
P32,7.5,142.5,0,,,
P32,7.5,143.5,0,,,
P32,7.5,144.5,0,,,
P32,7.5,145.5,0,,,
P32,7.5,146.5,0,,,
P32,7.5,147.5,0,,,
P32,7.5,148.5,0,,,
P32,7.5,149.5,0,,,
P32,7.5,150.5,0,,,
P32,7.5,151.5,0,,,
P32,7.5,152.5,0,,,
P32,7.5,153.5,0,,,
P32,7.5,154.5,0,,,
P32,7.5,155.5,0,,,
P32,7.5,156.5,0,,,
P32,7.5,157.5,0,,,
P32,7.5,158.5,0,,,
P32,7.5,159.5,0,,,
P32,7.5,160.5,0,,,
P32,7.5,161.5,0,,,
P32,7.5,162.5,0,,,
P32,7.5,163.5,0,,,
P32,7.5,164.5,0,,,
P32,7.5,165.5,0,,,
P32,7.5,166.5,0,,,
P32,7.5,167.5,0,,,
P32,7.5,168.5,0,,,
P32,7.5,169.5,0,,,
P32,7.5,170.5,0,,,
P32,7.5,171.5,0,,,
P32,7.5,172.5,0,,,
P32,7.5,173.5,0,,,
P32,7.5,174.5,0,,,
P32,7.5,175.5,0,,,
P32,7.5,176.5,0,,,
P32,7.5,177.5,0,,,
P32,7.5,178.5,0,,,
P32,7.5,179.5,0,,,
