{"type": "FeatureCollection", "metadata": {"source": "GEM Global Active Faults Database (GAF-DB) v2 + SARA regional dataset", "citation": "Styron, R., & Pagani, M. (2020). The GEM Global Active Faults Database. Earthquake Spectra, 36(1_suppl), 160-180. https://doi.org/10.1177/8755293020944182", "license": "CC-BY-SA 4.0", "url": "https://github.com/GEMScienceTools/gem-global-active-faults", "filtered_bbox": [-82.5, -6.0, -74.0, 3.0], "note": "Subconjunto filtrado para Ecuador y Andes Norte a partir del dataset global (16,195 trazas)."}, "features": [{"type": "Feature", "properties": {"name": "GUAYAQUIL ALGECIRAS FAULT SYSTEM", "slip_type": "Dextral", "catalog_name": "Active Tectonics of the Andes", "dip_deg": null, "upper_seis_depth_km": null, "lower_seis_depth_km": null, "net_slip_rate_mm_yr": 1.5, "net_slip_rate_range": null}, "geometry": {"type": "LineString", "coordinates": [[-75.992877743, 1.71437594400004], [-75.914917061, 1.78746408300003], [-75.879895661, 1.81654707200005], [-75.8326167709999, 1.85971475400004], [-75.789449089, 1.92138287200004], [-75.7421701979999, 1.98716219700003], [-75.680502081, 2.06938635400007], [-75.635278794, 2.11666524400005], [-75.5756662809999, 2.16805534200006], [-75.532498598, 2.24822389500002], [-75.460552461, 2.34689288400006], [-75.42355159, 2.40856100100007], [-75.385374182, 2.46032781300005], [-75.3567687619999, 2.49770971500004], [-75.330298012, 2.52037803600007], [-75.302657285, 2.53939017600004], [-75.27862399, 2.55552612100007], [-75.259103277, 2.57300931500004], [-75.215935594, 2.60795458200005], [-75.1686567039999, 2.64906666], [-75.131655834, 2.69428994600003]]}}, {"type": "Feature", "properties": {"name": "SAN JACINTO FAULT", "slip_type": "Reverse", "catalog_name": "Active Tectonics of the Andes", "dip_deg": null, "upper_seis_depth_km": null, "lower_seis_depth_km": null, "net_slip_rate_mm_yr": null, "net_slip_rate_range": null}, "geometry": {"type": "LineString", "coordinates": [[-76.201523757, 1.89446812100005], [-76.141522671, 1.92246862800005], [-76.061521222, 1.95046913500005], [-75.991519954, 2.00247007700005], [-75.9295188309999, 2.09047167], [-75.895518216, 2.12047221400007], [-75.8615176, 2.18847344500006], [-75.8415172379999, 2.22847416900004], [-75.807516622, 2.26247478500005], [-75.7955164049999, 2.27447500200003]]}}, {"type": "Feature", "properties": {"name": "CHUSMA_FAULT", "slip_type": "Reverse", "catalog_name": "Active Tectonics of the Andes", "dip_deg": null, "upper_seis_depth_km": null, "lower_seis_depth_km": null, "net_slip_rate_mm_yr": null, "net_slip_rate_range": null}, "geometry": {"type": "LineString", "coordinates": [[-76.603531037, 1.58246247100004], [-76.578030575, 1.60046279700003], [-76.5435299499999, 1.62896331300004], [-76.509029325, 1.66796401900007], [-76.491029, 1.71446486100007], [-76.447528212, 1.75946567600005], [-76.4190276959999, 1.80446649100003], [-76.3770269349999, 1.88996803900005], [-76.34252631, 1.92746871900005], [-76.299025523, 1.95896928900004], [-76.245024545, 1.99646996800004], [-76.170023187, 2.04747089200004], [-76.1295224529999, 2.08647159800006], [-76.0560211219999, 2.15697287500006], [-75.951019221, 2.27097493900004], [-75.9300188409999, 2.33547610700003], [-75.9030183519999, 2.37147675900007], [-75.858017537, 2.42547773700005], [-75.8235169119999, 2.48547882300005], [-75.8235169119999, 2.52747958400005], [-75.81901683, 2.55748012700008]]}}, {"type": "Feature", "properties": {"name": "CHUSMA FAULT", "slip_type": "Dextral", "catalog_name": "Active Tectonics of the Andes", "dip_deg": null, "upper_seis_depth_km": null, "lower_seis_depth_km": null, "net_slip_rate_mm_yr": null, "net_slip_rate_range": null}, "geometry": {"type": "LineString", "coordinates": [[-75.820516858, 2.55898015400004], [-75.783016179, 2.57998053500006], [-75.7155149559999, 2.60848105100007], [-75.658513924, 2.63698156700002], [-75.610513055, 2.65348186600005], [-75.56551224, 2.6774823]]}}, {"type": "Feature", "properties": {"name": "CHUSMA_FAULT", "slip_type": "Reverse", "catalog_name": "Active Tectonics of the Andes", "dip_deg": null, "upper_seis_depth_km": null, "lower_seis_depth_km": null, "net_slip_rate_mm_yr": null, "net_slip_rate_range": null}, "geometry": {"type": "LineString", "coordinates": [[-75.570012321, 2.68348240900002], [-75.537011724, 2.74798357700007], [-75.5070111809999, 2.82148490800006], [-75.513011289, 2.84098526100007], [-75.4890108549999, 2.86948577700002], [-75.45451023, 2.90248637500002], [-75.435478635, 2.94298710800007], [-75.435478635, 2.97842525], [-75.431259809, 3.01133209600005], [-75.4270409819999, 3.05267659400005], [-75.4177595639999, 3.09739615400002], [-75.396665432, 3.14802207100007], [-75.383165188, 3.18852280400006], [-75.369664943, 3.22311718100002], [-75.336758098, 3.25602402700002], [-75.3114451389999, 3.27711815900005], [-75.286975946, 3.28555581100005], [-75.270944406, 3.29399346400004], [-75.262506753, 3.33111913600004], [-75.256600396, 3.36065092100006], [-75.238881325, 3.39271400200005], [-75.2270686109999, 3.41380813400002], [-75.2042869489999, 3.43743356200002], [-75.189099174, 3.45852769400005]]}}, {"type": "Feature", "properties": {"name": "LA VICTORIA PISAYAMBO FAULT SYSTEM", "slip_type": "Reverse", "catalog_name": "Active Tectonics of the Andes", "dip_deg": null, "upper_seis_depth_km": null, "lower_seis_depth_km": null, "net_slip_rate_mm_yr": 1.4, "net_slip_rate_range": null}, "geometry": {"type": "LineString", "coordinates": [[-79.0117041459999, -1.63142018699995], [-78.942172023, -1.50499814499994], [-78.8852821039999, -1.36593389799998], [-78.8031077759999, -1.25215406], [-78.739896755, -1.11941091599994], [-78.739896755, -0.986667770999929], [-78.689327938, -0.815998013999945], [-78.676685734, -0.651649358999975], [-78.619795815, -0.462016294999955], [-78.5502636909999, -0.27870433399994], [-78.518658181, -0.025860248999948], [-78.48705267, 0.119525100000033], [-78.379593934, 0.334442572000057], [-78.2974196069999, 0.536717840000051], [-78.177318666, 0.802204129000074], [-78.0445755219999, 1.01712160100004], [-77.9371167859999, 1.15618584800006], [-77.82965805, 1.31421340100007]]}}, {"type": "Feature", "properties": {"name": "EL_TAMBOR_FAULT", "slip_type": "Reverse", "catalog_name": "Active Tectonics of the Andes", "dip_deg": null, "upper_seis_depth_km": null, "lower_seis_depth_km": null, "net_slip_rate_mm_yr": null, "net_slip_rate_range": null}, "geometry": {"type": "LineString", "coordinates": [[-77.753804824, 2.00953463400003], [-77.8359791519999, 1.78197495700005], [-77.94975899, 1.55441528100005], [-78.144647418, 1.31665406500002], [-78.312472143, 1.09543056400003]]}}, {"type": "Feature", "properties": {"name": "MOCOA_FAULT", "slip_type": "Reverse", "catalog_name": "Active Tectonics of the Andes", "dip_deg": null, "upper_seis_depth_km": null, "lower_seis_depth_km": null, "net_slip_rate_mm_yr": null, "net_slip_rate_range": null}, "geometry": {"type": "LineString", "coordinates": [[-76.59795056, 1.03068357500007], [-76.560449881, 1.03068357500007], [-76.5274492839999, 1.04268379200005], [-76.479448414, 1.04868390100006], [-76.4299475179999, 1.07118430800006], [-76.402947029, 1.10418490600006], [-76.347446024, 1.12518528600003], [-76.302445209, 1.13268542200007], [-76.255944367, 1.12818534], [-76.207943498, 1.14318561200002], [-76.1509424659999, 1.18368634600006], [-76.114941814, 1.21068683400006], [-76.0714410259999, 1.22268705200003], [-76.005439831, 1.24068737800008], [-75.9784393419999, 1.28268813800003], [-75.966439125, 1.32468889900002], [-75.912438147, 1.36068955100006], [-75.8854376579999, 1.40269031100007], [-75.867437332, 1.42519071900006], [-75.828436626, 1.44019099], [-75.798436082, 1.45669128900005], [-75.774435648, 1.47469161500004], [-75.7354349409999, 1.48969188700005], [-75.70993448, 1.51669237600004], [-75.6844340179999, 1.55269302800002], [-75.652933447, 1.56769329900004]]}}, {"type": "Feature", "properties": {"name": "AFILADORES_FAULT", "slip_type": "Reverse", "catalog_name": "Active Tectonics of the Andes", "dip_deg": null, "upper_seis_depth_km": null, "lower_seis_depth_km": null, "net_slip_rate_mm_yr": null, "net_slip_rate_range": null}, "geometry": {"type": "LineString", "coordinates": [[-77.636469366, 0.225335658000063], [-77.628469221, 0.278669957000034], [-77.593801927, 0.334670971000037], [-77.535134198, 0.40400556000003], [-77.504254513, 0.453611586000022], [-77.4523283299999, 0.497866855000041], [-77.41779874, 0.518674303000068], [-77.348464151, 0.574675317000072]]}}, {"type": "Feature", "properties": {"name": "AFILADORES_FAULT", "slip_type": "Reverse", "catalog_name": "Active Tectonics of the Andes", "dip_deg": null, "upper_seis_depth_km": null, "lower_seis_depth_km": null, "net_slip_rate_mm_yr": null, "net_slip_rate_range": null}, "geometry": {"type": "LineString", "coordinates": [[-77.2444622679999, 0.662676911000062], [-77.161794104, 0.713344495000058], [-77.10045966, 0.758678649000046], [-76.999124492, 0.796012659000041], [-76.9084561829999, 0.836013383000022], [-76.825788019, 0.87601410700006], [-76.753786715, 0.900014542000065], [-76.700452416, 0.958682271000043]]}}, {"type": "Feature", "properties": {"name": "ROMERAL_FAULT", "slip_type": "Reverse", "catalog_name": "Active Tectonics of the Andes", "dip_deg": null, "upper_seis_depth_km": null, "lower_seis_depth_km": null, "net_slip_rate_mm_yr": null, "net_slip_rate_range": null}, "geometry": {"type": "LineString", "coordinates": [[-76.30440011, 2.80839024400007], [-76.3257338299999, 2.76216718500007], [-76.4004018489999, 2.58794180800004], [-76.485736727, 2.47060635], [-76.606627805, 2.32838155200005], [-76.6421840049999, 2.21460171400003], [-76.6564064849999, 2.07237691600005], [-76.748852603, 1.91237401900003], [-76.8341874819999, 1.77370484100004], [-76.93018922, 1.59236822400004], [-77.0617471579999, 1.42525408700004], [-77.200416336, 1.29014052900004], [-77.385308573, 1.17636069100007], [-77.520422131, 1.10524829200006], [-77.6057570089999, 1.05902523300006], [-77.7124256069999, 0.98080159400007], [-77.765759907, 0.906133575000069], [-77.797760486, 0.849243656000056]]}}, {"type": "Feature", "properties": {"name": "GUAYAQUIL ALGECIRAS FAULT SYSTEM", "slip_type": "Dextral", "catalog_name": "Active Tectonics of the Andes", "dip_deg": null, "upper_seis_depth_km": null, "lower_seis_depth_km": null, "net_slip_rate_mm_yr": 9.5, "net_slip_rate_range": [7.0, 12.0]}, "geometry": {"type": "LineString", "coordinates": [[-78.1777319729999, 0.049978476000035], [-78.064831797, 0.166629100000023], [-77.954467127, 0.411313562000032], [-77.721760226, 0.712463670000034], [-77.44114308, 0.917793288000041], [-77.040750324, 1.13296161800002], [-76.6827068009999, 1.33700792600007], [-76.366584742, 1.49271622100002], [-76.154410803, 1.62960263300005], [-75.9969914289999, 1.70489016]]}}, {"type": "Feature", "properties": {"name": "GUAYAQUIL ALGECIRAS FAULT SYSTEM- QUITO SEGMENT", "slip_type": "Dextral", "catalog_name": "Active Tectonics of the Andes", "dip_deg": null, "upper_seis_depth_km": null, "lower_seis_depth_km": null, "net_slip_rate_mm_yr": null, "net_slip_rate_range": null}, "geometry": {"type": "LineString", "coordinates": [[-78.182611148, 0.044001689000027], [-78.3438520079999, -0.075250472999926], [-78.4103000219999, -0.153625053999974], [-78.461374623, -0.249163377999935], [-78.549601058, -0.38316413299998], [-78.61548114, -0.452451805999942]]}}, {"type": "Feature", "properties": {"name": "CASCALES_FAULT", "slip_type": "Reverse", "catalog_name": "Active Tectonics of the Andes", "dip_deg": null, "upper_seis_depth_km": null, "lower_seis_depth_km": null, "net_slip_rate_mm_yr": null, "net_slip_rate_range": null}, "geometry": {"type": "LineString", "coordinates": [[-77.459154207, -0.281675871999937], [-77.437445657, -0.266321044999927], [-77.418384492, -0.255202031999943], [-77.37990066, -0.22887321099995], [-77.345316692, -0.199077489999979], [-77.2981932559999, -0.120185444999947], [-77.2770141839999, -0.071473578999928], [-77.261660513, -2.1312999934e-05], [-77.2277728399999, 0.09690004700002], [-77.2378329, 0.139258192000057], [-77.254032116, 0.202131196000039], [-77.265474711, 0.270786766000072]]}}, {"type": "Feature", "properties": {"name": "PAYAMINO_FAULT", "slip_type": "Reverse", "catalog_name": "Active Tectonics of the Andes", "dip_deg": null, "upper_seis_depth_km": null, "lower_seis_depth_km": null, "net_slip_rate_mm_yr": null, "net_slip_rate_range": null}, "geometry": {"type": "LineString", "coordinates": [[-77.296075349, -0.454814789999944], [-77.3050764549999, -0.393924955999978], [-77.304546978, -0.346801519999929], [-77.307194362, -0.298089653999966], [-77.309312269, -0.259967322999955], [-77.316724944, -0.194312198999967], [-77.309841746, -0.148247715999958]]}}, {"type": "Feature", "properties": {"name": "TAISHA_FAULT", "slip_type": "Reverse", "catalog_name": "Active Tectonics of the Andes", "dip_deg": null, "upper_seis_depth_km": null, "lower_seis_depth_km": null, "net_slip_rate_mm_yr": null, "net_slip_rate_range": null}, "geometry": {"type": "LineString", "coordinates": [[-77.612566756, -2.77675767199997], [-77.540096988, -2.70810210299993], [-77.4790698159999, -2.58604775699996], [-77.463813022, -2.43347982499995], [-77.471441419, -2.36482425599996], [-77.482884014, -2.30761128199993], [-77.459998824, -2.23132731599998], [-77.459998824, -2.12834396199997], [-77.482884014, -2.07494518599998]]}}, {"type": "Feature", "properties": {"name": "SANTIAGO-UPANO_FAULT", "slip_type": "Reverse", "catalog_name": "Active Tectonics of the Andes", "dip_deg": null, "upper_seis_depth_km": null, "lower_seis_depth_km": null, "net_slip_rate_mm_yr": null, "net_slip_rate_range": null}, "geometry": {"type": "LineString", "coordinates": [[-77.968240747, -4.37586030699993], [-77.9196097189999, -4.32150798099997], [-77.911027772, -4.2356885199999], [-77.896724529, -4.12126257099993], [-77.873839339, -4.03258246099995], [-77.87097869, -3.92959910699994], [-77.856675447, -3.83233705], [-77.836650906, -3.75223888599993], [-77.8280689599999, -3.65497682899996], [-77.839511554, -3.57487866499997], [-77.850954149, -3.49191985199997], [-77.882421285, -3.40610039099994], [-77.896724529, -3.32600222599996], [-77.882421285, -3.25448600799996], [-77.908167124, -3.20299433099996], [-77.928191665, -3.08856838299994], [-77.9396342599999, -3.01133086699997], [-77.936773611, -2.94553594599995], [-77.896724529, -2.8711590799999], [-77.902445826, -2.76817572599992], [-77.891003231, -2.68235626399996], [-77.905306475, -2.63658588499993], [-77.928191665, -2.59653680199995], [-77.902445826, -2.53932382799997], [-77.9196097189999, -2.46780761], [-77.942494908, -2.40773398699997], [-77.933912962, -2.34193906599995], [-77.928191665, -2.3104719299999]]}}, {"type": "Feature", "properties": {"name": "EL_TAMBOR_FAULT", "slip_type": "Reverse", "catalog_name": "Active Tectonics of the Andes", "dip_deg": null, "upper_seis_depth_km": null, "lower_seis_depth_km": null, "net_slip_rate_mm_yr": null, "net_slip_rate_range": null}, "geometry": {"type": "LineString", "coordinates": [[-76.725765652, 4.21544476900004], [-76.7524650399999, 4.13153240700007], [-76.77535023, 4.02854905300006], [-76.8058638159999, 3.94463669], [-76.851634196, 3.84165333600004], [-76.912661369, 3.73104158600006], [-76.9851311359999, 3.62042983500004], [-77.042344111, 3.50600388600003], [-77.072857697, 3.43734831700004], [-77.08811449, 3.34962175600003], [-77.118628077, 3.26952359200004], [-77.126256473, 3.18942542800005], [-77.172026853, 3.10551306500003], [-77.187283646, 3.00634391], [-77.164398456, 2.92624574500007], [-77.137699068, 2.87284696900002], [-77.275010207, 2.80800559800002], [-77.3741793619999, 2.75460682200003], [-77.450463328, 2.64018087300002], [-77.507676303, 2.52956912300004], [-77.583960269, 2.42277157], [-77.599217062, 2.34648760500005], [-77.6869436229999, 2.23206165600004], [-77.728899804, 2.11000731], [-77.75941339, 2.02228075]]}}, {"type": "Feature", "properties": {"name": "ESMERALDAS FAULT SYSTEM", "slip_type": "Reverse", "catalog_name": "Active Tectonics of the Andes", "dip_deg": null, "upper_seis_depth_km": null, "lower_seis_depth_km": null, "net_slip_rate_mm_yr": null, "net_slip_rate_range": null}, "geometry": {"type": "LineString", "coordinates": [[-79.638960964, 0.925190515000054], [-79.6013543139999, 0.833263148000071], [-79.55539063, 0.753871331000028], [-79.51778398, 0.712086164000027]]}}, {"type": "Feature", "properties": {"name": "ESMERALDAS FAULT SYSTEM", "slip_type": "Reverse", "catalog_name": "Active Tectonics of the Andes", "dip_deg": null, "upper_seis_depth_km": null, "lower_seis_depth_km": null, "net_slip_rate_mm_yr": null, "net_slip_rate_range": null}, "geometry": {"type": "LineString", "coordinates": [[-79.5219624969999, 0.770585398000037], [-79.5052484299999, 0.657765447000031], [-79.459284746, 0.540766980000058], [-79.363178863, 0.473910713000066], [-79.321393696, 0.448839613000075]]}}, {"type": "Feature", "properties": {"name": "RIO_CANANDE_FAULT", "slip_type": "Dextral", "catalog_name": "Active Tectonics of the Andes", "dip_deg": null, "upper_seis_depth_km": null, "lower_seis_depth_km": null, "net_slip_rate_mm_yr": null, "net_slip_rate_range": null}, "geometry": {"type": "LineString", "coordinates": [[-79.329750729, 0.436304063000023], [-79.208573745, 0.444661097000051], [-79.0790397279999, 0.486446263000062], [-78.9035420279999, 0.570016597000063], [-78.78654356, 0.657765447000031], [-78.715508777, 0.69119358100005]]}}, {"type": "Feature", "properties": {"name": "BUGA_FAULT", "slip_type": "Reverse", "catalog_name": "Active Tectonics of the Andes", "dip_deg": null, "upper_seis_depth_km": null, "lower_seis_depth_km": null, "net_slip_rate_mm_yr": null, "net_slip_rate_range": null}, "geometry": {"type": "LineString", "coordinates": [[-79.678764606, 0.572379909000063], [-79.664485333, 0.606293183000048], [-79.641281514, 0.658055549000039], [-79.6287871499999, 0.713387733000047], [-79.630572059, 0.781214281000075]]}}, {"type": "Feature", "properties": {"name": "CANAVERAL_FAULT", "slip_type": "Reverse", "catalog_name": "Active Tectonics of the Andes", "dip_deg": null, "upper_seis_depth_km": null, "lower_seis_depth_km": null, "net_slip_rate_mm_yr": null, "net_slip_rate_range": null}, "geometry": {"type": "LineString", "coordinates": [[-79.7644402449999, 0.158280985000033], [-79.719817516, 0.199333896000041], [-79.6894740609999, 0.260020807000046], [-79.6751947879999, 0.313568082000074]]}}, {"type": "Feature", "properties": {"name": "CANAVERAL_FAULT", "slip_type": "Reverse", "catalog_name": "Active Tectonics of the Andes", "dip_deg": null, "upper_seis_depth_km": null, "lower_seis_depth_km": null, "net_slip_rate_mm_yr": null, "net_slip_rate_range": null}, "geometry": {"type": "LineString", "coordinates": [[-79.7269571529999, 0.261805716000026], [-79.69125897, 0.301073718000055], [-79.6573456959999, 0.367115357000046], [-79.6341418769999, 0.445651359000067]]}}, {"type": "Feature", "properties": {"name": "MACHE_FAULT", "slip_type": "Reverse", "catalog_name": "Active Tectonics of the Andes", "dip_deg": null, "upper_seis_depth_km": null, "lower_seis_depth_km": null, "net_slip_rate_mm_yr": null, "net_slip_rate_range": null}, "geometry": {"type": "LineString", "coordinates": [[-80.0071878909999, 0.085099710000065], [-79.955425525, 0.156496076000053], [-79.90366316, 0.24217171600003], [-79.8572555219999, 0.315352991000054], [-79.8215573379999, 0.392104085000028], [-79.800138429, 0.436726814000053]]}}, {"type": "Feature", "properties": {"name": "MACHE_FAULT", "slip_type": "Reverse", "catalog_name": "Active Tectonics of the Andes", "dip_deg": null, "upper_seis_depth_km": null, "lower_seis_depth_km": null, "net_slip_rate_mm_yr": null, "net_slip_rate_range": null}, "geometry": {"type": "LineString", "coordinates": [[-79.866180067, 0.408168267000065], [-79.8019233379999, 0.44386645000003], [-79.751945881, 0.474209906000056], [-79.705538243, 0.502768452000055]]}}, {"type": "Feature", "properties": {"name": "CANAVERAL_FAULT", "slip_type": "Dextral", "catalog_name": "Active Tectonics of the Andes", "dip_deg": null, "upper_seis_depth_km": null, "lower_seis_depth_km": null, "net_slip_rate_mm_yr": null, "net_slip_rate_range": null}, "geometry": {"type": "LineString", "coordinates": [[-80.014327527, -0.05412320399995], [-79.958995343, -0.023779748999971], [-79.8911687949999, 0.019058071000075], [-79.826912066, 0.058326072000057], [-79.780504428, 0.104733711000051], [-79.751945881, 0.14757153000005]]}}, {"type": "Feature", "properties": {"name": "QUININDE_FAULT", "slip_type": "Reverse", "catalog_name": "Active Tectonics of the Andes", "dip_deg": null, "upper_seis_depth_km": null, "lower_seis_depth_km": null, "net_slip_rate_mm_yr": null, "net_slip_rate_range": null}, "geometry": {"type": "LineString", "coordinates": [[-79.668055151, -0.14515357099998], [-79.62700224, -0.113025206999964], [-79.580594602, -0.059477931999936], [-79.54311151, 0.011918434000052], [-79.527047328, 0.077960073000042], [-79.510983145, 0.140431894000073], [-79.491349144, 0.197548987000062], [-79.4645755069999, 0.251096261000043], [-79.444941506, 0.309998264000058]]}}, {"type": "Feature", "properties": {"name": "QUININDE_FAULT", "slip_type": "Reverse", "catalog_name": "Active Tectonics of the Andes", "dip_deg": null, "upper_seis_depth_km": null, "lower_seis_depth_km": null, "net_slip_rate_mm_yr": null, "net_slip_rate_range": null}, "geometry": {"type": "LineString", "coordinates": [[-79.69125897, -0.353987942999936], [-79.664485333, -0.298655758999928], [-79.641281514, -0.236183937999954], [-79.6287871499999, -0.152293207999946], [-79.6287871499999, -0.116595024999924]]}}, {"type": "Feature", "properties": {"name": "TANDAPI_FAULT", "slip_type": "Sinistral", "catalog_name": "Active Tectonics of the Andes", "dip_deg": null, "upper_seis_depth_km": null, "lower_seis_depth_km": null, "net_slip_rate_mm_yr": null, "net_slip_rate_range": null}, "geometry": {"type": "LineString", "coordinates": [[-78.863061121, -0.330784123999933], [-78.830932757, -0.375406851999969], [-78.7809553, -0.434308854999927], [-78.7720307549999, -0.44144849099996]]}}, {"type": "Feature", "properties": {"name": "EL_CINTO_FAULT", "slip_type": "Sinistral", "catalog_name": "Active Tectonics of the Andes", "dip_deg": null, "upper_seis_depth_km": null, "lower_seis_depth_km": null, "net_slip_rate_mm_yr": null, "net_slip_rate_range": null}, "geometry": {"type": "LineString", "coordinates": [[-78.7309778439999, -0.1487233899999], [-78.7077740249999, -0.179066844999966], [-78.67564566, -0.204055572999948], [-78.663151296, -0.230829210999957]]}}, {"type": "Feature", "properties": {"name": "EL_CINTO_FAULT", "slip_type": "Sinistral", "catalog_name": "Active Tectonics of the Andes", "dip_deg": null, "upper_seis_depth_km": null, "lower_seis_depth_km": null, "net_slip_rate_mm_yr": null, "net_slip_rate_range": null}, "geometry": {"type": "LineString", "coordinates": [[-78.634592749, -0.261172665999936], [-78.614958749, -0.279021757999942], [-78.584615293, -0.305795394999961]]}}, {"type": "Feature", "properties": {"name": "PAPALLACTA_FAULT", "slip_type": "Dextral", "catalog_name": "Active Tectonics of the Andes", "dip_deg": null, "upper_seis_depth_km": null, "lower_seis_depth_km": null, "net_slip_rate_mm_yr": null, "net_slip_rate_range": null}, "geometry": {"type": "LineString", "coordinates": [[-78.2204938249999, -0.384331397999972], [-78.181225824, -0.368267215999936], [-78.154452186, -0.35041812399993], [-78.140172913, -0.314719940999964], [-78.138388004, -0.279021757999942], [-78.1223238219999, -0.266527393999979]]}}, {"type": "Feature", "properties": {"name": "CHUNGCHILAN-SIGCHOS_FAULT", "slip_type": "Reverse", "catalog_name": "Active Tectonics of the Andes", "dip_deg": null, "upper_seis_depth_km": null, "lower_seis_depth_km": null, "net_slip_rate_mm_yr": null, "net_slip_rate_range": null}, "geometry": {"type": "LineString", "coordinates": [[-78.9880047619999, -0.880536143999961], [-78.939812215, -0.834128505999956], [-78.90768385, -0.773441593999962], [-78.886264941, -0.727033955999957], [-78.877340395, -0.677056499999935], [-78.8755554859999, -0.62707904399997]]}}, {"type": "Feature", "properties": {"name": "PACAYACU_FAULT", "slip_type": "Reverse", "catalog_name": "Active Tectonics of the Andes", "dip_deg": null, "upper_seis_depth_km": null, "lower_seis_depth_km": null, "net_slip_rate_mm_yr": null, "net_slip_rate_range": null}, "geometry": {"type": "LineString", "coordinates": [[-79.102238948, -0.725249046999977], [-79.1236578579999, -0.746667956999943], [-79.14150695, -0.789505776999931], [-79.143291859, -0.83055868699995], [-79.145076768, -0.848407778999956]]}}, {"type": "Feature", "properties": {"name": "VALENCIA-LA_MANA_FAULT", "slip_type": "Reverse", "catalog_name": "Active Tectonics of the Andes", "dip_deg": null, "upper_seis_depth_km": null, "lower_seis_depth_km": null, "net_slip_rate_mm_yr": null, "net_slip_rate_range": null}, "geometry": {"type": "LineString", "coordinates": [[-79.2771600459999, -0.966211782999949], [-79.314643138, -0.996555238999974], [-79.327137502, -1.04831760399998], [-79.328922411, -1.09472524199992], [-79.318212956, -1.12328378899997]]}}, {"type": "Feature", "properties": {"name": "APUELA_FAULT", "slip_type": "Dextral", "catalog_name": "Active Tectonics of the Andes", "dip_deg": null, "upper_seis_depth_km": null, "lower_seis_depth_km": null, "net_slip_rate_mm_yr": null, "net_slip_rate_range": null}, "geometry": {"type": "LineString", "coordinates": [[-78.703873668, 0.208126226000047], [-78.661035848, 0.240254591000053], [-78.607488573, 0.286662229000058], [-78.548586571, 0.345564231000026], [-78.489684569, 0.393756778000068], [-78.443276931, 0.424100234000036], [-78.391514566, 0.465153145000045]]}}, {"type": "Feature", "properties": {"name": "BILLECOCHA-HUYRAPUNGO_FAULT", "slip_type": "Dextral", "catalog_name": "Active Tectonics of the Andes", "dip_deg": null, "upper_seis_depth_km": null, "lower_seis_depth_km": null, "net_slip_rate_mm_yr": null, "net_slip_rate_range": null}, "geometry": {"type": "LineString", "coordinates": [[-78.478975114, 0.254533864000052], [-78.4486316589999, 0.286662229000058], [-78.425427839, 0.322360412000023], [-78.395084384, 0.358058595000045]]}}, {"type": "Feature", "properties": {"name": "NANEGALITO_FAULT", "slip_type": "Dextral", "catalog_name": "Active Tectonics of the Andes", "dip_deg": null, "upper_seis_depth_km": null, "lower_seis_depth_km": null, "net_slip_rate_mm_yr": null, "net_slip_rate_range": null}, "geometry": {"type": "LineString", "coordinates": [[-78.755636033, -0.020342145999962], [-78.727077487, 0.022495674000027], [-78.686024576, 0.065333494000072], [-78.630692392, 0.12602040500002], [-78.584284754, 0.186707316000025], [-78.5432318439999, 0.259888592000038], [-78.518243116, 0.292016956000055]]}}, {"type": "Feature", "properties": {"name": "OTAVALO_FAULT", "slip_type": "Dextral", "catalog_name": "Active Tectonics of the Andes", "dip_deg": null, "upper_seis_depth_km": null, "lower_seis_depth_km": null, "net_slip_rate_mm_yr": null, "net_slip_rate_range": null}, "geometry": {"type": "LineString", "coordinates": [[-78.321903108, 0.209911135000027], [-78.2897747439999, 0.247394228000076], [-78.250506742, 0.290232047000075], [-78.225518014, 0.320575503000043], [-78.198744377, 0.345564231000026]]}}, {"type": "Feature", "properties": {"name": "EL_ANGEL_FAULT", "slip_type": "Dextral", "catalog_name": "Active Tectonics of the Andes", "dip_deg": null, "upper_seis_depth_km": null, "lower_seis_depth_km": null, "net_slip_rate_mm_yr": null, "net_slip_rate_range": null}, "geometry": {"type": "LineString", "coordinates": [[-78.1219932829999, 0.490141873000027], [-78.0845101909999, 0.518700419000027], [-78.052381826, 0.559753330000035], [-78.005974188, 0.602591150000023], [-77.966706186, 0.648998788000029], [-77.950642004, 0.665062970000065]]}}, {"type": "Feature", "properties": {"name": "TENA-PASUNO FAULT SYSTEM", "slip_type": "Reverse", "catalog_name": "Active Tectonics of the Andes", "dip_deg": null, "upper_seis_depth_km": null, "lower_seis_depth_km": null, "net_slip_rate_mm_yr": null, "net_slip_rate_range": null}, "geometry": {"type": "LineString", "coordinates": [[-78.016286996, -0.754336455999976], [-77.982373722, -0.731132636999973], [-77.9520302669999, -0.670445724999979], [-77.932396266, -0.620468268999957], [-77.90205281, -0.577630448999969], [-77.889558446, -0.53479262899998], [-77.885988628, -0.513373718999958]]}}, {"type": "Feature", "properties": {"name": "BAEZA-CHACO_FAULT", "slip_type": "Reverse", "catalog_name": "Active Tectonics of the Andes", "dip_deg": null, "upper_seis_depth_km": null, "lower_seis_depth_km": null, "net_slip_rate_mm_yr": null, "net_slip_rate_range": null}, "geometry": {"type": "LineString", "coordinates": [[-78.032351179, -0.709713726999951], [-77.991298268, -0.668660815999942], [-77.964524631, -0.618683359999977], [-77.918116993, -0.557996447999926], [-77.884203719, -0.506234082999924], [-77.846720626, -0.440192443999933], [-77.81816208, -0.384860259999925], [-77.803882807, -0.340237530999957], [-77.791388443, -0.295614801999932]]}}, {"type": "Feature", "properties": {"name": "SUMACO_FAULT", "slip_type": "Reverse", "catalog_name": "Active Tectonics of the Andes", "dip_deg": null, "upper_seis_depth_km": null, "lower_seis_depth_km": null, "net_slip_rate_mm_yr": null, "net_slip_rate_range": null}, "geometry": {"type": "LineString", "coordinates": [[-77.4754595219999, -0.627607904999934], [-77.455825521, -0.568705902999966], [-77.4379764299999, -0.499094445999958], [-77.427266975, -0.429482988999951], [-77.41655752, -0.370580986999926], [-77.405848065, -0.311678984999958], [-77.396923519, -0.279550619999952]]}}, {"type": "Feature", "properties": {"name": "HOLLIN_FAULT", "slip_type": "Reverse", "catalog_name": "Active Tectonics of the Andes", "dip_deg": null, "upper_seis_depth_km": null, "lower_seis_depth_km": null, "net_slip_rate_mm_yr": null, "net_slip_rate_range": null}, "geometry": {"type": "LineString", "coordinates": [[-77.8163771709999, -0.747196818999953], [-77.7610449869999, -0.709713726999951], [-77.673584438, -0.668660815999942], [-77.6200371639999, -0.636532450999937], [-77.56470498, -0.602619176999951]]}}, {"type": "Feature", "properties": {"name": "TENA_FAULT", "slip_type": "Reverse", "catalog_name": "Active Tectonics of the Andes", "dip_deg": null, "upper_seis_depth_km": null, "lower_seis_depth_km": null, "net_slip_rate_mm_yr": null, "net_slip_rate_range": null}, "geometry": {"type": "LineString", "coordinates": [[-77.903837719, -1.07562010399994], [-77.898482992, -1.01493319199994], [-77.889558446, -0.954246280999939], [-77.875279173, -0.897129187999951], [-77.8681395359999, -0.836442276999946], [-77.8681395359999, -0.761476091999953]]}}, {"type": "Feature", "properties": {"name": "PUSUNO_FAULT", "slip_type": "Reverse", "catalog_name": "Active Tectonics of the Andes", "dip_deg": null, "upper_seis_depth_km": null, "lower_seis_depth_km": null, "net_slip_rate_mm_yr": null, "net_slip_rate_range": null}, "geometry": {"type": "LineString", "coordinates": [[-77.721776985, -1.01850301099995], [-77.6860788019999, -0.975665190999962], [-77.650380619, -0.931042461999937], [-77.616467345, -0.886419732999968], [-77.593263526, -0.859646095999949], [-77.570059707, -0.813238457999944]]}}, {"type": "Feature", "properties": {"name": "ANZU_FAULT", "slip_type": "Reverse", "catalog_name": "Active Tectonics of the Andes", "dip_deg": null, "upper_seis_depth_km": null, "lower_seis_depth_km": null, "net_slip_rate_mm_yr": null, "net_slip_rate_range": null}, "geometry": {"type": "LineString", "coordinates": [[-78.105532454, -1.28266956599992], [-78.066264453, -1.24518647399998], [-78.025211542, -1.18449956199993], [-78.002007723, -1.13273719699993], [-77.982373722, -1.08454464899995], [-77.968094449, -1.02921246599993]]}}, {"type": "Feature", "properties": {"name": "HUACAMAYOS_FAULT", "slip_type": "Reverse", "catalog_name": "Active Tectonics of the Andes", "dip_deg": null, "upper_seis_depth_km": null, "lower_seis_depth_km": null, "net_slip_rate_mm_yr": null, "net_slip_rate_range": null}, "geometry": {"type": "LineString", "coordinates": [[-78.1947779119999, -1.01136337399993], [-78.159079729, -0.988159554999925], [-78.1019626359999, -0.945321734999936], [-78.0555549979999, -0.898914096999931], [-78.014502087, -0.840012094999963], [-77.993083177, -0.775755364999952], [-77.98772845, -0.732917545999953]]}}, {"type": "Feature", "properties": {"name": "PISAYAMBO_FAULT", "slip_type": "Dextral", "catalog_name": "Active Tectonics of the Andes", "dip_deg": null, "upper_seis_depth_km": null, "lower_seis_depth_km": null, "net_slip_rate_mm_yr": null, "net_slip_rate_range": null}, "geometry": {"type": "LineString", "coordinates": [[-78.294732825, -1.13452210599996], [-78.2608195509999, -1.10239374099996], [-78.2090571849999, -1.06491064899996], [-78.15550991, -1.02564264699993], [-78.141230637, -1.00243882799992]]}}, {"type": "Feature", "properties": {"name": "CANAVERAL_FAULT", "slip_type": "Dextral", "catalog_name": "Active Tectonics of the Andes", "dip_deg": null, "upper_seis_depth_km": null, "lower_seis_depth_km": null, "net_slip_rate_mm_yr": null, "net_slip_rate_range": null}, "geometry": {"type": "LineString", "coordinates": [[-80.221443097, -0.439399150999975], [-80.2000241869999, -0.400131149999936], [-80.183960005, -0.355508420999968], [-80.17325055, -0.310885691999943]]}}, {"type": "Feature", "properties": {"name": "RIO_BABA_FAULT", "slip_type": "Dextral", "catalog_name": "Active Tectonics of the Andes", "dip_deg": null, "upper_seis_depth_km": null, "lower_seis_depth_km": null, "net_slip_rate_mm_yr": null, "net_slip_rate_range": null}, "geometry": {"type": "LineString", "coordinates": [[-78.911319776, -0.530429517999949], [-78.906560019, -0.470932545999972], [-78.897040503, -0.40905569499995], [-78.8875209879999, -0.35431848099995], [-78.897040503, -0.290061751999929]]}}, {"type": "Feature", "properties": {"name": "CHUNGCHILAN-SIGCHOS_FAULT", "slip_type": "Reverse", "catalog_name": "Active Tectonics of the Andes", "dip_deg": null, "upper_seis_depth_km": null, "lower_seis_depth_km": null, "net_slip_rate_mm_yr": null, "net_slip_rate_range": null}, "geometry": {"type": "LineString", "coordinates": [[-79.0398332359999, -0.899310743999933], [-79.0683917819999, -0.939768684999933], [-79.087430813, -1.01592480899996], [-79.087430813, -1.08494129599995]]}}, {"type": "Feature", "properties": {"name": "QUINSALOMA_FAULT", "slip_type": "Reverse", "catalog_name": "Active Tectonics of the Andes", "dip_deg": null, "upper_seis_depth_km": null, "lower_seis_depth_km": null, "net_slip_rate_mm_yr": null, "net_slip_rate_range": null}, "geometry": {"type": "LineString", "coordinates": [[-79.217134212, -1.22356924], [-79.2510474859999, -1.25391269599993], [-79.274251305, -1.28604106099993], [-79.2938853059999, -1.32352415299994], [-79.309949488, -1.36993179099994], [-79.3081645789999, -1.41633942899995]]}}, {"type": "Feature", "properties": {"name": "MONTALCO_FAULT", "slip_type": "Reverse", "catalog_name": "Active Tectonics of the Andes", "dip_deg": null, "upper_seis_depth_km": null, "lower_seis_depth_km": null, "net_slip_rate_mm_yr": null, "net_slip_rate_range": null}, "geometry": {"type": "LineString", "coordinates": [[-79.259525804, -1.6465927099999], [-79.2608644859999, -1.68407580299993], [-79.258187122, -1.72959098599995], [-79.250155031, -1.76038066899997], [-79.262203168, -1.80321848899996], [-79.2555097589999, -1.84337894499993], [-79.254171077, -1.88487808299993], [-79.2514937129999, -1.92771590299998], [-79.243461622, -1.96519899499998], [-79.250155031, -2.00669813299993], [-79.243461622, -2.05087463399997], [-79.230074803, -2.08434168099996], [-79.2140106209999, -2.10174454499997]]}}, {"type": "Feature", "properties": {"name": "CHILLANES_FAULT", "slip_type": "Reverse", "catalog_name": "Active Tectonics of the Andes", "dip_deg": null, "upper_seis_depth_km": null, "lower_seis_depth_km": null, "net_slip_rate_mm_yr": null, "net_slip_rate_range": null}, "geometry": {"type": "LineString", "coordinates": [[-79.2046398479999, -2.20348436699993], [-79.165818074, -2.17537204799993], [-79.140383118, -2.13922763799997], [-79.113609481, -2.08969640799995], [-79.118964208, -2.04819727099994], [-79.102900026, -2.01606890599993], [-79.07746507, -1.97858581299994], [-79.058723524, -1.94244140299998], [-79.053368797, -1.91299040199993]]}}, {"type": "Feature", "properties": {"name": "PASTAZA_FAULT", "slip_type": "Sinistral", "catalog_name": "Active Tectonics of the Andes", "dip_deg": null, "upper_seis_depth_km": null, "lower_seis_depth_km": null, "net_slip_rate_mm_yr": null, "net_slip_rate_range": null}, "geometry": {"type": "LineString", "coordinates": [[-78.0785604929999, -1.6361807399999], [-78.0678510389999, -1.60226746599994], [-78.074990675, -1.55942964699994], [-78.098194494, -1.51123709899997], [-78.1249681319999, -1.47196909799993]]}}, {"type": "Feature", "properties": {"name": "MERA_FAULT", "slip_type": "Reverse", "catalog_name": "Active Tectonics of the Andes", "dip_deg": null, "upper_seis_depth_km": null, "lower_seis_depth_km": null, "net_slip_rate_mm_yr": null, "net_slip_rate_range": null}, "geometry": {"type": "LineString", "coordinates": [[-78.108903949, -1.41306709599996], [-78.076775584, -1.36665945799996], [-78.0410774009999, -1.31489709199997]]}}, {"type": "Feature", "properties": {"name": "PUYO_FAULT", "slip_type": "Reverse", "catalog_name": "Active Tectonics of the Andes", "dip_deg": null, "upper_seis_depth_km": null, "lower_seis_depth_km": null, "net_slip_rate_mm_yr": null, "net_slip_rate_range": null}, "geometry": {"type": "LineString", "coordinates": [[-78.0321528549999, -1.50588237199997], [-78.007164127, -1.47732382499993], [-77.998239581, -1.43627091499997], [-78.007164127, -1.40771236799998]]}}, {"type": "Feature", "properties": {"name": "ARAJUNO_FAULT", "slip_type": "Reverse", "catalog_name": "Active Tectonics of the Andes", "dip_deg": null, "upper_seis_depth_km": null, "lower_seis_depth_km": null, "net_slip_rate_mm_yr": null, "net_slip_rate_range": null}, "geometry": {"type": "LineString", "coordinates": [[-77.653752114, -1.27919890899994], [-77.646612478, -1.23636108899996], [-77.625193568, -1.17924399599997], [-77.6002048399999, -1.12748163099997], [-77.555582111, -1.09892308399998], [-77.5305933819999, -1.06679472]]}}, {"type": "Feature", "properties": {"name": "GUAMOTE FAULT", "slip_type": "Dextral", "catalog_name": "Active Tectonics of the Andes", "dip_deg": null, "upper_seis_depth_km": null, "lower_seis_depth_km": null, "net_slip_rate_mm_yr": null, "net_slip_rate_range": null}, "geometry": {"type": "LineString", "coordinates": [[-78.802241995, -2.1161229799999], [-78.7718985389999, -2.05722097799998], [-78.7397701739999, -1.98760952099997], [-78.712996537, -1.91799806399996], [-78.671943626, -1.85909606199994], [-78.638030352, -1.82875260599997]]}}, {"type": "Feature", "properties": {"name": "PONCE-ENRIQUEZ_FAULT", "slip_type": "Reverse", "catalog_name": "Active Tectonics of the Andes", "dip_deg": null, "upper_seis_depth_km": null, "lower_seis_depth_km": null, "net_slip_rate_mm_yr": null, "net_slip_rate_range": null}, "geometry": {"type": "LineString", "coordinates": [[-79.480507474, -2.82651682399995], [-79.5304849299999, -2.85329046199996], [-79.578677478, -2.89434337199998], [-79.6197303879999, -2.94789064699995], [-79.650073844, -2.99608319399994], [-79.6750625719999, -3.03535119599997], [-79.701836209, -3.07997392499993], [-79.719685301, -3.12102683499995], [-79.7500287569999, -3.18349865599993], [-79.776802394, -3.23704593]]}}, {"type": "Feature", "properties": {"name": "GUALACEO_FAULT", "slip_type": "Reverse", "catalog_name": "Active Tectonics of the Andes", "dip_deg": null, "upper_seis_depth_km": null, "lower_seis_depth_km": null, "net_slip_rate_mm_yr": null, "net_slip_rate_range": null}, "geometry": {"type": "LineString", "coordinates": [[-78.761189084, -2.86756973499996], [-78.789747631, -2.89255846299994], [-78.8004570859999, -2.9211170099999], [-78.809381631, -2.96038501099997], [-78.821875995, -2.99072846699994], [-78.83258545, -3.01393228599994], [-78.8700685429999, -3.0478455599999], [-78.89684218, -3.07640410599993], [-78.9129063619999, -3.11567210799996]]}}, {"type": "Feature", "properties": {"name": "GIRON_FAULT", "slip_type": "Dextral", "catalog_name": "Active Tectonics of the Andes", "dip_deg": null, "upper_seis_depth_km": null, "lower_seis_depth_km": null, "net_slip_rate_mm_yr": null, "net_slip_rate_range": null}, "geometry": {"type": "LineString", "coordinates": [[-79.111031279, -3.14066083599994], [-79.143159644, -3.17814392799994], [-79.189567282, -3.21027229299995], [-79.232405101, -3.25132520399995], [-79.2734580119999, -3.29594793199993], [-79.316295832, -3.33700084299994], [-79.344854378, -3.38876320899993], [-79.38412238, -3.44052557399993]]}}, {"type": "Feature", "properties": {"name": "CASCALES FAULT SYSTEM", "slip_type": "Reverse", "catalog_name": "Active Tectonics of the Andes", "dip_deg": null, "upper_seis_depth_km": null, "lower_seis_depth_km": null, "net_slip_rate_mm_yr": null, "net_slip_rate_range": null}, "geometry": {"type": "LineString", "coordinates": [[-77.3024723409999, -0.352528186999962], [-77.2983418489999, -0.327155165999955], [-77.3001120599999, -0.305322565999973], [-77.296571638, -0.2911608799999], [-77.297751779, -0.270508420999931], [-77.3001120599999, -0.251036102999933], [-77.306012762, -0.222712730999945], [-77.3007021299999, -0.210911325999973], [-77.2942113569999, -0.198519850999958], [-77.287720585, -0.185538304999966], [-77.27768939, -0.172556759999964], [-77.271198618, -0.163705705999973], [-77.259987283, -0.154264581999939], [-77.250546159, -0.135382333999928], [-77.247595807, -0.119450436999955], [-77.251726299, -0.09938804799998], [-77.2511362289999, -0.082276010999976]]}}, {"type": "Feature", "properties": {"name": "EASTERN PERU THRUST FRONT", "slip_type": "Reverse", "catalog_name": "Active Tectonics of the Andes", "dip_deg": null, "upper_seis_depth_km": null, "lower_seis_depth_km": null, "net_slip_rate_mm_yr": null, "net_slip_rate_range": null}, "geometry": {"type": "LineString", "coordinates": [[-76.5631037799999, -5.81831639499995], [-76.5790172599999, -5.75929436799993], [-76.61483236, -5.68368471199994], [-76.686462561, -5.55634213199994], [-76.734216029, -5.46481465299996], [-76.813805141, -5.39318445199996], [-76.9252298979999, -5.30563642799996], [-77.0446135669999, -5.23798568299998], [-77.2037917919999, -5.15441711499994], [-77.303278182, -5.12656092499998], [-77.366949472, -5.0589101799999], [-77.390826206, -4.99125943399997], [-77.4465385839999, -4.92360868899993], [-77.522148241, -4.82810175399993], [-77.585819531, -4.75647155299993], [-77.6216346309999, -4.68086189599995]]}}, {"type": "Feature", "properties": {"name": "EASTERN PERU THRUST FRONT", "slip_type": "Reverse", "catalog_name": "Active Tectonics of the Andes", "dip_deg": null, "upper_seis_depth_km": null, "lower_seis_depth_km": null, "net_slip_rate_mm_yr": null, "net_slip_rate_range": null}, "geometry": {"type": "LineString", "coordinates": [[-75.609971926, -6.67134415399994], [-75.6569792449999, -6.57061418399996], [-75.7196556709999, -6.48779176399995], [-75.75994766, -6.41616156299995], [-75.806954979, -6.34005447399994], [-75.831577861, -6.25947049799993], [-75.8718698489999, -6.1900787399999], [-75.94350005, -6.13859453299995], [-75.9949842569999, -6.08039499499995], [-76.073329789, -6.03114923199996], [-76.176298204, -5.99981101899994], [-76.245689961, -5.96399591799997], [-76.306127943, -5.91027326699998], [-76.35761215, -5.82521240399996], [-76.44043457, -5.74910531499995], [-76.5232569899999, -5.70209799499997]]}}, {"type": "Feature", "properties": {"name": "EASTERN PERU THRUST FRONT", "slip_type": "Reverse", "catalog_name": "Active Tectonics of the Andes", "dip_deg": null, "upper_seis_depth_km": null, "lower_seis_depth_km": null, "net_slip_rate_mm_yr": null, "net_slip_rate_range": null}, "geometry": {"type": "LineString", "coordinates": [[-75.144375619, -6.7810279], [-75.160044725, -6.74521279899994], [-75.238390258, -6.64895971599998], [-75.3234511209999, -6.58852173399993], [-75.415227317, -6.53927597099994], [-75.5249110619999, -6.46988421399993], [-75.556249275, -6.36915424299997], [-75.5875874879999, -6.27066271699994], [-75.6636945769999, -6.18336340899998], [-75.766662991, -6.08934877], [-75.815908754, -6.06920277599994], [-75.883062068, -6.01995701299995], [-75.9367847189999, -5.95280369899996], [-76.00841492, -5.90803482399997], [-76.1158602209999, -5.88117349799995]]}}, {"type": "Feature", "properties": {"name": "CAMPANQUIZ FAULT SYSTEM", "slip_type": "Reverse", "catalog_name": "Active Tectonics of the Andes", "dip_deg": null, "upper_seis_depth_km": null, "lower_seis_depth_km": null, "net_slip_rate_mm_yr": null, "net_slip_rate_range": null}, "geometry": {"type": "LineString", "coordinates": [[-77.897225549, -2.77618055199997], [-77.876093306, -2.82851971199995], [-77.86651008, -2.85137202099997], [-77.855452511, -2.86611544599998], [-77.837760401, -2.88380755599997], [-77.839971914, -2.90002532399996], [-77.851766654, -2.92361480499994], [-77.863561395, -2.94941579899995], [-77.859138367, -2.97595396399993], [-77.8532409969999, -2.99512041699995], [-77.8384975719999, -3.00544081499993], [-77.824491318, -3.01944706899997], [-77.811959406, -3.05114543299993], [-77.80827355, -3.08358096899997], [-77.810485064, -3.11896518899994], [-77.810485064, -3.1425546699999], [-77.805324865, -3.16393263599997], [-77.800901837, -3.18531060299995], [-77.7979531519999, -3.20226554199996], [-77.7979531519999, -3.22806653599997], [-77.7979531519999, -3.24944450299995], [-77.794267296, -3.26418792799996], [-77.7927929529999, -3.28335438099998], [-77.795004467, -3.31136688899994], [-77.7979531519999, -3.32463597199995], [-77.797215981, -3.35633433599997], [-77.795004467, -3.38729552899997], [-77.78468407, -3.43005146199994], [-77.783209727, -3.44700640099995], [-77.7743636719999, -3.47501890899997], [-77.764780445, -3.50155707499994], [-77.756671562, -3.5104031299999], [-77.746351164, -3.51187747199998], [-77.741190965, -3.52735806899994], [-77.736767937, -3.55242189199993], [-77.717601485, -3.56569097499994]]}}, {"type": "Feature", "properties": {"name": "CAMPANQUIZ FAULT SYSTEM", "slip_type": "Reverse", "catalog_name": "Active Tectonics of the Andes", "dip_deg": null, "upper_seis_depth_km": null, "lower_seis_depth_km": null, "net_slip_rate_mm_yr": null, "net_slip_rate_range": null}, "geometry": {"type": "LineString", "coordinates": [[-77.662866518, -3.84010297699996], [-77.6551262199999, -3.85171342499996], [-77.646280165, -3.85558357399998], [-77.6346697179999, -3.86719402099993], [-77.6241650269999, -3.87216992699996], [-77.6142132149999, -3.89262643], [-77.604814281, -3.91584732399997], [-77.5937567129999, -3.93298655599995], [-77.585463536, -3.96118335699992], [-77.58767505, -3.98827440099996], [-77.587122171, -4.01425968799992], [-77.5799347509999, -4.04356224599996], [-77.584357779, -4.07894646599993], [-77.5926509559999, -4.11433068699995], [-77.59817974, -4.14473900199994], [-77.607578674, -4.18288761399998], [-77.614766093, -4.21108441499996], [-77.6219535129999, -4.23928121599994], [-77.620847756, -4.25973771899993], [-77.6219535129999, -4.27521831499996], [-77.618636243, -4.29014603299993], [-77.6131074579999, -4.31004965699998], [-77.604814281, -4.34266948599998], [-77.604261403, -4.3658903799999], [-77.608131552, -4.39353430299997], [-77.626929419, -4.4195195899999], [-77.632458204, -4.43500018599997], [-77.646280165, -4.44661063399997], [-77.663419397, -4.46098547299994], [-77.68000575, -4.48310061099994], [-77.683323021, -4.51129741199998], [-77.685534535, -4.5477873899999], [-77.691616198, -4.58814751599994], [-77.692721955, -4.61192128899995], [-77.703226645, -4.62740188599997], [-77.716495728, -4.63956521199998], [-77.740822379, -4.64896414499998], [-77.770677816, -4.67494943199995], [-77.7922400749999, -4.71309804499998], [-77.8055091579999, -4.7363189399999], [-77.8143552129999, -4.75953983499994], [-77.8132494559999, -4.77778482399998], [-77.8055091579999, -4.79934708299993], [-77.806062036, -4.81593343599997], [-77.811037942, -4.83473130399994], [-77.8149080909999, -4.85242341399993], [-77.809379307, -4.87232703799998], [-77.799980373, -4.89941808199995], [-77.804956279, -4.91158140799996]]}}, {"type": "Feature", "properties": {"name": "CELICA-MACARA-AMOTAPE FAULT SYSTEM", "slip_type": "Reverse", "catalog_name": "Active Tectonics of the Andes", "dip_deg": null, "upper_seis_depth_km": null, "lower_seis_depth_km": null, "net_slip_rate_mm_yr": null, "net_slip_rate_range": null}, "geometry": {"type": "LineString", "coordinates": [[-80.133484757, -4.26410685299993], [-80.1023159919999, -4.24592507299997], [-80.084134212, -4.24073027899993], [-80.055562843, -4.23423678599994], [-80.034783666, -4.22124980099994], [-80.0204979819999, -4.19657452799993], [-79.994524011, -4.17579535099998], [-79.9698487379999, -4.15631487299993], [-79.951666958, -4.1316396], [-79.9191994939999, -4.11086042299996], [-79.893225523, -4.09008124599995], [-79.8724463459999, -4.05761378199998], [-79.8451736759999, -4.03423720799998], [-79.8114075129999, -4.01086063399993], [-79.782836145, -4.00306844199997], [-79.747771284, -3.99917234599997], [-79.708810327, -3.99397755199993], [-79.667251973, -3.97449707399994]]}}, {"type": "Feature", "properties": {"name": "CELICA-MACARA-AMOTAPE FAULT SYSTEM", "slip_type": "Reverse", "catalog_name": "Active Tectonics of the Andes", "dip_deg": null, "upper_seis_depth_km": null, "lower_seis_depth_km": null, "net_slip_rate_mm_yr": null, "net_slip_rate_range": null}, "geometry": {"type": "LineString", "coordinates": [[-81.071974844, -4.70631371399998], [-81.035611284, -4.70371631699993], [-81.009637313, -4.7011189199999], [-80.98496204, -4.69722282399994], [-80.964182863, -4.68033974299993], [-80.951195878, -4.65956056599993], [-80.9330140979999, -4.65566447], [-80.8992479349999, -4.65306707299993], [-80.866780471, -4.64917097699993], [-80.836910404, -4.63748269], [-80.81353383, -4.62969049899993], [-80.774572873, -4.63228789599998], [-80.714832739, -4.61280741799993], [-80.683663973, -4.58423604899997], [-80.651196509, -4.56475557099998], [-80.6018459639999, -4.54267769499995], [-80.571975897, -4.50891153299995], [-80.5572843699999, -4.48983689699998], [-80.539751939, -4.46865187699996], [-80.522219508, -4.45404151799994], [-80.5032260419999, -4.44089219499995], [-80.485693611, -4.42701235399994], [-80.4696222169999, -4.4072883699999], [-80.4564728939999, -4.39340852899994], [-80.4360183909999, -4.37660661599995], [-80.4257911399999, -4.35834366799997], [-80.412641817, -4.33569761199993], [-80.399492494, -4.31524310899994], [-80.37611592, -4.29844119699993], [-80.349086756, -4.28017824799997], [-80.323518628, -4.26337633499998], [-80.2979505, -4.24073027899993], [-80.2738434079999, -4.21589266899997], [-80.2599635669999, -4.2049349], [-80.231473367, -4.18448039799995], [-80.213940937, -4.16694796699994], [-80.19494747, -4.14503242899997], [-80.183259183, -4.13845776699998], [-80.1752234859999, -4.12384740899995]]}}, {"type": "Feature", "properties": {"name": "CELICA-MACARA-AMOTAPE FAULT SYSTEM", "slip_type": "Reverse", "catalog_name": "Active Tectonics of the Andes", "dip_deg": null, "upper_seis_depth_km": null, "lower_seis_depth_km": null, "net_slip_rate_mm_yr": null, "net_slip_rate_range": null}, "geometry": {"type": "LineString", "coordinates": [[-80.4827715389999, -4.53366797399997], [-80.460856001, -4.51978813299996], [-80.444784607, -4.50883036399995], [-80.427252176, -4.49495052299994], [-80.4053366379999, -4.48107068199994], [-80.385612653, -4.46134669799994], [-80.362966597, -4.44235323099997], [-80.3447036479999, -4.41970717499993], [-80.328632254, -4.40290526199993], [-80.308177751, -4.38391179599995], [-80.292836875, -4.36784040099997], [-80.270921336, -4.34811641699997], [-80.249005798, -4.33058398599997], [-80.23074285, -4.30355482199997], [-80.2190545619999, -4.28310032], [-80.204444204, -4.26045426399997], [-80.197869542, -4.25387960199993]]}}, {"type": "Feature", "properties": {"name": "CELICA-MACARA-AMOTAPE FAULT SYSTEM", "slip_type": "Reverse", "catalog_name": "Active Tectonics of the Andes", "dip_deg": null, "upper_seis_depth_km": null, "lower_seis_depth_km": null, "net_slip_rate_mm_yr": null, "net_slip_rate_range": null}, "geometry": {"type": "LineString", "coordinates": [[-80.8752220119999, -4.55598935499995], [-80.854036991, -4.54722314], [-80.829199381, -4.54064847899997], [-80.812397469, -4.53261278099995], [-80.793404002, -4.51288879699996], [-80.7809851969999, -4.49973947399997], [-80.7773326069999, -4.48366807899993], [-80.783176751, -4.46832720199995], [-80.7875598589999, -4.45663891499993], [-80.785368305, -4.44495062799996], [-80.772218982, -4.43472337699995], [-80.751033961, -4.41280783899992], [-80.7473813719999, -4.39673644399994], [-80.7444593, -4.37993453099995], [-80.7335015309999, -4.36021054699995], [-80.732771013, -4.34486967]]}}, {"type": "Feature", "properties": {"name": "SHITARI FAULT", "slip_type": "Reverse", "catalog_name": "Active Tectonics of the Andes", "dip_deg": null, "upper_seis_depth_km": null, "lower_seis_depth_km": null, "net_slip_rate_mm_yr": null, "net_slip_rate_range": null}, "geometry": {"type": "LineString", "coordinates": [[-77.246753225, -6.09633476399995], [-77.256598442, -6.05976681499993], [-77.2678501189999, -6.01757302799996], [-77.2903534719999, -5.9767857], [-77.3227020429999, -5.93599837199997], [-77.357863532, -5.88677228599994], [-77.40005732, -5.84598495799997], [-77.43240589, -5.81222992799997], [-77.4661609199999, -5.77144260099993], [-77.488664274, -5.74331340899994], [-77.5266386819999, -5.71518421699994], [-77.573051848, -5.69830670199997], [-77.622277934, -5.68705502599994], [-77.667284641, -5.67299043]]}}, {"type": "Feature", "properties": {"name": "SAN_JACINTO_FAULT", "slip_type": "Reverse", "catalog_name": "Active Tectonics of the Andes", "dip_deg": null, "upper_seis_depth_km": null, "lower_seis_depth_km": null, "net_slip_rate_mm_yr": null, "net_slip_rate_range": null}, "geometry": {"type": "LineString", "coordinates": [[-75.701308148, 2.36909922500007], [-75.6878723849999, 2.37790196700007], [-75.6748999229999, 2.38855791800006], [-75.6596109509999, 2.40338358800005], [-75.641078863, 2.42052576900005], [-75.622083473, 2.44276427500006], [-75.603088083, 2.46592938400005], [-75.5901156209999, 2.48770458800004], [-75.576216555, 2.51503941700003], [-75.5683404179999, 2.52245225200005], [-75.5558312589999, 2.54330085100003], [-75.550271632, 2.56553935700003], [-75.5423954949999, 2.58685125800002], [-75.52664322, 2.60214023], [-75.517840478, 2.61372278500005], [-75.500234995, 2.62762185100007], [-75.482166209, 2.65680989], [-75.4752166759999, 2.66885574700007], [-75.465950632, 2.68553462600005], [-75.45483138, 2.69897038900007], [-75.443248825, 2.71101624700003], [-75.4205470169999, 2.73371805400006], [-75.40850116, 2.74530060900003], [-75.387189259, 2.75456665300004], [-75.372363589, 2.76522260400003], [-75.354758105, 2.77217213700004], [-75.339932435, 2.78143818100006], [-75.326959973, 2.79858036200005], [-75.316304023, 2.82498858700006], [-75.30935449, 2.84120416400003], [-75.300088446, 2.85417662500004], [-75.294065517, 2.86575918], [-75.291285704, 2.87456192200005]]}}, {"type": "Feature", "properties": {"name": "GUAYAQUIL ALGECIRAS FAULT SYSTEM", "slip_type": "Dextral", "catalog_name": "Active Tectonics of the Andes", "dip_deg": null, "upper_seis_depth_km": null, "lower_seis_depth_km": null, "net_slip_rate_mm_yr": 3.8, "net_slip_rate_range": null}, "geometry": {"type": "LineString", "coordinates": [[-79.625415184, -2.59635029699996], [-79.887060129, -2.74827316899996], [-80.123384597, -2.94239683799998], [-80.3934697019999, -3.11120002899997], [-80.874558796, -3.47412688899993], [-81.2037250179999, -3.82861359], [-81.423169166, -4.18310029099996], [-81.625732995, -4.42786491699997], [-81.71857475, -4.54602715099998]]}}, {"type": "Feature", "properties": {"name": "GUAYAQUIL ALGECIRAS FAULT SYSTEM", "slip_type": "Dextral", "catalog_name": "Active Tectonics of the Andes", "dip_deg": null, "upper_seis_depth_km": null, "lower_seis_depth_km": null, "net_slip_rate_mm_yr": 3.8, "net_slip_rate_range": null}, "geometry": {"type": "LineString", "coordinates": [[-79.576353093, -2.57517195299994], [-79.49298168, -2.54454572], [-79.318451505, -2.42134794899994], [-79.179854012, -2.25195101399993], [-79.0207235569999, -2.09282055899996], [-78.9468936169999, -1.95682137299997], [-78.8716060899999, -1.80624632], [-78.782629922, -1.68989286899995]]}}, {"type": "Feature", "properties": {"name": "NUMBALA FAULT", "slip_type": "Reverse", "catalog_name": "Active Tectonics of the Andes", "dip_deg": null, "upper_seis_depth_km": null, "lower_seis_depth_km": null, "net_slip_rate_mm_yr": null, "net_slip_rate_range": null}, "geometry": {"type": "LineString", "coordinates": [[-78.6088643209999, -6.05703556799995], [-78.660744581, -5.95563324299997], [-78.698475679, -5.89196201499993], [-78.7456395519999, -5.81885801199996], [-78.79044523, -5.7457540099999], [-78.799878005, -5.69387375], [-78.79044523, -5.63727710399996], [-78.837609103, -5.56653129499995], [-78.828176328, -5.50286006699997], [-78.8328927159999, -5.44390522599997], [-78.86826562, -5.37787580499997], [-78.8800565879999, -5.29062264099997], [-78.903638524, -5.21751863899993], [-78.934295041, -5.13734005499992], [-78.990891688, -5.05244508499993], [-79.0427719479999, -4.97934108299995], [-79.0828612399999, -4.88972972499994], [-79.0922940139999, -4.81426752899995], [-79.097010401, -4.76002907599997], [-79.106443176, -4.68456688], [-79.104084982, -4.61382107099996], [-79.085219433, -4.55722442399997], [-79.05692111, -4.50062777699998], [-79.0522047219999, -4.45346390499998], [-79.047488335, -4.39215087099996], [-79.0451301419999, -4.37092712799995]]}}, {"type": "Feature", "properties": {"name": "NARANJAL_FAULT", "slip_type": "Reverse", "catalog_name": "Active Tectonics of the Andes", "dip_deg": null, "upper_seis_depth_km": null, "lower_seis_depth_km": null, "net_slip_rate_mm_yr": null, "net_slip_rate_range": null}, "geometry": {"type": "LineString", "coordinates": [[-79.554283719, -2.60161827099995], [-79.5828422659999, -2.63255669599994], [-79.618540449, -2.70157318299994], [-79.635199601, -2.76582991299995], [-79.6518587529999, -2.81818724799996]]}}, {"type": "Feature", "properties": {"name": "LA_CRUZ_FAULT", "slip_type": "Dextral", "catalog_name": "Active Tectonics of the Andes", "dip_deg": null, "upper_seis_depth_km": null, "lower_seis_depth_km": null, "net_slip_rate_mm_yr": null, "net_slip_rate_range": null}, "geometry": {"type": "LineString", "coordinates": [[-80.597265636, -2.3358651299999], [-80.541933452, -2.37870294899994], [-80.472321995, -2.43938986099994], [-80.411635084, -2.49115222599994], [-80.317034899, -2.57504295699994], [-80.256347987, -2.62323550399998]]}}, {"type": "Feature", "properties": {"name": "COLONCHE_FAULT", "slip_type": "Reverse", "catalog_name": "Active Tectonics of the Andes", "dip_deg": null, "upper_seis_depth_km": null, "lower_seis_depth_km": null, "net_slip_rate_mm_yr": null, "net_slip_rate_range": null}, "geometry": {"type": "LineString", "coordinates": [[-80.743628187, -1.67723365099994], [-80.7168545499999, -1.71828656199995], [-80.672231821, -1.74684510799995]]}}, {"type": "Feature", "properties": {"name": "COLONCHE_FAULT", "slip_type": "Reverse", "catalog_name": "Active Tectonics of the Andes", "dip_deg": null, "upper_seis_depth_km": null, "lower_seis_depth_km": null, "net_slip_rate_mm_yr": null, "net_slip_rate_range": null}, "geometry": {"type": "LineString", "coordinates": [[-80.672231821, -1.72542619799998], [-80.6561676379999, -1.77540365499993], [-80.6365336379999, -1.81645656499995], [-80.611544909, -1.85572456699992], [-80.5722769079999, -1.88606802199996], [-80.5383636339999, -1.89677747699994]]}}, {"type": "Feature", "properties": {"name": "COLONCHE_FAULT", "slip_type": "Reverse", "catalog_name": "Active Tectonics of the Andes", "dip_deg": null, "upper_seis_depth_km": null, "lower_seis_depth_km": null, "net_slip_rate_mm_yr": null, "net_slip_rate_range": null}, "geometry": {"type": "LineString", "coordinates": [[-80.488386178, -1.96638893399995], [-80.438408721, -1.99316257199996], [-80.368797264, -2.04492493699996], [-80.311680171, -2.07169857399992]]}}, {"type": "Feature", "properties": {"name": "COLONCHE_FAULT", "slip_type": "Reverse", "catalog_name": "Active Tectonics of the Andes", "dip_deg": null, "upper_seis_depth_km": null, "lower_seis_depth_km": null, "net_slip_rate_mm_yr": null, "net_slip_rate_range": null}, "geometry": {"type": "LineString", "coordinates": [[-80.217079986, -2.12881566699997], [-80.133189256, -2.15558930499998], [-80.040373979, -2.18057803299996], [-79.945773794, -2.19128748799994], [-79.899366156, -2.17522330599996]]}}, {"type": "Feature", "properties": {"name": "CARRIZAL_FAULT", "slip_type": "Reverse", "catalog_name": "Active Tectonics of the Andes", "dip_deg": null, "upper_seis_depth_km": null, "lower_seis_depth_km": null, "net_slip_rate_mm_yr": null, "net_slip_rate_range": null}, "geometry": {"type": "LineString", "coordinates": [[-80.5151598149999, -1.99316257199996], [-80.4598276309999, -2.06812875599996], [-80.4080652659999, -2.13774021299997], [-80.349163263, -2.20021203399995], [-80.270627261, -2.25197439899995], [-80.1599628929999, -2.30373676499994], [-80.0707174349999, -2.33943494799996], [-80.0296645239999, -2.35371422099996]]}}, {"type": "Feature", "properties": {"name": "JIPIJAPA_FAULT", "slip_type": "Reverse", "catalog_name": "Active Tectonics of the Andes", "dip_deg": null, "upper_seis_depth_km": null, "lower_seis_depth_km": null, "net_slip_rate_mm_yr": null, "net_slip_rate_range": null}, "geometry": {"type": "LineString", "coordinates": [[-80.7222092769999, -1.53265600899994], [-80.6882960029999, -1.49517291699993], [-80.6597374569999, -1.43448600599993], [-80.629394001, -1.34702545699997], [-80.611544909, -1.26134981799993], [-80.602620364, -1.19352327], [-80.5954807269999, -1.13819108599995]]}}, {"type": "Feature", "properties": {"name": "CALCETA FAULT", "slip_type": "Reverse", "catalog_name": "Active Tectonics of the Andes", "dip_deg": null, "upper_seis_depth_km": null, "lower_seis_depth_km": null, "net_slip_rate_mm_yr": null, "net_slip_rate_range": null}, "geometry": {"type": "LineString", "coordinates": [[-80.265272533, -0.93649635099996], [-80.236713987, -0.899013258999958], [-80.179596894, -0.834756528999947], [-80.1367590739999, -0.784779072999925], [-80.097491072, -0.725877070999957], [-80.067147617, -0.666975068999932], [-80.049298525, -0.608073065999974], [-80.0421588889999, -0.542031427999973]]}}, {"type": "Feature", "properties": {"name": "BAHIA_FAULT", "slip_type": "Reverse", "catalog_name": "Active Tectonics of the Andes", "dip_deg": null, "upper_seis_depth_km": null, "lower_seis_depth_km": null, "net_slip_rate_mm_yr": null, "net_slip_rate_range": null}, "geometry": {"type": "LineString", "coordinates": [[-80.418774721, -0.832971619999967], [-80.390216174, -0.791918708999958], [-80.386646356, -0.72230725199995], [-80.3937859919999, -0.672329795999929], [-80.415204902, -0.62949197599994]]}}, {"type": "Feature", "properties": {"name": "DAULE_FAULT", "slip_type": "Reverse", "catalog_name": "Active Tectonics of the Andes", "dip_deg": null, "upper_seis_depth_km": null, "lower_seis_depth_km": null, "net_slip_rate_mm_yr": null, "net_slip_rate_range": null}, "geometry": {"type": "LineString", "coordinates": [[-80.022524888, -1.21137236099997], [-79.974332341, -1.17567417799995], [-79.913645429, -1.11141744799994], [-79.863667973, -1.05073053699994], [-79.80655088, -0.963269987999979], [-79.7530036049999, -0.884733985999958], [-79.72266015, -0.82761689299997], [-79.688746876, -0.765145071999939], [-79.6744676019999, -0.697318523999968], [-79.649478874, -0.609857975999944]]}}, {"type": "Feature", "properties": {"name": "BUENA_FE_FAULT", "slip_type": "Reverse", "catalog_name": "Active Tectonics of the Andes", "dip_deg": null, "upper_seis_depth_km": null, "lower_seis_depth_km": null, "net_slip_rate_mm_yr": null, "net_slip_rate_range": null}, "geometry": {"type": "LineString", "coordinates": [[-79.811905607, -1.18281381499997], [-79.7672828779999, -1.16317981399993], [-79.7297997859999, -1.11320235799997], [-79.665543057, -1.07036453799998], [-79.6155656, -1.01860217199993], [-79.5709428709999, -0.970409624999945], [-79.5281050519999, -0.893658530999971], [-79.494191778, -0.825831982999944], [-79.474557777, -0.750865798999939]]}}, {"type": "Feature", "properties": {"name": "POSORJA_FAULT", "slip_type": "Normal", "catalog_name": "Active Tectonics of the Andes", "dip_deg": null, "upper_seis_depth_km": null, "lower_seis_depth_km": null, "net_slip_rate_mm_yr": 5.75, "net_slip_rate_range": [2.5, 9.0]}, "geometry": {"type": "LineString", "coordinates": [[-81.006604803, -2.73151999299995], [-80.925688921, -2.76721817599997], [-80.840013281, -2.80767611699997], [-80.7424382469999, -2.86003345199993], [-80.666282123, -2.89335175599996], [-80.54728818, -2.91239078699994], [-80.456852783, -2.9266700599999], [-80.366417385, -2.91953042399996]]}}, {"type": "Feature", "properties": {"name": "JAMBELI_FAULT", "slip_type": "Normal", "catalog_name": "Active Tectonics of the Andes", "dip_deg": null, "upper_seis_depth_km": null, "lower_seis_depth_km": null, "net_slip_rate_mm_yr": null, "net_slip_rate_range": null}, "geometry": {"type": "LineString", "coordinates": [[-80.014195312, -2.94808897], [-79.957078219, -2.92191030299995], [-79.8856818529999, -2.87193284599994]]}}, {"type": "Feature", "properties": {"name": "CELICA-MACARA-AMOTAPE FAULT SYSTEM", "slip_type": "Reverse", "catalog_name": "Active Tectonics of the Andes", "dip_deg": null, "upper_seis_depth_km": null, "lower_seis_depth_km": null, "net_slip_rate_mm_yr": null, "net_slip_rate_range": null}, "geometry": {"type": "LineString", "coordinates": [[-80.069196957, -4.41250777099998], [-80.0239792579999, -4.38156934599994], [-79.985901196, -4.30303334299992], [-79.9430633759999, -4.23163697699994], [-79.921644467, -4.14596133699996], [-79.9145048299999, -4.11264303299993]]}}, {"type": "Feature", "properties": {"name": "NUMBALA_FAULT", "slip_type": "Reverse", "catalog_name": "Active Tectonics of the Andes", "dip_deg": null, "upper_seis_depth_km": null, "lower_seis_depth_km": null, "net_slip_rate_mm_yr": null, "net_slip_rate_range": null}, "geometry": {"type": "LineString", "coordinates": [[-79.286216807, -4.92894148699997], [-79.243378987, -4.859925], [-79.1957814099999, -4.78614875499994], [-79.1696027419999, -4.70999263099998], [-79.143424075, -4.63621638599994], [-79.143424075, -4.56719989799996], [-79.122005165, -4.5219822], [-79.081547224, -4.45772547], [-79.04822892, -4.36253031499996], [-79.031569767, -4.27923455399997], [-79.017290494, -4.20545830899994], [-79.022050252, -4.12692230599993], [-79.0196703729999, -4.08884424399997]]}}, {"type": "Feature", "properties": {"name": "LAS_ARADAS_FAULT", "slip_type": "Reverse", "catalog_name": "Active Tectonics of the Andes", "dip_deg": null, "upper_seis_depth_km": null, "lower_seis_depth_km": null, "net_slip_rate_mm_yr": null, "net_slip_rate_range": null}, "geometry": {"type": "LineString", "coordinates": [[-79.367132689, -4.17392491399994], [-79.381411962, -4.22925709799995], [-79.3921214169999, -4.27923455399997], [-79.38498178, -4.32207237399996], [-79.379627053, -4.35777055699998], [-79.3921214169999, -4.39525364899993], [-79.411755418, -4.44166128699993], [-79.404615781, -4.48449910699998], [-79.395691235, -4.5201972899999], [-79.404615781, -4.55946529199997], [-79.395691235, -4.60408802099994]]}}, {"type": "Feature", "properties": {"name": "EL_TAMBO_FAULT", "slip_type": "Reverse", "catalog_name": "Active Tectonics of the Andes", "dip_deg": null, "upper_seis_depth_km": null, "lower_seis_depth_km": null, "net_slip_rate_mm_yr": null, "net_slip_rate_range": null}, "geometry": {"type": "LineString", "coordinates": [[-79.326079778, -4.06504545599995], [-79.318940142, -4.1185927299999], [-79.290381595, -4.15964564099994], [-79.254683412, -4.20248346099993]]}}, {"type": "Feature", "properties": {"name": "SOLANDA_FAULT", "slip_type": "Reverse", "catalog_name": "Active Tectonics of the Andes", "dip_deg": null, "upper_seis_depth_km": null, "lower_seis_depth_km": null, "net_slip_rate_mm_yr": null, "net_slip_rate_range": null}, "geometry": {"type": "LineString", "coordinates": [[-79.299306141, -4.25960055399997], [-79.315370323, -4.21676273399993], [-79.338574142, -4.18820418699994]]}}, {"type": "Feature", "properties": {"name": "LOJA_FAULT", "slip_type": "Reverse", "catalog_name": "Active Tectonics of the Andes", "dip_deg": null, "upper_seis_depth_km": null, "lower_seis_depth_km": null, "net_slip_rate_mm_yr": null, "net_slip_rate_range": null}, "geometry": {"type": "LineString", "coordinates": [[-79.208275774, -4.06861527399997], [-79.213630501, -4.14715127699998], [-79.222555047, -4.19177400599995], [-79.2279097749999, -4.24710618899996], [-79.206490865, -4.30422328199995], [-79.183287046, -4.34884601099998], [-79.147588863, -4.37918946699995]]}}, {"type": "Feature", "properties": {"name": "LAS_PITAS", "slip_type": "Reverse", "catalog_name": "Active Tectonics of the Andes", "dip_deg": null, "upper_seis_depth_km": null, "lower_seis_depth_km": null, "net_slip_rate_mm_yr": null, "net_slip_rate_range": null}, "geometry": {"type": "LineString", "coordinates": [[-79.177932318, -3.95973581499993], [-79.170792682, -4.00792836299996], [-79.156513408, -4.04898127299992], [-79.136879408, -4.07218509199993]]}}, {"type": "Feature", "properties": {"name": "CATAMAYO", "slip_type": "Reverse", "catalog_name": "Active Tectonics of the Andes", "dip_deg": null, "upper_seis_depth_km": null, "lower_seis_depth_km": null, "net_slip_rate_mm_yr": null, "net_slip_rate_range": null}, "geometry": {"type": "LineString", "coordinates": [[-79.2743174129999, -3.97758490699994], [-79.261823049, -3.94010181499993], [-79.254683412, -3.88298472199995], [-79.254683412, -3.82051290099997]]}}, {"type": "Feature", "properties": {"name": "LA_TOMA_FAULT", "slip_type": "Reverse", "catalog_name": "Active Tectonics of the Andes", "dip_deg": null, "upper_seis_depth_km": null, "lower_seis_depth_km": null, "net_slip_rate_mm_yr": null, "net_slip_rate_range": null}, "geometry": {"type": "LineString", "coordinates": [[-79.411755418, -4.01506799899994], [-79.402830872, -3.97401508899998], [-79.4010459629999, -3.92046781399995], [-79.4099705089999, -3.85442617499996], [-79.402830872, -3.81158835499997]]}}, {"type": "Feature", "properties": {"name": "CHINGUAL_FAULT", "slip_type": "Dextral", "catalog_name": "Active Tectonics of the Andes", "dip_deg": null, "upper_seis_depth_km": null, "lower_seis_depth_km": null, "net_slip_rate_mm_yr": null, "net_slip_rate_range": null}, "geometry": {"type": "LineString", "coordinates": [[-77.868073429, 0.017768970000048], [-77.839611106, 0.102388660000048], [-77.767229155, 0.201520462000048], [-77.669670873, 0.318747752000048], [-77.598862443, 0.428894199000048], [-77.541428939, 0.513864316000048], [-77.500517401, 0.568150779000048], [-77.455672062, 0.597260911000048], [-77.38575131, 0.674615539000048], [-77.284209811, 0.763464351000048], [-77.239575223, 0.802343105000048], [-77.16325947, 0.814144510000048], [-77.101892164, 0.836173800000048], [-77.027149932, 0.883379420000048], [-76.908349121, 0.941599685000048], [-76.823379005, 1.01004783400005], [-76.769092542, 1.03679768600005], [-76.71795312, 1.06197401600005]]}}, {"type": "Feature", "properties": {"name": "GUAYLLABAMBA DEPRESSION", "slip_type": "Normal", "catalog_name": "Active Tectonics of the Andes", "dip_deg": null, "upper_seis_depth_km": null, "lower_seis_depth_km": null, "net_slip_rate_mm_yr": null, "net_slip_rate_range": null}, "geometry": {"type": "LineString", "coordinates": [[-78.3077804549999, -0.011642117999941], [-78.3090583009999, -0.007169654999927], [-78.31289184, -0.003336115999957], [-78.3224756879999, -0.000141499999927], [-78.3288649209999, 0.003053116000046], [-78.3422823079999, 0.006886655000073], [-78.35058831, 0.008164502000056], [-78.365922467, 0.010720195000033], [-78.3748673919999, 0.006886655000073], [-78.3876458559999, -0.00269719299996], [-78.390840472, -0.017392426999947], [-78.393396165, -0.030809813999952]]}}, {"type": "Feature", "properties": {"name": "GUAYLLABAMBA DEPRESSION", "slip_type": "Normal", "catalog_name": "Active Tectonics of the Andes", "dip_deg": null, "upper_seis_depth_km": null, "lower_seis_depth_km": null, "net_slip_rate_mm_yr": null, "net_slip_rate_range": null}, "geometry": {"type": "LineString", "coordinates": [[-78.333337383, -0.068506283999966], [-78.319919996, -0.065950590999933], [-78.3077804549999, -0.062755974999959], [-78.299474453, -0.055727818999969], [-78.2943630669999, -0.044227201999945]]}}, {"type": "Feature", "properties": {"name": "QUITO FAULT", "slip_type": "Reverse", "catalog_name": "Active Tectonics of the Andes", "dip_deg": null, "upper_seis_depth_km": null, "lower_seis_depth_km": null, "net_slip_rate_mm_yr": null, "net_slip_rate_range": null}, "geometry": {"type": "LineString", "coordinates": [[-78.47198372, -0.243571243999952], [-78.4694280269999, -0.231431702999942], [-78.467511257, -0.221208930999978], [-78.464316641, -0.213541852999924], [-78.461122025, -0.207152619999931], [-78.457288486, -0.196929848999957], [-78.459205256, -0.192457386999934], [-78.455651245, -0.184750374999965], [-78.451697908, -0.175765517999935], [-78.447385176, -0.170374602999971], [-78.445947599, -0.158155196999928], [-78.444510022, -0.150967310999931], [-78.4452288099999, -0.14126366399995], [-78.447744571, -0.131919411999945], [-78.449182148, -0.126528497999971], [-78.4521771, -0.119220813999959]]}}, {"type": "Feature", "properties": {"name": "Sibundoy-La Cocha", "slip_type": "Dextral", "catalog_name": "SARA", "dip_deg": 90.0, "upper_seis_depth_km": 0.0, "lower_seis_depth_km": 24.2, "net_slip_rate_mm_yr": 6.0, "net_slip_rate_range": [5.0, 7.0]}, "geometry": {"type": "LineString", "coordinates": [[-76.868819941, 1.16800996500007], [-76.909419941, 1.14368996500002], [-76.965289941, 1.12379996500005], [-77.0126299409999, 1.11848996500004], [-77.0523699409999, 1.06680996500006]]}}, {"type": "Feature", "properties": {"name": "Buesaco-Aranda", "slip_type": "Dextral", "catalog_name": "SARA", "dip_deg": 90.0, "upper_seis_depth_km": 0.0, "lower_seis_depth_km": 23.2, "net_slip_rate_mm_yr": 3.0, "net_slip_rate_range": [1.0, 5.0]}, "geometry": {"type": "LineString", "coordinates": [[-77.474523119, 1.11954169], [-77.426595892, 1.13240160500004], [-77.4090017199999, 1.15910866400003], [-77.315518202, 1.24159130500004], [-77.251975407, 1.28183188300005], [-77.145450925, 1.38666926900004], [-77.0805151879999, 1.43319745900004]]}}, {"type": "Feature", "properties": {"name": "Piendamo", "slip_type": "Reverse-Dextral", "catalog_name": "SARA", "dip_deg": 52.0, "upper_seis_depth_km": 0.0, "lower_seis_depth_km": 23.2, "net_slip_rate_mm_yr": 0.5, "net_slip_rate_range": [0.1, 1.0]}, "geometry": {"type": "LineString", "coordinates": [[-76.6623071879999, 2.37298568900007], [-76.6228454819999, 2.42297581100007], [-76.615925005, 2.45697602900003], [-76.553742174, 2.55443636600006], [-76.5269405339999, 2.65412698500006], [-76.5189094689999, 2.76058781100005]]}}, {"type": "Feature", "properties": {"name": "Rosas-Julumito", "slip_type": "Reverse-Dextral", "catalog_name": "SARA", "dip_deg": 52.0, "upper_seis_depth_km": 0.0, "lower_seis_depth_km": 23.2, "net_slip_rate_mm_yr": 0.5, "net_slip_rate_range": [0.1, 1.0]}, "geometry": {"type": "LineString", "coordinates": [[-76.6565356739999, 2.55908715900006], [-76.6416758139999, 2.46723629900004], [-76.647176198, 2.44015611800006], [-76.7400205499999, 2.27429545100006], [-76.7785728109999, 2.13861464700005]]}}, {"type": "Feature", "properties": {"name": "Algeciras-Balsillas", "slip_type": "Dextral", "catalog_name": "SARA", "dip_deg": 72.0, "upper_seis_depth_km": 0.0, "lower_seis_depth_km": 24.2, "net_slip_rate_mm_yr": 3.0, "net_slip_rate_range": [1.0, 5.0]}, "geometry": {"type": "LineString", "coordinates": [[-73.8507097197496, 3.65391741370451], [-73.8845917556296, 3.648211270313], [-73.962507204, 3.60524373], [-74.013319312, 3.55311378500005], [-74.097842515, 3.50082413700005], [-74.132254018, 3.45618411100003], [-74.16069512, 3.43558420500006], [-74.2705192299999, 3.37418468800007], [-74.327971523, 3.32468482100006], [-74.4973379369999, 3.22239549200003], [-74.608992319, 3.13551577400005], [-74.672744641, 3.1084661], [-74.822620452, 3.00142654300004], [-74.91934443, 2.90339659400007], [-74.961266343, 2.83634644900008], [-75.039259639, 2.74502640300005], [-75.104802267, 2.68597649300006], [-75.241367552, 2.58929684600003], [-75.305450148, 2.52732689], [-75.3598022199999, 2.49306705900005]]}}, {"type": "Feature", "properties": {"name": "Altamira - Pitalito", "slip_type": "Reverse-Dextral", "catalog_name": "SARA", "dip_deg": 72.0, "upper_seis_depth_km": 0.0, "lower_seis_depth_km": 24.2, "net_slip_rate_mm_yr": 0.6, "net_slip_rate_range": [0.2, 1.0]}, "geometry": {"type": "LineString", "coordinates": [[-76.133277758, 1.81208692200005], [-76.090850476, 1.84444651600006], [-75.913484764, 1.93650716600007], [-75.833131594, 2.00378706400005], [-75.8255712019999, 2.02400715300007], [-75.801480219, 2.04778714800005], [-75.762338798, 2.06279697200006], [-75.7267273529999, 2.09950697700003], [-75.625663461, 2.17002673900004]]}}, {"type": "Feature", "properties": {"name": "Zuluaga-Garzn", "slip_type": "Dextral", "catalog_name": "SARA", "dip_deg": 72.0, "upper_seis_depth_km": 0.0, "lower_seis_depth_km": 24.2, "net_slip_rate_mm_yr": 3.0, "net_slip_rate_range": [1.0, 5.0]}, "geometry": {"type": "LineString", "coordinates": [[-75.625663461, 2.17002673900004], [-75.5493904479999, 2.23463663700005], [-75.47868751, 2.31353667400003], [-75.3710226809999, 2.48135706100004], [-75.272668809, 2.56047688]]}}, {"type": "Feature", "properties": {"name": "Afiladores", "slip_type": "Reverse-Dextral", "catalog_name": "SARA", "dip_deg": 72.0, "upper_seis_depth_km": 0.0, "lower_seis_depth_km": 24.2, "net_slip_rate_mm_yr": 6.0, "net_slip_rate_range": [5.0, 7.0]}, "geometry": {"type": "LineString", "coordinates": [[-77.18590875, 0.996932755000046], [-77.2818761185361, 0.934443138843412], [-77.2966184149999, 0.904968942000039], [-77.3232098949999, 0.805348427000069], [-77.3993228729999, 0.744068458000072], [-77.4814677, 0.643731592000051]]}}, {"type": "Feature", "properties": {"name": "Falla de Shitari", "slip_type": "Reverse", "catalog_name": "SARA", "dip_deg": 37.0, "upper_seis_depth_km": 0.0, "lower_seis_depth_km": 39.0, "net_slip_rate_mm_yr": 0.5, "net_slip_rate_range": [0.1, 1.0]}, "geometry": {"type": "LineString", "coordinates": [[-77.8700544057862, -5.33610434034301], [-77.8308337078093, -5.43059612840852], [-77.7953931256922, -5.44776626999732], [-77.7619562456841, -5.48134022287292], [-77.7408340927192, -5.48876711750842], [-77.70807465672, -5.51780570117211], [-77.6551908008148, -5.57898069390387], [-77.6172232199756, -5.65269359033687], [-77.3574907896682, -5.89486706975941], [-77.3225428004098, -5.94360473986683], [-77.3031375899278, -5.99248540038087], [-77.221297600204, -6.10340762955843], [-77.1901851223455, -6.1667872851051], [-77.1083243797163, -6.29002435066385], [-77.0789414889585, -6.38129734229847], [-77.0581251178152, -6.42666065115046], [-77.0281194196754, -6.49041531021834]]}}, {"type": "Feature", "properties": {"name": "Falla de Shitari", "slip_type": "Strike-Slip", "catalog_name": "SARA", "dip_deg": 90.0, "upper_seis_depth_km": 0.0, "lower_seis_depth_km": 39.0, "net_slip_rate_mm_yr": 0.5, "net_slip_rate_range": [0.1, 1.0]}, "geometry": {"type": "LineString", "coordinates": [[-76.7947800499593, -6.11152164041135], [-76.6453883301073, -5.97097066996042]]}}, {"type": "Feature", "properties": {"name": "Falla de Shitari", "slip_type": "Strike-Slip", "catalog_name": "SARA", "dip_deg": 90.0, "upper_seis_depth_km": 0.0, "lower_seis_depth_km": 39.0, "net_slip_rate_mm_yr": 0.5, "net_slip_rate_range": [0.1, 1.0]}, "geometry": {"type": "LineString", "coordinates": [[-76.9416533596148, -5.79741981986876], [-76.8969821602984, -5.77137493000896], [-76.876061729765, -5.73631698963732], [-76.8175833493095, -5.69917462626153], [-76.7752441994825, -5.65359293402988]]}}, {"type": "Feature", "properties": {"name": "Falla de Shitari", "slip_type": "Reverse", "catalog_name": "SARA", "dip_deg": 37.0, "upper_seis_depth_km": 0.0, "lower_seis_depth_km": 39.0, "net_slip_rate_mm_yr": 0.5, "net_slip_rate_range": [0.1, 1.0]}, "geometry": {"type": "LineString", "coordinates": [[-76.7799952955286, -5.67224204476759], [-76.7089620626924, -5.72963048184346], [-76.634086010361, -5.8015579900092], [-76.558874599683, -5.87462546009686], [-76.4511897401144, -6.04536421019009], [-76.4241724403058, -6.18112716039008]]}}, {"type": "Feature", "properties": {"name": "Falla de Shitari", "slip_type": "Reverse", "catalog_name": "SARA", "dip_deg": 37.0, "upper_seis_depth_km": 0.0, "lower_seis_depth_km": 39.0, "net_slip_rate_mm_yr": 0.5, "net_slip_rate_range": [0.1, 1.0]}, "geometry": {"type": "LineString", "coordinates": [[-77.2138868969627, -5.32190362974865], [-77.128567721623, -5.37248467982408], [-76.9697339368716, -5.4361010423292], [-76.908744019221, -5.47248139979672], [-76.8199178851865, -5.5664953078526], [-76.7758619966181, -5.64583966310091]]}}, {"type": "Feature", "properties": {"name": "Falla de Shitari", "slip_type": "Strike-Slip", "catalog_name": "SARA", "dip_deg": 90.0, "upper_seis_depth_km": 0.0, "lower_seis_depth_km": 39.0, "net_slip_rate_mm_yr": 0.5, "net_slip_rate_range": [0.1, 1.0]}, "geometry": {"type": "LineString", "coordinates": [[-76.9557258403752, -5.73693650021926], [-76.9278097326824, -5.63182157055689], [-76.9294880998959, -5.57535162008116], [-76.9160002099417, -5.53626399029088], [-76.8943227696801, -5.50646961997694]]}}, {"type": "Feature", "properties": {"name": "Falla de Shitari", "slip_type": "Reverse", "catalog_name": "SARA", "dip_deg": 37.0, "upper_seis_depth_km": 0.0, "lower_seis_depth_km": 39.0, "net_slip_rate_mm_yr": 0.5, "net_slip_rate_range": [0.1, 1.0]}, "geometry": {"type": "LineString", "coordinates": [[-77.6013412699836, -5.25330494037064], [-77.5044059371077, -5.26528947728634], [-77.4353648394217, -5.33466477639358], [-77.379643716392, -5.42268141663203], [-77.2693897998993, -5.50301802016543], [-77.1739918936284, -5.56126902711454], [-77.0589574811028, -5.64149498490559], [-76.9863090699076, -5.73091588985636]]}}, {"type": "Feature", "properties": {"name": "Troncal", "slip_type": "Dextral", "catalog_name": "SARA", "dip_deg": 90.0, "upper_seis_depth_km": 0.0, "lower_seis_depth_km": 28.0, "net_slip_rate_mm_yr": 5.5, "net_slip_rate_range": [4.0, 7.0]}, "geometry": {"type": "LineString", "coordinates": [[-79.5024127787266, -2.52185566100979], [-79.2728803084793, -2.38550467560015]]}}, {"type": "Feature", "properties": {"name": "Chingual", "slip_type": "Dextral", "catalog_name": "SARA", "dip_deg": 90.0, "upper_seis_depth_km": 0.0, "lower_seis_depth_km": 24.2, "net_slip_rate_mm_yr": 6.0, "net_slip_rate_range": [5.0, 7.0]}, "geometry": {"type": "LineString", "coordinates": [[-77.8598123525579, 0.063748027849385], [-77.7471893237282, 0.225766584460473], [-77.6535313762719, 0.340588142728791]]}}, {"type": "Feature", "properties": {"name": "Rosa Florida", "slip_type": "Strike-Slip", "catalog_name": "SARA", "dip_deg": 90.0, "upper_seis_depth_km": 0.0, "lower_seis_depth_km": 24.2, "net_slip_rate_mm_yr": 1.5, "net_slip_rate_range": [1.0, 2.0]}, "geometry": {"type": "LineString", "coordinates": [[-77.6600475391625, 0.250433751616526], [-77.5387435299897, 0.396241223453842], [-77.5195727430875, 0.435185560665275], [-77.4346307712929, 0.538877846735375]]}}, {"type": "Feature", "properties": {"name": "Pallatanga", "slip_type": "Dextral", "catalog_name": "SARA", "dip_deg": 90.0, "upper_seis_depth_km": 0.0, "lower_seis_depth_km": 28.0, "net_slip_rate_mm_yr": 3.5, "net_slip_rate_range": [3.0, 4.0]}, "geometry": {"type": "LineString", "coordinates": [[-79.0250175945862, -2.08341827333447], [-78.9968573311008, -2.06059744221801], [-78.927809095813, -1.94210066591285], [-78.9064312970665, -1.87837062550381], [-78.8770978652741, -1.82284332845666]]}}, {"type": "Feature", "properties": {"name": "Pallatanga", "slip_type": "Dextral", "catalog_name": "SARA", "dip_deg": 90.0, "upper_seis_depth_km": 0.0, "lower_seis_depth_km": 28.0, "net_slip_rate_mm_yr": 3.5, "net_slip_rate_range": [3.0, 4.0]}, "geometry": {"type": "LineString", "coordinates": [[-78.8368526182536, -1.76029690287959], [-78.800789192667, -1.72652029677414], [-78.7622726629529, -1.62347212313983]]}}, {"type": "Feature", "properties": {"name": "Troncal", "slip_type": "Dextral", "catalog_name": "SARA", "dip_deg": 90.0, "upper_seis_depth_km": 0.0, "lower_seis_depth_km": 28.0, "net_slip_rate_mm_yr": 2.5, "net_slip_rate_range": [1.0, 4.0]}, "geometry": {"type": "LineString", "coordinates": [[-79.3509891558247, -2.41867783751201], [-79.2365852319228, -2.32859771960892], [-79.1445047070264, -2.28663578731158], [-79.1299524982091, -2.26533987183746], [-79.1311356049241, -2.23990308376017]]}}, {"type": "Feature", "properties": {"name": "Troncal", "slip_type": "Reverse-Strike-Slip", "catalog_name": "SARA", "dip_deg": 90.0, "upper_seis_depth_km": 0.0, "lower_seis_depth_km": 28.0, "net_slip_rate_mm_yr": 5.5, "net_slip_rate_range": [4.0, 7.0]}, "geometry": {"type": "LineString", "coordinates": [[-79.3499950686174, -2.53619682232534], [-79.3132063757735, -2.51214267624334], [-79.2065776206605, -2.40674970653356], [-79.1903942664821, -2.38562568387806], [-79.1526925621119, -2.29595241926859]]}}, {"type": "Feature", "properties": {"name": "Apuela", "slip_type": "Dextral", "catalog_name": "SARA", "dip_deg": 90.0, "upper_seis_depth_km": 0.0, "lower_seis_depth_km": 28.0, "net_slip_rate_mm_yr": 1.5, "net_slip_rate_range": [1.0, 2.0]}, "geometry": {"type": "LineString", "coordinates": [[-78.630987006445, 0.195225900055391], [-78.5898908137099, 0.247173132734076], [-78.5583050505375, 0.32013886611594], [-78.4887764216944, 0.404438677003498], [-78.443319849831, 0.427572825625589]]}}, {"type": "Feature", "properties": {"name": "Chingual", "slip_type": "Dextral", "catalog_name": "SARA", "dip_deg": 90.0, "upper_seis_depth_km": 0.0, "lower_seis_depth_km": 24.2, "net_slip_rate_mm_yr": 6.0, "net_slip_rate_range": [5.0, 7.0]}, "geometry": {"type": "LineString", "coordinates": [[-77.5971154941845, 0.421523663586356], [-77.5236323538499, 0.53190813775052], [-77.4821345535667, 0.613295221697285], [-77.477554091448, 0.64351437688714]]}}, {"type": "Feature", "properties": {"name": "Billecocha", "slip_type": "Normal", "catalog_name": "SARA", "dip_deg": 60.0, "upper_seis_depth_km": 0.0, "lower_seis_depth_km": 23.2, "net_slip_rate_mm_yr": 1.5, "net_slip_rate_range": [1.0, 2.0]}, "geometry": {"type": "LineString", "coordinates": [[-78.3615994573489, 0.400049176028801], [-78.3101867753992, 0.486843161283048]]}}, {"type": "Feature", "properties": {"name": "Quito", "slip_type": "Reverse", "catalog_name": "SARA", "dip_deg": 45.0, "upper_seis_depth_km": 1.0, "lower_seis_depth_km": 18.0, "net_slip_rate_mm_yr": 1.05, "net_slip_rate_range": [0.1, 2.0]}, "geometry": {"type": "LineString", "coordinates": [[-78.4637471811873, -0.107994036495427], [-78.4470086008661, -0.147164402115322], [-78.4626896441116, -0.194183274438387]]}}, {"type": "Feature", "properties": {"name": "El Cinto - Guayacán", "slip_type": "Strike-Slip", "catalog_name": "SARA", "dip_deg": 90.0, "upper_seis_depth_km": 0.0, "lower_seis_depth_km": 28.0, "net_slip_rate_mm_yr": 0.5, "net_slip_rate_range": [0.1, 1.0]}, "geometry": {"type": "LineString", "coordinates": [[-78.6103575380698, -0.275378009587314], [-78.6415166871453, -0.224857834621218], [-78.7005826311834, -0.184477121821544], [-78.7144683506337, -0.164379371310758]]}}, {"type": "Feature", "properties": {"name": "Chingual", "slip_type": "Strike-Slip", "catalog_name": "SARA", "dip_deg": 90.0, "upper_seis_depth_km": 0.0, "lower_seis_depth_km": 24.2, "net_slip_rate_mm_yr": 6.0, "net_slip_rate_range": [5.0, 7.0]}, "geometry": {"type": "LineString", "coordinates": [[-77.9078398883, 0.063485460885488], [-77.8440442252606, 0.116976480580263], [-77.8215682814509, 0.151985020292614], [-77.7599279992776, 0.216237790741616]]}}, {"type": "Feature", "properties": {"name": "Sardinas", "slip_type": "Reverse", "catalog_name": "SARA", "dip_deg": 45.0, "upper_seis_depth_km": 0.0, "lower_seis_depth_km": 28.0, "net_slip_rate_mm_yr": 0.5, "net_slip_rate_range": [0.1, 1.0]}, "geometry": {"type": "LineString", "coordinates": [[-77.875030988689, -0.468438829488207], [-77.848416062651, -0.435976886523918], [-77.8161252345918, -0.359890625251978]]}}, {"type": "Feature", "properties": {"name": "Los Bancos", "slip_type": "Strike-Slip", "catalog_name": "SARA", "dip_deg": 90.0, "upper_seis_depth_km": 0.0, "lower_seis_depth_km": 28.0, "net_slip_rate_mm_yr": 0.5, "net_slip_rate_range": [0.1, 1.0]}, "geometry": {"type": "LineString", "coordinates": [[-78.9114035632237, 0.009507511362699], [-78.8159428617735, 0.081215956551318]]}}, {"type": "Feature", "properties": {"name": "Huayrapungo", "slip_type": "Normal-Strike-Slip", "catalog_name": "SARA", "dip_deg": 60.0, "upper_seis_depth_km": 0.0, "lower_seis_depth_km": 28.0, "net_slip_rate_mm_yr": 1.5, "net_slip_rate_range": [1.0, 2.0]}, "geometry": {"type": "LineString", "coordinates": [[-78.5217965324838, 0.091731025966226], [-78.5203799464772, 0.129407649143843], [-78.4979859470936, 0.194008313333143], [-78.4611341137482, 0.25486777262978]]}}, {"type": "Feature", "properties": {"name": "Apuela", "slip_type": "Strike-Slip", "catalog_name": "SARA", "dip_deg": 90.0, "upper_seis_depth_km": 0.0, "lower_seis_depth_km": 28.0, "net_slip_rate_mm_yr": 0.5, "net_slip_rate_range": [0.1, 1.0]}, "geometry": {"type": "LineString", "coordinates": [[-78.6326709141312, 0.212275716851025], [-78.598780376513, 0.24801763750412], [-78.5905592986725, 0.273734001423179], [-78.5707247518457, 0.299027184856868]]}}, {"type": "Feature", "properties": {"name": "Apuela", "slip_type": "Dextral", "catalog_name": "SARA", "dip_deg": 90.0, "upper_seis_depth_km": 0.0, "lower_seis_depth_km": 28.0, "net_slip_rate_mm_yr": 0.5, "net_slip_rate_range": [0.1, 1.0]}, "geometry": {"type": "LineString", "coordinates": [[-78.6583106666038, 0.192174570500185], [-78.6194452988613, 0.21693952993553], [-78.5755499248889, 0.288461689555504]]}}, {"type": "Feature", "properties": {"name": "Pallatanga", "slip_type": "Dextral-Reverse", "catalog_name": "SARA", "dip_deg": 45.0, "upper_seis_depth_km": 0.0, "lower_seis_depth_km": 28.0, "net_slip_rate_mm_yr": 3.5, "net_slip_rate_range": [3.0, 4.0]}, "geometry": {"type": "LineString", "coordinates": [[-78.7906488302792, -1.68742080672467], [-78.863263883821, -1.80394734739201]]}}, {"type": "Feature", "properties": {"name": "Pallatanga", "slip_type": "Dextral", "catalog_name": "SARA", "dip_deg": 90.0, "upper_seis_depth_km": 0.0, "lower_seis_depth_km": 28.0, "net_slip_rate_mm_yr": 3.5, "net_slip_rate_range": [3.0, 4.0]}, "geometry": {"type": "LineString", "coordinates": [[-79.1871482903612, -2.2564965233957], [-79.158059599171, -2.22347692881704], [-79.0849944565288, -2.18839817543528], [-79.0233387240028, -2.11903459017401]]}}, {"type": "Feature", "properties": {"name": "Pallatanga", "slip_type": "Dextral", "catalog_name": "SARA", "dip_deg": 90.0, "upper_seis_depth_km": 0.0, "lower_seis_depth_km": 28.0, "net_slip_rate_mm_yr": 3.5, "net_slip_rate_range": [3.0, 4.0]}, "geometry": {"type": "LineString", "coordinates": [[-79.1455083027658, -2.20087437035573], [-79.0819313539487, -2.17226076132494], [-79.0152801428641, -2.10392475042676]]}}, {"type": "Feature", "properties": {"name": "Río Tigua", "slip_type": "Dextral", "catalog_name": "SARA", "dip_deg": 90.0, "upper_seis_depth_km": 1.0, "lower_seis_depth_km": 20.0, "net_slip_rate_mm_yr": 0.5, "net_slip_rate_range": [0.1, 1.0]}, "geometry": {"type": "LineString", "coordinates": [[-79.906338957177, 0.315480911215218], [-79.8068631614056, 0.33594207236888]]}}, {"type": "Feature", "properties": {"name": "La Boca", "slip_type": "Dextral", "catalog_name": "SARA", "dip_deg": 90.0, "upper_seis_depth_km": 1.0, "lower_seis_depth_km": 20.0, "net_slip_rate_mm_yr": 0.5, "net_slip_rate_range": [0.1, 1.0]}, "geometry": {"type": "LineString", "coordinates": [[-78.8810121941573, 1.08233412032354], [-78.8138396155057, 1.10604208947103], [-78.7605622738297, 1.1452135486665]]}}, {"type": "Feature", "properties": {"name": "Santa Rosa segmento", "slip_type": "Reverse-Strike-Slip", "catalog_name": "SARA", "dip_deg": 60.0, "upper_seis_depth_km": 0.0, "lower_seis_depth_km": 28.0, "net_slip_rate_mm_yr": 0.5, "net_slip_rate_range": [0.1, 1.0]}, "geometry": {"type": "LineString", "coordinates": [[-77.8586868600104, -0.295487830798606], [-77.8628286175465, -0.324723760792779], [-77.8498850377641, -0.380522901310712], [-77.8821188739867, -0.427524333081351]]}}, {"type": "Feature", "properties": {"name": "San Lorenzo", "slip_type": "Normal", "catalog_name": "SARA", "dip_deg": 75.0, "upper_seis_depth_km": 1.0, "lower_seis_depth_km": 20.0, "net_slip_rate_mm_yr": 0.5, "net_slip_rate_range": [0.1, 1.0]}, "geometry": {"type": "LineString", "coordinates": [[-78.799709498994, 1.41804304515057], [-78.8257332880606, 1.32569924552394], [-78.877800956149, 1.20896477980091], [-78.9077181549687, 1.17170939996902], [-78.9768134544772, 1.11428292541683]]}}, {"type": "Feature", "properties": {"name": "Jama", "slip_type": "Strike-Slip", "catalog_name": "SARA", "dip_deg": 90.0, "upper_seis_depth_km": 1.0, "lower_seis_depth_km": 20.0, "net_slip_rate_mm_yr": 1.5, "net_slip_rate_range": [1.0, 2.0]}, "geometry": {"type": "LineString", "coordinates": [[-80.2296043882318, -0.321319705439919], [-80.188719730431, -0.276163712185394], [-80.1278499226357, -0.228486715988993]]}}, {"type": "Feature", "properties": {"name": "Quizapincha", "slip_type": "Strike-Slip", "catalog_name": "SARA", "dip_deg": 90.0, "upper_seis_depth_km": 1.0, "lower_seis_depth_km": 18.0, "net_slip_rate_mm_yr": 1.5, "net_slip_rate_range": [1.0, 2.0]}, "geometry": {"type": "LineString", "coordinates": [[-78.698663798995, -1.22343638757906], [-78.616869826681, -1.16630226373832]]}}, {"type": "Feature", "properties": {"name": "Rio Coyago", "slip_type": "Dextral", "catalog_name": "SARA", "dip_deg": 90.0, "upper_seis_depth_km": 1.0, "lower_seis_depth_km": 18.0, "net_slip_rate_mm_yr": 1.05, "net_slip_rate_range": [0.1, 2.0]}, "geometry": {"type": "LineString", "coordinates": [[-78.3861918206958, -0.056432907952171], [-78.3099392352074, -0.01208296265844]]}}, {"type": "Feature", "properties": {"name": "Rio Uravia", "slip_type": "Strike-Slip", "catalog_name": "SARA", "dip_deg": 90.0, "upper_seis_depth_km": 1.0, "lower_seis_depth_km": 18.0, "net_slip_rate_mm_yr": 1.05, "net_slip_rate_range": [0.1, 2.0]}, "geometry": {"type": "LineString", "coordinates": [[-78.3891263274179, -0.099607555344221], [-78.3631071230951, -0.086242569438866], [-78.2964596666801, -0.029399826840347], [-78.2022389981311, 0.022645159446711]]}}, {"type": "Feature", "properties": {"name": "El Angel", "slip_type": "Reverse", "catalog_name": "SARA", "dip_deg": 45.0, "upper_seis_depth_km": 0.0, "lower_seis_depth_km": 23.2, "net_slip_rate_mm_yr": 1.5, "net_slip_rate_range": [1.0, 2.0]}, "geometry": {"type": "LineString", "coordinates": [[-77.6151772155559, 1.05912705197204], [-77.627991531284, 1.05271989410801], [-77.6495195455904, 1.01863615243667], [-77.7351564819859, 0.960191987070687], [-77.7708723609705, 0.88835436776003], [-77.771684085452, 0.873337463952964], [-77.8115218077813, 0.816263573629074]]}}, {"type": "Feature", "properties": {"name": "San Gabriel", "slip_type": "Reverse-Strike-Slip", "catalog_name": "SARA", "dip_deg": 45.0, "upper_seis_depth_km": 0.0, "lower_seis_depth_km": 24.2, "net_slip_rate_mm_yr": 1.5, "net_slip_rate_range": [1.0, 2.0]}, "geometry": {"type": "LineString", "coordinates": [[-77.6452022988469, 0.70174857573636], [-77.735736997964, 0.629590123285709], [-77.8059118022877, 0.585941890206243], [-77.8389219324011, 0.562672453870789], [-77.8573210218476, 0.551849460184599], [-77.8946933306325, 0.542163357053425], [-77.9371587627666, 0.545107293167234]]}}, {"type": "Feature", "properties": {"name": "San Gabriel", "slip_type": "Reverse", "catalog_name": "SARA", "dip_deg": 45.0, "upper_seis_depth_km": 0.0, "lower_seis_depth_km": 24.2, "net_slip_rate_mm_yr": 1.5, "net_slip_rate_range": [1.0, 2.0]}, "geometry": {"type": "LineString", "coordinates": [[-77.8405453813641, 0.54535566433259], [-77.8785645356247, 0.515488952553255], [-77.9352128636826, 0.491872194446387]]}}, {"type": "Feature", "properties": {"name": "Salado", "slip_type": "Reverse", "catalog_name": "SARA", "dip_deg": 45.0, "upper_seis_depth_km": 0.0, "lower_seis_depth_km": 28.0, "net_slip_rate_mm_yr": 0.5, "net_slip_rate_range": [0.1, 1.0]}, "geometry": {"type": "LineString", "coordinates": [[-77.868251983642, -0.285323776670793], [-77.8550346637186, -0.237146768208618], [-77.8163947533151, -0.160157452704141], [-77.800741348934, -0.013436397371663]]}}, {"type": "Feature", "properties": {"name": "Río San José", "slip_type": "Reverse-Strike-Slip", "catalog_name": "SARA", "dip_deg": 90.0, "upper_seis_depth_km": 0.0, "lower_seis_depth_km": 28.0, "net_slip_rate_mm_yr": 0.5, "net_slip_rate_range": [0.1, 1.0]}, "geometry": {"type": "LineString", "coordinates": [[-77.9107833109009, -0.480860831262191], [-77.8911397360098, -0.466920230683911], [-77.8525453753686, -0.410855814444119]]}}, {"type": "Feature", "properties": {"name": "El Angel", "slip_type": "Strike-Slip", "catalog_name": "SARA", "dip_deg": 90.0, "upper_seis_depth_km": 0.0, "lower_seis_depth_km": 23.2, "net_slip_rate_mm_yr": 3.5, "net_slip_rate_range": [2.0, 5.0]}, "geometry": {"type": "LineString", "coordinates": [[-77.9406022102237, 0.604358608163409], [-77.8859837554458, 0.663188280514873], [-77.8540206052666, 0.712769605533026], [-77.826335575926, 0.789388249268427]]}}, {"type": "Feature", "properties": {"name": "El Angel", "slip_type": "Reverse-Strike-Slip", "catalog_name": "SARA", "dip_deg": 90.0, "upper_seis_depth_km": 0.0, "lower_seis_depth_km": 23.2, "net_slip_rate_mm_yr": 1.5, "net_slip_rate_range": [1.0, 2.0]}, "geometry": {"type": "LineString", "coordinates": [[-77.9230224436307, 0.646713279794199], [-77.9095538297453, 0.664992112795915], [-77.8960852158599, 0.709246130104987], [-77.8859837554458, 0.78115890845703]]}}, {"type": "Feature", "properties": {"name": "Río Quijos", "slip_type": "Dextral", "catalog_name": "SARA", "dip_deg": 90.0, "upper_seis_depth_km": 0.0, "lower_seis_depth_km": 28.0, "net_slip_rate_mm_yr": 3.0, "net_slip_rate_range": [1.0, 5.0]}, "geometry": {"type": "LineString", "coordinates": [[-77.8710022282701, -0.568649901071922], [-77.8680262493118, -0.48941209699052], [-77.8147192497934, -0.404120897761061], [-77.8013924994641, -0.347482211334807], [-77.7757768488224, -0.315662092031744]]}}, {"type": "Feature", "properties": {"name": "San Lorenzo", "slip_type": "Normal", "catalog_name": "SARA", "dip_deg": 75.0, "upper_seis_depth_km": 1.0, "lower_seis_depth_km": 20.0, "net_slip_rate_mm_yr": 0.5, "net_slip_rate_range": [0.1, 1.0]}, "geometry": {"type": "LineString", "coordinates": [[-78.8484482321001, 1.26202547299732], [-78.8625601184546, 1.17114492519829]]}}, {"type": "Feature", "properties": {"name": "Pallatanga", "slip_type": "Reverse-Strike-Slip", "catalog_name": "SARA", "dip_deg": 72.0, "upper_seis_depth_km": 0.0, "lower_seis_depth_km": 28.0, "net_slip_rate_mm_yr": 3.5, "net_slip_rate_range": [3.0, 4.0]}, "geometry": {"type": "LineString", "coordinates": [[-78.9734616578291, -2.02712429524985], [-78.9779774613906, -2.05271384936452], [-79.0282074494141, -2.11802726674478]]}}, {"type": "Feature", "properties": {"name": "Pallatanga", "slip_type": "Reverse-Strike-Slip", "catalog_name": "SARA", "dip_deg": 45.0, "upper_seis_depth_km": 0.0, "lower_seis_depth_km": 28.0, "net_slip_rate_mm_yr": 3.5, "net_slip_rate_range": [3.0, 4.0]}, "geometry": {"type": "LineString", "coordinates": [[-78.6560328889066, -1.60973568935043], [-78.6969439552992, -1.64629153062947], [-78.7557032224256, -1.66770302067772]]}}, {"type": "Feature", "properties": {"name": "Troncal", "slip_type": "Reverse-Strike-Slip", "catalog_name": "SARA", "dip_deg": 90.0, "upper_seis_depth_km": 0.0, "lower_seis_depth_km": 28.0, "net_slip_rate_mm_yr": 2.5, "net_slip_rate_range": [1.0, 4.0]}, "geometry": {"type": "LineString", "coordinates": [[-79.3224035489844, -2.50082307872196], [-79.2481186882267, -2.44281014007572], [-79.209915045243, -2.37984487683946], [-79.2056701966221, -2.34305618399554]]}}, {"type": "Feature", "properties": {"name": "Cedropamba", "slip_type": "Reverse-Strike-Slip", "catalog_name": "SARA", "dip_deg": 90.0, "upper_seis_depth_km": 1.0, "lower_seis_depth_km": 33.0, "net_slip_rate_mm_yr": 1.5, "net_slip_rate_range": [1.0, 2.0]}, "geometry": {"type": "LineString", "coordinates": [[-78.8412486294205, -2.58260005025198], [-78.7545374969078, -2.44819779319346]]}}, {"type": "Feature", "properties": {"name": "Tioloma", "slip_type": "Strike-Slip", "catalog_name": "SARA", "dip_deg": 90.0, "upper_seis_depth_km": 1.0, "lower_seis_depth_km": 33.0, "net_slip_rate_mm_yr": 2.5, "net_slip_rate_range": [1.0, 4.0]}, "geometry": {"type": "LineString", "coordinates": [[-78.6676336720562, -2.36419638365601], [-78.6399944982473, -2.33438943182665], [-78.5977228205516, -2.2552655223858]]}}, {"type": "Feature", "properties": {"name": "Comuna Lagartococha", "slip_type": "Reverse-Strike-Slip", "catalog_name": "SARA", "dip_deg": 45.0, "upper_seis_depth_km": 0.0, "lower_seis_depth_km": 28.0, "net_slip_rate_mm_yr": 1.5, "net_slip_rate_range": [1.0, 2.0]}, "geometry": {"type": "LineString", "coordinates": [[-77.9730385476907, -0.90007284318699], [-77.9641159554868, -0.981647692087165], [-77.9758856232228, -1.09304245474533], [-78.0266754401193, -1.20011844900705], [-78.0449660695284, -1.27978430070476], [-78.0844860600835, -1.32061664674069]]}}, {"type": "Feature", "properties": {"name": "Mataje", "slip_type": "Reverse-Strike-Slip", "catalog_name": "SARA", "dip_deg": 90.0, "upper_seis_depth_km": 1.0, "lower_seis_depth_km": 20.0, "net_slip_rate_mm_yr": 0.5, "net_slip_rate_range": [0.1, 1.0]}, "geometry": {"type": "LineString", "coordinates": [[-78.7491535570908, 1.23112016026732], [-78.7248613145978, 1.28018096308114], [-78.7162875820061, 1.3335286317411], [-78.7181928560153, 1.38973421186455]]}}, {"type": "Feature", "properties": {"name": "Río Canandé", "slip_type": "Reverse-Strike-Slip", "catalog_name": "SARA", "dip_deg": 90.0, "upper_seis_depth_km": 1.0, "lower_seis_depth_km": 20.0, "net_slip_rate_mm_yr": 0.5, "net_slip_rate_range": [0.1, 1.0]}, "geometry": {"type": "LineString", "coordinates": [[-79.2456055750371, 0.464242559746481], [-79.2277536610025, 0.457498503253476], [-79.1547591682009, 0.461068886420151], [-79.0817646762986, 0.483284601503328], [-79.036936536292, 0.504310188864281], [-78.9595493697075, 0.5593213622912], [-78.7562862088413, 0.663146430563472]]}}, {"type": "Feature", "properties": {"name": "Rosa Florida", "slip_type": "Strike-Slip", "catalog_name": "SARA", "dip_deg": 90.0, "upper_seis_depth_km": 0.0, "lower_seis_depth_km": 24.2, "net_slip_rate_mm_yr": 1.5, "net_slip_rate_range": [1.0, 2.0]}, "geometry": {"type": "LineString", "coordinates": [[-77.7146251638201, 0.170113242931961], [-77.6743243045229, 0.237108770253712], [-77.6760655718685, 0.266486262531146], [-77.6620521567814, 0.303814870560018]]}}, {"type": "Feature", "properties": {"name": "Quito", "slip_type": "Reverse", "catalog_name": "SARA", "dip_deg": 40.0, "upper_seis_depth_km": 1.0, "lower_seis_depth_km": 18.0, "net_slip_rate_mm_yr": 1.05, "net_slip_rate_range": [0.1, 2.0]}, "geometry": {"type": "LineString", "coordinates": [[-78.4934749845827, -0.29567525221097], [-78.4971662150487, -0.334894584117592], [-78.5195365235915, -0.391121326188113], [-78.5435373083999, -0.406181489184235], [-78.5665562376801, -0.407847669434261]]}}, {"type": "Feature", "properties": {"name": "Quito", "slip_type": "Reverse", "catalog_name": "SARA", "dip_deg": 40.0, "upper_seis_depth_km": 1.0, "lower_seis_depth_km": 18.0, "net_slip_rate_mm_yr": 1.05, "net_slip_rate_range": [0.1, 2.0]}, "geometry": {"type": "LineString", "coordinates": [[-78.4561834681924, -0.273040748031917], [-78.4871461585682, -0.328586208686431], [-78.4894512576693, -0.364724219546929], [-78.5196852399817, -0.391567474459237]]}}, {"type": "Feature", "properties": {"name": "Cebadas-Peltetec", "slip_type": "Strike-Slip", "catalog_name": "SARA", "dip_deg": 90.0, "upper_seis_depth_km": 0.0, "lower_seis_depth_km": 28.0, "net_slip_rate_mm_yr": 2.0, "net_slip_rate_range": [1.0, 3.0]}, "geometry": {"type": "LineString", "coordinates": [[-78.6391495860844, -1.89811000247448], [-78.6273361870153, -2.0510841501133], [-78.6446057738372, -2.14775013016424], [-78.67654388779, -2.22805167214682]]}}, {"type": "Feature", "properties": {"name": "Pallatanga", "slip_type": "Strike-Slip", "catalog_name": "SARA", "dip_deg": 90.0, "upper_seis_depth_km": 0.0, "lower_seis_depth_km": 28.0, "net_slip_rate_mm_yr": 3.5, "net_slip_rate_range": [3.0, 4.0]}, "geometry": {"type": "LineString", "coordinates": [[-78.9640409994924, -1.99743707106381], [-78.961653271581, -1.97863371567325], [-78.991574484075, -1.91780593859301]]}}, {"type": "Feature", "properties": {"name": "Pallatanga", "slip_type": "Dextral", "catalog_name": "SARA", "dip_deg": 90.0, "upper_seis_depth_km": 0.0, "lower_seis_depth_km": 28.0, "net_slip_rate_mm_yr": 3.5, "net_slip_rate_range": [3.0, 4.0]}, "geometry": {"type": "LineString", "coordinates": [[-78.7911056400131, -1.7223845269242], [-78.7563130697922, -1.67312000338529], [-78.7457434690857, -1.64238352667826]]}}, {"type": "Feature", "properties": {"name": "El Angel", "slip_type": "Reverse-Strike-Slip", "catalog_name": "SARA", "dip_deg": 45.0, "upper_seis_depth_km": 0.0, "lower_seis_depth_km": 23.2, "net_slip_rate_mm_yr": 1.5, "net_slip_rate_range": [1.0, 2.0]}, "geometry": {"type": "LineString", "coordinates": [[-77.9713026205194, 0.599582805202488], [-78.0586141476247, 0.500477841279519], [-78.0833617960099, 0.488224152123109], [-78.0960960226132, 0.490867104933102]]}}, {"type": "Feature", "properties": {"name": "Pisayambo", "slip_type": "Strike-Slip", "catalog_name": "SARA", "dip_deg": 90.0, "upper_seis_depth_km": 0.0, "lower_seis_depth_km": 28.0, "net_slip_rate_mm_yr": 1.5, "net_slip_rate_range": [1.0, 2.0]}, "geometry": {"type": "LineString", "coordinates": [[-78.3583907752139, -1.158089435379], [-78.4104781528443, -1.06170728046646]]}}, {"type": "Feature", "properties": {"name": "Quebrada Ushpacha", "slip_type": "Normal", "catalog_name": "SARA", "dip_deg": 90.0, "upper_seis_depth_km": 0.0, "lower_seis_depth_km": 28.0, "net_slip_rate_mm_yr": 1.5, "net_slip_rate_range": [1.0, 2.0]}, "geometry": {"type": "LineString", "coordinates": [[-78.407607194916, -1.06006673359269], [-78.2931790198957, -1.09492836365291]]}}, {"type": "Feature", "properties": {"name": "Quito", "slip_type": "Reverse", "catalog_name": "SARA", "dip_deg": 40.0, "upper_seis_depth_km": 1.0, "lower_seis_depth_km": 18.0, "net_slip_rate_mm_yr": 1.05, "net_slip_rate_range": [0.1, 2.0]}, "geometry": {"type": "LineString", "coordinates": [[-78.4494763720368, -0.235043786341521], [-78.4905666283471, -0.309699264909], [-78.4990434463978, -0.361898613530002], [-78.5080407695657, -0.373349753088462]]}}, {"type": "Feature", "properties": {"name": "Quito", "slip_type": "Reverse", "catalog_name": "SARA", "dip_deg": 40.0, "upper_seis_depth_km": 0.0, "lower_seis_depth_km": 28.0, "net_slip_rate_mm_yr": 1.05, "net_slip_rate_range": [0.1, 2.0]}, "geometry": {"type": "LineString", "coordinates": [[-78.4517836034304, 0.130278031905789], [-78.4233732456786, 0.080762837635007], [-78.4217497967156, 0.045452821790434], [-78.4052507454254, 0.022863692905275], [-78.4101182045913, -0.002498330933065]]}}, {"type": "Feature", "properties": {"name": "Tres Cruces", "slip_type": "Reverse", "catalog_name": "SARA", "dip_deg": 45.0, "upper_seis_depth_km": 0.0, "lower_seis_depth_km": 28.0, "net_slip_rate_mm_yr": 5.5, "net_slip_rate_range": [4.0, 7.0]}, "geometry": {"type": "LineString", "coordinates": [[-77.7959524572399, -0.328544416291606], [-77.7543261141587, -0.256729921248677], [-77.7189061238184, -0.227469928993855]]}}, {"type": "Feature", "properties": {"name": "Alisal", "slip_type": "Strike-Slip", "catalog_name": "SARA", "dip_deg": 90.0, "upper_seis_depth_km": 0.0, "lower_seis_depth_km": 28.0, "net_slip_rate_mm_yr": 0.5, "net_slip_rate_range": [0.1, 1.0]}, "geometry": {"type": "LineString", "coordinates": [[-78.4249969959145, -1.22166064292418], [-78.3883918340157, -1.19711433565789], [-78.3385955350557, -1.14119305281696], [-78.306692048599, -1.12298392716633]]}}, {"type": "Feature", "properties": {"name": "San Juan de Villalobos-Yunguillo", "slip_type": "Reverse-Dextral", "catalog_name": "SARA", "dip_deg": 72.0, "upper_seis_depth_km": 0.0, "lower_seis_depth_km": 24.2, "net_slip_rate_mm_yr": 0.5, "net_slip_rate_range": [0.1, 1.0]}, "geometry": {"type": "LineString", "coordinates": [[-76.2009699399999, 1.75822996600004], [-76.2210499399999, 1.71293996600002], [-76.2544199399999, 1.66668996500005], [-76.2827199399999, 1.64888996500002], [-76.3067199399999, 1.61745996500002], [-76.35630994, 1.53314996500006], [-76.40311994, 1.49582996500004], [-76.432609941, 1.45827996500003], [-76.461849941, 1.44257996500005], [-76.540809941, 1.42038996500003], [-76.658809941, 1.35399996500007], [-76.701129941, 1.33904996500007], [-76.7836799409999, 1.26203996500004], [-76.838869941, 1.18007996500006]]}}, {"type": "Feature", "properties": {"name": "Giron", "slip_type": "Dextral-Normal", "catalog_name": "SARA", "dip_deg": 72.0, "upper_seis_depth_km": 1.0, "lower_seis_depth_km": 33.0, "net_slip_rate_mm_yr": 0.6, "net_slip_rate_range": [0.2, 1.0]}, "geometry": {"type": "LineString", "coordinates": [[-79.1877840076257, -3.24717999825816], [-79.2260159495763, -3.27681540440722], [-79.2497836167108, -3.28545629200873], [-79.2815504595324, -3.32707865133626], [-79.3246122086689, -3.35756677309177], [-79.3705015728208, -3.4169076402659]]}}]}