{"type":"FeatureCollection","features":[{"type":"Feature","id":5248,"geometry":{"type":"Polygon","coordinates":[[[-77.82193273630736,-0.6666679814380715],[-77.82215870281418,-0.666667983861645],[-77.91389912180907,-0.6666681160684829],[-77.9142781970625,-0.6680264054648571],[-77.91439630672077,-0.6690064939334014],[-77.91439593292087,-0.669604063268779],[-77.91430053589187,-0.6702732804465976],[-77.91439518432018,-0.6707992010311103],[-77.91455853679763,-0.67103590521121],[-77.91562083718203,-0.671875279899374],[-77.91596256515474,-0.6721814528585653],[-77.91613333263439,-0.6724875171676511],[-77.91628492486588,-0.673080403443481],[-77.9161327195931,-0.6734627512618715],[-77.9157525439039,-0.6738831985496033],[-77.91556240785087,-0.6741699111348249],[-77.91518249706833,-0.6741696686338986],[-77.91485963315047,-0.6740738509895555],[-77.91408081645777,-0.674073353788162],[-77.91326400879895,-0.6740728321983981],[-77.91271313968835,-0.6740724803514372],[-77.9120103057721,-0.6740720313515932],[-77.9114214467392,-0.6740716550850814],[-77.91062337142607,-0.6744918326336112],[-77.91035716928808,-0.6749123489667632],[-77.91011001106496,-0.6752563894718333],[-77.90976774204728,-0.6758107124889897],[-77.9094447105603,-0.6759826041981132],[-77.90895070749332,-0.6761735084808771],[-77.90860877821692,-0.6761924114806162],[-77.90828584383955,-0.6762113266330669],[-77.90790584984053,-0.6763449374914708],[-77.90777267589132,-0.676669927584936],[-77.9077723728058,-0.6771479791324367],[-77.90769611283581,-0.6775877389176096],[-77.90761986392363,-0.6780083753851243],[-77.90761947514872,-0.6786202823938037],[-77.90742896148512,-0.6794997761395228],[-77.90725766117357,-0.6800350832941073],[-77.90687710674827,-0.6810483082005149],[-77.90662978807006,-0.6816409326184487],[-77.90609763531329,-0.6820803953938283],[-77.90524247514577,-0.6826535035412993],[-77.90480537326665,-0.6829782947355538],[-77.9043682705139,-0.6833030856189773],[-77.90341817110414,-0.6838187629694781],[-77.90243008086937,-0.6843344144787792],[-77.9014422491321,-0.6844485032908554],[-77.90079634655925,-0.6845436930368162],[-77.90028335012437,-0.6847345784589046],[-77.89961830501474,-0.6850592181988404],[-77.89887725508913,-0.6854220513389209],[-77.89866812197974,-0.6857087441666373],[-77.89902878576503,-0.6860914181456743],[-77.89980707552964,-0.6868950484661485],[-77.90039578251495,-0.6871248963114421],[-77.90106057003088,-0.6872018189039756],[-77.90178229459312,-0.6873552668081873],[-77.90259876251935,-0.6878720943408088],[-77.90320637945314,-0.6882358103856973],[-77.90360510983788,-0.6885037786559979],[-77.90396573875309,-0.6889438218536722],[-77.9043832910842,-0.6894795122881441],[-77.90514278684851,-0.6899771826388804],[-77.9058835833646,-0.6900159118760528],[-77.90662441839811,-0.6899972758713355],[-77.90749843139344,-0.6896536505612391],[-77.90814447580051,-0.6893481201221336],[-77.90943639086365,-0.689004766658679],[-77.91061421108282,-0.6888525588783643],[-77.91133607807456,-0.6887956639945929],[-77.91257113303986,-0.6882610491009289],[-77.91308417288353,-0.6880127954052618],[-77.91367307232859,-0.6879558127794159],[-77.91431884805394,-0.6880709666544487],[-77.91534458517263,-0.6881098799992923],[-77.9160855616631,-0.6878808953011772],[-77.91654173894196,-0.6874413807450322],[-77.91707410730449,-0.6866768359558347],[-77.91737822093172,-0.6863902000891516],[-77.91785294048293,-0.6866582203328168],[-77.9184417319858,-0.6867733362823025],[-77.91922066420744,-0.6866017418271321],[-77.92017031273409,-0.6868127031033218],[-77.92056914874317,-0.6869276966730569],[-77.92119588474434,-0.6871193268670756],[-77.92170853587952,-0.6874829839024468],[-77.92222112590376,-0.6879422533894769],[-77.92244874294695,-0.6884587049280485],[-77.92241018698935,-0.6893383087713518],[-77.92227692181764,-0.6897971585618861],[-77.92195346534659,-0.6906192084646993],[-77.92185815372444,-0.6911354505017671],[-77.92170573232895,-0.6918428776099667],[-77.92159121508408,-0.6926841857618252],[-77.9214576022169,-0.6936784602508236],[-77.92130519054535,-0.6943667641102454],[-77.92107691926414,-0.6948637955634867],[-77.92056388602855,-0.6950929260954853],[-77.91972800031671,-0.6952071113806654],[-77.9191960584555,-0.6953023727250554],[-77.91862593962543,-0.695684443504935],[-77.91849241067595,-0.6965448587336596],[-77.91868214370999,-0.6968891852080749],[-77.91923262133973,-0.6975014619552646],[-77.91987815188907,-0.6979990674526613],[-77.91987790277486,-0.6983815134038811],[-77.91959264254739,-0.6988785055870237],[-77.91925048241752,-0.69924160279982],[-77.9188702937189,-0.699662042266711],[-77.91818609900297,-0.7001970135562757],[-77.91717886414722,-0.7009038699064641],[-77.91662765093028,-0.7014198050485657],[-77.91584856530267,-0.7018208549568803],[-77.91506956778824,-0.7020880485800853],[-77.91468956714168,-0.7022216515109255],[-77.91434745706772,-0.7025082566215437],[-77.91444223476299,-0.7028142757193142],[-77.91499284517656,-0.703216209018469],[-77.91520165846036,-0.7034266918575512],[-77.91537231825144,-0.7038857390768891],[-77.91548592719364,-0.7044403599751924],[-77.91569479165736,-0.7045743549692305],[-77.916245590316,-0.7046894555888343],[-77.91696766562669,-0.7043266146331468],[-77.91719580304105,-0.7040399323781034],[-77.91808881454506,-0.7037154484752403],[-77.91875377789272,-0.7035437907922832],[-77.91924770411025,-0.7034867526249816],[-77.92004577631724,-0.703104836379156],[-77.92074874431546,-0.7029140803694223],[-77.92166067888317,-0.7027043410481334],[-77.92270558467659,-0.7024946885151672],[-77.92312364272996,-0.7022654969819725],[-77.92363675444271,-0.7019216341822646],[-77.92413074603547,-0.701768983054951],[-77.92454884095268,-0.7014824237423606],[-77.92489116561876,-0.7008707331933152],[-77.92525221070777,-0.7006797479961011],[-77.92559413590536,-0.700679974090507],[-77.92612601956594,-0.7006803257429983],[-77.92652493248659,-0.700680589442592],[-77.92692389544052,-0.7006043641323967],[-77.92705707843135,-0.7002793697505604],[-77.9276462118937,-0.6998781881099934],[-77.92852029551584,-0.699458070227963],[-77.92895720153736,-0.6994583583122196],[-77.9293561402989,-0.699420376733948],[-77.92979289648909,-0.6996501340795396],[-77.92984959785461,-0.7000899885431011],[-77.9298492491432,-0.700625418271065],[-77.92981108323814,-0.7008931080415316],[-77.92962082407526,-0.701351922107584],[-77.92925957782207,-0.701848868391375],[-77.92895548135783,-0.7020972592290662],[-77.92863218878144,-0.7026515964300598],[-77.92849875472834,-0.7033590400951863],[-77.92855521648139,-0.7041622205806176],[-77.92901076739308,-0.7046979525025334],[-77.92946645628211,-0.7050233373965453],[-77.92978923649393,-0.705253022212962],[-77.93039693110403,-0.705521141164315],[-77.93096659599772,-0.7058466024837508],[-77.93180224242236,-0.7061148735054784],[-77.93223911187484,-0.7061725314897617],[-77.93313172301642,-0.7064790854666805],[-77.93313140917455,-0.7069571493177617],[-77.93299812311086,-0.7074351246149213],[-77.93295969054202,-0.7081043875092835],[-77.9331492351861,-0.7087355586395178],[-77.93362385861782,-0.7091565710687469],[-77.93415562131977,-0.7093481524918518],[-77.9347253633951,-0.7095588804356731],[-77.93531406429486,-0.7098269897555409],[-77.93578877680376,-0.7101141460323763],[-77.93611135677872,-0.7106497945621055],[-77.93649113924117,-0.710860397279617],[-77.93704200063785,-0.7108990103236648],[-77.93721290198575,-0.7109947380799916],[-77.93773772692252,-0.7109258030037493],[-77.94198503292264,-0.7155897997088541],[-77.94374091292705,-0.7175032530675239],[-77.94834463034807,-0.7218328885531885],[-77.95187995502256,-0.7259466979230066],[-77.9541337268211,-0.7290078970264998],[-77.95721843561698,-0.732308712547121],[-77.95987637069688,-0.7346531008886646],[-77.96092522998478,-0.7356912451916827],[-77.9622490196286,-0.737499283754061],[-77.96530881808248,-0.7425212072980225],[-77.96696862945518,-0.7460362349997957],[-77.96865223059224,-0.7494795767727034],[-77.96976592011161,-0.7529225304893329],[-77.96994946753188,-0.7535566463097831],[-77.97099776791696,-0.7571783111106253],[-77.97149428995152,-0.7602622815552269],[-77.97191948219088,-0.7634657253838112],[-77.97310467798312,-0.7664784805001953],[-77.97355525146585,-0.7673393486219618],[-77.9736287870323,-0.7679753058003584],[-77.97386208287004,-0.7699929220796249],[-77.97409653437127,-0.7742480190248432],[-77.9745931159209,-0.7771885822418569],[-77.97556381279288,-0.7812529855490072],[-77.97703305180748,-0.785485087696743],[-77.97831239429469,-0.7895975406922014],[-77.97906923361869,-0.7938052357493229],[-77.97920903237616,-0.7974865878060272],[-77.97975303583391,-0.8004511138810073],[-77.98051080367541,-0.803344088525113],[-77.98117416078657,-0.8054481567943554],[-77.98226433639935,-0.8083891969861644],[-77.98321218558168,-0.8111149967030127],[-77.9836617234076,-0.8133384351442525],[-77.98375537226951,-0.8138591337437073],[-77.98418199768842,-0.8162312499129574],[-77.98437129382725,-0.8171397566547881],[-77.98420395920813,-0.8186216980461138],[-77.98401314465286,-0.8197450562034373],[-77.9842261494358,-0.8207013911758357],[-77.98439935828642,-0.8211461992233868],[-77.98474757349203,-0.822040429298092],[-77.98503161926646,-0.8232597669303031],[-77.98524386464469,-0.8252200850729772],[-77.98619197040777,-0.8275634367222513],[-77.98756744359592,-0.8300027372587783],[-77.98896736963961,-0.8315097897828211],[-77.9898926112633,-0.8326818185478919],[-77.99079381923248,-0.8342315215820488],[-77.99215950579097,-0.8370437420000095],[-77.9935250279177,-0.8400663288698703],[-77.99492848186506,-0.8431654470587648],[-77.99629414211249,-0.8459968118122171],[-77.99716593101247,-0.8487321780315895],[-77.99809414546256,-0.8521942942253293],[-77.99890784303881,-0.8563256550584666],[-77.99939929713501,-0.859519703894533],[-78.00000183795592,-0.8628286374223184],[-77.99999999993757,-1.0000000012758403],[-77.9187993225215,-1.000002109207271],[-77.91555402785323,-0.995338072318714],[-77.91547932291621,-0.9952307093602333],[-77.91549459639272,-0.9949914917830842],[-77.91545212631193,-0.9946974469865725],[-77.91518894832728,-0.9942597790597207],[-77.91500397277485,-0.9939942844167036],[-77.91492583023427,-0.9937575736254031],[-77.91470516909169,-0.9935637536551418],[-77.91448453461588,-0.993341250539752],[-77.91416461747191,-0.9926310383518142],[-77.91366669008923,-0.9918274384134208],[-77.9131403468335,-0.9909377628752291],[-77.91280604273229,-0.9903781258859596],[-77.91267093453966,-0.990112679166825],[-77.91255443952993,-0.9897492483361665],[-77.91249529508389,-0.9895101666463947],[-77.91249594739212,-0.988805037061433],[-77.91259134072827,-0.988362926582938],[-77.91311389129835,-0.9882199999315512],[-77.91362445779887,-0.9881965746257714],[-77.9145268498565,-0.988161565604053],[-77.91487118251739,-0.9881499356920429],[-77.91592790416873,-0.9881389730212634],[-77.9163315691428,-0.9881632538898775],[-77.91688950872899,-0.9882713375645178],[-77.9175900376862,-0.9882600413518423],[-77.91791066853222,-0.9882005840128695],[-77.91823133253224,-0.9881052729161555],[-77.91871825460225,-0.9879742624348418],[-77.91945461309341,-0.9877359216381804],[-77.92002491194039,-0.9873181537173689],[-77.9199184720181,-0.9868639001895452],[-77.91964555298522,-0.9866843740165936],[-77.9192064869691,-0.9864210323731917],[-77.91891004207568,-0.9860024567609669],[-77.91867306206078,-0.9854763728609631],[-77.91855489066917,-0.9848667402372528],[-77.9185434460375,-0.9844006247319677],[-77.91865078790461,-0.9838748617359473],[-77.91872237794911,-0.9834924830469125],[-77.9186753018349,-0.9830382856019081],[-77.91850928638418,-0.9828110540141678],[-77.91821250085594,-0.9827629722766213],[-77.91785623991105,-0.9828343503267942],[-77.91761861201857,-0.9830133997071906],[-77.91752341877383,-0.9832403882157799],[-77.917416384516,-0.9834315110653771],[-77.91728554936152,-0.9836823687763151],[-77.91714285124198,-0.9839212641473858],[-77.91701199399773,-0.9841960250579862],[-77.91667930424543,-0.984458645745163],[-77.91613264438486,-0.9849959493222669],[-77.91561018138185,-0.9850432670460606],[-77.91524211389975,-0.985042923810997],[-77.91483849366031,-0.9849708392579217],[-77.91445855349534,-0.9849704848877421],[-77.91405465756438,-0.9851971844138573],[-77.91368635941988,-0.9854478193230959],[-77.91336557601443,-0.9856745960135019],[-77.91302112294514,-0.9858176903472325],[-77.91260541024216,-0.9859846212346792],[-77.91233219584952,-0.986127781857582],[-77.91150094639738,-0.9862704207321219],[-77.91112095124414,-0.9863298221624393],[-77.91065784575376,-0.9863891457778919],[-77.91042953868711,-0.9864058692927021],[-77.90886495848356,-0.9835121884759845],[-77.90715877724857,-0.9796622808716043],[-77.90587922958214,-0.9766732720966314],[-77.9049226242832,-0.9738448085968505],[-77.90488458566671,-0.9737323379430737],[-77.9024200814345,-0.9681607811163065],[-77.90121240255642,-0.9644547900139805],[-77.89957759374083,-0.9604137830962841],[-77.89905678383,-0.9590448510863667],[-77.89844048920578,-0.9574249459444759],[-77.89701858218177,-0.9542685392437525],[-77.8968023144654,-0.9537593163092573],[-77.89545466628834,-0.9505861603316493],[-77.89396140552508,-0.9475492175622857],[-77.89319886091643,-0.9457048162015335],[-77.89264131640381,-0.9443562606023238],[-77.89246865068189,-0.9439386294572849],[-77.89043109780181,-0.9387978207641798],[-77.88985557540113,-0.9375114613197769],[-77.88855890486452,-0.9346132642389303],[-77.8863784141795,-0.9299743076565217],[-77.884529530232,-0.9262678430574952],[-77.88305320527644,-0.9237392934929691],[-77.88069639616467,-0.9194333529915486],[-77.88064137110848,-0.9193328224799295],[-77.87831753118704,-0.9156737812841714],[-77.8778296849552,-0.914985014618812],[-77.87642025071472,-0.9129951052618496],[-77.87620188287177,-0.9126022091832531],[-77.87481209262548,-0.9101016473684065],[-77.87466585132736,-0.9098385255424908],[-77.87495175612797,-0.9094420984500857],[-77.87502810188208,-0.9090214920473029],[-77.87521848831842,-0.9085244997677827],[-77.87535190339133,-0.9080083359308984],[-77.87558016574212,-0.9076452258417034],[-77.87582729366859,-0.9074351042736144],[-77.87601756442996,-0.9070719617231815],[-77.87603696989989,-0.9065939407994157],[-77.87603713392426,-0.906402726001848],[-77.87594243373746,-0.9060775782381466],[-77.87569565138274,-0.9058861489458803],[-77.87544875343487,-0.9058285700999421],[-77.87504984000637,-0.9058282235400179],[-77.87457494403598,-0.9058278109118907],[-77.87423301838926,-0.9058275137803758],[-77.8739289046379,-0.90603758576037],[-77.87385264214971,-0.9063625842705192],[-77.87373842106405,-0.906649306261386],[-77.8734913922492,-0.9067446990340176],[-77.87332033146237,-0.906859278669467],[-77.87309228237699,-0.9069738086535309],[-77.87281599664689,-0.9072316140645471],[-77.8703495766741,-0.903692007039724],[-77.86701146749341,-0.9043949628251634],[-77.86624691717495,-0.9026332835475257],[-77.86550594694954,-0.9014076815649111],[-77.86393598400235,-0.8977613255468585],[-77.86240283927192,-0.8939614774983792],[-77.86224774839208,-0.8935770925392987],[-77.86079674469661,-0.8896320919058349],[-77.85955409749428,-0.8849702332419443],[-77.8584002008895,-0.8806371069294174],[-77.85809287539026,-0.8796226807656132],[-77.85799177313324,-0.8792889622255524],[-77.85777171661174,-0.879239764695727],[-77.85757236116301,-0.879124868879418],[-77.85746806230354,-0.8789144474667637],[-77.85724028583496,-0.8787134825956113],[-77.85705049093346,-0.8785221102449604],[-77.85674672480835,-0.8783306413776831],[-77.8564429507742,-0.8781487328424905],[-77.85583533812483,-0.8778614006411005],[-77.85530364350328,-0.877650618527148],[-77.85469584062392,-0.8775927394668831],[-77.8541829974486,-0.8775540631053503],[-77.85367013144617,-0.877544068273457],[-77.85341369499169,-0.8775438509434962],[-77.85284383463667,-0.8775433679233466],[-77.85229289106286,-0.8776385056988897],[-77.85191286509442,-0.8777815920139017],[-77.85151384366085,-0.8779246611653265],[-77.8510958748235,-0.878010351062215],[-77.85064002004826,-0.8779717224947398],[-77.84995630279393,-0.8778372949602048],[-77.84964302481927,-0.8776649393267361],[-77.84899721030456,-0.87763570973513],[-77.84851283166718,-0.8776352985554143],[-77.84791424082965,-0.8779216054626978],[-77.84741069171993,-0.8781315086518771],[-77.84693561858231,-0.8783605561018204],[-77.84652743021113,-0.8786240850469461],[-77.84605451344204,-0.8762813660659013],[-77.84564604421912,-0.8740212536025779],[-77.84525093170467,-0.8718350661997233],[-77.84420983512875,-0.8674602776598617],[-77.84387841154712,-0.8662649415090609],[-77.84048314755854,-0.8664345773034337],[-77.83789939782015,-0.8669486669271069],[-77.83539182341637,-0.8672333668670961],[-77.83423298950359,-0.8674044776637886],[-77.8317142863796,-0.867568809233203],[-77.8304717945973,-0.867649874045122],[-77.82990402686588,-0.8677085135804453],[-77.82961863934311,-0.862235093209787],[-77.82920951186257,-0.8543894278225347],[-77.82898222593198,-0.8500863380501122],[-77.82901040707826,-0.8500297186238738],[-77.82922446907986,-0.8495757807862487],[-77.82894723986803,-0.8494239908458607],[-77.82859107263826,-0.842681597364137],[-77.82938187216637,-0.8431813769303638],[-77.83083200303672,-0.8442460083981137],[-77.83320492349364,-0.8460070621018169],[-77.83654612023939,-0.8483425427326712],[-77.83959350908158,-0.8507734681726572],[-77.84064645474703,-0.8515008590633403],[-77.84379779941689,-0.8537406066919278],[-77.84462248018585,-0.8542635066544657],[-77.84696833639133,-0.8557509300699905],[-77.85186700590549,-0.8582980847939136],[-77.85632926075058,-0.8602903821252542],[-77.86054475353433,-0.8620912732511273],[-77.86477749334838,-0.8635646856803606],[-77.86913055109434,-0.8634182399824101],[-77.86938940480188,-0.8634082864104874],[-77.87018598280565,-0.8637441892043237],[-77.8730700384394,-0.8648460638913861],[-77.87453655839768,-0.8655351928862189],[-77.87584708601861,-0.8661510202010243],[-77.8794544881187,-0.8683290937163655],[-77.88281748350637,-0.8704310233628076],[-77.8834178298109,-0.8708062500606193],[-77.88295962645297,-0.8710301122445516],[-77.88244664477563,-0.8711444142291644],[-77.88172480356009,-0.8711438124490968],[-77.88123094348909,-0.8711051578286588],[-77.88039508138667,-0.8711618253776985],[-77.88012891987559,-0.8714293055334159],[-77.87948276412902,-0.871792075642269],[-77.87891257598123,-0.8721740304807745],[-77.87824699837233,-0.873053065748334],[-77.87773338647033,-0.8739322261454994],[-77.87767568775483,-0.8747926469608815],[-77.87739032377824,-0.8753086897785443],[-77.87695277230907,-0.876092304987226],[-77.87689580101785,-0.8760731353598513],[-77.87649657317698,-0.8764552301647613],[-77.87632518265724,-0.876971366778082],[-77.87600160420804,-0.8777550762848207],[-77.87581118611523,-0.8783094399154278],[-77.87558261754042,-0.8790549851526273],[-77.8754870973359,-0.8797050362331393],[-77.8755430489168,-0.8809479805348873],[-77.87578953106288,-0.8815027117386464],[-77.87607376566376,-0.8823442980147602],[-77.87624400939492,-0.8832049099718091],[-77.87635720042131,-0.8841419600287718],[-77.87662251739839,-0.8848879242998142],[-77.87684956950292,-0.8859589213078409],[-77.87705773783482,-0.8868960529216929],[-77.87726614631909,-0.8875463618780691],[-77.87756958133377,-0.8881393874905054],[-77.87806247700699,-0.889325342546504],[-77.87845092591995,-0.8904729668206861],[-77.87861643523472,-0.8913096753909815],[-77.87901916978824,-0.8924095090573069],[-77.87939832146428,-0.8933181077747953],[-77.87987239017417,-0.8942984941505672],[-77.88020427336218,-0.8949441312871471],[-77.88101036580535,-0.8964028439281301],[-77.88186433261302,-0.8974074609472351],[-77.88274242940622,-0.8979579618436335],[-77.8845465613753,-0.8985331609169764],[-77.88561508770889,-0.8985340788333783],[-77.88677865562101,-0.8984633718084906],[-77.88808469498986,-0.8983927865065174],[-77.88882093453704,-0.8982261027248066],[-77.8895809192781,-0.8980594389165999],[-77.8902698511441,-0.8976775944104771],[-77.89048382048222,-0.8973670490384488],[-77.89105418819264,-0.8967938844023541],[-77.89155319938934,-0.8963640711508325],[-77.89212336612306,-0.8960299267252146],[-77.89290731879268,-0.8956003558998717],[-77.89321634849638,-0.8951942817268105],[-77.8935966948732,-0.8946926585995019],[-77.8938108235602,-0.8941908933712062],[-77.8942864109741,-0.8933786208419426],[-77.89471438676036,-0.8927097205553437],[-77.89497636602634,-0.8917777533533141],[-77.89483451638665,-0.8910366612103257],[-77.89490639255628,-0.8902718477448263],[-77.89512067898701,-0.889578862596716],[-77.89554847229266,-0.8891250813640509],[-77.896403838955,-0.8884804421111109],[-77.89687884329774,-0.8883613322603467],[-77.89742534269874,-0.8879315519529337],[-77.89804323709889,-0.8873106124695462],[-77.89825724267907,-0.8869522581681412],[-77.89856646839206,-0.8863071541119149],[-77.89885216750508,-0.8853991045391165],[-77.89906635123005,-0.8848256266481],[-77.89925690882039,-0.8841087153589877],[-77.89925738502029,-0.8835350572653468],[-77.89925813836972,-0.8826267669358365],[-77.89925873257242,-0.881909694763618],[-77.89914046249963,-0.8813598400223689],[-77.89928380365325,-0.880308254184182],[-77.89940288546038,-0.8798781104625042],[-77.89940318168256,-0.8795195743220944],[-77.89940322164966,-0.8791614734036923],[-77.90367569191389,-0.8811967591012726],[-77.90747366772675,-0.8827536064088303],[-77.91067843528022,-0.8838080076988547],[-77.91406105813624,-0.8851613461294532],[-77.91866627893765,-0.886898160764747],[-77.92215584483185,-0.88817989300905],[-77.92866083682156,-0.8898466089460867],[-77.93181531189015,-0.8909674967079718],[-77.9318299949333,-0.8909727136539204],[-77.93520104535848,-0.8920511850906162],[-77.94136113054113,-0.8945303466197384],[-77.94483846702703,-0.8963379744170721],[-77.94725093891243,-0.8977508368525466],[-77.94712397985435,-0.8926381449432377],[-77.94691349186017,-0.8887177977318246],[-77.94663274733539,-0.8835783151419573],[-77.94604477186974,-0.8765980168449391],[-77.94517051030077,-0.8712190227302625],[-77.94474602126358,-0.867561450042601],[-77.94427418125865,-0.86371261355695],[-77.94381617136774,-0.8603735327295041],[-77.94370366143652,-0.858523317654489],[-77.94316481136651,-0.8552959243001628],[-77.94255466964462,-0.852125845112194],[-77.94215974214751,-0.8506776422554984],[-77.94174489528858,-0.8491563991729376],[-77.94087794451987,-0.8464163829453422],[-77.9401252491698,-0.8433179130541661],[-77.93954241068661,-0.8416394378227974],[-77.9387888900021,-0.8395879378860385],[-77.93787836600394,-0.8378948674994772],[-77.93676827647973,-0.8363307193481816],[-77.9354588552097,-0.8345943146994345],[-77.93333826194635,-0.8316525581375351],[-77.93244585175303,-0.8303490746786361],[-77.93181550600198,-0.8294283727352826],[-77.92959578615634,-0.825697754754482],[-77.92859952963222,-0.8243201620977335],[-77.9265211806007,-0.8220238554562778],[-77.92474258966494,-0.8203947011321174],[-77.92418626264411,-0.8198851175130827],[-77.9218373732871,-0.8173878327119424],[-77.92031405971754,-0.8158951157940539],[-77.91837813562358,-0.8136706572343746],[-77.91645616522764,-0.8118334421657277],[-77.91367951421499,-0.8098091361092378],[-77.91121623931159,-0.8078711273614585],[-77.90876737736745,-0.8057180138965164],[-77.90670335004924,-0.8033500797070876],[-77.90431181600759,-0.8007524397273479],[-77.9025179872589,-0.7990444373214155],[-77.90109440695836,-0.7975661829938656],[-77.89856136393773,-0.7936920720582306],[-77.89747953621806,-0.7924435502351144],[-77.89548703592148,-0.7896884975988445],[-77.8939284226744,-0.7876723806950612],[-77.89322397434262,-0.7867611553278907],[-77.89137354757143,-0.7845368583669061],[-77.89019242826555,-0.7827002842262896],[-77.88903937910538,-0.7814373870236613],[-77.88795695221242,-0.7810063402580197],[-77.88663236543576,-0.7805320897232585],[-77.88503704221091,-0.7801293441938608],[-77.8838404890454,-0.7799133324492598],[-77.88262990104253,-0.779410486482609],[-77.88156173818521,-0.778965112237103],[-77.88023728654262,-0.7783187713002463],[-77.87869981323888,-0.7767544371244685],[-77.87757515277022,-0.7756493315335762],[-77.87605182274137,-0.7742284267361349],[-77.87397302158944,-0.772620678774494],[-77.87150969644388,-0.7708405589977144],[-77.87081182431096,-0.7705675627357801],[-77.86971507504173,-0.7702655885872555],[-77.86874656549902,-0.7699350276827439],[-77.86709434900112,-0.7694462104306802],[-77.8649580351749,-0.7685841702318875],[-77.8626222876728,-0.7677076441307896],[-77.86128374935086,-0.7668748811213777],[-77.86044416443849,-0.7655835779037039],[-77.85997581408778,-0.7650064821934061],[-77.85903505367675,-0.7638472890789031],[-77.85748380523869,-0.7616663327680596],[-77.85494555577186,-0.7576526164147381],[-77.85377152932146,-0.7558830551710556],[-77.85243190770473,-0.7532648797585212],[-77.85132897181666,-0.751686590109111],[-77.84978736526396,-0.7492953408361657],[-77.84843521748442,-0.7475854208047417],[-77.84705926723646,-0.7459591425028534],[-77.8460273383217,-0.7446916341961992],[-77.8441294880847,-0.7424316057811795],[-77.84262296863798,-0.7407813443173062],[-77.84099814757494,-0.7385454262072679],[-77.83956339724514,-0.7361303923171026],[-77.83799541825067,-0.7332482040827579],[-77.83622873859257,-0.7301517702490342],[-77.83498464780955,-0.7276841309748248],[-77.83479428081995,-0.7273065408307416],[-77.83377453668805,-0.7255849538753515],[-77.83213795270915,-0.7231817617808911],[-77.82995333929671,-0.7201567699517282],[-77.82834001697405,-0.7184467321352286],[-77.82545683612294,-0.7161980466882946],[-77.82306033380071,-0.7140214127566583],[-77.82094859718906,-0.7120600906909277],[-77.81837464572253,-0.7089870790914647],[-77.81701078810023,-0.707038241864066],[-77.81594357968326,-0.7052808178065642],[-77.81517252400772,-0.7044437687839915],[-77.81328623853926,-0.7026379861246423],[-77.81113915494281,-0.7002942713405746],[-77.81025254164838,-0.6994099416859064],[-77.80948697359713,-0.6986463470561459],[-77.80911831772848,-0.6982786420662747],[-77.80888516842793,-0.6980460940764844],[-77.80846289116094,-0.6977225358986207],[-77.80661032107315,-0.6963030557024373],[-77.80643956482406,-0.6958398668717835],[-77.80615528902489,-0.6950687490008547],[-77.8060375767733,-0.694749447891838],[-77.8048988264011,-0.693458058651869],[-77.80390219227742,-0.6926686731102323],[-77.80356629785346,-0.6921042551463974],[-77.80326188040566,-0.6915927289052284],[-77.80297745664976,-0.690875529451865],[-77.80281517753657,-0.6906210348072174],[-77.80279223887858,-0.6905850619926988],[-77.80233709603128,-0.6898712876012565],[-77.80179454876945,-0.6889824343818137],[-77.80176791192682,-0.6889387954361376],[-77.80055750677356,-0.6882926730788214],[-77.7989196533441,-0.6877896634910867],[-77.79813645981866,-0.6873589324825815],[-77.79735393531185,-0.6859243988190048],[-77.79698867343849,-0.6855211409061625],[-77.79585930067638,-0.6842742888769712],[-77.7951476669939,-0.6833417092187329],[-77.79372402050525,-0.6820501526314815],[-77.79287003224394,-0.6809740803036275],[-77.7922299085774,-0.6796113539868578],[-77.7913052149483,-0.6777465408035044],[-77.79080720795783,-0.6768858112449395],[-77.79020528353982,-0.676365739524219],[-77.78931233709962,-0.6755942213843537],[-77.78795902260318,-0.6756650194896076],[-77.78639208410436,-0.6756639753321243],[-77.78503915074675,-0.6751611780747319],[-77.78411370612895,-0.6744435682044004],[-77.78347306420977,-0.6738695480117225],[-77.78240559579001,-0.6725065536779685],[-77.78197919019348,-0.6710722880489652],[-77.78169490300746,-0.6701400112533293],[-77.78119717747168,-0.6688490982893244],[-77.7808416658588,-0.667916775776753],[-77.7798724716104,-0.6666673432625013],[-77.82039245989506,-0.666667964979065],[-77.82039131671506,-0.6684836298338487],[-77.82039054045353,-0.669688220389365],[-77.8203329667975,-0.6706059661108743],[-77.82038928068596,-0.6716385090713838],[-77.82073046299966,-0.6727286005270222],[-77.82078688744579,-0.6735890599518907],[-77.8207860308004,-0.6749083736407593],[-77.82044294706392,-0.6767437145335182],[-77.8202714783502,-0.6775466618705475],[-77.82004284108734,-0.6786363777221278],[-77.82004220318647,-0.6796115226018024],[-77.82021250852158,-0.6805867801356672],[-77.82032575721092,-0.6816767227181126],[-77.82078149648905,-0.6818491109332119],[-77.82140870741058,-0.6812185509870539],[-77.82192221819346,-0.6801863846580759],[-77.82215078304975,-0.6792113899149534],[-77.8221512703281,-0.678465689619712],[-77.82215198154056,-0.6773758207865042],[-77.8220955234124,-0.6765727214547445],[-77.82209612074233,-0.6756549369320046],[-77.82203995843005,-0.674392945493583],[-77.82204051665485,-0.6735325224296275],[-77.82198386984712,-0.6730162313594197],[-77.82194541674298,-0.6725480301980615],[-77.82192733419053,-0.6723278552077716],[-77.82198479794127,-0.671582193289014],[-77.82201745473876,-0.6710938637671958],[-77.82196505412249,-0.6707231453968343],[-77.8219303114709,-0.6704773501388982],[-77.82187360063644,-0.6700566613324962],[-77.82179787270313,-0.6696742017025277],[-77.8217600570846,-0.6694064897363537],[-77.82170321126719,-0.6691961267896183],[-77.82164634078434,-0.6690240053984523],[-77.82155150675538,-0.668813617706017],[-77.82147564305203,-0.6686414839686684],[-77.82139980304606,-0.6684311087309717],[-77.82134305548203,-0.6680677825297978],[-77.82134317845613,-0.6678765776302081],[-77.82143825764467,-0.6677045544592582],[-77.82170440451056,-0.6673414385227344],[-77.82189461270869,-0.6669209106336652],[-77.82193273630736,-0.6666679814380715]]]},"properties":{"OBJECTID":5248,"SHAPE.AREA":405477022.886205,"SHAPE.LEN":152230.519772189,"LIT":"Afloramientos de granodiorita de forma concava, tonalidad gris, alta meteorización, holocristalina, grano medio, subhedral.","TXT_12__15":" ","COD_OK":"No se encuentra en el catálogo","ENT_GEOL":"No se encuentra en el catálogo","INT_ECO":" ","LITOLOGIA":" "}},{"type":"Feature","id":1583,"geometry":{"type":"Polygon","coordinates":[[[-77.78599455205203,-0.8499387817615216],[-77.78611344221808,-0.8497237837444542],[-77.78623237187102,-0.8494609850060173],[-77.7864935186388,-0.84948510418757],[-77.78682599236308,-0.8493897831129903],[-77.78689745661632,-0.8491030458184119],[-77.78673155550094,-0.8487444095825873],[-77.78644696274625,-0.848361774678334],[-77.78621011057638,-0.8476684816802299],[-77.78621068230856,-0.8469753882746653],[-77.78618735306856,-0.8464734731907677],[-77.78663849893516,-0.8464260500724126],[-77.78708944718831,-0.8466176249793425],[-77.78735018040116,-0.8471436392122664],[-77.78742117110528,-0.8474304958301289],[-77.78772936947955,-0.8479804495879837],[-77.78822758721887,-0.848434963737899],[-77.78889213912372,-0.848722317266722],[-77.78950912822648,-0.8491052320676711],[-77.78943752576507,-0.8495592693993618],[-77.78941323046504,-0.8502284456020217],[-77.78955540851837,-0.8505631625966276],[-77.78995903172111,-0.8505635008889084],[-77.79074281213569,-0.850229559426605],[-77.79121849147127,-0.8492261607510075],[-77.79157502429975,-0.8487484611766134],[-77.79193153724275,-0.8482946598939355],[-77.79240707785311,-0.847458559626839],[-77.79266858029457,-0.8470524783148233],[-77.79311992478351,-0.8467660557510829],[-77.79383243844539,-0.8464798495532424],[-77.79428370457893,-0.8462890256537985],[-77.79547107047429,-0.8460032137589836],[-77.79580368364664,-0.8457405905228326],[-77.79606524463742,-0.845262807287287],[-77.79611296534696,-0.8449760471867209],[-77.79633095243048,-0.8443609220944547],[-77.79734269427837,-0.8439889209773939],[-77.79785552390271,-0.8440036864476235],[-77.79892389722532,-0.8440619327076372],[-77.79950781570051,-0.8442488374114222],[-77.8006474306284,-0.8442928025814035],[-77.80121744475551,-0.8440638341902879],[-77.8016450010341,-0.8438347465418414],[-77.80230038381514,-0.843734908891812],[-77.80324056269728,-0.8437787076596499],[-77.8037961205368,-0.8438078477904425],[-77.80462228863878,-0.8439089132988847],[-77.80550569777577,-0.8436945417026737],[-77.80606150263965,-0.84342253812534],[-77.80668852531862,-0.8431649340700266],[-77.80740110336932,-0.8428070183317444],[-77.80780031113758,-0.8424058228370547],[-77.8078008949575,-0.841688814760252],[-77.8078015365857,-0.8409001050592614],[-77.80800169982537,-0.8400111784998106],[-77.80820162862456,-0.8394090554667487],[-77.80870062467726,-0.8389218983562686],[-77.809270767823,-0.8385351821522017],[-77.80982664297974,-0.8381771331817304],[-77.8104533511522,-0.8383067092248306],[-77.81045287477532,-0.8388946575484897],[-77.81045249110718,-0.8393678844227995],[-77.8104805288688,-0.8399271767131729],[-77.81035194476424,-0.8403859579275473],[-77.8101092771602,-0.8409880469538342],[-77.8099380836084,-0.8412890507320084],[-77.80965281826374,-0.8417190220031415],[-77.8093675186377,-0.8421920135093525],[-77.80905311881202,-0.8434106704882584],[-77.8085967050044,-0.8440842829479391],[-77.80808353044208,-0.844485383886219],[-77.80745650645689,-0.8447429877079028],[-77.80677250080299,-0.8450005448198483],[-77.8059887629898,-0.8452723589458414],[-77.8054045129768,-0.8454869765188749],[-77.80466359508553,-0.8456584434819723],[-77.80412212958917,-0.8458157363532098],[-77.80338134166394,-0.8458294617229177],[-77.80251235521568,-0.8458287404264243],[-77.80164336950884,-0.8458280189346912],[-77.80090276056502,-0.8456266421894401],[-77.80004810416168,-0.845525552100884],[-77.79935022060081,-0.8453385520028349],[-77.79869492240857,-0.845338007723732],[-77.79809645409264,-0.8455239307625928],[-77.79768319027227,-0.8456956683461633],[-77.79721294427401,-0.8458673574578399],[-77.79671400623695,-0.8462828033354788],[-77.79630050797272,-0.8467413398534956],[-77.7960008787979,-0.8473146907248039],[-77.79570135551302,-0.8477589814791768],[-77.79534479080492,-0.8482749242426643],[-77.7949882267661,-0.8487908666106632],[-77.79475984787561,-0.8493355965371197],[-77.79465964401248,-0.8499234523841244],[-77.79436003674822,-0.8504681213487724],[-77.79427413698969,-0.8509842890077727],[-77.79434486685125,-0.8515866284961815],[-77.79450114180625,-0.8521029991004383],[-77.79468595427342,-0.8525620339236109],[-77.79509888653449,-0.8527918198557356],[-77.79569703516383,-0.852993082269725],[-77.79620972254261,-0.8531799322292204],[-77.79665088531578,-0.8537252230866341],[-77.79663620003872,-0.854255791492002],[-77.796493363616,-0.8547145522018564],[-77.79630769498428,-0.8552879975858269],[-77.79625039026992,-0.8556751300181443],[-77.79642062347178,-0.8565356746010181],[-77.7965197703081,-0.8572240787040342],[-77.79651926912044,-0.8578263589145206],[-77.79646185682724,-0.8583425520309812],[-77.79629045551425,-0.8588873278929148],[-77.7960335554496,-0.8594607112716991],[-77.79562009708599,-0.8598618821408622],[-77.7952350220463,-0.8603921364350445],[-77.79500674507811,-0.8608078033146306],[-77.79479264068968,-0.8613095218157967],[-77.79484908322203,-0.8619548700918895],[-77.79499119199465,-0.862370849780508],[-77.79513323969151,-0.8628585312028868],[-77.79527535932374,-0.8632601711554132],[-77.79577325933992,-0.8640923147346694],[-77.79612864269498,-0.8649960377777733],[-77.79629914557341,-0.8655267633495682],[-77.7963555858651,-0.8661721127812722],[-77.79634093027894,-0.8666596608815466],[-77.79629769870745,-0.8672475645288871],[-77.79631144934056,-0.8678355176570515],[-77.79629488300495,-0.8684832112773824],[-77.79629450520719,-0.8689313367655364],[-77.79617470708881,-0.870215860663493],[-77.79611459274471,-0.8711120606750281],[-77.79608413082646,-0.8720381601499876],[-77.79593497929706,-0.8729342835276755],[-77.79569663933019,-0.8740095792927992],[-77.79554781573789,-0.8745173268910651],[-77.79516125915583,-0.8753833690427152],[-77.7949524932585,-0.8765781898150004],[-77.79504063841935,-0.8776238904945599],[-77.79536649117023,-0.8783411724303076],[-77.79560318050905,-0.8792077519626714],[-77.79569147644081,-0.8800742043368991],[-77.79595832834052,-0.8803731857442971],[-77.79631449684376,-0.8803436190533082],[-77.79678958308715,-0.8800751546986637],[-77.79782853856209,-0.8798370527852624],[-77.79857070750516,-0.8795986935749707],[-77.79928322454272,-0.8793304331097453],[-77.7996099954681,-0.8789722135900436],[-77.80011511732589,-0.8782855218140263],[-77.80041259051804,-0.8774791487213912],[-77.80053173705673,-0.8769713742833299],[-77.80068071425544,-0.876284373402326],[-77.80085906538089,-0.8759558998156236],[-77.80133481140152,-0.8749106778637638],[-77.80178064906,-0.8741343052403744],[-77.80190002135153,-0.873357652910436],[-77.80237599176426,-0.8720435507338252],[-77.80276249586703,-0.8712372508568078],[-77.80317867803102,-0.8704309747710988],[-77.80365414062125,-0.8697143752694653],[-77.80407047237517,-0.8687288461874686],[-77.80427885128674,-0.867982142459912],[-77.80466557777513,-0.8669069609169133],[-77.80496304154076,-0.8661005814004181],[-77.80496381746026,-0.8651744474911238],[-77.80496461753759,-0.864218439192259],[-77.80496551656697,-0.8631429297364634],[-77.80496646432822,-0.8620076687942021],[-77.80499699991232,-0.8609799850255353],[-77.80518742114634,-0.8604065393820365],[-77.80609102411184,-0.8587581842397456],[-77.80640015886625,-0.8581848373767317],[-77.80711294387079,-0.8575879303974998],[-77.80796818640968,-0.8569911411655297],[-77.80875214084087,-0.8564659926695236],[-77.80970227609563,-0.8559648815917742],[-77.81043856681758,-0.8556547939789995],[-77.81091346732535,-0.8556073917273259],[-77.8117207507296,-0.8555841668257741],[-77.81274178130037,-0.8554894204251734],[-77.81388137146688,-0.8555859753108699],[-77.81461723060899,-0.8558016955850316],[-77.81551933210775,-0.8559697530563072],[-77.8163499870775,-0.8564006570321271],[-77.81663466863888,-0.8566877016958115],[-77.8169426979961,-0.8574527756994402],[-77.81720347766219,-0.8579310048374166],[-77.81755932938509,-0.8582898112112415],[-77.81784405055016,-0.8585290554012498],[-77.8184376108999,-0.8585534532971991],[-77.81888881126042,-0.8584582298223565],[-77.81917396776676,-0.8581716616983373],[-77.81962548440839,-0.8576940281758814],[-77.81993460082519,-0.8571445734168203],[-77.82043392020988,-0.8562845695731461],[-77.8207669954527,-0.8554722274663952],[-77.82110016837095,-0.854540381756323],[-77.82145686811334,-0.8538714616080868],[-77.82190861948291,-0.8531070180379802],[-77.82257401938631,-0.8523905528477191],[-77.82288287827072,-0.8521518029323862],[-77.82371456046612,-0.8513398711979516],[-77.82423728486359,-0.850886191397749],[-77.82497389514971,-0.8501936820836531],[-77.82556779158791,-0.8498117628084277],[-77.82644676400109,-0.8492388730714088],[-77.82701685911844,-0.8489286348976335],[-77.82761050157487,-0.8488574226205597],[-77.8283938194813,-0.8491209793024973],[-77.82894723986803,-0.8494239908458607],[-77.82922446907986,-0.8495757807862487],[-77.82901040707826,-0.8500297186238738],[-77.82898222593198,-0.8500863380501122],[-77.82884392955387,-0.8503641925267768],[-77.82834490764479,-0.8508656957591615],[-77.82782198610478,-0.8515583847005077],[-77.82734633492512,-0.8525140202118009],[-77.82677565092202,-0.8535412787718744],[-77.82589671328536,-0.8540663643544347],[-77.82494672362827,-0.8543762828645185],[-77.82380668880542,-0.8548055456530403],[-77.82307042929517,-0.855067839028004],[-77.8225001964552,-0.8555453766693122],[-77.82209622604124,-0.8559513498589529],[-77.82166829489967,-0.8566202102286643],[-77.82140648687006,-0.8573848109279036],[-77.82150106575662,-0.8578629027255347],[-77.8220471422227,-0.8578872600122199],[-77.8227831063401,-0.857983478837117],[-77.82268763901665,-0.8585809154983371],[-77.82225982434662,-0.8591063708626862],[-77.82168943114621,-0.8597751105433591],[-77.82107159041735,-0.860396008127783],[-77.81971796518339,-0.860705578986182],[-77.8181745740208,-0.8607998836011436],[-77.8171301296628,-0.8604882986604215],[-77.8166554634717,-0.8602488952876604],[-77.81601499219036,-0.8595313416995698],[-77.81568304273448,-0.858981351558561],[-77.81530845291459,-0.8585045068945338],[-77.81492880006584,-0.858217382316517],[-77.81386061643303,-0.8579057801799321],[-77.81319596730461,-0.8577140191324405],[-77.81257866649376,-0.8576896011030507],[-77.81212750761735,-0.8577370225996443],[-77.81139133363111,-0.8579037076221374],[-77.81070258695213,-0.8581421330655691],[-77.80953852350555,-0.8589298665088413],[-77.80842180746157,-0.859884939248819],[-77.80801754068395,-0.8606494090649937],[-77.80777961308142,-0.8612467153561305],[-77.8077792148788,-0.8617247212846406],[-77.80775437511646,-0.8630392165988885],[-77.80777742023254,-0.8638757470424454],[-77.80772929480347,-0.8646405155612072],[-77.8074436583983,-0.8655006841725676],[-77.80730080032467,-0.865978569038653],[-77.80703922684759,-0.8664563520514468],[-77.80682517857464,-0.8668863753251738],[-77.80642110677539,-0.8674118383381034],[-77.80599309047001,-0.8681762823203781],[-77.80554116926452,-0.8691319080465246],[-77.80530335800482,-0.8695858096682548],[-77.80506550539573,-0.8700875117056491],[-77.80489890151587,-0.870565374442956],[-77.80470841368661,-0.8712105175722796],[-77.8046603427786,-0.8719035828943793],[-77.80442238803755,-0.8725247851104415],[-77.8042318988929,-0.8731699284454876],[-77.80401744422568,-0.8740779530876729],[-77.8038744191002,-0.8747470355389428],[-77.80349386302008,-0.875535415743774],[-77.80308905643369,-0.8769212795157215],[-77.80268449088919,-0.8780203389506012],[-77.80192363754882,-0.8792863923177611],[-77.80104378133454,-0.8808869423502781],[-77.80030701540204,-0.8817467095572314],[-77.79923768267085,-0.8827973877146759],[-77.79861969091786,-0.8835855537710633],[-77.79831078705976,-0.883872086801401],[-77.79774036274749,-0.8845646929298572],[-77.79759751487774,-0.8850186695607881],[-77.79757790945723,-0.8857308743593985],[-77.79752035133063,-0.8864000260395782],[-77.79767187787203,-0.886897279857707],[-77.79810830428791,-0.8874139017176712],[-77.79844992225635,-0.8877392406845418],[-77.79905742956029,-0.8881030516190226],[-77.79964604137302,-0.8883521270099367],[-77.80027267490874,-0.8885629941516736],[-77.80107019328125,-0.8888504920811475],[-77.80143087365546,-0.8890993682114509],[-77.80207623946677,-0.8896161749280266],[-77.80234179916694,-0.8900370501863205],[-77.80262612174393,-0.8907256231926878],[-77.80287253891952,-0.8913185631598394],[-77.80309991071661,-0.8919688479679633],[-77.80330822228348,-0.89269559531672],[-77.80368731809858,-0.8936136950890697],[-77.80404788305991,-0.8939964152944576],[-77.80471214384299,-0.8946279633963194],[-77.8052625547985,-0.8951255717828766],[-77.80541413029823,-0.8955654690109863],[-77.80531877600208,-0.8960051494152471],[-77.80497647619889,-0.8964637330916205],[-77.80463412731841,-0.8969796768067214],[-77.80440587709232,-0.8973427597957969],[-77.80440534543378,-0.8979546043020404],[-77.80444288524765,-0.8984708828794385],[-77.80463241556068,-0.8989490537236082],[-77.80497380070996,-0.8995420804696784],[-77.80575196129024,-0.9002502149516274],[-77.80639724350739,-0.9008626306177856],[-77.8072704115657,-0.901532609744104],[-77.8078396825053,-0.9021832006722172],[-77.80814324660396,-0.902584994237083],[-77.8084845649668,-0.9032545049908167],[-77.80895918061697,-0.9035417282415124],[-77.80930096751791,-0.9036758725996326],[-77.81013669877068,-0.903714853236035],[-77.81114341678627,-0.9037157438717583],[-77.8119224325612,-0.9034487483886584],[-77.81249245677577,-0.903238928521637],[-77.81311949856507,-0.9029909183981899],[-77.81334750227194,-0.9029146382697448],[-77.8142212600452,-0.9029154098292402],[-77.81496200441461,-0.902973424769061],[-77.81547472938156,-0.9031268406982661],[-77.81591155958925,-0.9031845873486174],[-77.81651930844257,-0.903280726179291],[-77.81689920483622,-0.903281061468618],[-77.81745006993759,-0.903262426899283],[-77.81781108813912,-0.9031289024178973],[-77.81824828457817,-0.9027659993405633],[-77.81838156430294,-0.9024028289864147],[-77.8185910060976,-0.9018294005995233],[-77.81859143803958,-0.901332269029825],[-77.81847796664577,-0.9007585562631801],[-77.818326606188,-0.9000700870257993],[-77.81813702316647,-0.8996492714229768],[-77.81790991387753,-0.8986930500016695],[-77.81785365811257,-0.8978517020361989],[-77.81785418747602,-0.8972398485710779],[-77.81785441895818,-0.8969721636391358],[-77.81767426800972,-0.8966254477729969],[-77.81752032842806,-0.8961712032703462],[-77.81723563384622,-0.8959080476484069],[-77.81691542788082,-0.8955253593598749],[-77.81629860439739,-0.8949392578603708],[-77.81627533473947,-0.8943895259851227],[-77.8164298425677,-0.8941865070285606],[-77.81705925933741,-0.8939361015868754],[-77.81754596887197,-0.8939723768916359],[-77.8180564423442,-0.893984772725928],[-77.81842434232914,-0.894128497828921],[-77.81887531428615,-0.8943081458484422],[-77.81918385585544,-0.8944518183600263],[-77.81921919242991,-0.8947745066552468],[-77.81913544119746,-0.8955273010813598],[-77.81907569050384,-0.8959813601094185],[-77.81911083138318,-0.8965311029906259],[-77.81913410984015,-0.8970688863145868],[-77.81924057353476,-0.8975111398883913],[-77.81953698505704,-0.8979535600627944],[-77.8199524028411,-0.8980614770483945],[-77.82053418174483,-0.8979902853382801],[-77.82102119299853,-0.8976800042301031],[-77.82162691181057,-0.8973817768216417],[-77.82213762516561,-0.8971193171570733],[-77.82267178355289,-0.8972034364822892],[-77.82318222905067,-0.8972516846061452],[-77.82417956324676,-0.8971330535773143],[-77.8246308566501,-0.8969422427642391],[-77.82509411546249,-0.8966438887880224],[-77.82555741462535,-0.8962977337903129],[-77.8257950777066,-0.8960350327585619],[-77.8263415830988,-0.8955694460410092],[-77.82687615508547,-0.8951755495250776],[-77.82750581431596,-0.8946502822163547],[-77.82813539135198,-0.8942206166811878],[-77.82899046206612,-0.8938747991385203],[-77.82953656746838,-0.8938752742185455],[-77.83051006038826,-0.8938761208981879],[-77.83107984847427,-0.8939483196258525],[-77.83142402048036,-0.8940800734314654],[-77.83186314668862,-0.8942358103723074],[-77.83230240641495,-0.8942361923164365],[-77.83282468815797,-0.8943322503196286],[-77.83304990494386,-0.8947387606878612],[-77.83326320978796,-0.8951930637480611],[-77.83323910616727,-0.8956113076896032],[-77.83270470684774,-0.8958020493874391],[-77.83207546571904,-0.8958373530232472],[-77.83165987740281,-0.8959206436641131],[-77.8311849708907,-0.8959560815059764],[-77.83069815176425,-0.8960393098366259],[-77.83028253308622,-0.896158451713595],[-77.82949883611262,-0.89633702446414],[-77.82883396027539,-0.8963961964541012],[-77.82843020359657,-0.8965272983241164],[-77.82790769849426,-0.8966941479087948],[-77.82748019873615,-0.8968252287050708],[-77.82708827289487,-0.8970041421192285],[-77.82673192268966,-0.8972308881280264],[-77.82632808408525,-0.8974575915249705],[-77.82563906434896,-0.8979828052664175],[-77.82536570224035,-0.8983410768891946],[-77.82504471914686,-0.8988546606864439],[-77.82483058242622,-0.8993683377866828],[-77.82459256676064,-0.9000373486421154],[-77.82436667074363,-0.9004195612646181],[-77.82392703053931,-0.9008613377260051],[-77.82351136147994,-0.9010402277326425],[-77.82285812242749,-0.9013742634261079],[-77.82257298107905,-0.901624969470672],[-77.82225212107899,-0.9019951471709786],[-77.82201439439102,-0.9023295464620634],[-77.8218004316226,-0.9026400662319337],[-77.82152685088586,-0.903249291224417],[-77.82140772744052,-0.9037152477702741],[-77.8212648709292,-0.9041692340377443],[-77.8209795728844,-0.9045991932815766],[-77.82071800839115,-0.9050411233487452],[-77.82033769449092,-0.905518799496544],[-77.82001685319216,-0.9058650738450306],[-77.81981467845264,-0.9062712052987736],[-77.81964805574867,-0.9067490696256917],[-77.81956452543882,-0.9072389565876334],[-77.81956404481434,-0.907788669425045],[-77.8195633442534,-0.9085893380213775],[-77.81965805742959,-0.9088881793601158],[-77.8197765033186,-0.9091989919278919],[-77.81976407585091,-0.9098323459647392],[-77.81957350894602,-0.9105372441354159],[-77.8193357163945,-0.9109433418801514],[-77.81907410698334,-0.9114330707742786],[-77.81890762958871,-0.911743629839449],[-77.81878863857338,-0.9120542310856413],[-77.81865771189719,-0.9124365231298766],[-77.81847938359425,-0.9127231711246009],[-77.81819409229641,-0.9131411764920659],[-77.81782557236113,-0.9137025102376102],[-77.81763536068628,-0.9140010972154196],[-77.81762294135588,-0.9146224997697335],[-77.81764640004636,-0.914945177644227],[-77.81771741980756,-0.9151842465219445],[-77.81799043988632,-0.9152203408492764],[-77.8182756680334,-0.9148740384913208],[-77.81832335560252,-0.9146470256459039],[-77.81847815275651,-0.9141213523464307],[-77.81852594449606,-0.9137748367120992],[-77.81854995168861,-0.9134761011304773],[-77.81871629293107,-0.9133208963813679],[-77.81890630559265,-0.9132493643088646],[-77.81927449961539,-0.9130584881714436],[-77.81955942230813,-0.9130587421432494],[-77.8198562071007,-0.9130709567791521],[-77.82014110983276,-0.9130951109262146],[-77.82056851618295,-0.9130715915604419],[-77.82137594694596,-0.9129050063741236],[-77.82157791477327,-0.9127378816577696],[-77.82189863244281,-0.9125350121611553],[-77.822076846456,-0.9123798171611176],[-77.82243351572576,-0.9117945684355749],[-77.8225405617114,-0.9115676072399301],[-77.8227663880483,-0.9112690506697205],[-77.82337209295761,-0.9109947307995306],[-77.8236928315377,-0.9107679590358838],[-77.82393055126015,-0.910445511208602],[-77.82408505317127,-0.9102544429981696],[-77.82437020715759,-0.9099917887139402],[-77.82466719186316,-0.909776945434221],[-77.82484545796537,-0.9095619976736338],[-77.82507123256269,-0.9093231906753976],[-77.82522567074123,-0.9092038239451181],[-77.8256011928641,-0.9089112385152744],[-77.82600487746966,-0.9088637943438665],[-77.82640856311865,-0.9088163500903722],[-77.8268358252748,-0.9089601333748398],[-77.82721551636244,-0.9091994762169491],[-77.82778532476672,-0.9092477824260224],[-77.82868758886531,-0.9092485810973336],[-77.82918612508072,-0.9093446258921961],[-77.8299694833835,-0.909560425987383],[-77.83049168026066,-0.9097520946254435],[-77.83113234709667,-0.9102306786594689],[-77.83153595048807,-0.9102788378659926],[-77.83220094615722,-0.9100882196549336],[-77.83298459910598,-0.9099694085354545],[-77.83362568419018,-0.9099699755555044],[-77.83407667232657,-0.9101376810065909],[-77.83455134257461,-0.9103771092080082],[-77.83483591545857,-0.9107836770594729],[-77.83495402978298,-0.9114769083524974],[-77.83476372307622,-0.9118830559595097],[-77.83419382591738,-0.9119303530609852],[-77.83360001910245,-0.9121688350287116],[-77.83386067920293,-0.9127665890194891],[-77.83438241766895,-0.9134840796439114],[-77.83499911235847,-0.9142255558308751],[-77.83568768763223,-0.9142261673074756],[-77.83649523469349,-0.9139400723516805],[-77.83694651709546,-0.9137731657064251],[-77.83773009104259,-0.9137499601162522],[-77.83841887718201,-0.9135115607091959],[-77.83887005569113,-0.9134641583922056],[-77.8398435208542,-0.9135128233343391],[-77.84076891325233,-0.9142306754870653],[-77.84131456784647,-0.9147569824189931],[-77.84157522988293,-0.9153547409677922],[-77.84147985603747,-0.9158087765625297],[-77.84107610073298,-0.9159279234884286],[-77.84041155947214,-0.9155927188520512],[-77.83991320482629,-0.915281562753518],[-77.8393909400639,-0.9151615938401307],[-77.83855966669383,-0.9154237666573484],[-77.83813200112868,-0.9157340997628629],[-77.83770444133057,-0.9159249276247111],[-77.83703954514252,-0.9159960392490596],[-77.83642215857331,-0.9160432923030029],[-77.83587600422811,-0.9160906085680469],[-77.83547218789253,-0.9162814567228142],[-77.83506841453453,-0.9164245026504189],[-77.83463388364507,-0.9165990150801366],[-77.8342323895221,-0.916622054012594],[-77.83373372431888,-0.9166694118382518],[-77.8333538211887,-0.9166690733781657],[-77.83268907467718,-0.9165728780355624],[-77.83242810181784,-0.916333636652606],[-77.83185849923517,-0.9160463185285149],[-77.83146685116071,-0.9159025648305861],[-77.83088518916612,-0.9158303443053251],[-77.83031537737044,-0.9157820347966831],[-77.8296744824806,-0.9155663559938668],[-77.829282855428,-0.9153987021120774],[-77.82880839944148,-0.9149202634164836],[-77.8282983790695,-0.9143820414698666],[-77.8280256719851,-0.9139874363608553],[-77.82790740404894,-0.9134734649262244],[-77.82803858203881,-0.9128043598939912],[-77.8281695815029,-0.9123384108328796],[-77.82836000309548,-0.911800813114166],[-77.82841968709633,-0.9114304040208294],[-77.82831333233638,-0.9108686414992873],[-77.8280643885305,-0.9104501570530716],[-77.82774408716756,-0.9101750138509024],[-77.82738808803805,-0.909995442588656],[-77.82680651169227,-0.9098276226288523],[-77.82633165735757,-0.9098033005213406],[-77.82565476221934,-0.9100297576327021],[-77.82510843770041,-0.9102802304928498],[-77.82451432122507,-0.9108772209130972],[-77.82406258353507,-0.9115699392651467],[-77.82374149767583,-0.9121910712860045],[-77.82333736219765,-0.9127523772920135],[-77.82302843176659,-0.9130508606490753],[-77.8225294993904,-0.9134089261870113],[-77.82159122434571,-0.9138622016634248],[-77.82078387720593,-0.9139331834430454],[-77.82003596340613,-0.9139205662282998],[-77.8195967170862,-0.913908224265122],[-77.81919307532222,-0.9139078641334774],[-77.81886067578758,-0.9138956174272191],[-77.81874178933322,-0.914086715674818],[-77.81900262127328,-0.9144813073505952],[-77.81909735387592,-0.9147562488842863],[-77.81903762606841,-0.9151744546385691],[-77.81884716071056,-0.9157598485181102],[-77.81875182722457,-0.9161660721514321],[-77.81849021503974,-0.916655799377416],[-77.81818114689769,-0.9171096335415553],[-77.81823653588799,-0.9182429666638289],[-77.81830677182444,-0.9193663549700865],[-77.81837740935948,-0.920035633769702],[-77.81847166252456,-0.9208483368768701],[-77.81863735904827,-0.9214220988113399],[-77.81868369969916,-0.9227127703463126],[-77.81851662201764,-0.9236925423476601],[-77.81830239746098,-0.9242898629485437],[-77.817921817546,-0.9250543361030557],[-77.81773116392203,-0.9258428814840695],[-77.8173976217937,-0.9271093069601632],[-77.81708777850612,-0.9284235552013321],[-77.81706315754035,-0.9294034530957898],[-77.81703819162084,-0.9307657595426105],[-77.81703782690417,-0.9311720682892707],[-77.8170374190919,-0.9316261773197552],[-77.81727421170162,-0.9323434086983727],[-77.8174874755829,-0.9328216136084678],[-77.81770065243194,-0.9333954202369589],[-77.81819909812675,-0.933587078860906],[-77.81893562642139,-0.9330619385548474],[-77.81910273480788,-0.9320582666111542],[-77.81929347831966,-0.9311741195951334],[-77.81950738580862,-0.9309353082387029],[-77.81993477300377,-0.9309356966182534],[-77.82014810268971,-0.9313422007694556],[-77.82029005014194,-0.9319159436363317],[-77.82028927744805,-0.9327763641404724],[-77.82028869745989,-0.9334216790637108],[-77.82021690742415,-0.9340430288312117],[-77.81995503784397,-0.9348076091926361],[-77.81959827837218,-0.9354764997884409],[-77.81907544127121,-0.936001834124361],[-77.81874244691903,-0.9366468442676675],[-77.81862362025552,-0.9367662383878367],[-77.8184804673139,-0.9375309254256495],[-77.8184800352962,-0.9380089361582462],[-77.81843202887508,-0.9385825049681732],[-77.81790877988227,-0.939561947237339],[-77.81767108250907,-0.9398485348266301],[-77.81712432647286,-0.9405650485867942],[-77.81676767160674,-0.9411144325371136],[-77.81652960492812,-0.9418073278860555],[-77.81633878640878,-0.9427631716143561],[-77.81610097946815,-0.9431692612132676],[-77.81538814629975,-0.9437422151754586],[-77.81510287316007,-0.9441243592741124],[-77.81472273445759,-0.9443869140985686],[-77.81455107345923,-0.9445270460758571],[-77.8143425521969,-0.944697268840978],[-77.81381971094571,-0.9452225949511537],[-77.81294051866405,-0.9459626949795112],[-77.8124889734707,-0.9464163844615099],[-77.81187122318559,-0.9468699203899902],[-77.81151480678221,-0.9471563941201216],[-77.8109447618528,-0.947370969447162],[-77.81025615300906,-0.9474181317215606],[-77.80963890658785,-0.9473219573688239],[-77.80890274556745,-0.9474407760433969],[-77.80842750136027,-0.9478466406197384],[-77.80816575252497,-0.948467805382364],[-77.80778519759683,-0.9491844600054093],[-77.80742882439786,-0.9494231315223345],[-77.8068825028103,-0.949661626045438],[-77.80636010117514,-0.949708940503476],[-77.80588529598042,-0.949636797848014],[-77.80529175138312,-0.9495884445203789],[-77.80467442005015,-0.9495878696394188],[-77.80417560885884,-0.9498025064926782],[-77.80362884881936,-0.950519003280631],[-77.8032721030797,-0.9511639752447794],[-77.80319999084598,-0.95211991585236],[-77.80305697908628,-0.95271728619643],[-77.80293762182659,-0.9534102805243593],[-77.80296054896773,-0.9542946083524454],[-77.80312589100983,-0.9552268702720516],[-77.80364701002775,-0.9565657699575238],[-77.80419238080825,-0.9573549879194405],[-77.80473788450968,-0.9580008066256671],[-77.80525979937153,-0.9584793018607467],[-77.80604280599505,-0.9590536434810933],[-77.80646956989276,-0.9597232521786925],[-77.80703863980072,-0.9605602966099458],[-77.8075132464409,-0.960847547119605],[-77.80853384586698,-0.9612548126338953],[-77.80922194699522,-0.9617573672286751],[-77.80950651529669,-0.9621400413078095],[-77.81021809353354,-0.9629294225132028],[-77.81059765949331,-0.9632882858806455],[-77.81090601669241,-0.9636231822878751],[-77.81109536572185,-0.9642686704592449],[-77.81104747717686,-0.9646988319245837],[-77.81097526546965,-0.9657503798488374],[-77.81068962702086,-0.9665149209947959],[-77.8100004098116,-0.96720737860153],[-77.80938267021692,-0.9676369994936611],[-77.80883625117114,-0.9679710866079366],[-77.80807593775351,-0.9685200726193047],[-77.80755272550515,-0.9694277863576749],[-77.80726715059754,-0.9701206238807647],[-77.80726620826587,-0.971124434490994],[-77.80740783936697,-0.9720088794430396],[-77.80769200029286,-0.9728217597817911],[-77.80792883058811,-0.9734672939744444],[-77.80852188386662,-0.9740414666977355],[-77.80928132513225,-0.9744245962763763],[-77.81001695509224,-0.9748794044088107],[-77.81077644165596,-0.9752147348484945],[-77.81151216280666,-0.9755739429518617],[-77.81203412259987,-0.9760046483112723],[-77.81234229713623,-0.9765307508915136],[-77.81265026864689,-0.977271957674615],[-77.81274456690606,-0.9779890603876853],[-77.81274377668719,-0.9788255733768642],[-77.81260061309368,-0.979566348792947],[-77.81207759109567,-0.980258958664748],[-77.8111513534413,-0.9804970739340361],[-77.81039155013936,-0.9804963446828678],[-77.8097978630503,-0.980591376506558],[-77.80903801542415,-0.9806384476765004],[-77.80785037180928,-0.9811153119642674],[-77.80739855852873,-0.9818318864120283],[-77.80754031814668,-0.9825729316263107],[-77.80787182229359,-0.9835292620424738],[-77.80806099965551,-0.9843420542803589],[-77.80806068112865,-0.9846766586520078],[-77.80803618639938,-0.9854653449973888],[-77.80775073609693,-0.9860147752278329],[-77.80756026121749,-0.9865642978425454],[-77.80744085764236,-0.9872811912221784],[-77.80758279537841,-0.9878310351834216],[-77.80791470735115,-0.9883571624148927],[-77.80824677831902,-0.9887159886440879],[-77.80905379570738,-0.9890035743772412],[-77.80955230305106,-0.9891235589258517],[-77.81007423520917,-0.9895781706323888],[-77.81059648668455,-0.9896981784301309],[-77.8115701252638,-0.9895557196137834],[-77.81192669574668,-0.9891258579115054],[-77.81230712377815,-0.9885765169118323],[-77.8124973034784,-0.9883376967358416],[-77.81290079159366,-0.9885053899879144],[-77.81344669786687,-0.988721021185849],[-77.81394525312112,-0.9887932044187705],[-77.81444371740251,-0.9889609897484013],[-77.81532178966515,-0.9894398482412674],[-77.81553509855873,-0.9898463620191824],[-77.81579575780732,-0.9903963252520815],[-77.81596137263563,-0.9910178979970107],[-77.81624563810806,-0.9917112872267878],[-77.8166251544876,-0.9921179638056274],[-77.81747957603422,-0.9925012000316441],[-77.81819208267042,-0.9923106865466609],[-77.81845345063634,-0.992119735600671],[-77.81871541243804,-0.9913073709996331],[-77.8188586993872,-0.9904470898891718],[-77.8189068491354,-0.9897540207176955],[-77.8193347674657,-0.9892047212581551],[-77.81959631701214,-0.9888225649493254],[-77.82019023842606,-0.9884885295395904],[-77.82064162800906,-0.9882260587252643],[-77.8213779469909,-0.9879638622654144],[-77.82199552265156,-0.9877254511369757],[-77.82247067824841,-0.9874391009767834],[-77.82296969307124,-0.987033271071024],[-77.8233498724341,-0.9867468288023897],[-77.82375370490853,-0.9865560120838436],[-77.82429988997325,-0.9864848354667587],[-77.82503618780024,-0.9862465363226236],[-77.82551125417542,-0.9860557873254298],[-77.82610508732834,-0.9858173505082938],[-77.82679367081649,-0.9858180117152046],[-77.82695942704753,-0.9862961858455206],[-77.82703000333508,-0.9869893748700725],[-77.82693448144128,-0.9875629004762455],[-77.82695783961601,-0.9879692358567964],[-77.82747969252532,-0.9885194552594472],[-77.82802567562526,-0.9886633850371699],[-77.82873786876762,-0.9888074748510807],[-77.82933154580667,-0.9887363439545458],[-77.82985405828211,-0.988593442141884],[-77.83066175237819,-0.9881879045936784],[-77.83111312206144,-0.9879493299941936],[-77.83149312281891,-0.9878540922392316],[-77.8318491983568,-0.9879500372082528],[-77.83208627992462,-0.9883326793929196],[-77.83213333816101,-0.9887868405894853],[-77.83237046495056,-0.9891216802607148],[-77.83303558044449,-0.988835509847076],[-77.83327331965977,-0.9885250268836019],[-77.83389115102132,-0.988023701688116],[-77.83455617719261,-0.9878331320040304],[-77.83505478836346,-0.9878575119834371],[-77.83560623549184,-0.9878491414008446],[-77.836075960153,-0.9876911848487977],[-77.83645609826138,-0.9874525397356994],[-77.8366938374378,-0.987142055171942],[-77.8368839516926,-0.9869749312405275],[-77.83743014355112,-0.986903750857273],[-77.83764386647277,-0.9868800549537292],[-77.83811902850506,-0.9865936977855267],[-77.838570377767,-0.9863790212739596],[-77.8389267268194,-0.9861881542837141],[-77.83947294209909,-0.9860930723466007],[-77.83978139584781,-0.9863323778568539],[-77.8399947589678,-0.9866910977529502],[-77.84011280360272,-0.9874082414519346],[-77.8400171025501,-0.9881729836576351],[-77.84046779742857,-0.988651436831841],[-77.84108488600951,-0.9889388406014125],[-77.84155939432429,-0.9893456142147856],[-77.84219982054258,-0.99006326054897],[-77.84276924040385,-0.9905418292194638],[-77.84343372939496,-0.9909248847122573],[-77.84390835094602,-0.991212154218701],[-77.84459672097897,-0.9914518266802402],[-77.84526157360493,-0.9914524650006725],[-77.84590268225234,-0.99145308039741],[-77.84642508914384,-0.9914296800182834],[-77.84694788186138,-0.9909999600143703],[-77.84763672912106,-0.9907377074240042],[-77.84792193822506,-0.9904511667095225],[-77.84834972875088,-0.9900452552522494],[-77.84889660357506,-0.9892570376236729],[-77.84918219584232,-0.9885641747334619],[-77.84951509625395,-0.9880625666201335],[-77.84961394763405,-0.9878578375198098],[-77.84966816137108,-0.9876081365837115],[-77.84966828300487,-0.9874790701367017],[-77.84966839561487,-0.9873595638660253],[-77.84966847218226,-0.9872782992044377],[-77.84969230671543,-0.9871827173942941],[-77.84971616825634,-0.9870584532420885],[-77.84979704962115,-0.9869007823915548],[-77.84984939133672,-0.9867908861234749],[-77.84989693967727,-0.9867287880133242],[-77.84996825048148,-0.986647592188922],[-77.85008231625835,-0.9865520954933382],[-77.85014885980357,-0.9864900154707016],[-77.85016312916106,-0.986466128153624],[-77.85034785379385,-0.9862707661983782],[-77.85070483554574,-0.9854106601084279],[-77.85082405387894,-0.9848849457274637],[-77.85099069353994,-0.9844309791719603],[-77.85115760303795,-0.9836901977155486],[-77.85137200180559,-0.9829494611205886],[-77.85153765212627,-0.9822238172543571],[-77.85189431612785,-0.9816983272834734],[-77.8520849232631,-0.98100536999065],[-77.8525130229316,-0.9802648344844705],[-77.85282195136051,-0.9800022116353555],[-77.85296480048913,-0.9795960245876052],[-77.85334540927833,-0.9788554428555137],[-77.85389198655392,-0.9783779320456734],[-77.85458156691467,-0.9773269228303763],[-77.85503358639085,-0.9763951952097671],[-77.85555688473983,-0.9754157308097707],[-77.85567636379658,-0.9746031956966609],[-77.85574852959533,-0.973599404768567],[-77.85591580703013,-0.9724522938938519],[-77.85610627472505,-0.9719027400150614],[-77.85665371057806,-0.970493069948074],[-77.85670190607927,-0.9697282688233319],[-77.85675058689843,-0.9684376371002391],[-77.85679871568608,-0.9677445407874359],[-77.85698946674917,-0.9668842671540969],[-77.8572512095822,-0.9662869758644593],[-77.85772702949981,-0.9652835576720353],[-77.8580361734631,-0.9647819149313895],[-77.85825040319371,-0.964208479361407],[-77.85858364265772,-0.9633244350087292],[-77.85884542710731,-0.9626793377449885],[-77.8590359767237,-0.9620341749715654],[-77.85944066712561,-0.9609111803269605],[-77.85941757696612,-0.9601941138443917],[-77.85929963836328,-0.9593335510252754],[-77.85918163373829,-0.9585446935501527],[-77.85918222206784,-0.9578993534674158],[-77.85915910906405,-0.9572061892383199],[-77.85918368028337,-0.9562979551617715],[-77.85923177878342,-0.9556287577009032],[-77.85904292803684,-0.9544096087389683],[-77.85911496494985,-0.953525319454557],[-77.85918689276441,-0.9527605383390058],[-77.85918780224468,-0.9517566769516616],[-77.8590457233562,-0.9513263198539368],[-77.85854794837503,-0.9503698039341233],[-77.85854885575591,-0.9493659431513272],[-77.85857337714518,-0.9485055125036412],[-77.85909630117544,-0.9479084541776924],[-77.85964301244167,-0.9472636127849028],[-77.86014201843437,-0.94685774321966],[-77.86078360033643,-0.9463324946278023],[-77.8614724364199,-0.9460702059320087],[-77.8618764413456,-0.9456881494798759],[-77.86228066182173,-0.9450670771726826],[-77.8626372410381,-0.9446132713353159],[-77.86278020386708,-0.9440636660668328],[-77.86294708226878,-0.9433228689549409],[-77.86309045019777,-0.9423191322322755],[-77.86313845348943,-0.9417455381508318],[-77.86349552261052,-0.9407419954561681],[-77.86425578425371,-0.9402646515616726],[-77.86480223541783,-0.9399066215957168],[-77.86544377211195,-0.9394291698014147],[-77.86572920073148,-0.9388796899818398],[-77.8662759924635,-0.938139232604151],[-77.86651405721247,-0.9374462995594747],[-77.86656235489,-0.9365380798310686],[-77.86691784697113,-0.9363128723201403],[-77.86715540093331,-0.9361935777845541],[-77.86765423491725,-0.9359789120874111],[-77.86824808959742,-0.9357165279844595],[-77.86910318137876,-0.9354065746866774],[-77.86953078043483,-0.935191843018214],[-77.86983969732664,-0.934929201746981],[-77.87007750667146,-0.9345230853989985],[-77.87031540052067,-0.9340213624412128],[-77.87067242053365,-0.9330656130653828],[-77.87098163276214,-0.9324683458707251],[-77.87157588870978,-0.9317518253320073],[-77.87200380383327,-0.9311785646987859],[-77.8728116587035,-0.9305817423790984],[-77.87335848765345,-0.9297934706651281],[-77.87362008176034,-0.9293395697935457],[-77.87388176066018,-0.9287900610335333],[-77.87407228764411,-0.9281448808773927],[-77.87426298210167,-0.9273084869266345],[-77.8742160374325,-0.9266869975165337],[-77.87411548844503,-0.9262686258485027],[-77.8733440657273,-0.9259392901014234],[-77.87272154788408,-0.9250424198287327],[-77.87221754427934,-0.9243846727648767],[-77.87174350942662,-0.9233983041329841],[-77.87120992999661,-0.9226210232398807],[-77.87103260078618,-0.9217544277206834],[-77.87100357199945,-0.9210074716080549],[-77.87109318877545,-0.9203502520502781],[-77.87127190039487,-0.9196333575174523],[-77.87136172439153,-0.9187371200271325],[-77.87133358591639,-0.9183289724519534],[-77.87123883081318,-0.9180707503281376],[-77.8711922063188,-0.9179858581996948],[-77.87115073620565,-0.9178902141716729],[-77.87110330352978,-0.9178244421152292],[-77.87102617421483,-0.9177765713045946],[-77.87094019566668,-0.917765351527048],[-77.87092432619681,-0.9175879117088253],[-77.87102088325506,-0.9157714623258373],[-77.87104543729386,-0.914839315244301],[-77.87102324478535,-0.9130466635661204],[-77.8708348364414,-0.9112538664836122],[-77.8709066080989,-0.9106324835853662],[-77.87109714362569,-0.9099634006583412],[-77.87128751389429,-0.9094855323005048],[-77.871596551601,-0.9090730974198655],[-77.87183445236592,-0.9085474663384651],[-77.87201518361061,-0.9082321201511809],[-77.87219589920979,-0.907935895525808],[-77.87241459779136,-0.9076492651834372],[-77.87257625139482,-0.9074295087194465],[-77.87281599664689,-0.9072316140645471],[-77.87309228237699,-0.9069738086535309],[-77.87332033146237,-0.906859278669467],[-77.8734913922492,-0.9067446990340176],[-77.87373842106405,-0.906649306261386],[-77.87385264214971,-0.9063625842705192],[-77.8739289046379,-0.90603758576037],[-77.87423301838926,-0.9058275137803758],[-77.87457494403598,-0.9058278109118907],[-77.87504984000637,-0.9058282235400179],[-77.87544875343487,-0.9058285700999421],[-77.87569565138274,-0.9058861489458803],[-77.87594243373746,-0.9060775782381466],[-77.87603713392426,-0.906402726001848],[-77.87603696989989,-0.9065939407994157],[-77.87601756442996,-0.9070719617231815],[-77.87582729366859,-0.9074351042736144],[-77.87558016574212,-0.9076452258417034],[-77.87535190339133,-0.9080083359308984],[-77.87521848831842,-0.9085244997677827],[-77.87502810188208,-0.9090214920473029],[-77.87495175612797,-0.9094420984500857],[-77.87466585132736,-0.9098385255424908],[-77.874218241615,-0.9103527250657654],[-77.87392118362571,-0.9106392878826485],[-77.87367165671272,-0.9108780882062133],[-77.8732083751496,-0.9111764560587329],[-77.87292309644955,-0.9115705860422404],[-77.87278021489743,-0.9120484973289057],[-77.8727561597067,-0.912407003485956],[-77.87275578776826,-0.9128372356372447],[-77.87250593987898,-0.9134465117505768],[-77.8724461846857,-0.9139005940512481],[-77.87246949537155,-0.9144025520997293],[-77.87255176298399,-0.9153706474111941],[-77.87291920687609,-0.9160641224268022],[-77.8732986162292,-0.9166500500190086],[-77.87365429136668,-0.9172240063696274],[-77.87418756495151,-0.9183598133988758],[-77.87469753966053,-0.918981710641359],[-77.87506546115375,-0.9191254457934231],[-77.8755759664759,-0.9191378465563904],[-77.87607462143689,-0.9191263352854694],[-77.87697702272096,-0.9190195716574141],[-77.87747566704383,-0.9190200108873446],[-77.8778673871067,-0.919104013184075],[-77.87814037100308,-0.9191998608098231],[-77.87857940404209,-0.9194870710125245],[-77.8789589707568,-0.9198937387864262],[-77.87921988601319,-0.9202166448159169],[-77.87927891587225,-0.9205991278932996],[-77.87927857259155,-0.9209935094378584],[-77.8791237298485,-0.9215670202255913],[-77.87912309448534,-0.9222960283399422],[-77.87915854568543,-0.9224872751591313],[-77.87941944908447,-0.9228221335753946],[-77.87954972352011,-0.9231927290570727],[-77.8796085750303,-0.9237783786415685],[-77.87951307335355,-0.9243758433480724],[-77.87941773758833,-0.9247820925426827],[-77.87918004655128,-0.9250567540026922],[-77.8787879294357,-0.9254268866001502],[-77.87827705469584,-0.9258327668048775],[-77.87769495634795,-0.9262266316318263],[-77.87718403011604,-0.9266922646965409],[-77.87679183851759,-0.9271460528909401],[-77.8764590626712,-0.9275401378898184],[-77.87631620472621,-0.9279821955400898],[-77.87630399563122,-0.9283646146232095],[-77.87645797117638,-0.9287830348772451],[-77.87648125362645,-0.9293088975484647],[-77.87649276861538,-0.9297152393570399],[-77.87630239837925,-0.9301811567869759],[-77.87593406645301,-0.9305035033796928],[-77.87570829993685,-0.930718419222869],[-77.87548241666615,-0.9310647940828832],[-77.87533973622163,-0.9313036854002827],[-77.8751969072856,-0.9317098897736417],[-77.87501831444418,-0.9322833743830949],[-77.87501785026262,-0.9328092142597527],[-77.87499364025041,-0.933335033780925],[-77.87480306754995,-0.9340280165506714],[-77.87452955630867,-0.9345297100449584],[-77.87408983917292,-0.93501930341491],[-77.87387581704941,-0.9353776389813959],[-77.87294908436786,-0.9361416645368682],[-77.87258074027645,-0.9364759592401146],[-77.87157104890414,-0.9370725951887162],[-77.8708344986857,-0.937585820752645],[-77.87025238582233,-0.9379916256268226],[-77.86970592266672,-0.9383616100191875],[-77.8691475340671,-0.9387913375012802],[-77.86854166607797,-0.9392090708945854],[-77.86811399150204,-0.9395074561217795],[-77.8677574244972,-0.9399493151175445],[-77.8673414195304,-0.9404747755750708],[-77.8669135847639,-0.940952422224055],[-77.8662003089073,-0.9419914986409952],[-77.86570081126932,-0.9429471111108151],[-77.86521317427804,-0.9439146848996907],[-77.86487991057187,-0.9448465452630149],[-77.86470103006731,-0.9457307420720916],[-77.86447486294925,-0.9463878308104678],[-77.86405872581697,-0.9470566967122004],[-77.86345281333826,-0.9475222247673485],[-77.86306056002745,-0.9480357514524126],[-77.86246623948864,-0.9488120091869799],[-77.86200269736234,-0.9493852226068877],[-77.86168170007686,-0.9498749108011597],[-77.86155040189728,-0.9506515911490147],[-77.86149049958226,-0.9512490750897412],[-77.86148981842493,-0.9520019728040822],[-77.86154814157429,-0.9531492997497573],[-77.86168964607734,-0.9542130481948473],[-77.86159412403066,-0.9548104992436924],[-77.86155760641589,-0.9558023795631507],[-77.86142598837849,-0.9569256304998193],[-77.8614489932629,-0.9577383038730632],[-77.86150748453016,-0.9586944198971881],[-77.86173251648042,-0.9592921657181006],[-77.86218347303453,-0.959507696838197],[-77.86258732208792,-0.9593049069658373],[-77.86282529413013,-0.9587314884638322],[-77.8629561958438,-0.9583969876566989],[-77.8630754753561,-0.9577876074200232],[-77.86320658329056,-0.957226041300153],[-77.86327839377266,-0.9565927158219996],[-77.86327875215457,-0.9561983395151191],[-77.86323158781913,-0.9558397731288669],[-77.86325560457445,-0.9555410253300188],[-77.8633035601169,-0.9550271857356877],[-77.8633039179092,-0.9546328094156489],[-77.86333995827826,-0.9541667621771026],[-77.86358998352848,-0.9533901898447398],[-77.863792291012,-0.9528645409336821],[-77.86413697089739,-0.952446578841055],[-77.86452891280427,-0.9522796265834066],[-77.8649681935369,-0.9522800291268592],[-77.86564492387174,-0.952280649151615],[-77.8660604712846,-0.9522690791648755],[-77.86670172582077,-0.9521143052513871],[-77.86714102904646,-0.952090806145762],[-77.86767546299292,-0.9519000820004949],[-77.86823377212549,-0.9515659695368909],[-77.86897035219906,-0.9510288543955722],[-77.86930315993577,-0.9506108782424961],[-77.86969536149181,-0.9501571039423634],[-77.86999263713187,-0.9496434873773855],[-77.87030176334532,-0.9491537844965378],[-77.87065817536812,-0.9488911895016515],[-77.87114519569712,-0.9486167634721364],[-77.87177468608189,-0.9483424659395512],[-77.87235666488881,-0.9480920270631376],[-77.87303342067852,-0.9480687414713918],[-77.8737576350897,-0.9480813510963046],[-77.87427990960275,-0.9482132861434588],[-77.87470714989163,-0.9484048894326249],[-77.87534791364129,-0.9487998535210374],[-77.87577529391126,-0.9488360946582733],[-77.87629768756359,-0.9488365699127315],[-77.87683204953179,-0.9487294981267813],[-77.8772596985124,-0.9484669654192327],[-77.87761612286378,-0.9481924178448059],[-77.8781033491359,-0.9476909203038465],[-77.87859058596068,-0.9471774705388994],[-77.87893532942394,-0.9466877944071281],[-77.87949364191527,-0.946353672795474],[-77.88005198564836,-0.9459836983380905],[-77.88055066728165,-0.9459482975956224],[-77.88123927895683,-0.9459489211898612],[-77.8817972815985,-0.9459613772344597],[-77.88228401684665,-0.946009622096207],[-77.88298445944608,-0.9460580594589438],[-77.88350684561559,-0.9460704839712812],[-77.88391033378096,-0.9462740162833554],[-77.88391002416473,-0.9466205952438792],[-77.88374345516341,-0.9470148288313358],[-77.88312584225184,-0.9472771915307419],[-77.88254391111158,-0.9474678802339584],[-77.88215206085867,-0.9475272800431404],[-77.88173645422155,-0.9475986090458557],[-77.88084584701828,-0.947777066197021],[-77.88035890891041,-0.9479558892295786],[-77.87961037642911,-0.9485766605410807],[-77.87940825291105,-0.948899153054518],[-77.87899244331419,-0.9491975495468371],[-77.87857669899708,-0.9494242401581112],[-77.87812526053895,-0.9497345544659129],[-77.87765005668058,-0.9500687483696815],[-77.87696116634596,-0.9503788456963268],[-77.87629606586509,-0.9506411601933932],[-77.87560734809733,-0.9507600417953815],[-77.87501372013352,-0.9507595005141851],[-77.87446768962812,-0.9506394932928892],[-77.87390979780841,-0.9505075245544088],[-77.87326863652761,-0.9505547435896342],[-77.87260376407245,-0.9505660877386687],[-77.87191494097918,-0.9508044770844144],[-77.87154669867611,-0.9510192573206339],[-77.87052512335364,-0.9516158673808591],[-77.87003805891968,-0.9519380962928493],[-77.86932522227082,-0.9524752323977108],[-77.86904005593223,-0.9527259393310988],[-77.86860061050959,-0.9529047998359464],[-77.86785239476629,-0.9531789843943168],[-77.86691411153532,-0.9535725016111517],[-77.86626091916925,-0.9537989685487612],[-77.86568482727705,-0.9541049777515326],[-77.86539963859289,-0.9543795852169884],[-77.86514993763717,-0.9547976345570286],[-77.86506636371489,-0.955311442361353],[-77.86505017735638,-0.9555419476535124],[-77.86503028050882,-0.955825293757326],[-77.86498233469926,-0.9563271835650166],[-77.8649462183984,-0.9568768876582172],[-77.86499319705156,-0.9574386188988983],[-77.864992686202,-0.9580003064129147],[-77.86499202273725,-0.9587293053864434],[-77.86495587249665,-0.9593148621721381],[-77.86468210780859,-0.9600794607140499],[-77.86455109642742,-0.960533469934578],[-77.86441986663968,-0.9612264959185209],[-77.86419366700623,-0.961907482268892],[-77.86389662636843,-0.9621581739407996],[-77.86368273555158,-0.9623611390933191],[-77.86337377795275,-0.9626596227919311],[-77.86225749255846,-0.9629573576823355],[-77.86110556846083,-0.9632789596700142],[-77.86093909112938,-0.9635656229026172],[-77.8607250369778,-0.9639478492472857],[-77.86057034406349,-0.964330129675752],[-77.86035617996798,-0.9648318623186971],[-77.86030842674114,-0.9651186363797423],[-77.85996369835068,-0.9655843945772705],[-77.85958348294753,-0.9659067107081099],[-77.85915558067288,-0.9664440959722804],[-77.85890586379153,-0.9668740899662382],[-77.85854919644828,-0.9674115408385002],[-77.85838247582915,-0.9679611182470784],[-77.85835815866916,-0.9685825345210959],[-77.85851194900143,-0.9691802142850136],[-77.85876065288583,-0.9698496881459725],[-77.85910430343374,-0.9705551028413218],[-77.85924153735829,-0.9707627288434779],[-77.85890128232414,-0.971038374597919],[-77.85861578731829,-0.9716404249938511],[-77.85821611668685,-0.9724574798156591],[-77.8577594975957,-0.9732314588796994],[-77.85754527921745,-0.9737857717560995],[-77.85740251097704,-0.9741083069502019],[-77.8571999700812,-0.9748729623434379],[-77.85715208070563,-0.9753031432208397],[-77.85711601901326,-0.9757811382675081],[-77.8571274693191,-0.9762352760322283],[-77.85711523043109,-0.9766296387695528],[-77.85710285798986,-0.9771674087956268],[-77.85698388875548,-0.9774302130942918],[-77.85674621710994,-0.9776690024822978],[-77.85650863445171,-0.9778121875351192],[-77.85604533121808,-0.9781105182161461],[-77.85583145973688,-0.9782895760876218],[-77.8555818711925,-0.9785761575857429],[-77.85527295378762,-0.9788268304036477],[-77.85503513707708,-0.9792209791831163],[-77.85479729880815,-0.9796390278736699],[-77.85455944831034,-0.9800690277602718],[-77.85441662128055,-0.9804513144324327],[-77.85432134078586,-0.9807738934625239],[-77.85422605928588,-0.9810964715257826],[-77.85402319962718,-0.9821957423272314],[-77.85385642576105,-0.982793117574172],[-77.8537015470838,-0.9833666038105207],[-77.85349937892946,-0.9837249313865701],[-77.85329724517455,-0.9840474082482258],[-77.85309522345521,-0.9842503773989998],[-77.85269111173064,-0.9847280201201548],[-77.8525603580209,-0.9848952044163375],[-77.85253644516317,-0.9850744417305644],[-77.85273818644892,-0.98517023945277],[-77.85318940602143,-0.9850989649326013],[-77.85362888902075,-0.9848842703782318],[-77.85402092607562,-0.9846217284426657],[-77.85428228786107,-0.9844427165480604],[-77.85450815610098,-0.984132213363671],[-77.8550073142576,-0.9835829555787348],[-77.85531634511239,-0.9832127773480481],[-77.85568478292984,-0.9827948522050296],[-77.85631403437436,-0.9827834984323401],[-77.85678906752537,-0.9826405405724479],[-77.85722861715836,-0.9823541396397298],[-77.85738313856982,-0.9821630746034264],[-77.85769200169898,-0.9819721556775811],[-77.85806038361154,-0.9816139824905018],[-77.85820305404859,-0.981399004823927],[-77.85863086522349,-0.9809691831441278],[-77.85877372511955,-0.9805510422485169],[-77.85890469022993,-0.9801567920226828],[-77.8588931856441,-0.9797624062185957],[-77.85882235187975,-0.979332112714436],[-77.85873969018122,-0.9788540058548876],[-77.85860958269053,-0.9783280502626728],[-77.85846739048883,-0.9780291476392007],[-77.85814723432613,-0.9775986193886181],[-77.85796948075608,-0.9772399297916886],[-77.85806461648565,-0.9770727098778839],[-77.85820736357107,-0.9767740759538664],[-77.8584687353471,-0.9765831104714728],[-77.8586945457489,-0.9763323576830961],[-77.85924105695707,-0.9759265464429748],[-77.85951421227064,-0.9758311979342403],[-77.85993005982168,-0.9754969675022491],[-77.8601320913285,-0.9752820443141756],[-77.86032237239452,-0.9749356508921501],[-77.86054826009705,-0.9746012422563328],[-77.86075033574049,-0.9743385155233472],[-77.8611425490422,-0.9738847540538701],[-77.86138023132125,-0.9736340109829853],[-77.86166114626177,-0.9731786377572631],[-77.86179604771822,-0.9732369832875989],[-77.8620691257865,-0.9732252886623975],[-77.8623304310815,-0.973106025733765],[-77.862912515706,-0.9727480483373152],[-77.8635421780866,-0.9722945073217287],[-77.86385106207644,-0.9720796825230116],[-77.86420744738038,-0.9718529504706157],[-77.86449258580492,-0.9716381031375492],[-77.86487282698468,-0.9712918848856857],[-77.86559710553615,-0.9712328076223511],[-77.86586997591222,-0.9714481777834023],[-77.86594099052176,-0.971687259762271],[-77.86601201611768,-0.9719143920394733],[-77.86604746869621,-0.972093687592486],[-77.86607071700732,-0.9726314965697895],[-77.86607044110018,-0.9729302660961875],[-77.86610544077077,-0.9735995450313785],[-77.86617630028431,-0.9740059397443298],[-77.86647269421034,-0.9744603484815064],[-77.86680482688587,-0.9747833319428917],[-77.86713709232919,-0.9749629059868682],[-77.86758808450934,-0.9751425914218191],[-77.86792043868282,-0.9752265594732129],[-77.86851392400122,-0.9753824763866278],[-77.86933307669324,-0.9754429985357457],[-77.86996234595847,-0.9754196868922165],[-77.87042551030483,-0.9752767098040308],[-77.87090065768261,-0.9750142358210407],[-77.87126935982587,-0.9743094794340544],[-77.87168539684065,-0.9737720785188817],[-77.87203024306534,-0.9731868077442452],[-77.8726717494189,-0.9727691254280221],[-77.87341983540564,-0.9726503147198359],[-77.87396617361848,-0.9724357077233202],[-77.87483300883346,-0.9722931055938603],[-77.87577132139481,-0.9718876484362358],[-77.8761871281538,-0.9716012139913572],[-77.87679301727233,-0.9711834950744282],[-77.87725640273045,-0.9708014962060548],[-77.87743478902146,-0.9704789866772323],[-77.87796936634813,-0.9701448564829721],[-77.87851576054292,-0.9698704925952283],[-77.87920437654867,-0.9698711323755861],[-77.8800591552656,-0.9699316812786892],[-77.88058134523213,-0.9701592344022487],[-77.88104423856174,-0.9703150276782623],[-77.8815072079072,-0.9703871635245943],[-77.882385569438,-0.9706269995119177],[-77.88299104561601,-0.9706634152212298],[-77.88351346809316,-0.9706399977088918],[-77.88424957782021,-0.9706406810538114],[-77.88521105080946,-0.9708805943026456],[-77.88610090598536,-0.9715387282420793],[-77.88649237841089,-0.971897622648007],[-77.88658683503667,-0.9724713617349304],[-77.88620655563888,-0.9728534418343513],[-77.88560068231314,-0.9732472626234764],[-77.88510187271125,-0.9734141133630498],[-77.88417550134199,-0.973735928729771],[-77.8829523997854,-0.9739618591438007],[-77.88176486211756,-0.9742475767743447],[-77.88075536220175,-0.9745932135171259],[-77.87995965931971,-0.9748434415427988],[-77.87914016774849,-0.9751414508678823],[-77.87797651156666,-0.9752837749648161],[-77.8770978773868,-0.9753427085090053],[-77.8763142817043,-0.9753419758729523],[-77.87578012182864,-0.975221966957981],[-77.87532895007867,-0.9752334966799375],[-77.87468778220689,-0.975280699932165],[-77.87407025016616,-0.9754474352151284],[-77.87360706312134,-0.9756143146805084],[-77.87275182472204,-0.9760556970220741],[-77.87215798309728,-0.9762822078642306],[-77.87131449599562,-0.9768550592733272],[-77.87061381302996,-0.977069517222332],[-77.87018628845281,-0.9771886247290016],[-77.86948583861728,-0.9771521150888742],[-77.8689042582878,-0.9769603554324189],[-77.86840577589649,-0.9767806245772329],[-77.86766994180867,-0.9764931131893003],[-77.8667680139366,-0.9760739871152372],[-77.86585432611473,-0.97553534313976],[-77.86560537894195,-0.9751287813864004],[-77.86551074112826,-0.9747582173365684],[-77.86535685104877,-0.9742680896128681],[-77.86521480091524,-0.9738138259333355],[-77.86502502830389,-0.9736104837169351],[-77.86469280774246,-0.9733831077759802],[-77.86427726912507,-0.9733827185210783],[-77.86389723809317,-0.9735018705077303],[-77.86356461914423,-0.9737047220305542],[-77.8632557347415,-0.9739195462586469],[-77.86276858557723,-0.9743254164796794],[-77.86262586120577,-0.9746001501551308],[-77.86229291092603,-0.9751615250616789],[-77.8620074607565,-0.9757109918051959],[-77.86182886306345,-0.9762605596008321],[-77.86151991174219,-0.9765470878562721],[-77.86125842839068,-0.9768575617641883],[-77.86104445647672,-0.977144179045793],[-77.86086604682667,-0.9774905826191601],[-77.86072315490853,-0.9779445775030012],[-77.86082966305558,-0.9783151514561028],[-77.86094815464469,-0.9785662290974544],[-77.86099535570001,-0.9788769934077738],[-77.8609474871952,-0.9792832736624767],[-77.86081663375242,-0.9795580181979713],[-77.86061453331605,-0.979844645074254],[-77.86056665415134,-0.9802628766046487],[-77.86057453686054,-0.9806791860370303],[-77.86047132603379,-0.9811888252310436],[-77.86037850607545,-0.98141819241986],[-77.86021439850684,-0.9817048547271504],[-77.85998622499405,-0.9819412637031291],[-77.85981506703952,-0.9821490447917003],[-77.85960120073577,-0.9823209336484534],[-77.8593944650636,-0.9824856573863383],[-77.8591235581404,-0.9827148554845963],[-77.8587029427083,-0.983065808378473],[-77.85850334435514,-0.9832161985865108],[-77.8579759107137,-0.9835311980111571],[-77.85766236270842,-0.9836527972920891],[-77.85739872653349,-0.9837242522580935],[-77.85714218657064,-0.9838243946633646],[-77.85677871441816,-0.9840104804659933],[-77.85613017501365,-0.9843325336191204],[-77.85570989100296,-0.9846355245788468],[-77.85547434373154,-0.9848338407892612],[-77.85531754009403,-0.9849269065427929],[-77.85493978759524,-0.9851488303072595],[-77.8542128901251,-0.9854708072570386],[-77.85348600729733,-0.9857784437290605],[-77.85277338423577,-0.9860717515153095],[-77.852124866154,-0.9863722897648444],[-77.85126964661687,-0.9868016980840533],[-77.851036435165,-0.9870023500307888],[-77.8509176388988,-0.9870787209880011],[-77.85079408887759,-0.9871598670336316],[-77.85066579950406,-0.9872314483382859],[-77.85058491805377,-0.9873891202197771],[-77.85052300207585,-0.9875802713062594],[-77.85051335492282,-0.9877380102470306],[-77.85047990018029,-0.9879626505071721],[-77.8504559889661,-0.9881394971005338],[-77.85043682607929,-0.988316348221895],[-77.85038318133084,-0.9886362747676007],[-77.85032746590947,-0.988801336489326],[-77.85016325428444,-0.9891955511131042],[-77.84974221279334,-0.9899982311319659],[-77.84916445422618,-0.9908007593791563],[-77.84864411682841,-0.9911444388247167],[-77.8477746700577,-0.9915523156837934],[-77.8469480320968,-0.9918885301674775],[-77.84568664149745,-0.9924609469699843],[-77.84540874639782,-0.9925467239651184],[-77.84499558776734,-0.9925463268911197],[-77.84468928763212,-0.992538862603723],[-77.84440440497067,-0.9924812261332869],[-77.84411961172441,-0.9923303750662357],[-77.84384905766014,-0.9921867076155847],[-77.84366411454694,-0.9919068868131307],[-77.8434577939895,-0.9916342163357167],[-77.84303325243584,-0.9913288799798391],[-77.84282680960298,-0.9911852744301156],[-77.84262037450222,-0.9910344999715321],[-77.84227144953934,-0.9909050983072429],[-77.84163505279585,-0.990736173836005],[-77.84132881409484,-0.9906641766424118],[-77.84085869751883,-0.9906350438824639],[-77.84068056601794,-0.99068506534152],[-77.84043107662744,-0.9908640827199142],[-77.84016029328805,-0.9909642075972115],[-77.839839200387,-0.9910846201282901],[-77.8396757332027,-0.9911429996937904],[-77.83937651687023,-0.9911785630286907],[-77.8390701708959,-0.9912212902019605],[-77.83869963942361,-0.9913428292111245],[-77.8383789652009,-0.9914715858934738],[-77.83787298749922,-0.9917005489952233],[-77.83746679910264,-0.9918650749059149],[-77.83703916532492,-0.9921084525761903],[-77.83683245817369,-0.9922444891657858],[-77.83627657011266,-0.9925235946534814],[-77.83558520171732,-0.992945975346601],[-77.83511482814545,-0.9931893106423401],[-77.83410335935335,-0.9931381433066488],[-77.83359799841078,-0.9927217800125407],[-77.83332749537355,-0.9925279217983225],[-77.83282890949567,-0.9924772486027992],[-77.83250118114191,-0.9925342943624053],[-77.83185284847026,-0.9926483925503309],[-77.83134708579827,-0.9926550750161761],[-77.8309483023963,-0.9925256257865692],[-77.8305851634785,-0.9923675291887989],[-77.83037160683283,-0.9922167477347106],[-77.83017948206101,-0.9920014554056866],[-77.82991603550407,-0.9918793068227382],[-77.82948875268488,-0.9917570001671213],[-77.82911121063675,-0.9917638064536125],[-77.82876210635077,-0.9918280018965118],[-77.82839870864855,-0.9919423745217696],[-77.82797118048033,-0.992078196178189],[-77.82755081035731,-0.9921781730762435],[-77.82698094581761,-0.9921776224812563],[-77.82648945268362,-0.9921628071217449],[-77.8259694999899,-0.9921121127451666],[-77.82551372586778,-0.9919897784087903],[-77.82495108197793,-0.9918888518491592],[-77.82458779494462,-0.9918885006720068],[-77.82390383764931,-0.9920169036419014],[-77.82344065333933,-0.9921957097819921],[-77.82311281145884,-0.9923746475643495],[-77.82271360692434,-0.99268974993732],[-77.82239989714462,-0.9929893993629185],[-77.82195427578435,-0.9934251535770114],[-77.82138397483791,-0.9938846876217564],[-77.8210927711169,-0.9942369389079788],[-77.8206056316264,-0.9946368011855832],[-77.82040354201759,-0.994911462239788],[-77.82021922147423,-0.9952279653823604],[-77.8200586102884,-0.9955803435840477],[-77.81980900983329,-0.9958788583085002],[-77.8196486163155,-0.9960041798829092],[-77.81917343435508,-0.9963144250445632],[-77.81892387393658,-0.996571113501393],[-77.81870402239629,-0.9967979541324702],[-77.81856131570156,-0.9970487708526989],[-77.81856108601389,-0.9972877761540592],[-77.81851325374144,-0.9976462378435029],[-77.81851262157979,-0.9983035023880422],[-77.81847667145615,-0.9986500246004585],[-77.8184525767612,-0.999014484849357],[-77.81845222576338,-0.9993789673486977],[-77.81855882640433,-0.9996360024959215],[-77.81865375748689,-0.9996838964483945],[-77.81886146165317,-0.9997438496849408],[-77.81917011310071,-0.9997680520641862],[-77.81964498009918,-0.9997864411437619],[-77.82025054884559,-0.999691429355627],[-77.8205414162699,-0.9996917131293498],[-77.82096287605961,-0.9996921242645274],[-77.8212477554955,-0.9997461781565283],[-77.82150891897503,-0.9997703340487554],[-77.82210244518151,-0.9998545647489601],[-77.82244072623351,-0.9999325719080632],[-77.82264837367367,-1.000001982976033],[-77.82230834018573,-1.0000019774519517],[-77.81492222120218,-1.0000018499685255],[-77.81511265200581,-0.9995594324237927],[-77.8152460798525,-0.9990815532962701],[-77.81536073382838,-0.9983742117051427],[-77.81522835600775,-0.9977622304044256],[-77.81492511193326,-0.9970544813687495],[-77.81454553799895,-0.996709944726809],[-77.81412808346874,-0.9962506495226889],[-77.81405259949312,-0.9957343267215526],[-77.81376824012499,-0.9951413191879387],[-77.81323681444229,-0.9946819139879022],[-77.81270516870089,-0.9944519532829005],[-77.81234429699848,-0.9944133610299191],[-77.81183153705733,-0.994298140502648],[-77.81091976843676,-0.994297253252655],[-77.81050192948746,-0.9942394858348822],[-77.81006511457024,-0.9941625794032978],[-77.8095716258702,-0.9937605733646895],[-77.80923006291391,-0.9933969564846117],[-77.80871779938121,-0.9927654893302299],[-77.80831926878034,-0.992382697109423],[-77.80786355131825,-0.9922101722957664],[-77.8074079991646,-0.9918655651582785],[-77.80670545633377,-0.9915780787618034],[-77.80621187826034,-0.9912716761149678],[-77.80577559621045,-0.9906402861151895],[-77.8054149289112,-0.990391372667081],[-77.80497796988524,-0.9904674291682565],[-77.80444612712337,-0.9904477930126426],[-77.80383867105647,-0.9900456794395844],[-77.8034397207141,-0.9901026522717541],[-77.80296484626234,-0.9901021909342631],[-77.80231901567613,-0.990101563404115],[-77.80178726696465,-0.9899863261450589],[-77.801122772927,-0.9896415181872249],[-77.80068625495842,-0.9892586922046918],[-77.80042061977504,-0.9889525120640639],[-77.79947123902578,-0.9885691885323585],[-77.7989585962049,-0.9883392503220728],[-77.79827494401157,-0.9881665053520172],[-77.7976101600762,-0.9881276200149944],[-77.79696411326178,-0.988356432355896],[-77.79645099503864,-0.9886236140588532],[-77.79599495314821,-0.988795251360713],[-77.79510199338453,-0.9890047021270025],[-77.79455114258685,-0.9890041661686662],[-77.79392424007168,-0.9890800361354141],[-77.7934685296977,-0.9889075132359684],[-77.79257614140546,-0.9885242458161072],[-77.79208247832051,-0.9883134458743928],[-77.79172168805324,-0.9881983754136097],[-77.79113286842689,-0.9881786821899236],[-77.79039198058648,-0.9882735600502461],[-77.78965135139164,-0.9881007602221732],[-77.78919575335561,-0.9878135180352472],[-77.78870218392942,-0.9875071198499991],[-77.78790449772573,-0.9874107445264826],[-77.78708774464047,-0.9873908292111412],[-77.78662248918903,-0.9872708771227945],[-77.78586277159181,-0.9871984380798804],[-77.78512682053287,-0.987102121808459],[-77.78469960181157,-0.9869344071570169],[-77.78415362083453,-0.986814377495488],[-77.78367875586505,-0.9868139149188715],[-77.78275276770636,-0.9868130126967898],[-77.782277903394,-0.9868125499195327],[-77.78109085632559,-0.9866918944175176],[-77.78026009762155,-0.9864281876971055],[-77.77978534861889,-0.9863082266361989],[-77.77916830210597,-0.9860208302102053],[-77.77874113214274,-0.9858053168550988],[-77.77788676979824,-0.9853981915458778],[-77.77734097670358,-0.9850869651615246],[-77.77693755120691,-0.9848714754866719],[-77.77622571761167,-0.9843927915693365],[-77.77556155456753,-0.9837229575187189],[-77.77508733696327,-0.9830533090503808],[-77.77477909051376,-0.9826228178088269],[-77.7744237247251,-0.9818098890668628],[-77.77399708388175,-0.9810446899134104],[-77.77383118042182,-0.9807338353849955],[-77.7731195095954,-0.980087858746618],[-77.77276361663861,-0.9798246193501507],[-77.7717667560517,-0.9794651598429911],[-77.7712922861893,-0.979058408603831],[-77.7709128114572,-0.9786278507502261],[-77.7704383876281,-0.9781733020457912],[-77.76996384961943,-0.977838250649424],[-77.76960800430453,-0.9775272135855753],[-77.76889638072642,-0.9768334411822336],[-77.76858804353446,-0.9764985516832407],[-77.76785251806899,-0.9759720539659377],[-77.76733019840088,-0.9759476482991593],[-77.7663092584384,-0.9759466594862853],[-77.76597674463254,-0.9760658339572773],[-77.76544024384707,-0.976385880425309],[-77.76499679542256,-0.9766504172323873],[-77.76458118252003,-0.976769510577312],[-77.76390452566544,-0.9767569037810323],[-77.763323046549,-0.9765292973760248],[-77.7625632790884,-0.9765285601938194],[-77.76199343164986,-0.9765519060343625],[-77.7615422865433,-0.9765873173106895],[-77.76083022349641,-0.9763595834598762],[-77.7603790560307,-0.9764188934251741],[-77.7598092327409,-0.9764183401155758],[-77.75904965122942,-0.9762264093506894],[-77.75820723585655,-0.9757595578605812],[-77.7577445754934,-0.9754245214474376],[-77.7572819153257,-0.9750894843747151],[-77.75671264336427,-0.9745153540183935],[-77.75623830694624,-0.9739771652665019],[-77.75571642910278,-0.9734986776514849],[-77.75498079985573,-0.9730916802855887],[-77.75451809507008,-0.9728044439534876],[-77.75360459326137,-0.972194133625081],[-77.75307059334432,-0.9719785248003331],[-77.75278587786806,-0.9717751078044791],[-77.7522876180716,-0.9714280895824712],[-77.75190813914622,-0.9710094907634462],[-77.75174223879593,-0.970698643595289],[-77.75158826738709,-0.9703280606226445],[-77.75158870087398,-0.969873980130832],[-77.7516128420085,-0.9694557722835128],[-77.75164877512148,-0.9691212209664758],[-77.75174408602372,-0.9687628283606038],[-77.75194618177423,-0.9684642871494784],[-77.7523498704411,-0.9683929791963217],[-77.75269393084685,-0.9686084027032952],[-77.7529190846666,-0.9690268527149546],[-77.75304946286738,-0.969242069191806],[-77.75334593583085,-0.9695649919521577],[-77.75379678079253,-0.9698402667309897],[-77.75416473190371,-0.9699003698778659],[-77.75455684682049,-0.9695183634649401],[-77.75497305753036,-0.9687659456675384],[-77.75540071796492,-0.9684556706133318],[-77.75636279988694,-0.967918869781155],[-77.75713482942302,-0.9675013792835943],[-77.7578713017681,-0.9670241059305912],[-77.75834704874036,-0.9660805485208617],[-77.75832380433643,-0.9655547449824313],[-77.75832458580994,-0.9647302262269218],[-77.75836078846275,-0.9641088837518792],[-77.75861078601855,-0.9633682504615462],[-77.75888451387114,-0.9626395889026265],[-77.7591700454343,-0.9619826364123009],[-77.75949091913225,-0.9616125065762233],[-77.75985926672926,-0.9612543712646677],[-77.76016896757115,-0.9601433559393281],[-77.76003878905287,-0.9597130466111278],[-77.75995605064848,-0.9593305811814228],[-77.75976632431886,-0.9591033578495874],[-77.75949343113399,-0.9589477534915544],[-77.75913745082832,-0.9587801196489358],[-77.75878151654219,-0.9585646874535124],[-77.7587936462557,-0.9582898593511524],[-77.75910259091968,-0.9579794650288604],[-77.75925732118655,-0.957549427782121],[-77.75972087302873,-0.9569404406075459],[-77.75997039373895,-0.9567016863140698],[-77.76033863826373,-0.95645109539279],[-77.76083743293479,-0.9562364775223655],[-77.76130043511311,-0.9562130179341349],[-77.76191795411931,-0.9559865629797749],[-77.76232183468005,-0.9557121051719834],[-77.76265466774656,-0.9552463868000618],[-77.7627856098681,-0.954864123547702],[-77.7630472364733,-0.9543744373199212],[-77.76329698055076,-0.9538966890032194],[-77.76321439587382,-0.9533469280688474],[-77.7625261962476,-0.9529877875878449],[-77.76195658785319,-0.9527602062028189],[-77.76136322557649,-0.9525445510085596],[-77.76093837329199,-0.9523959737132366],[-77.7603830269623,-0.9521516767201659],[-77.75985625225356,-0.9518213692399625],[-77.7593792099388,-0.9514997127704495],[-77.75885727825562,-0.9510690342065358],[-77.75862032231161,-0.9505669283016313],[-77.75866840946534,-0.9499216975426396],[-77.75900144933618,-0.949228936435254],[-77.75926319478027,-0.9486078057714016],[-77.75954861608503,-0.9480583944097466],[-77.76002424322036,-0.9472223725204897],[-77.76047617105813,-0.9463385289089091],[-77.76059528277865,-0.9459084557013491],[-77.76021569222235,-0.9455974094495744],[-77.7595511036695,-0.9453816915690204],[-77.75910010810038,-0.9452617716707912],[-77.75834052909444,-0.9450698643938793],[-77.75767585316295,-0.9449497436736884],[-77.75708229460659,-0.9449491854168133],[-77.75634614857411,-0.945091888004538],[-77.75575236787162,-0.9453303190998019],[-77.75503978687749,-0.9456642354312116],[-77.75411328131402,-0.9462608376799514],[-77.75385184939256,-0.9465473797670947],[-77.75354282135537,-0.9469533719025084],[-77.75297260604002,-0.9473830158045797],[-77.75244998598671,-0.9476932090968384],[-77.75161887368455,-0.9478358173647303],[-77.75088295338742,-0.9477395255771692],[-77.75040817552016,-0.9476673801163606],[-77.74993348707542,-0.9474996395283589],[-77.74974401761253,-0.9469975822634338],[-77.74998177393012,-0.9466393236841948],[-77.75048056061645,-0.9464247037520949],[-77.75100306796016,-0.9462340054239916],[-77.7516206774209,-0.9459000030126492],[-77.75259459883931,-0.9453751431882719],[-77.7533547508753,-0.944945677233903],[-77.7538776799216,-0.9443008964574426],[-77.75425786779199,-0.9439666672003378],[-77.75473295689382,-0.9437042247380931],[-77.75565923919358,-0.9433466092339153],[-77.75639533983644,-0.9432517048392488],[-77.7569888764497,-0.9432761609374369],[-77.75753508349372,-0.9431332794074048],[-77.75800999740444,-0.9430620279493155],[-77.75850865354757,-0.9429907986344476],[-77.75931576188846,-0.9431349504237859],[-77.75971918399615,-0.9433504208826037],[-77.76014639171069,-0.9435181161437072],[-77.7607873714242,-0.9435904149265371],[-77.76126233114557,-0.9434713644488505],[-77.76199852423456,-0.9432808612356582],[-77.7625207475677,-0.9434008469876147],[-77.76280514896692,-0.9439507960668174],[-77.762994513438,-0.9445723538153524],[-77.7633262659366,-0.9452657430893013],[-77.76344424729771,-0.9460545293014516],[-77.7632538637596,-0.9465323354812675],[-77.7630632580209,-0.9472491328699832],[-77.76284890956593,-0.9479659085140056],[-77.76270596493573,-0.9484915564850194],[-77.76265774577887,-0.9492801858288614],[-77.76282372118814,-0.9495193348426775],[-77.76301330521798,-0.9499019013438528],[-77.7635353075899,-0.9502608829073909],[-77.76412891538307,-0.9502136444946473],[-77.76469838147749,-0.9505965701798645],[-77.76524419381299,-0.9508838771989728],[-77.7659553796749,-0.952055614692655],[-77.76647673661058,-0.9531076774367002],[-77.76649967528581,-0.9539680747362034],[-77.76618997064347,-0.9550910490312118],[-77.76592806354567,-0.9558794780567714],[-77.76547612424064,-0.9567633228510025],[-77.76509592850678,-0.9570975513223454],[-77.76459699712905,-0.9574555664330273],[-77.76407445813044,-0.9576701633712164],[-77.76326700690905,-0.9578844879749112],[-77.76253069484157,-0.9581944770855213],[-77.76207909195784,-0.9587198302186718],[-77.76193564735796,-0.9597712588246424],[-77.76188759931587,-0.9603686926418439],[-77.7618397085975,-0.9607988327258461],[-77.76153031142638,-0.9615872111134113],[-77.76124490491864,-0.9621127210249594],[-77.76086452654658,-0.9626381388143288],[-77.7602228001284,-0.9633545000335886],[-77.75991369484693,-0.9638321864947008],[-77.75974690864004,-0.964453404699705],[-77.75974641074694,-0.964979186162632],[-77.75974575401926,-0.9656722609443942],[-77.75986394573815,-0.966222055270032],[-77.75969677318287,-0.967249558730236],[-77.75917393682147,-0.9677748364411441],[-77.7586511239197,-0.9682762147625008],[-77.7579144683244,-0.9689446803959781],[-77.75758189025473,-0.9691355524662795],[-77.75701179668003,-0.9694217919926437],[-77.75656050697046,-0.9696125490523029],[-77.75618039830715,-0.9698511729654142],[-77.75589526099422,-0.9700898883963933],[-77.75589462280625,-0.9707590609018165],[-77.75591770352713,-0.9714521568725933],[-77.75646330240707,-0.9719545651772942],[-77.75717482558822,-0.9727439231342315],[-77.75769661324705,-0.9733180075839377],[-77.75857454005661,-0.9738924367480901],[-77.759286292787,-0.9744428068127072],[-77.76049675564232,-0.9748741650918742],[-77.7613274737809,-0.9751617600236437],[-77.76199226885609,-0.9751624044100776],[-77.76279952028912,-0.975163186701923],[-77.76372550889306,-0.9751401849166543],[-77.7642717288503,-0.9749973186703722],[-77.76510290803996,-0.9748069292465633],[-77.76579160772887,-0.9746403004040588],[-77.76633207948235,-0.9743786419435048],[-77.7671218188431,-0.9739963055840107],[-77.76785793697535,-0.9739014191544016],[-77.76833272522529,-0.9739735757977039],[-77.7688785597759,-0.9742369959874357],[-77.76997020701891,-0.9747877368858763],[-77.77089547252866,-0.9755295130722582],[-77.77136973772696,-0.9761513568250122],[-77.77201008866757,-0.9768928591361892],[-77.77260320579603,-0.9773714226593416],[-77.77326759676536,-0.9778022565045336],[-77.77407447044294,-0.9782093296487493],[-77.77443040901132,-0.9784247695066616],[-77.77526070634018,-0.9791664590061285],[-77.77537862109222,-0.9800030562817165],[-77.77573419473102,-0.9806008898687536],[-77.77618469421381,-0.981246615301391],[-77.7765401989415,-0.9819161472635459],[-77.77671299785644,-0.9824210511310927],[-77.77685513505764,-0.9827557827829111],[-77.77705424633055,-0.9831001303411672],[-77.77732938242859,-0.983396752627426],[-77.77761407884961,-0.9836264659643547],[-77.77809828231324,-0.983789454200655],[-77.77843783565041,-0.9838060591126461],[-77.77905511132587,-0.9838544589819869],[-77.7797673824918,-0.9838790509944252],[-77.78074082985458,-0.9839038968163081],[-77.781429244725,-0.984047964666868],[-77.78254496942012,-0.9842641459633841],[-77.7831859915193,-0.9843125686170684],[-77.7840168674899,-0.9844567741203065],[-77.78487148803057,-0.9846010036249896],[-77.78567848501547,-0.9848885843139251],[-77.78715004420046,-0.985439709501048],[-77.78819498113528,-0.9852017263722744],[-77.78923973575225,-0.9851549418989987],[-77.7900472869485,-0.9848689270223557],[-77.79073568571603,-0.9850368944283565],[-77.79151896674172,-0.9853005531155135],[-77.79256333573682,-0.9856600654980286],[-77.79391644012269,-0.9859481772173824],[-77.79526989054276,-0.9858777902614987],[-77.79631497175492,-0.9854964034053916],[-77.79682386878122,-0.9853130754527439],[-77.79724129179678,-0.9851627007158524],[-77.79795366746528,-0.9850916896061481],[-77.79885576501643,-0.9852598636950533],[-77.7999476526709,-0.985595521641352],[-77.80096826415581,-0.9859789123121341],[-77.80182294553022,-0.9860753397480033],[-77.80277296811123,-0.985789457707491],[-77.80329585412696,-0.9852402591596744],[-77.80369997655869,-0.984738745829647],[-77.8037482377936,-0.9839261850405219],[-77.80382040276942,-0.9829463473865484],[-77.8038448282652,-0.9822293646444528],[-77.80389333813432,-0.9811539027924596],[-77.80389415511613,-0.9802934963376374],[-77.80394227675284,-0.9796243368480659],[-77.80396656487406,-0.9790507556183379],[-77.80403854310583,-0.978262117840486],[-77.804110452853,-0.9775451803505584],[-77.80411117637229,-0.9767803748352513],[-77.80389807116426,-0.9761587654982071],[-77.80392217582914,-0.9757763855453997],[-77.80413627566752,-0.9753463867486775],[-77.80437423052213,-0.9747969094532039],[-77.80468370980181,-0.9739367974116356],[-77.80477954068151,-0.9730286802877341],[-77.80432955875916,-0.9718093407833793],[-77.80399815849763,-0.9707335152169905],[-77.80397499903627,-0.97011208795823],[-77.80395217475379,-0.9691321578398399],[-77.80416694357349,-0.9679851525973755],[-77.8044283247622,-0.9677702983862031],[-77.8046662088428,-0.9672925204752907],[-77.80459573864017,-0.9664798454739861],[-77.80426384253023,-0.9659298268449894],[-77.80405070818132,-0.9653321194919104],[-77.80405166814448,-0.9643044112752366],[-77.80414731204769,-0.9635874960878432],[-77.80407708328511,-0.9625119199326796],[-77.80369825471062,-0.9613643533114437],[-77.80353289543889,-0.9604559897513062],[-77.80320132951836,-0.9595474699907428],[-77.80267986024174,-0.9585909724848162],[-77.80222937619448,-0.9578974441525648],[-77.80156535623254,-0.9570364144240497],[-77.80118601463293,-0.9564385542446537],[-77.80094911130432,-0.9558647288416537],[-77.80061730085029,-0.9552191144259589],[-77.80052338809766,-0.9540718200472799],[-77.80045293110949,-0.9532352502769181],[-77.80031117715755,-0.9524703132362213],[-77.80021682066658,-0.951801021575574],[-77.79990861926363,-0.9512988312848536],[-77.79936322695323,-0.9505335189011862],[-77.79846190313164,-0.9495288742015896],[-77.79784495009868,-0.9491219970683433],[-77.79741761395488,-0.9490737980906035],[-77.79677665366088,-0.9489536998170695],[-77.79642081274113,-0.9486187677930272],[-77.79589889965264,-0.9481402803875654],[-77.7955195129944,-0.9475902263723244],[-77.79530630748087,-0.9470642280902318],[-77.79509310091142,-0.9465382291100142],[-77.79490348430862,-0.9461795533989451],[-77.7942395072921,-0.9452707359256216],[-77.79390740956211,-0.9449358269325087],[-77.79364662820669,-0.9445053859737886],[-77.79331496884426,-0.94369247844755],[-77.7928169313624,-0.9430706173517852],[-77.79253238506071,-0.9426640547796761],[-77.79255691648227,-0.9418036797540397],[-77.79266352158665,-0.9417054947176204],[-77.7928420745287,-0.9415410449932226],[-77.79329304254428,-0.9417087619893969],[-77.79364877425931,-0.9421631915731407],[-77.7941707533995,-0.9425699745848554],[-77.79493044872635,-0.9426662794908418],[-77.79580879626249,-0.9428343933811145],[-77.79611697732159,-0.9433604800277197],[-77.79654407174846,-0.9436715765875969],[-77.79687722106391,-0.9428592845324144],[-77.79718634273323,-0.9423576702255325],[-77.79747159018494,-0.94199943350583],[-77.79792299629689,-0.9416891506737461],[-77.79818473974039,-0.9410679911713236],[-77.79866026016035,-0.940351428156152],[-77.79885062051363,-0.9398975027485982],[-77.79918341844947,-0.9394676083713909],[-77.79975358516025,-0.9391096328118783],[-77.7999201575935,-0.9387034851150466],[-77.80013482604001,-0.9376281773181223],[-77.80023040681766,-0.9369590618942347],[-77.80058692571208,-0.9365530883325391],[-77.80056344302635,-0.9362662649061053],[-77.80089647785027,-0.9355734674297714],[-77.80070707294635,-0.934975789902988],[-77.80070789550014,-0.9340675863876291],[-77.80104049709934,-0.9338527897500225],[-77.80165767207879,-0.9340206569328119],[-77.80229755169745,-0.9353357524956114],[-77.8027719643644,-0.9358380916037251],[-77.8029141643263,-0.9361250246870935],[-77.80310361277267,-0.9366749030640529],[-77.80317436570274,-0.9372007717385716],[-77.80291255935117,-0.937893636907004],[-77.80236576639854,-0.9386579386324174],[-77.80179531691505,-0.9393266175112591],[-77.8009873027527,-0.9401384768048195],[-77.80044048660501,-0.9409266762243298],[-77.80055835297344,-0.9418588899292591],[-77.80084235691659,-0.9428629579013535],[-77.80008154145663,-0.9439855585913559],[-77.79896488194386,-0.9447732261703375],[-77.79822866338654,-0.9449637431596135],[-77.7971838699516,-0.945058372424591],[-77.79723107183081,-0.9453691168548041],[-77.79737302707176,-0.9459189500141897],[-77.79779992422057,-0.9464451486941409],[-77.79820327596062,-0.9467562247588883],[-77.79855924979225,-0.946947756484489],[-77.79886756210777,-0.9473304445440909],[-77.79922336138004,-0.9477131770214214],[-77.79950810645666,-0.9479046428404613],[-77.80031546924498,-0.9478097945673445],[-77.80076663742128,-0.9477624140463352],[-77.80145510927838,-0.9478586557111048],[-77.80190599261002,-0.9481219767433428],[-77.80230958663392,-0.9481701528779464],[-77.8029749080326,-0.947621067724488],[-77.80378273371439,-0.9470243135257344],[-77.8048515194776,-0.9466668027853219],[-77.80577806314962,-0.946070157310372],[-77.80615811232177,-0.9459032077523903],[-77.80665709788724,-0.945497365487558],[-77.80715621449271,-0.9449481214889617],[-77.80753656947466,-0.9444465677593628],[-77.80782201600759,-0.9438732250957538],[-77.80810741860931,-0.9433476828535442],[-77.80836890253326,-0.9430133196741686],[-77.80891522223817,-0.942774821001354],[-77.80941403298839,-0.9425601790202194],[-77.80991262620275,-0.9425845392109267],[-77.81057764273227,-0.9423700501176053],[-77.81098156623247,-0.9420597179586755],[-77.81133843791592,-0.9412713343539493],[-77.81136279029637,-0.9406021460526982],[-77.81145826349221,-0.940052525103221],[-77.81186251250527,-0.9393836859289885],[-77.81214771704337,-0.9390732429616356],[-77.81231422595451,-0.9387387907254705],[-77.8125522902255,-0.9380458977977042],[-77.8127190584073,-0.9374246402354967],[-77.81271955579697,-0.936874931167592],[-77.81274377454642,-0.936349143888034],[-77.81276812257944,-0.9356799554260484],[-77.81307726425348,-0.9351544287375025],[-77.81352884637255,-0.9346529328953818],[-77.8139328753342,-0.9342230942807463],[-77.81443190062708,-0.9337694419143691],[-77.81483597331106,-0.9332918013804502],[-77.81519266588106,-0.9326946148168468],[-77.81535966603262,-0.9318104498859006],[-77.8153603961905,-0.9309978346306496],[-77.81528980918806,-0.9302807559147237],[-77.81545670090752,-0.9295160928274645],[-77.81576609629126,-0.9287037576696207],[-77.81598034584258,-0.928082539522313],[-77.81631435914771,-0.9262903053502543],[-77.81660028575783,-0.9251672407304777],[-77.81667207067956,-0.9245458925828168],[-77.81672013323488,-0.9239006218713516],[-77.81681580955897,-0.9231119912955636],[-77.81681627745965,-0.9225861810227077],[-77.8168589568136,-0.9223015105925148],[-77.8169595888387,-0.9216302902092957],[-77.81696024698854,-0.9208893749661524],[-77.8170559430127,-0.9200768428591245],[-77.81698530584073,-0.9194075657975285],[-77.81681996873508,-0.9184274963435737],[-77.81682075151103,-0.9175431776425599],[-77.81665530717127,-0.9166826120186906],[-77.81665617292171,-0.9157026920052791],[-77.81656187426545,-0.9149377910120244],[-77.81656263306043,-0.9140773735538459],[-77.81642088719931,-0.9132646301298801],[-77.81620776399987,-0.9126191269985339],[-77.8165892153585,-0.9108508296266163],[-77.81692225477747,-0.9101341112445434],[-77.81727878445896,-0.9097042188816314],[-77.8175403831364,-0.9092264406113493],[-77.81765972910101,-0.908509530408478],[-77.81737541325168,-0.9078161631627553],[-77.81663971987066,-0.9074092026024743],[-77.81607008532403,-0.9071696924707734],[-77.81495443489706,-0.9068340961703248],[-77.81381485357895,-0.9067135834523415],[-77.81269914306283,-0.9064496896268949],[-77.81163077348339,-0.9063531409889566],[-77.81039618129958,-0.9062803447660751],[-77.80987393279928,-0.9061603795611102],[-77.8093279616405,-0.9060164924651524],[-77.80878205358214,-0.9058009055813018],[-77.80852112853553,-0.9055138699651537],[-77.80816541817875,-0.9050116480927061],[-77.80783336801001,-0.9046050482035238],[-77.80774934442485,-0.9044663715582986],[-77.80757256753547,-0.9041746126367063],[-77.80743052607056,-0.9036964807599972],[-77.80714596164425,-0.903289923558088],[-77.80657639534012,-0.9029787158292614],[-77.80614939279432,-0.9025481331594526],[-77.80562768915641,-0.9018067638451949],[-77.8051293322099,-0.9015195209075856],[-77.80479728141471,-0.9011129230774674],[-77.80422798720615,-0.9004910143811177],[-77.80361139402301,-0.8996539631610493],[-77.80330325349621,-0.8990561860383801],[-77.80294754316773,-0.89855396845698],[-77.802615721993,-0.8978844707414163],[-77.80235502502468,-0.8973345369783324],[-77.80178608380226,-0.8963063287324412],[-77.80143051833743,-0.8956368124238043],[-77.80135365035166,-0.8953521170039589],[-77.80128851637019,-0.8951108838958762],[-77.80128895156518,-0.8946089813178244],[-77.8008622392342,-0.8938438024677315],[-77.80043546462677,-0.8931503234826106],[-77.79915464429281,-0.8916434940376822],[-77.79766015890115,-0.8901125803669553],[-77.79652150840998,-0.8889404821974818],[-77.79578605543857,-0.8882706395256661],[-77.79495587894314,-0.8873139137553139],[-77.79426824173534,-0.8862617142418824],[-77.79388895277147,-0.8855682844254494],[-77.79355718965434,-0.8848270963405411],[-77.79334438751057,-0.8837992123761526],[-77.793582553995,-0.8829390215994232],[-77.7935829433321,-0.8824849219891554],[-77.79339363492078,-0.8817438587323656],[-77.79315725107831,-0.8805247564507456],[-77.79299201160956,-0.8794013147106701],[-77.79292184445853,-0.8781584566109119],[-77.79294632054645,-0.8772980794360968],[-77.79294689068091,-0.8766288820253032],[-77.79308977423209,-0.876127105470731],[-77.79316165388786,-0.8753623691758544],[-77.79342339276056,-0.8746933955693059],[-77.79366118584441,-0.8742634008086692],[-77.79399435484494,-0.8733554889762936],[-77.79437523141655,-0.8721847169530434],[-77.79475582353606,-0.87134854331886],[-77.79485206773646,-0.8698429263309171],[-77.79482909194768,-0.8689347065172537],[-77.7947584877654,-0.868193746297886],[-77.79454542784705,-0.8674526645950036],[-77.79419037309417,-0.8661617624079092],[-77.79392978626016,-0.8654684411870621],[-77.7935266821054,-0.8648466987578275],[-77.79300496562469,-0.8641053560398905],[-77.79269697271971,-0.8633163955739691],[-77.79243654505808,-0.862431876681833],[-77.79238980020202,-0.8615475394872353],[-77.79217643599547,-0.8611649597008866],[-77.79136968661705,-0.8605667773355529],[-77.79049167017723,-0.8600163353646387],[-77.7900894306538,-0.8596378790851095],[-77.78991887898697,-0.8591645170115316],[-77.7898621963771,-0.8588059706333389],[-77.78970585492851,-0.8583756405050329],[-77.78974892654584,-0.8579741588898097],[-77.79014811276566,-0.8576016579592218],[-77.79050449066443,-0.8573151608968589],[-77.79084656329582,-0.8571003501871683],[-77.79093253806678,-0.8564981454499414],[-77.79057701986254,-0.8557521683755097],[-77.790135789877,-0.855292918559604],[-77.7899224641268,-0.8548625408630398],[-77.7898656847477,-0.8546187147387401],[-77.78966643844416,-0.8543891076916461],[-77.78902548489168,-0.8542738488951201],[-77.78856979536856,-0.8540727068420559],[-77.78795747736272,-0.8537853929164029],[-77.78782956591598,-0.8534267875593553],[-77.7874881977135,-0.8527955452738147],[-77.78726065114161,-0.8523364773926333],[-77.78706182033388,-0.8516049755785362],[-77.78667770335532,-0.8509880382849184],[-77.78635055613842,-0.8503854881545638],[-77.78599455205203,-0.8499387817615216]]]},"properties":{"OBJECTID":1583,"SHAPE.AREA":21711085.6998147,"SHAPE.LEN":151546.27936327498,"LIT":" ","TXT_12__15":" ","COD_OK":"13.1","ENT_GEOL":"Aluvial","INT_ECO":"Materiales de construcción","LITOLOGIA":"Son depósitos producto de la erosión de arroyos y ríos derivados del lecho rocoso y otros depósitos superficiales. Se divide en depósitos fluviales, depósitos de llanura aluvial, depósitos de terraza aluvial y depósitos de abanico aluvial (McMill"}},{"type":"Feature","id":4842,"geometry":{"type":"Polygon","coordinates":[[[-78.00000183795592,-0.8628286374223184],[-77.99939929713501,-0.859519703894533],[-77.99890784303881,-0.8563256550584666],[-77.99809414546256,-0.8521942942253293],[-77.99716593101247,-0.8487321780315895],[-77.99629414211249,-0.8459968118122171],[-77.99492848186506,-0.8431654470587648],[-77.9935250279177,-0.8400663288698703],[-77.99215950579097,-0.8370437420000095],[-77.99079381923248,-0.8342315215820488],[-77.9898926112633,-0.8326818185478919],[-77.98896736963961,-0.8315097897828211],[-77.98756744359592,-0.8300027372587783],[-77.98619197040777,-0.8275634367222513],[-77.98524386464469,-0.8252200850729772],[-77.98503161926646,-0.8232597669303031],[-77.98474757349203,-0.822040429298092],[-77.98439935828642,-0.8211461992233868],[-77.9842261494358,-0.8207013911758357],[-77.98401314465286,-0.8197450562034373],[-77.98420395920813,-0.8186216980461138],[-77.98437129382725,-0.8171397566547881],[-77.98418199768842,-0.8162312499129574],[-77.98375537226951,-0.8138591337437073],[-77.9836617234076,-0.8133384351442525],[-77.98321218558168,-0.8111149967030127],[-77.98226433639935,-0.8083891969861644],[-77.98117416078657,-0.8054481567943554],[-77.98051080367541,-0.803344088525113],[-77.97975303583391,-0.8004511138810073],[-77.97920903237616,-0.7974865878060272],[-77.97906923361869,-0.7938052357493229],[-77.97831239429469,-0.7895975406922014],[-77.97703305180748,-0.785485087696743],[-77.97556381279288,-0.7812529855490072],[-77.9745931159209,-0.7771885822418569],[-77.97409653437127,-0.7742480190248432],[-77.97386208287004,-0.7699929220796249],[-77.9736287870323,-0.7679753058003584],[-77.97355525146585,-0.7673393486219618],[-77.97444966502107,-0.7693277285182258],[-77.97507163369303,-0.77127038198328],[-77.97575220230102,-0.7742887672946028],[-77.97655134767568,-0.7775164023705686],[-77.97761778073578,-0.7805350739657128],[-77.9784471516401,-0.7829858549137636],[-77.97963265017647,-0.7855265387381796],[-77.98028389338579,-0.7880070778816407],[-77.98161827552657,-0.7898905132571978],[-77.98304142580153,-0.792162462056622],[-77.98419775143448,-0.7939860147488074],[-77.98541357225598,-0.7956303320963168],[-77.9870151461165,-0.797454220174179],[-77.98882417786524,-0.7997264744575482],[-77.99048450841936,-0.8023870730540059],[-77.99155206422628,-0.8038221330461193],[-77.99324260252902,-0.805765629921041],[-77.99448815140276,-0.8073502321922352],[-77.99546667832685,-0.8087553541604097],[-77.99611890532545,-0.8098614272471573],[-77.99671149903499,-0.8113260261284836],[-77.99706697575196,-0.8123123574421414],[-77.99757071597948,-0.8135079650842408],[-77.99816332882214,-0.8149426868931735],[-77.99881566376361,-0.8158993628655756],[-77.99955651751597,-0.8175732457276492],[-78.00000105177884,-0.8180400796446337],[-78.00000000000344,-0.8333333350342637],[-78.00000178321672,-0.8617140121076872],[-78.00000183795592,-0.8628286374223184]]]},"properties":{"OBJECTID":4842,"SHAPE.AREA":8084237.13171907,"SHAPE.LEN":22500.3707365511,"LIT":"Asociaciones litológicas de tobas volcánicas, tobas riolíticas, brecha volcánica de composición andesítica a dacítica","TXT_12__15":" ","COD_OK":"12.9","ENT_GEOL":"Formación Misahuallí","INT_ECO":"Arcillas, Caolines, Materiales de construcción","LITOLOGIA":"Consiste en basaltos, andesitas y traquitas no deformadas verdes a grises oscuras o púrpuras con tobas verdosas, brechas tobáceas violetas a rosadas, aglomerados, lutitas rojas, areniscas y conglomerados (Litherland et al., 1994)."}},{"type":"Feature","id":4848,"geometry":{"type":"Polygon","coordinates":[[[-77.86505017735638,-0.9555419476535124],[-77.86506636371489,-0.955311442361353],[-77.86514993763717,-0.9547976345570286],[-77.86539963859289,-0.9543795852169884],[-77.86568482727705,-0.9541049777515326],[-77.86626091916925,-0.9537989685487612],[-77.86691411153532,-0.9535725016111517],[-77.86785239476629,-0.9531789843943168],[-77.86860061050959,-0.9529047998359464],[-77.86904005593223,-0.9527259393310988],[-77.86932522227082,-0.9524752323977108],[-77.87003805891968,-0.9519380962928493],[-77.87052512335364,-0.9516158673808591],[-77.87154669867611,-0.9510192573206339],[-77.87191494097918,-0.9508044770844144],[-77.87260376407245,-0.9505660877386687],[-77.87326863652761,-0.9505547435896342],[-77.87390979780841,-0.9505075245544088],[-77.87446768962812,-0.9506394932928892],[-77.87501372013352,-0.9507595005141851],[-77.87560734809733,-0.9507600417953815],[-77.87629606586509,-0.9506411601933932],[-77.87696116634596,-0.9503788456963268],[-77.87765005668058,-0.9500687483696815],[-77.87812526053895,-0.9497345544659129],[-77.87857669899708,-0.9494242401581112],[-77.87899244331419,-0.9491975495468371],[-77.87940825291105,-0.948899153054518],[-77.87961037642911,-0.9485766605410807],[-77.88035890891041,-0.9479558892295786],[-77.88084584701828,-0.947777066197021],[-77.88173645422155,-0.9475986090458557],[-77.88215206085867,-0.9475272800431404],[-77.88254391111158,-0.9474678802339584],[-77.88312584225184,-0.9472771915307419],[-77.88374345516341,-0.9470148288313358],[-77.88391002416473,-0.9466205952438792],[-77.88391033378096,-0.9462740162833554],[-77.88350684561559,-0.9460704839712812],[-77.88298445944608,-0.9460580594589438],[-77.88228401684665,-0.946009622096207],[-77.8817972815985,-0.9459613772344597],[-77.88123927895683,-0.9459489211898612],[-77.88055066728165,-0.9459482975956224],[-77.88005198564836,-0.9459836983380905],[-77.87949364191527,-0.946353672795474],[-77.87893532942394,-0.9466877944071281],[-77.87859058596068,-0.9471774705388994],[-77.8781033491359,-0.9476909203038465],[-77.87761612286378,-0.9481924178448059],[-77.8772596985124,-0.9484669654192327],[-77.87683204953179,-0.9487294981267813],[-77.87629768756359,-0.9488365699127315],[-77.87577529391126,-0.9488360946582733],[-77.87534791364129,-0.9487998535210374],[-77.87470714989163,-0.9484048894326249],[-77.87427990960275,-0.9482132861434588],[-77.8737576350897,-0.9480813510963046],[-77.87303342067852,-0.9480687414713918],[-77.87235666488881,-0.9480920270631376],[-77.87177468608189,-0.9483424659395512],[-77.87114519569712,-0.9486167634721364],[-77.87065817536812,-0.9488911895016515],[-77.87030176334532,-0.9491537844965378],[-77.86999263713187,-0.9496434873773855],[-77.86969536149181,-0.9501571039423634],[-77.86930315993577,-0.9506108782424961],[-77.86897035219906,-0.9510288543955722],[-77.86823377212549,-0.9515659695368909],[-77.86767546299292,-0.9519000820004949],[-77.86714102904646,-0.952090806145762],[-77.86670172582077,-0.9521143052513871],[-77.8660604712846,-0.9522690791648755],[-77.86564492387174,-0.952280649151615],[-77.8649681935369,-0.9522800291268592],[-77.86452891280427,-0.9522796265834066],[-77.86413697089739,-0.952446578841055],[-77.863792291012,-0.9528645409336821],[-77.86358998352848,-0.9533901898447398],[-77.86333995827826,-0.9541667621771026],[-77.8633039179092,-0.9546328094156489],[-77.8633035601169,-0.9550271857356877],[-77.86325560457445,-0.9555410253300188],[-77.86323158781913,-0.9558397731288669],[-77.86327875215457,-0.9561983395151191],[-77.86327839377266,-0.9565927158219996],[-77.86320658329056,-0.957226041300153],[-77.8630754753561,-0.9577876074200232],[-77.8629561958438,-0.9583969876566989],[-77.86282529413013,-0.9587314884638322],[-77.86258732208792,-0.9593049069658373],[-77.86218347303453,-0.959507696838197],[-77.86173251648042,-0.9592921657181006],[-77.86150748453016,-0.9586944198971881],[-77.8614489932629,-0.9577383038730632],[-77.86142598837849,-0.9569256304998193],[-77.86155760641589,-0.9558023795631507],[-77.86159412403066,-0.9548104992436924],[-77.86168964607734,-0.9542130481948473],[-77.86154814157429,-0.9531492997497573],[-77.86148981842493,-0.9520019728040822],[-77.86149049958226,-0.9512490750897412],[-77.86155040189728,-0.9506515911490147],[-77.86168170007686,-0.9498749108011597],[-77.86200269736234,-0.9493852226068877],[-77.86246623948864,-0.9488120091869799],[-77.86306056002745,-0.9480357514524126],[-77.86345281333826,-0.9475222247673485],[-77.86405872581697,-0.9470566967122004],[-77.86447486294925,-0.9463878308104678],[-77.86470103006731,-0.9457307420720916],[-77.86487991057187,-0.9448465452630149],[-77.86521317427804,-0.9439146848996907],[-77.86570081126932,-0.9429471111108151],[-77.8662003089073,-0.9419914986409952],[-77.8669135847639,-0.940952422224055],[-77.8673414195304,-0.9404747755750708],[-77.8677574244972,-0.9399493151175445],[-77.86811399150204,-0.9395074561217795],[-77.86854166607797,-0.9392090708945854],[-77.8691475340671,-0.9387913375012802],[-77.86970592266672,-0.9383616100191875],[-77.87025238582233,-0.9379916256268226],[-77.8708344986857,-0.937585820752645],[-77.87157104890414,-0.9370725951887162],[-77.87258074027645,-0.9364759592401146],[-77.87294908436786,-0.9361416645368682],[-77.87387581704941,-0.9353776389813959],[-77.87408983917292,-0.93501930341491],[-77.87452955630867,-0.9345297100449584],[-77.87480306754995,-0.9340280165506714],[-77.87499364025041,-0.933335033780925],[-77.87501785026262,-0.9328092142597527],[-77.87501831444418,-0.9322833743830949],[-77.8751969072856,-0.9317098897736417],[-77.87533973622163,-0.9313036854002827],[-77.87548241666615,-0.9310647940828832],[-77.87555570124964,-0.9315068595866939],[-77.87566956843189,-0.9316312504595379],[-77.87608735390924,-0.9317750355500746],[-77.87650519947476,-0.931851894106581],[-77.87677126203187,-0.9317182811540711],[-77.87733194021249,-0.9313841555746808],[-77.87808252003364,-0.9311171239148077],[-77.87844346160908,-0.9310983241187579],[-77.87887060382535,-0.9314046505621071],[-77.87910772651813,-0.9317777326346894],[-77.87918331508381,-0.9322271561111563],[-77.87939196885239,-0.932571530745138],[-77.87982855844291,-0.9329352300817599],[-77.88013225971272,-0.9332032035245821],[-77.88044539221515,-0.9335476719972562],[-77.8806256025038,-0.9338346571640387],[-77.88085324332296,-0.9341886099603588],[-77.88101446562489,-0.9344660169630578],[-77.88111864895829,-0.9348007385737536],[-77.8812038020334,-0.9351736851209896],[-77.88118446859285,-0.935556100439295],[-77.881098731696,-0.9358428469721156],[-77.88104136291545,-0.9362730314305668],[-77.88111684851661,-0.9368371861528059],[-77.88127784174597,-0.9373727353436699],[-77.88131561441601,-0.937621349793501],[-77.88123933320583,-0.9379559097794286],[-77.8809160088854,-0.9383954157448248],[-77.88067837889065,-0.9385959785004425],[-77.88031726513456,-0.9388059915226068],[-77.88006053781581,-0.9391212669706575],[-77.88007893912436,-0.9397905387645866],[-77.88006907615747,-0.940201643497995],[-77.879992751555,-0.9405840060584849],[-77.87984052800194,-0.9408706928139949],[-77.87974535131364,-0.941090504942924],[-77.87956469211497,-0.9413102399651534],[-77.87958328861168,-0.9417596138006321],[-77.87977280733114,-0.942256945105173],[-77.87982907162412,-0.9430696624328921],[-77.8799140938596,-0.9435860214890759],[-77.88008482962756,-0.9438443173914276],[-77.88045486269007,-0.944284447876024],[-77.88102468805647,-0.9443518890534099],[-77.88154708276791,-0.9443523612671603],[-77.88173706258141,-0.9443334111114995],[-77.88209800699278,-0.9443146154380194],[-77.88256341371601,-0.9443150359801866],[-77.8831426366647,-0.9444972149969841],[-77.88402570565792,-0.9447848377840635],[-77.88415855148614,-0.9449283698877912],[-77.88495618957673,-0.9451585509807939],[-77.88533611465724,-0.945158894277388],[-77.88571603135145,-0.9451687980424825],[-77.88597243882518,-0.9452168340882756],[-77.88623982146133,-0.9452779077671767],[-77.88627437906007,-0.945477239258232],[-77.8867122963439,-0.948003175985958],[-77.8867399689058,-0.9481354404072861],[-77.88654920431574,-0.9481525339759802],[-77.88624516974987,-0.9482574278568453],[-77.88604557129426,-0.9484102207218191],[-77.88575098330892,-0.9485724879122981],[-77.88538975472947,-0.9489067901376795],[-77.88513295347107,-0.9492985508404872],[-77.88490474157528,-0.9495851689663349],[-77.88464812862114,-0.9497665910520678],[-77.88438188927097,-0.9500914172881738],[-77.88424876099013,-0.9502633917361499],[-77.88403008959553,-0.9505022137037737],[-77.88360238182209,-0.9508268926664966],[-77.8834312613039,-0.9509988313980753],[-77.88283260472706,-0.951304232423747],[-77.88248101099452,-0.9514855680037554],[-77.88206294718626,-0.9516477210189921],[-77.88140737887053,-0.9518670221614375],[-77.881074816273,-0.9520101316975405],[-77.88078021999708,-0.9521819571360799],[-77.88022910562984,-0.9524300349911189],[-77.87982031720567,-0.9528407765537922],[-77.87933568156548,-0.9530984748236738],[-77.87900308479256,-0.9532798261778417],[-77.8786895094693,-0.9534325124950458],[-77.87795794976317,-0.9536613021632582],[-77.87773940764163,-0.9537567105069222],[-77.87677052480106,-0.9538418714623315],[-77.8765520260121,-0.953889475647428],[-77.87602012508881,-0.9538985496354049],[-77.87568770162179,-0.9538886851523368],[-77.87529828135158,-0.9538883289243638],[-77.87475692559224,-0.9538495901615641],[-77.87451014027833,-0.9536677101489045],[-77.87437735734463,-0.953457253243393],[-77.87400720062297,-0.9531605319883715],[-77.87354188283355,-0.9530644987471955],[-77.87265847848218,-0.9531592983127349],[-77.87224987312779,-0.9533692594552428],[-77.87187913000766,-0.953722667235067],[-77.871612804756,-0.9541430940019623],[-77.87133706811372,-0.954467905336502],[-77.8709378566696,-0.9547926032559334],[-77.87060533001934,-0.9548974661073621],[-77.8701587590521,-0.9550787099475304],[-77.86958878200087,-0.9551833546431115],[-77.86909479902151,-0.9552785076220702],[-77.86860093752803,-0.9552398118864714],[-77.86817360518911,-0.9551533736108424],[-77.86767989053932,-0.9549521456571055],[-77.86717671311581,-0.9547126668411524],[-77.86677785890353,-0.9546453764561645],[-77.8662269839201,-0.9546353103424855],[-77.86566650758083,-0.9547399620483497],[-77.86548586371964,-0.9549405703299769],[-77.86505017735638,-0.9555419476535124]]]},"properties":{"OBJECTID":4848,"SHAPE.AREA":3748214.40138714,"SHAPE.LEN":15514.2577824299,"LIT":"Limolitas a arcillolitas roja intercalada con arenisca, aleatorios conglomerados","TXT_12__15":" ","COD_OK":"12.108","ENT_GEOL":"Formación Tena","INT_ECO":"Limolitas, Arcillas, Calizas, Materiales de construcción","LITOLOGIA":"Consiste en lutitas rojizas a verdes y limolitas, también incluye lutitas nodulares, paleosuelos y areniscas de grano grueso con estratificación cruzada. La parte basal de la formación se caracteriza por una secuencia de areniscas, calizas y lutitas."}},{"type":"Feature","id":4844,"geometry":{"type":"Polygon","coordinates":[[[-77.82963115115456,-0.8034368606877663],[-77.82969405854935,-0.801777417206997],[-77.8298331480496,-0.7986811219824019],[-77.82984325364608,-0.798456142186236],[-77.8300852379694,-0.793068771530858],[-77.83027375004525,-0.7888714202619488],[-77.82996513647174,-0.7859468656007994],[-77.82931377514095,-0.7797745444766393],[-77.82861924149688,-0.7731934825714601],[-77.82857270820575,-0.7727525630273516],[-77.8278844654858,-0.7662315145236717],[-77.82731838307798,-0.765046012548335],[-77.82608561367249,-0.7625116158038919],[-77.82456867776618,-0.7589492846759731],[-77.82309801996384,-0.7570361430380744],[-77.82252948146977,-0.7552670745156024],[-77.82101168303598,-0.7528758948641944],[-77.82044262105212,-0.7518238501074483],[-77.81920952474248,-0.7497196943445991],[-77.81802349870391,-0.748189190596912],[-77.81731208221265,-0.7469936442878394],[-77.81641096557695,-0.7454633535637251],[-77.81560420075546,-0.7447935517946298],[-77.8145599083877,-0.7442669806380722],[-77.81375324765986,-0.7434537783406667],[-77.81327946061856,-0.7419716065400537],[-77.81370826055654,-0.7399642804058547],[-77.81423202658813,-0.7379570210668913],[-77.8140433112299,-0.7362360517769849],[-77.81319011044984,-0.7340843977901448],[-77.8111036206522,-0.7300676335497318],[-77.80968066451041,-0.7278199832468193],[-77.80882681607862,-0.7265765571810782],[-77.80830549237196,-0.7251421659265388],[-77.8081161239557,-0.7243294206405037],[-77.80807001087315,-0.72236956239443],[-77.80826121558383,-0.7205532725718425],[-77.80881032773486,-0.7170670352162504],[-77.80899371809402,-0.7164562075034968],[-77.8105626375761,-0.7136609642695487],[-77.81217883692767,-0.7111525500908628],[-77.81305836599928,-0.7095996328982087],[-77.81329663941926,-0.7083569753928226],[-77.81393660834256,-0.7076007750455047],[-77.81465104298142,-0.7067565818298251],[-77.81504826053208,-0.7063030554725029],[-77.81594357968326,-0.7052808178065642],[-77.81701078810023,-0.707038241864066],[-77.81837464572253,-0.7089870790914647],[-77.82094859718906,-0.7120600906909277],[-77.82306033380071,-0.7140214127566583],[-77.82545683612294,-0.7161980466882946],[-77.82834001697405,-0.7184467321352286],[-77.82995333929671,-0.7201567699517282],[-77.83213795270915,-0.7231817617808911],[-77.83377453668805,-0.7255849538753515],[-77.83479428081995,-0.7273065408307416],[-77.83498464780955,-0.7276841309748248],[-77.83622873859257,-0.7301517702490342],[-77.83799541825067,-0.7332482040827579],[-77.83956339724514,-0.7361303923171026],[-77.84099814757494,-0.7385454262072679],[-77.84262296863798,-0.7407813443173062],[-77.8441294880847,-0.7424316057811795],[-77.8460273383217,-0.7446916341961992],[-77.84705926723646,-0.7459591425028534],[-77.84843521748442,-0.7475854208047417],[-77.84978736526396,-0.7492953408361657],[-77.85132897181666,-0.751686590109111],[-77.85243190770473,-0.7532648797585212],[-77.85377152932146,-0.7558830551710556],[-77.85494555577186,-0.7576526164147381],[-77.85748380523869,-0.7616663327680596],[-77.85903505367675,-0.7638472890789031],[-77.85997581408778,-0.7650064821934061],[-77.86044416443849,-0.7655835779037039],[-77.86128374935086,-0.7668748811213777],[-77.8626222876728,-0.7677076441307896],[-77.8649580351749,-0.7685841702318875],[-77.86709434900112,-0.7694462104306802],[-77.86874656549902,-0.7699350276827439],[-77.86971507504173,-0.7702655885872555],[-77.87081182431096,-0.7705675627357801],[-77.87150969644388,-0.7708405589977144],[-77.87397302158944,-0.772620678774494],[-77.87605182274137,-0.7742284267361349],[-77.87757515277022,-0.7756493315335762],[-77.87869981323888,-0.7767544371244685],[-77.88023728654262,-0.7783187713002463],[-77.88156173818521,-0.778965112237103],[-77.88262990104253,-0.779410486482609],[-77.8838404890454,-0.7799133324492598],[-77.88503704221091,-0.7801293441938608],[-77.88663236543576,-0.7805320897232585],[-77.88795695221242,-0.7810063402580197],[-77.88903937910538,-0.7814373870236613],[-77.89019242826555,-0.7827002842262896],[-77.89137354757143,-0.7845368583669061],[-77.89322397434262,-0.7867611553278907],[-77.8939284226744,-0.7876723806950612],[-77.89548703592148,-0.7896884975988445],[-77.89747953621806,-0.7924435502351144],[-77.89856136393773,-0.7936920720582306],[-77.90109440695836,-0.7975661829938656],[-77.9025179872589,-0.7990444373214155],[-77.90431181600759,-0.8007524397273479],[-77.90670335004924,-0.8033500797070876],[-77.90876737736745,-0.8057180138965164],[-77.91121623931159,-0.8078711273614585],[-77.91367951421499,-0.8098091361092378],[-77.91645616522764,-0.8118334421657277],[-77.91837813562358,-0.8136706572343746],[-77.92031405971754,-0.8158951157940539],[-77.9218373732871,-0.8173878327119424],[-77.92418626264411,-0.8198851175130827],[-77.92474258966494,-0.8203947011321174],[-77.9265211806007,-0.8220238554562778],[-77.92859952963222,-0.8243201620977335],[-77.92959578615634,-0.825697754754482],[-77.93181550600198,-0.8294283727352826],[-77.93244585175303,-0.8303490746786361],[-77.93333826194635,-0.8316525581375351],[-77.9354588552097,-0.8345943146994345],[-77.93676827647973,-0.8363307193481816],[-77.93787836600394,-0.8378948674994772],[-77.9387888900021,-0.8395879378860385],[-77.93954241068661,-0.8416394378227974],[-77.9401252491698,-0.8433179130541661],[-77.94087794451987,-0.8464163829453422],[-77.94174489528858,-0.8491563991729376],[-77.94215974214751,-0.8506776422554984],[-77.94255466964462,-0.852125845112194],[-77.94316481136651,-0.8552959243001628],[-77.94370366143652,-0.858523317654489],[-77.94381617136774,-0.8603735327295041],[-77.94427418125865,-0.86371261355695],[-77.94474602126358,-0.867561450042601],[-77.94517051030077,-0.8712190227302625],[-77.94604477186974,-0.8765980168449391],[-77.94663274733539,-0.8835783151419573],[-77.94691349186017,-0.8887177977318246],[-77.94712397985435,-0.8926381449432377],[-77.94725093891243,-0.8977508368525466],[-77.94483846702703,-0.8963379744170721],[-77.94136113054113,-0.8945303466197384],[-77.93520104535848,-0.8920511850906162],[-77.9318299949333,-0.8909727136539204],[-77.93181531189015,-0.8909674967079718],[-77.92866083682156,-0.8898466089460867],[-77.92215584483185,-0.88817989300905],[-77.91866627893765,-0.886898160764747],[-77.91406105813624,-0.8851613461294532],[-77.91067843528022,-0.8838080076988547],[-77.90747366772675,-0.8827536064088303],[-77.90367569191389,-0.8811967591012726],[-77.89940322164966,-0.8791614734036923],[-77.89942883873486,-0.8786612218475619],[-77.89946717866975,-0.8782405710384664],[-77.89942940658322,-0.8779728323634951],[-77.8993727492373,-0.8775712243865544],[-77.89920209925806,-0.8771886434799528],[-77.89895552742885,-0.8767295114904475],[-77.89880398298953,-0.8762130933144425],[-77.89876635297752,-0.875773257156465],[-77.89870978838366,-0.8752569183338048],[-77.89867234654895,-0.8745876207518187],[-77.89867262928065,-0.8742434262504993],[-77.89871093519064,-0.8738610199184111],[-77.89873040234468,-0.8732873778822756],[-77.89865477838248,-0.8728475111903548],[-77.89833278451817,-0.8716999285200717],[-77.89812428109832,-0.8711452206594066],[-77.89749795767621,-0.870475434594836],[-77.89709916477547,-0.8703221285985075],[-77.8963395408455,-0.8700537925662057],[-77.89580799486815,-0.8696326714615225],[-77.89531456676876,-0.8690586071263785],[-77.89482112222368,-0.8685036644584615],[-77.89465029881539,-0.8683314267948261],[-77.894460775775,-0.867795858236069],[-77.89427131495326,-0.867183802410384],[-77.89417672433333,-0.8667056780553576],[-77.89311325950112,-0.8663223630843635],[-77.89290438133324,-0.8662265819449388],[-77.89204956285877,-0.8662258756934477],[-77.89123275132904,-0.8662060786161805],[-77.89043474941775,-0.8664157586062968],[-77.88965561926967,-0.8667784271458623],[-77.88895244202024,-0.8671794018822792],[-77.88847724675311,-0.8675423217635431],[-77.88786909662515,-0.8678860081455022],[-77.88739394837391,-0.868191562207601],[-77.88674775916932,-0.8685925820013415],[-77.88621557649232,-0.8689554519651003],[-77.88537917784873,-0.8696622590579219],[-77.8850538058425,-0.8702014209066203],[-77.88483360502669,-0.870503159464162],[-77.88451352580341,-0.8706840449606252],[-77.88411354766322,-0.8707642241588374],[-77.88379363401287,-0.8707438294531871],[-77.8834178298109,-0.8708062500606193],[-77.88281748350637,-0.8704310233628076],[-77.8794544881187,-0.8683290937163655],[-77.87584708601861,-0.8661510202010243],[-77.87453655839768,-0.8655351928862189],[-77.8730700384394,-0.8648460638913861],[-77.87018598280565,-0.8637441892043237],[-77.86938940480188,-0.8634082864104874],[-77.86913055109434,-0.8634182399824101],[-77.86477749334838,-0.8635646856803606],[-77.86054475353433,-0.8620912732511273],[-77.85632926075058,-0.8602903821252542],[-77.85186700590549,-0.8582980847939136],[-77.84696833639133,-0.8557509300699905],[-77.84462248018585,-0.8542635066544657],[-77.84379779941689,-0.8537406066919278],[-77.84064645474703,-0.8515008590633403],[-77.83959350908158,-0.8507734681726572],[-77.83654612023939,-0.8483425427326712],[-77.83320492349364,-0.8460070621018169],[-77.83083200303672,-0.8442460083981137],[-77.82938187216637,-0.8431813769303638],[-77.82859107263826,-0.842681597364137],[-77.82847879164669,-0.8405562408161134],[-77.828081235839,-0.8358671516619818],[-77.82760386043748,-0.8302369267787916],[-77.82755072813966,-0.8296102996115707],[-77.82750855810079,-0.8291129557010206],[-77.82702674804938,-0.8249759042755287],[-77.82697967687574,-0.8245717348281334],[-77.82838449592938,-0.8249769949584219],[-77.82897054724896,-0.8251460587004759],[-77.82951161352976,-0.8253021443233894],[-77.83025217803907,-0.8255027883527275],[-77.83021543194481,-0.8249784650162865],[-77.82983012440904,-0.8194808516677696],[-77.82977140095306,-0.8186430192518462],[-77.82940952659379,-0.8134801745959092],[-77.82930624060539,-0.8120066600123913],[-77.82963115115456,-0.8034368606877663]]]},"properties":{"OBJECTID":4844,"SHAPE.AREA":133082093.471185,"SHAPE.LEN":59500.3574198864,"LIT":"Asociaciones litológicas de tobas volcánicas, tobas riolíticas, brecha volcánica de composición andesítica a dacítica","TXT_12__15":" ","COD_OK":"12.9","ENT_GEOL":"Formación Misahuallí","INT_ECO":"Arcillas, Caolines, Materiales de construcción","LITOLOGIA":"Consiste en basaltos, andesitas y traquitas no deformadas verdes a grises oscuras o púrpuras con tobas verdosas, brechas tobáceas violetas a rosadas, aglomerados, lutitas rojas, areniscas y conglomerados (Litherland et al., 1994)."}},{"type":"Feature","id":4855,"geometry":{"type":"Polygon","coordinates":[[[-77.8256011928641,-0.9089112385152744],[-77.82522567074123,-0.9092038239451181],[-77.82507123256269,-0.9093231906753976],[-77.82484545796537,-0.9095619976736338],[-77.82466719186316,-0.909776945434221],[-77.82437020715759,-0.9099917887139402],[-77.82408505317127,-0.9102544429981696],[-77.82393055126015,-0.910445511208602],[-77.8236928315377,-0.9107679590358838],[-77.82337209295761,-0.9109947307995306],[-77.8227663880483,-0.9112690506697205],[-77.8225405617114,-0.9115676072399301],[-77.82243351572576,-0.9117945684355749],[-77.822076846456,-0.9123798171611176],[-77.82189863244281,-0.9125350121611553],[-77.82157791477327,-0.9127378816577696],[-77.82137594694596,-0.9129050063741236],[-77.82056851618295,-0.9130715915604419],[-77.82014110983276,-0.9130951109262146],[-77.8198562071007,-0.9130709567791521],[-77.81955942230813,-0.9130587421432494],[-77.81927449961539,-0.9130584881714436],[-77.81890630559265,-0.9132493643088646],[-77.81871629293107,-0.9133208963813679],[-77.81854995168861,-0.9134761011304773],[-77.81852594449606,-0.9137748367120992],[-77.81847815275651,-0.9141213523464307],[-77.81832335560252,-0.9146470256459039],[-77.8182756680334,-0.9148740384913208],[-77.81799043988632,-0.9152203408492764],[-77.81771741980756,-0.9151842465219445],[-77.81764640004636,-0.914945177644227],[-77.81762294135588,-0.9146224997697335],[-77.81763536068628,-0.9140010972154196],[-77.81782557236113,-0.9137025102376102],[-77.81819409229641,-0.9131411764920659],[-77.81847938359425,-0.9127231711246009],[-77.81865771189719,-0.9124365231298766],[-77.81878863857338,-0.9120542310856413],[-77.81890762958871,-0.911743629839449],[-77.81907410698334,-0.9114330707742786],[-77.8193357163945,-0.9109433418801514],[-77.81957350894602,-0.9105372441354159],[-77.81976407585091,-0.9098323459647392],[-77.8197765033186,-0.9091989919278919],[-77.81965805742959,-0.9088881793601158],[-77.8195633442534,-0.9085893380213775],[-77.81956404481434,-0.907788669425045],[-77.81956452543882,-0.9072389565876334],[-77.81964805574867,-0.9067490696256917],[-77.81981467845264,-0.9062712052987736],[-77.82001685319216,-0.9058650738450306],[-77.82033769449092,-0.905518799496544],[-77.82071800839115,-0.9050411233487452],[-77.8209795728844,-0.9045991932815766],[-77.8212648709292,-0.9041692340377443],[-77.82140772744052,-0.9037152477702741],[-77.82152685088586,-0.903249291224417],[-77.8218004316226,-0.9026400662319337],[-77.82201439439102,-0.9023295464620634],[-77.82225212107899,-0.9019951471709786],[-77.82257298107905,-0.901624969470672],[-77.82285812242749,-0.9013742634261079],[-77.82351136147994,-0.9010402277326425],[-77.82392703053931,-0.9008613377260051],[-77.82436667074363,-0.9004195612646181],[-77.82459256676064,-0.9000373486421154],[-77.82483058242622,-0.8993683377866828],[-77.82504471914686,-0.8988546606864439],[-77.82536570224035,-0.8983410768891946],[-77.82563906434896,-0.8979828052664175],[-77.82632808408525,-0.8974575915249705],[-77.82673192268966,-0.8972308881280264],[-77.82708827289487,-0.8970041421192285],[-77.82748019873615,-0.8968252287050708],[-77.82790769849426,-0.8966941479087948],[-77.82843020359657,-0.8965272983241164],[-77.82883396027539,-0.8963961964541012],[-77.82949883611262,-0.89633702446414],[-77.83028253308622,-0.896158451713595],[-77.83069815176425,-0.8960393098366259],[-77.8311849708907,-0.8959560815059764],[-77.83165987740281,-0.8959206436641131],[-77.83207546571904,-0.8958373530232472],[-77.83270470684774,-0.8958020493874391],[-77.83323910616727,-0.8956113076896032],[-77.83326320978796,-0.8951930637480611],[-77.83304990494386,-0.8947387606878612],[-77.83282468815797,-0.8943322503196286],[-77.83230240641495,-0.8942361923164365],[-77.83186314668862,-0.8942358103723074],[-77.83142402048036,-0.8940800734314654],[-77.83107984847427,-0.8939483196258525],[-77.83051006038826,-0.8938761208981879],[-77.82953656746838,-0.8938752742185455],[-77.82899046206612,-0.8938747991385203],[-77.82813539135198,-0.8942206166811878],[-77.82750581431596,-0.8946502822163547],[-77.82687615508547,-0.8951755495250776],[-77.8263415830988,-0.8955694460410092],[-77.8257950777066,-0.8960350327585619],[-77.82555741462535,-0.8962977337903129],[-77.82509411546249,-0.8966438887880224],[-77.8246308566501,-0.8969422427642391],[-77.82417956324676,-0.8971330535773143],[-77.82318222905067,-0.8972516846061452],[-77.82267178355289,-0.8972034364822892],[-77.82213762516561,-0.8971193171570733],[-77.82162691181057,-0.8973817768216417],[-77.82102119299853,-0.8976800042301031],[-77.82053418174483,-0.8979902853382801],[-77.8199524028411,-0.8980614770483945],[-77.81953698505704,-0.8979535600627944],[-77.81924057353476,-0.8975111398883913],[-77.81913410984015,-0.8970688863145868],[-77.81911083138318,-0.8965311029906259],[-77.81907569050384,-0.8959813601094185],[-77.81913544119746,-0.8955273010813598],[-77.81921919242991,-0.8947745066552468],[-77.81918385585544,-0.8944518183600263],[-77.81887531428615,-0.8943081458484422],[-77.81842434232914,-0.894128497828921],[-77.8180564423442,-0.893984772725928],[-77.81754596887197,-0.8939723768916359],[-77.81705925933741,-0.8939361015868754],[-77.8164298425677,-0.8941865070285606],[-77.81627533473947,-0.8943895259851227],[-77.81629860439739,-0.8949392578603708],[-77.81691542788082,-0.8955253593598749],[-77.81723563384622,-0.8959080476484069],[-77.81752032842806,-0.8961712032703462],[-77.81767426800972,-0.8966254477729969],[-77.81785441895818,-0.8969721636391358],[-77.81785418747602,-0.8972398485710779],[-77.81785365811257,-0.8978517020361989],[-77.81790991387753,-0.8986930500016695],[-77.81813702316647,-0.8996492714229768],[-77.818326606188,-0.9000700870257993],[-77.81847796664577,-0.9007585562631801],[-77.81859143803958,-0.901332269029825],[-77.8185910060976,-0.9018294005995233],[-77.81838156430294,-0.9024028289864147],[-77.81824828457817,-0.9027659993405633],[-77.81781108813912,-0.9031289024178973],[-77.81745006993759,-0.903262426899283],[-77.81689920483622,-0.903281061468618],[-77.81651930844257,-0.903280726179291],[-77.81591155958925,-0.9031845873486174],[-77.81547472938156,-0.9031268406982661],[-77.81496200441461,-0.902973424769061],[-77.8142212600452,-0.9029154098292402],[-77.81334750227194,-0.9029146382697448],[-77.81311949856507,-0.9029909183981899],[-77.81249245677577,-0.903238928521637],[-77.8119224325612,-0.9034487483886584],[-77.81114341678627,-0.9037157438717583],[-77.81013669877068,-0.903714853236035],[-77.80930096751791,-0.9036758725996326],[-77.80895918061697,-0.9035417282415124],[-77.8084845649668,-0.9032545049908167],[-77.80814324660396,-0.902584994237083],[-77.8078396825053,-0.9021832006722172],[-77.8072704115657,-0.901532609744104],[-77.80639724350739,-0.9008626306177856],[-77.80575196129024,-0.9002502149516274],[-77.80497380070996,-0.8995420804696784],[-77.80463241556068,-0.8989490537236082],[-77.80444288524765,-0.8984708828794385],[-77.80440534543378,-0.8979546043020404],[-77.80440587709232,-0.8973427597957969],[-77.80463412731841,-0.8969796768067214],[-77.80497647619889,-0.8964637330916205],[-77.80531877600208,-0.8960051494152471],[-77.80541413029823,-0.8955654690109863],[-77.8052625547985,-0.8951255717828766],[-77.80471214384299,-0.8946279633963194],[-77.80404788305991,-0.8939964152944576],[-77.80368731809858,-0.8936136950890697],[-77.80330822228348,-0.89269559531672],[-77.80309991071661,-0.8919688479679633],[-77.80287253891952,-0.8913185631598394],[-77.80262612174393,-0.8907256231926878],[-77.80234179916694,-0.8900370501863205],[-77.80207623946677,-0.8896161749280266],[-77.80143087365546,-0.8890993682114509],[-77.80107019328125,-0.8888504920811475],[-77.80027267490874,-0.8885629941516736],[-77.79964604137302,-0.8883521270099367],[-77.79905742956029,-0.8881030516190226],[-77.79844992225635,-0.8877392406845418],[-77.79810830428791,-0.8874139017176712],[-77.79767187787203,-0.886897279857707],[-77.79752035133063,-0.8864000260395782],[-77.79757790945723,-0.8857308743593985],[-77.79759751487774,-0.8850186695607881],[-77.79774036274749,-0.8845646929298572],[-77.79831078705976,-0.883872086801401],[-77.79861969091786,-0.8835855537710633],[-77.79923768267085,-0.8827973877146759],[-77.80030701540204,-0.8817467095572314],[-77.80104378133454,-0.8808869423502781],[-77.80192363754882,-0.8792863923177611],[-77.80268449088919,-0.8780203389506012],[-77.80308905643369,-0.8769212795157215],[-77.80349386302008,-0.875535415743774],[-77.8038744191002,-0.8747470355389428],[-77.80401744422568,-0.8740779530876729],[-77.8042318988929,-0.8731699284454876],[-77.80442238803755,-0.8725247851104415],[-77.8046603427786,-0.8719035828943793],[-77.80470841368661,-0.8712105175722796],[-77.80489890151587,-0.870565374442956],[-77.80506550539573,-0.8700875117056491],[-77.80530335800482,-0.8695858096682548],[-77.80554116926452,-0.8691319080465246],[-77.80599309047001,-0.8681762823203781],[-77.80642110677539,-0.8674118383381034],[-77.80682517857464,-0.8668863753251738],[-77.80703922684759,-0.8664563520514468],[-77.80730080032467,-0.865978569038653],[-77.8074436583983,-0.8655006841725676],[-77.80772929480347,-0.8646405155612072],[-77.80777742023254,-0.8638757470424454],[-77.80775437511646,-0.8630392165988885],[-77.8077792148788,-0.8617247212846406],[-77.80777961308142,-0.8612467153561305],[-77.80801754068395,-0.8606494090649937],[-77.80842180746157,-0.859884939248819],[-77.80953852350555,-0.8589298665088413],[-77.81070258695213,-0.8581421330655691],[-77.81139133363111,-0.8579037076221374],[-77.81212750761735,-0.8577370225996443],[-77.81257866649376,-0.8576896011030507],[-77.81319596730461,-0.8577140191324405],[-77.81386061643303,-0.8579057801799321],[-77.81492880006584,-0.858217382316517],[-77.81530845291459,-0.8585045068945338],[-77.81568304273448,-0.858981351558561],[-77.81518443629483,-0.8589809329052295],[-77.8147807238761,-0.859076196151444],[-77.81418682778654,-0.859458104335532],[-77.81383014503264,-0.8601031161071137],[-77.81349698710031,-0.8610110526580951],[-77.81337767518795,-0.8617279655042156],[-77.81316348927443,-0.8623252950408761],[-77.81290183732901,-0.8628986841730789],[-77.81259273843887,-0.8634242327813367],[-77.81254445452797,-0.8643802080700589],[-77.81254383589851,-0.8651211203421961],[-77.81221111283185,-0.8655032459127221],[-77.81175983384529,-0.8656940667747562],[-77.81111860925454,-0.8658847264316256],[-77.81057251774106,-0.8658842635563891],[-77.81002620651162,-0.8661467040739906],[-77.80909994639526,-0.8664805226785353],[-77.80807849476913,-0.8670771636657585],[-77.80760317259964,-0.8676264667571115],[-77.80705623985337,-0.8686298134210816],[-77.80707881788832,-0.8700160496378335],[-77.80733940774621,-0.8707093800454334],[-77.80767144785916,-0.8711398687495984],[-77.80795590180509,-0.8716898186498101],[-77.80793173501357,-0.8721917042818744],[-77.80774086265725,-0.8732909542208127],[-77.80733626135081,-0.8744378222875048],[-77.80705049466408,-0.8754413890617533],[-77.80674102472511,-0.8763971350333575],[-77.80638384431265,-0.8776157411694241],[-77.80619290479362,-0.8787866898136811],[-77.80602562609819,-0.8800532598603226],[-77.80607235823456,-0.8809376095060575],[-77.80623794879493,-0.8816547607748088],[-77.80645104486761,-0.8823480525344829],[-77.8071864693077,-0.8830656965648754],[-77.80780342422318,-0.8834964358729248],[-77.80899021437665,-0.8839276689908799],[-77.8095121554479,-0.8844061278739587],[-77.80991499310609,-0.885338590293829],[-77.80991437942316,-0.8860556005938997],[-77.80979517199617,-0.8866291052220326],[-77.80958084751255,-0.8873698297252215],[-77.80950914644083,-0.8879194753192111],[-77.80955595594928,-0.8887082274719835],[-77.80974542937422,-0.8892581003925181],[-77.81005355718649,-0.8898797777959572],[-77.81050432998464,-0.8902864761759183],[-77.8111212640212,-0.8907411206825793],[-77.81166705005646,-0.8911001025167957],[-77.812379164057,-0.891315827582683],[-77.81306771983539,-0.8913164279943542],[-77.81406528885962,-0.8909109896712732],[-77.81463556112051,-0.8904095769315828],[-77.81522980109317,-0.8896452794196095],[-77.81546774742573,-0.8890479740821596],[-77.81584864467565,-0.8878771811342178],[-77.81592053020144,-0.8871124281949437],[-77.81632478001248,-0.8863957633347508],[-77.81682371739424,-0.8860137874783867],[-77.81751225476849,-0.8860382836469285],[-77.81822423033574,-0.8864213092321288],[-77.81878799373676,-0.8865891004944413],[-77.81929264296622,-0.8864700344393698],[-77.8197083573833,-0.8862313883006165],[-77.8200794859639,-0.8856940958354533],[-77.82060711620872,-0.8850779168166715],[-77.82110609529693,-0.8846481367462982],[-77.82136291587499,-0.8841894666058029],[-77.82164822835537,-0.8837308207809526],[-77.8219759730015,-0.8836307208817498],[-77.82254581720464,-0.8836312120183107],[-77.8230158163699,-0.8837750206758063],[-77.82327209932106,-0.883947325947759],[-77.82369934839721,-0.8841054391880347],[-77.82406982067438,-0.8840197153215973],[-77.82438329650168,-0.8839482835348283],[-77.82472520363778,-0.8839485781099395],[-77.82522379362251,-0.8839776884106295],[-77.82560819553227,-0.8842648284289896],[-77.82585011112941,-0.884580526637207],[-77.82604919166143,-0.8850109113024901],[-77.82624822237175,-0.8854986577170321],[-77.82640450234868,-0.8860007078247009],[-77.82664630871572,-0.88644547027027],[-77.82694524623864,-0.886718196327818],[-77.82758582232418,-0.8873067088275981],[-77.82805573834716,-0.8875509021933315],[-77.82846847421327,-0.8880244942492009],[-77.82869589886609,-0.8886269912656443],[-77.82878086246156,-0.8892293643248965],[-77.82878054389965,-0.8896022165056843],[-77.82868052560728,-0.8899463014306174],[-77.8285803854281,-0.8904337905948373],[-77.82850882326824,-0.8908209204588093],[-77.82855104616755,-0.8914232574044372],[-77.82875021107128,-0.8917532613357715],[-77.82902071656311,-0.8919542623955687],[-77.82927700139979,-0.8921265702913226],[-77.82983265300338,-0.892069690850942],[-77.8303456768034,-0.8918837100760532],[-77.83075906323548,-0.8915972584114],[-77.83131531659248,-0.8908376935903141],[-77.83171446897249,-0.8905368892147228],[-77.83207094394305,-0.890164344264503],[-77.83225630406028,-0.8899780782944088],[-77.83265519928379,-0.889978423449248],[-77.83302556546195,-0.8900217653902331],[-77.83336736583712,-0.8901511256618941],[-77.83383714985547,-0.8905530674046773],[-77.83416467976097,-0.890711096566063],[-77.83446382660829,-0.8907400365187538],[-77.83474376150261,-0.8907537331330998],[-77.83490381585386,-0.8924640278985765],[-77.83519351694517,-0.8955597656500588],[-77.83522822594061,-0.8959306623764645],[-77.8347300105804,-0.8959889106343183],[-77.8342786108498,-0.8962992295492361],[-77.83385087241814,-0.8967051718822845],[-77.83316186890904,-0.8972064908815865],[-77.83275797763152,-0.897492948610365],[-77.83247278397812,-0.8978034111043687],[-77.83244871101634,-0.8981858038949297],[-77.83247187751995,-0.8988550487464781],[-77.83273260570232,-0.8993810963874813],[-77.83315943770356,-0.9000267931801399],[-77.83332519075391,-0.9005527582856028],[-77.83299230226639,-0.9011021873540394],[-77.83254102412234,-0.9012690975207708],[-77.8318999412429,-0.9012685357297641],[-77.83135356465354,-0.9015787678350512],[-77.8311396018985,-0.9018892911422259],[-77.83054573758177,-0.9021994808931313],[-77.83033214651991,-0.9020797892424693],[-77.83014267234104,-0.9015299049124011],[-77.83000083044497,-0.9008127556500112],[-77.82936034867664,-0.9001190711756287],[-77.8285530193422,-0.900166164739662],[-77.82793562049281,-0.9002373267487366],[-77.82750802679702,-0.9004759596400036],[-77.82691395885342,-0.9010251549949447],[-77.82636739818763,-0.9015504918593225],[-77.82553630673841,-0.9016214638808944],[-77.82463404819268,-0.9016206711232684],[-77.82418266950981,-0.9019070829337164],[-77.8239684377774,-0.9025283120997812],[-77.82427642006414,-0.9033173049020399],[-77.82458465136182,-0.9038194915723432],[-77.82482173486636,-0.9042260117180526],[-77.82489236271543,-0.9049191939756625],[-77.82474942232213,-0.9054687839606034],[-77.82451140233727,-0.9061377933236534],[-77.82439224627046,-0.9066396023620509],[-77.82439153722557,-0.9074522248936562],[-77.82455720068,-0.908073789281962],[-77.8250315310707,-0.9086956272130864],[-77.8256011928641,-0.9089112385152744]]]},"properties":{"OBJECTID":4855,"SHAPE.AREA":7124997.29666654,"SHAPE.LEN":27465.4933846031,"LIT":"Limolitas a arcillolitas roja intercalada con arenisca, aleatorios conglomerados","TXT_12__15":" ","COD_OK":"12.108","ENT_GEOL":"Formación Tena","INT_ECO":"Limolitas, Arcillas, Calizas, Materiales de construcción","LITOLOGIA":"Consiste en lutitas rojizas a verdes y limolitas, también incluye lutitas nodulares, paleosuelos y areniscas de grano grueso con estratificación cruzada. La parte basal de la formación se caracteriza por una secuencia de areniscas, calizas y lutitas."}},{"type":"Feature","id":4881,"geometry":{"type":"Polygon","coordinates":[[[-77.74027281908558,-0.9461576019674981],[-77.73979822520236,-0.9458942673256306],[-77.73934759724514,-0.9453919686854023],[-77.73856518410456,-0.9442440932968671],[-77.73832843352713,-0.9435269096228985],[-77.7379258239115,-0.9424510908089837],[-77.73778383929248,-0.9419490855418848],[-77.73742869027794,-0.9408972108794516],[-77.73714463180265,-0.9399887952867458],[-77.7365279655016,-0.9393190535091973],[-77.73624350700734,-0.9388408135800119],[-77.73553218451931,-0.9378364041672451],[-77.73553276800206,-0.9372070758045226],[-77.73577011137903,-0.9372869600938917],[-77.73664829328462,-0.9375745683646555],[-77.73731271033435,-0.9379575701550935],[-77.73785841756838,-0.9383404607908236],[-77.7385696319711,-0.939464365661271],[-77.73890128575212,-0.9402533337059952],[-77.739185056075,-0.9414724332521951],[-77.73951670972161,-0.9422614023835989],[-77.73972980817791,-0.9428829690672801],[-77.73984780546905,-0.9436478380408441],[-77.74003758502268,-0.9438153083509166],[-77.74058291478156,-0.9446044798837173],[-77.74108093872621,-0.9452024187113904],[-77.74122281034244,-0.9458239195034234],[-77.74112761969629,-0.9460628167326653],[-77.74081886229145,-0.9461820181303785],[-77.74027281908558,-0.9461576019674981]]]},"properties":{"OBJECTID":4881,"SHAPE.AREA":180315.55464676,"SHAPE.LEN":2498.03893211102,"LIT":"Asociaciones litológicas de tobas volcánicas, tobas riolíticas, brecha volcánica de composición andesítica a dacítica","TXT_12__15":" ","COD_OK":"12.9","ENT_GEOL":"Formación Misahuallí","INT_ECO":"Arcillas, Caolines, Materiales de construcción","LITOLOGIA":"Consiste en basaltos, andesitas y traquitas no deformadas verdes a grises oscuras o púrpuras con tobas verdosas, brechas tobáceas violetas a rosadas, aglomerados, lutitas rojas, areniscas y conglomerados (Litherland et al., 1994)."}},{"type":"Feature","id":4883,"geometry":{"type":"Polygon","coordinates":[[[-77.72535574835786,-0.8538814399554074],[-77.72467234786073,-0.8534793612622221],[-77.72457770721053,-0.8530969069602972],[-77.72471120682717,-0.8524469869445226],[-77.72495871100713,-0.85173980757721],[-77.72514897807437,-0.8513384782455989],[-77.72533926111696,-0.8509180307270833],[-77.72562442774264,-0.8505932570726656],[-77.72609965126617,-0.8501156957858673],[-77.72665078075525,-0.8497146737451559],[-77.72689425988372,-0.8496143658941273],[-77.7273917588782,-0.8494094071598225],[-77.72790477453613,-0.8491613016287992],[-77.72855065987847,-0.8490089022500782],[-77.7297092894282,-0.8489334147214032],[-77.73016518275794,-0.8488573279846181],[-77.73094387503099,-0.8488771104147941],[-77.73149437933739,-0.8492217178518853],[-77.73202592380441,-0.8495280712939566],[-77.73240515480472,-0.8502740284836084],[-77.73247401531495,-0.8505174171437812],[-77.73232873222312,-0.8508092901631201],[-77.73208150220293,-0.8511914551394989],[-77.73160635652745,-0.851573425192863],[-77.73111215404028,-0.8520318538317717],[-77.730827050287,-0.8522801540484244],[-77.73052279279493,-0.8527196254000441],[-77.730350333981,-0.853066091744085],[-77.73018033873412,-0.8534076084691957],[-77.72991413089419,-0.8537706365418729],[-77.72953388490033,-0.8542291617205697],[-77.72892591794269,-0.8544580647881075],[-77.72837527065377,-0.8542855240369682],[-77.72780551724962,-0.8542467972072294],[-77.72708362675728,-0.8544373647479835],[-77.7262667720961,-0.8546278503174718],[-77.72535574835786,-0.8538814399554074]]]},"properties":{"OBJECTID":4883,"SHAPE.AREA":380060.626651035,"SHAPE.LEN":2382.59492739298,"LIT":"Limolitas a arcillolitas roja intercalada con arenisca, aleatorios conglomerados","TXT_12__15":" ","COD_OK":"12.108","ENT_GEOL":"Formación Tena","INT_ECO":"Limolitas, Arcillas, Calizas, Materiales de construcción","LITOLOGIA":"Consiste en lutitas rojizas a verdes y limolitas, también incluye lutitas nodulares, paleosuelos y areniscas de grano grueso con estratificación cruzada. La parte basal de la formación se caracteriza por una secuencia de areniscas, calizas y lutitas."}},{"type":"Feature","id":4877,"geometry":{"type":"Polygon","coordinates":[[[-77.66166455582263,-0.9174068150322398],[-77.66211596809005,-0.9170248897220873],[-77.66327926797881,-0.9169781896130187],[-77.66394378685496,-0.917193884939969],[-77.66484552781824,-0.9176009790726686],[-77.66560503033057,-0.9177928675621877],[-77.66636497556406,-0.9175068181138705],[-77.66705370127733,-0.9172207012234895],[-77.66788477960664,-0.9170303055182021],[-77.66869189676581,-0.9170788566419207],[-77.66926145895114,-0.917294464059928],[-77.67025812195251,-0.9177494414968947],[-77.67075646491338,-0.9179649816810308],[-77.67194358235837,-0.9178466098614794],[-77.67244177144049,-0.9182294306772038],[-77.6726311394429,-0.91882703431835],[-77.6728443798774,-0.9192812793657108],[-77.67346149250369,-0.9194252409395517],[-77.67415022356818,-0.9191391219459605],[-77.67460168539209,-0.9187093974828501],[-77.67517184828279,-0.9182797838155814],[-77.67590806053634,-0.917993708562098],[-77.67640676011793,-0.9178268952987675],[-77.67709540485001,-0.9176363627712282],[-77.67776025416673,-0.9175043556519096],[-77.67833577413249,-0.9177020463319383],[-77.67870949108344,-0.9179114967351457],[-77.6788279719345,-0.9181505789939455],[-77.67891077566611,-0.9184613203170645],[-77.6789520228826,-0.9187839721050362],[-77.67891611465254,-0.919106550722373],[-77.6788888548744,-0.9193003672785857],[-77.67863671172958,-0.91959737675029],[-77.67808999872496,-0.920337677281664],[-77.67759083250661,-0.9210063292490743],[-77.67756644897229,-0.9216993254332334],[-77.67766074524833,-0.9224163291606697],[-77.6778502682159,-0.9228466569413829],[-77.67839591836443,-0.9232534232961952],[-77.67875135733333,-0.9239706737595733],[-77.67877465288542,-0.9244486402369001],[-77.67867911295131,-0.9250698776605957],[-77.67827517158493,-0.9254518517317447],[-77.67782386060867,-0.9257142956032107],[-77.67732526840419,-0.9257616185349308],[-77.67701633243736,-0.9260958877460305],[-77.67694426458348,-0.9270039114917928],[-77.6771575041506,-0.9274581600405609],[-77.67722834563106,-0.9278644785415181],[-77.67715665590869,-0.9283662512564422],[-77.6770615154772,-0.9285573393618903],[-77.6767051645694,-0.928819870395365],[-77.67632482774623,-0.9293452469353933],[-77.67603942997671,-0.9298946108053482],[-77.67584923894758,-0.930181196382702],[-77.67535015415986,-0.9307542535159922],[-77.67461368937128,-0.9313031875639275],[-77.67411464997923,-0.9318284488615691],[-77.67418530960103,-0.9324259439343356],[-77.67435075075622,-0.9332147061340433],[-77.67435018885963,-0.9338121326450821],[-77.67420711755722,-0.9344811152762655],[-77.67399307176258,-0.9348871621020302],[-77.67342301218372,-0.9351972799927726],[-77.67268674800508,-0.935531135338889],[-77.67192678931222,-0.9358171739773334],[-77.67128566672571,-0.9359599428756719],[-77.67111898928215,-0.9364855185026006],[-77.67052503150413,-0.9369628896442704],[-77.66959871103221,-0.9374399424964287],[-77.66891020008393,-0.9374870767306779],[-77.6679132030228,-0.9373905326468557],[-77.66720133698232,-0.937031396789522],[-77.66584812669271,-0.9370539958293329],[-77.66515914318653,-0.9376029633496489],[-77.66458854207075,-0.9384865994368258],[-77.66408936539437,-0.9391552318412886],[-77.66363800914603,-0.9394654566808581],[-77.66283082414438,-0.9394885764186096],[-77.66221312861575,-0.9399659182992904],[-77.66214149966116,-0.9403959918767917],[-77.66199828574851,-0.9412083450667021],[-77.66161794454366,-0.9417337081528317],[-77.66104791060367,-0.9420199187667785],[-77.66035926777579,-0.9422104278157167],[-77.65898234705972,-0.9422090975420445],[-77.65793771982169,-0.9422797788094717],[-77.65701163374602,-0.942517849470714],[-77.65656023301163,-0.9428758630745838],[-77.6562513400267,-0.9431623244179648],[-77.65553852533236,-0.9438068432921884],[-77.65492105922895,-0.9440452113559545],[-77.6543274939023,-0.9441163256138748],[-77.65373401950053,-0.9440918538617079],[-77.65299833535354,-0.9438282781546432],[-77.65204885653786,-0.9437078744398164],[-77.65138411855182,-0.9437311258596394],[-77.65079025694193,-0.944112893996671],[-77.6503862907504,-0.9445187430612595],[-77.6499587692454,-0.9447333959692],[-77.64912760168694,-0.945019346538141],[-77.64848598636755,-0.9456878241482932],[-77.64839065972875,-0.946070074739584],[-77.6470133648292,-0.9464749736440751],[-77.64625376234596,-0.9464025435619894],[-77.64566084489374,-0.9458045563642108],[-77.64494932018603,-0.9451108683848225],[-77.64447523824488,-0.9443696193138473],[-77.64385903962079,-0.9432936831981803],[-77.64340856004239,-0.9426958373096945],[-77.64215210105623,-0.9408784960522196],[-77.64082376159192,-0.9397540823625947],[-77.64001746355355,-0.9388691394373694],[-77.63961427994582,-0.9384625122783525],[-77.63916457626773,-0.9370521984007958],[-77.63888056840706,-0.9361438674813061],[-77.63838345150245,-0.9346618213776906],[-77.63876412346563,-0.9337780272559698],[-77.63933423327232,-0.9333962367109674],[-77.64087709504813,-0.9336127890757193],[-77.64135156636863,-0.933947793608564],[-77.64270408297784,-0.9346181931180808],[-77.6440327941277,-0.935360259973843],[-77.64472110553959,-0.9355043011550307],[-77.64548097783832,-0.9352899660942132],[-77.64633617089376,-0.9346933788418914],[-77.64730970040063,-0.9344792479275194],[-77.64787945281027,-0.9344797958418027],[-77.6490426054975,-0.9345764995746164],[-77.64992104314884,-0.9345056545745847],[-77.65034867533818,-0.9341715146305493],[-77.65089561736492,-0.9331922820184435],[-77.65179806609633,-0.9328346992174076],[-77.65293741684077,-0.933003067749415],[-77.6541475804147,-0.933601642317127],[-77.65476477132113,-0.9336500275364273],[-77.65564334843978,-0.9334358003660211],[-77.65635554354934,-0.9334364827796713],[-77.65747107001712,-0.9337004147640495],[-77.65825421499375,-0.9339879258284428],[-77.65920383506761,-0.9339649382424011],[-77.65986855367296,-0.9339655748501751],[-77.6605095999507,-0.9338944985083654],[-77.66167396438861,-0.9327246699642343],[-77.66224453503835,-0.9318649300406769],[-77.66264915052653,-0.9307660624107364],[-77.66243584985732,-0.9303835101402301],[-77.66153409094372,-0.9300003019390527],[-77.66082186936107,-0.9300235194931615],[-77.65982461227003,-0.9302137434931655],[-77.65946858074525,-0.9301417129123942],[-77.6588991155788,-0.9298305122571022],[-77.65816371863788,-0.9292562900643385],[-77.65759443312326,-0.928753916810048],[-77.65742890626358,-0.9280607551765415],[-77.65769040369152,-0.9276786571624966],[-77.65818914269326,-0.9274640609511555],[-77.65852177062787,-0.9271776173510073],[-77.65940048239592,-0.9268200016354007],[-77.65997055345616,-0.9264859882972338],[-77.66046940502424,-0.9261519077609753],[-77.66063616666462,-0.9255307500757641],[-77.66056519316552,-0.9252678184999491],[-77.6603994161138,-0.9248375194363303],[-77.65992499799123,-0.9244308243983185],[-77.65961675945032,-0.9240242880527444],[-77.65947494594974,-0.9233550447146631],[-77.65983160230485,-0.9227579632953011],[-77.65992729734634,-0.9219694607214297],[-77.66009430118653,-0.9210854387952505],[-77.66059337279827,-0.9205123878095209],[-77.66109231073986,-0.9200827164496643],[-77.6613539615785,-0.9195333369297783],[-77.6614733933186,-0.9187448551083914],[-77.66147399266431,-0.9180996426681715],[-77.66166455582263,-0.9174068150322398]]]},"properties":{"OBJECTID":4877,"SHAPE.AREA":6449556.45086422,"SHAPE.LEN":15031.702797019401,"LIT":"Limolitas a arcillolitas roja intercalada con arenisca, aleatorios conglomerados","TXT_12__15":" ","COD_OK":"12.108","ENT_GEOL":"Formación Tena","INT_ECO":"Limolitas, Arcillas, Calizas, Materiales de construcción","LITOLOGIA":"Consiste en lutitas rojizas a verdes y limolitas, también incluye lutitas nodulares, paleosuelos y areniscas de grano grueso con estratificación cruzada. La parte basal de la formación se caracteriza por una secuencia de areniscas, calizas y lutitas."}},{"type":"Feature","id":4890,"geometry":{"type":"Polygon","coordinates":[[[-77.67646975845095,-0.7458882608380301],[-77.67679565724936,-0.7455858884977739],[-77.67700959769225,-0.7452036964141979],[-77.67736624179794,-0.7444631544676271],[-77.67748536673999,-0.7438897115283394],[-77.67739117918183,-0.742862061222833],[-77.67720176559429,-0.7421927961939375],[-77.67710768247935,-0.7410217626695791],[-77.67706059589439,-0.7404959885029831],[-77.67701372351414,-0.739683448886685],[-77.67694286183473,-0.7392054523819365],[-77.6769194420939,-0.7387752853675252],[-77.67718083954384,-0.7384170243224648],[-77.67762553309736,-0.7380544672469858],[-77.67789360185232,-0.7376289530556733],[-77.67813134877879,-0.7371511873783371],[-77.67825054104304,-0.7364821556499402],[-77.67851174303811,-0.7363867625066172],[-77.67891559344588,-0.736004710161551],[-77.679556640861,-0.7358857048396676],[-77.68007902857065,-0.7357188155630021],[-77.68053023329291,-0.7355040788452549],[-77.68086272404297,-0.7353131498750782],[-77.6813137532175,-0.7353373847207682],[-77.68157442563226,-0.7359589096954636],[-77.68152634537262,-0.7367713816035374],[-77.68128836787277,-0.7375598137937218],[-77.68131177092822,-0.7380138796024787],[-77.68128762311007,-0.738563499229876],[-77.68107359709155,-0.7390651810685523],[-77.68074098001948,-0.7394233899341078],[-77.68088297201645,-0.7400209292366977],[-77.68098456831362,-0.7404416155440416],[-77.68111963564981,-0.7410008965600227],[-77.68204447136078,-0.7423398433957354],[-77.68280327373972,-0.7434874891856447],[-77.6835146870834,-0.744515613000269],[-77.68427341724322,-0.7457588508276307],[-77.68484258993882,-0.7465239994648417],[-77.68569676177542,-0.7471220826626439],[-77.6867405090892,-0.7481743625316399],[-77.68768881405103,-0.7498718032064459],[-77.68816268611022,-0.7510909350656838],[-77.68868380287415,-0.7526207703498657],[-77.68865921415735,-0.7537439324205378],[-77.68865809277233,-0.7552255746505031],[-77.68877626541293,-0.7559186927572492],[-77.68882307391851,-0.7568029349353653],[-77.68887000878458,-0.7575198947111002],[-77.68858424297,-0.7586906505830661],[-77.68822753031458,-0.7595028897977201],[-77.68791829634779,-0.7603151641920926],[-77.6875850851499,-0.7614380862189302],[-77.68756066992557,-0.7623222723766833],[-77.68746455834881,-0.7638277362145087],[-77.68746320128758,-0.7655961459965819],[-77.68629887721858,-0.7670051867727682],[-77.68556195604029,-0.7682950710453011],[-77.68518151453415,-0.7690833865903085],[-77.68468230067556,-0.769967199225158],[-77.68406475829205,-0.7703729697891973],[-77.68351843444881,-0.7707787965432917],[-77.68324980891354,-0.7704123290508547],[-77.68287060465967,-0.769599522593075],[-77.68253862156804,-0.7691213157902252],[-77.681874506718,-0.7683560821992153],[-77.6810916393126,-0.7676624483738386],[-77.68035639880253,-0.7667776737865026],[-77.67874324280736,-0.7653186826474297],[-77.67701164889992,-0.7635250422810624],[-77.67606325129053,-0.7619948849114973],[-77.67594510459637,-0.7612778779173498],[-77.67596930135069,-0.7606804683274224],[-77.67608856502713,-0.7599397488507496],[-77.67604150669777,-0.7593900775508734],[-77.67592295640362,-0.759198808502029],[-77.67573322494758,-0.758959689849301],[-77.67528245310827,-0.7586008833685864],[-77.6749503950829,-0.7582182722669447],[-77.674238638078,-0.7576680875457603],[-77.67331339221165,-0.7569026650171887],[-77.67279176717672,-0.756065863472448],[-77.67264998762288,-0.7552054590649231],[-77.67303052334036,-0.754273766222988],[-77.67324461229106,-0.7537004011508183],[-77.67355398352835,-0.7526969612380793],[-77.67345947936661,-0.7520994608224629],[-77.67329370319857,-0.7515735978637175],[-77.67331778672867,-0.7511195709426122],[-77.67343704313757,-0.750378852353197],[-77.67374639275332,-0.7493993079106372],[-77.67398434374238,-0.7486586795052814],[-77.6746259137552,-0.7478466676724187],[-77.67507738996034,-0.7472734812445563],[-77.67550512706978,-0.746700276149855],[-77.67600397367214,-0.7462705073323742],[-77.67646975845095,-0.7458882608380301]]]},"properties":{"OBJECTID":4890,"SHAPE.AREA":3986873.63934484,"SHAPE.LEN":9293.43005710431,"LIT":"Cuarzoarenita de grano medio color blanco, intercalado con arenisca oscura impregnada de bitumen","TXT_12__15":" ","COD_OK":"12.50","ENT_GEOL":"Formación Hollín","INT_ECO":"Arenas silíceas, Arcillas, Materiales de construcción","LITOLOGIA":"Constituida por areniscas cuarzosas blancas porosa de grano medio a grueso, con estratificaciones cruzadas y ripples. A esta formación se la ha dividido en tres miembros informales. Relleno de valle aluvial.- Incluye lutitas laminadas verdosas a rojizas"}},{"type":"Feature","id":4853,"geometry":{"type":"Polygon","coordinates":[[[-77.81568304273448,-0.858981351558561],[-77.81601499219036,-0.8595313416995698],[-77.8166554634717,-0.8602488952876604],[-77.8171301296628,-0.8604882986604215],[-77.8181745740208,-0.8607998836011436],[-77.81971796518339,-0.860705578986182],[-77.82107159041735,-0.860396008127783],[-77.82168943114621,-0.8597751105433591],[-77.82225982434662,-0.8591063708626862],[-77.82268763901665,-0.8585809154983371],[-77.8227831063401,-0.857983478837117],[-77.8220471422227,-0.8578872600122199],[-77.82150106575662,-0.8578629027255347],[-77.82140648687006,-0.8573848109279036],[-77.82166829489967,-0.8566202102286643],[-77.82209622604124,-0.8559513498589529],[-77.8225001964552,-0.8555453766693122],[-77.82307042929517,-0.855067839028004],[-77.82380668880542,-0.8548055456530403],[-77.82494672362827,-0.8543762828645185],[-77.82589671328536,-0.8540663643544347],[-77.82677565092202,-0.8535412787718744],[-77.82734633492512,-0.8525140202118009],[-77.82782198610478,-0.8515583847005077],[-77.82834490764479,-0.8508656957591615],[-77.82884392955387,-0.8503641925267768],[-77.82898222593198,-0.8500863380501122],[-77.82920951186257,-0.8543894278225347],[-77.82961863934311,-0.862235093209787],[-77.82990402686588,-0.8677085135804453],[-77.8304717945973,-0.867649874045122],[-77.8317142863796,-0.867568809233203],[-77.83423298950359,-0.8674044776637886],[-77.83539182341637,-0.8672333668670961],[-77.83789939782015,-0.8669486669271069],[-77.84048314755854,-0.8664345773034337],[-77.84387841154712,-0.8662649415090609],[-77.84420983512875,-0.8674602776598617],[-77.84525093170467,-0.8718350661997233],[-77.84564604421912,-0.8740212536025779],[-77.84605451344204,-0.8762813660659013],[-77.84652743021113,-0.8786240850469461],[-77.84673988210042,-0.8801061405247391],[-77.84639578672807,-0.8803509255038121],[-77.8458824326704,-0.8809241162324615],[-77.84504608043424,-0.8815926356917279],[-77.84470381222297,-0.8820130042294498],[-77.84388639068678,-0.8827580208518132],[-77.84354383146095,-0.8835225646807744],[-77.84310670038408,-0.8838090033578293],[-77.84287864477916,-0.8839426543305183],[-77.84247965013802,-0.8840570385258189],[-77.84196660226408,-0.8842669278259234],[-77.84137747762848,-0.8845914774738516],[-77.8410352096371,-0.8850118431767211],[-77.84052172546461,-0.8857379948290393],[-77.84021731632502,-0.8863113583986348],[-77.83996953583294,-0.8873054291311107],[-77.83977898345647,-0.8880127358202013],[-77.83958867454594,-0.8884332305467603],[-77.8393414615442,-0.8887580714938542],[-77.83886599720029,-0.889446011394492],[-77.83873270553887,-0.8898283125093985],[-77.8384280829745,-0.890650243866409],[-77.8383323726704,-0.8915105975910109],[-77.83814181721971,-0.8922179022802541],[-77.83821676779017,-0.8934225782430825],[-77.83823482912511,-0.8945124794732039],[-77.83832924806964,-0.8951626697062701],[-77.83844231660198,-0.8962144124675919],[-77.83849882586892,-0.896768964617167],[-77.83849831664476,-0.8973617093242627],[-77.83872574945129,-0.8979546526419372],[-77.83887729992523,-0.8984328053735811],[-77.83902873413341,-0.8990448030099293],[-77.83910422102983,-0.8996184941663705],[-77.83921766467114,-0.9002304589196697],[-77.83933127379758,-0.9006512166732417],[-77.83948285541086,-0.901091127895835],[-77.83969139027067,-0.9015693312373562],[-77.8403173401865,-0.9026024039193105],[-77.84069678271199,-0.9031381200121683],[-77.8414753558536,-0.9034064939683235],[-77.84191218012214,-0.9034833601643434],[-77.84253874226195,-0.9038089638362565],[-77.84301340932306,-0.9040579509979731],[-77.84341209533082,-0.904306871755135],[-77.84422849553266,-0.9047664889339444],[-77.84495031720786,-0.9047671214472738],[-77.84557722937123,-0.9046911876666808],[-77.84603319985523,-0.9045959818744153],[-77.84677390180997,-0.9047304772133196],[-77.84721069634487,-0.9048455852570579],[-77.8477235709152,-0.9048460343040209],[-77.84819845536927,-0.9048464500236916],[-77.84855918538813,-0.9050570969116011],[-77.8490336902524,-0.9054972951271233],[-77.84943239533791,-0.9057270968629819],[-77.84969838061522,-0.9056699668799469],[-77.85013529125884,-0.9056512281786082],[-77.8504962037353,-0.9056515441701272],[-77.85085711723518,-0.9056518601263692],[-77.8514455460844,-0.9061495220799652],[-77.85196103477654,-0.9071304942911348],[-77.85287476272768,-0.90694737356426],[-77.85356487128266,-0.9068090680181894],[-77.85582016454453,-0.9063570793457844],[-77.86103798320364,-0.9054459851071089],[-77.86160875253293,-0.9053463216160424],[-77.86701146749341,-0.9043949628251634],[-77.8703495766741,-0.903692007039724],[-77.87281599664689,-0.9072316140645471],[-77.87257625139482,-0.9074295087194465],[-77.87241459779136,-0.9076492651834372],[-77.87219589920979,-0.907935895525808],[-77.87201518361061,-0.9082321201511809],[-77.87183445236592,-0.9085474663384651],[-77.871596551601,-0.9090730974198655],[-77.87128751389429,-0.9094855323005048],[-77.87109714362569,-0.9099634006583412],[-77.8709066080989,-0.9106324835853662],[-77.8708348364414,-0.9112538664836122],[-77.87102324478535,-0.9130466635661204],[-77.87104543729386,-0.914839315244301],[-77.87102088325506,-0.9157714623258373],[-77.87092432619681,-0.9175879117088253],[-77.87094019566668,-0.917765351527048],[-77.87094784197268,-0.9178508515667791],[-77.87075761311726,-0.9181614066778029],[-77.87049592091512,-0.9187348176384159],[-77.87023435336191,-0.9191648182265063],[-77.86987784766805,-0.9195469310280935],[-77.86935519056023,-0.9198571916402536],[-77.8685950864465,-0.9201672418751615],[-77.86807234700223,-0.9205731087153215],[-77.86781084064128,-0.9209314027921689],[-77.86757270330962,-0.9217199467856068],[-77.86754839428059,-0.9223652711596695],[-77.86754753616103,-0.9233452394835178],[-77.86761816286341,-0.9240384508042374],[-77.86771257642762,-0.9246838797874523],[-77.86771198905154,-0.9253531266113367],[-77.86754499834765,-0.9262373399842404],[-77.86687900862354,-0.9275274369168856],[-77.8661426255912,-0.9278614036383286],[-77.86476536652766,-0.9279318788964556],[-77.86424289749222,-0.9280270182498745],[-77.86319751818381,-0.9287192309451356],[-77.86272186482904,-0.9295792613052973],[-77.8625554192869,-0.9298420302182347],[-77.8623174015647,-0.9304871588308573],[-77.86222206378729,-0.9308934002785181],[-77.86231642863895,-0.931586629944846],[-77.86252970823266,-0.9320648528363417],[-77.86276681592174,-0.9324474906134903],[-77.86352594914287,-0.9332369247597624],[-77.86419039998206,-0.9336916517958507],[-77.8647359778658,-0.9343135840064181],[-77.86554277154951,-0.9349118504594175],[-77.86596981758026,-0.9353185619690185],[-77.8662543728727,-0.9357490477238661],[-77.86656235489,-0.9365380798310686],[-77.86651405721247,-0.9374462995594747],[-77.8662759924635,-0.938139232604151],[-77.86572920073148,-0.9388796899818398],[-77.86544377211195,-0.9394291698014147],[-77.86480223541783,-0.9399066215957168],[-77.86425578425371,-0.9402646515616726],[-77.86349552261052,-0.9407419954561681],[-77.86313845348943,-0.9417455381508318],[-77.86309045019777,-0.9423191322322755],[-77.86294708226878,-0.9433228689549409],[-77.86278020386708,-0.9440636660668328],[-77.8626372410381,-0.9446132713353159],[-77.86228066182173,-0.9450670771726826],[-77.8618764413456,-0.9456881494798759],[-77.8614724364199,-0.9460702059320087],[-77.86078360033643,-0.9463324946278023],[-77.86014201843437,-0.94685774321966],[-77.85964301244167,-0.9472636127849028],[-77.85909630117544,-0.9479084541776924],[-77.85857337714518,-0.9485055125036412],[-77.85854885575591,-0.9493659431513272],[-77.85854794837503,-0.9503698039341233],[-77.8590457233562,-0.9513263198539368],[-77.85918780224468,-0.9517566769516616],[-77.85918689276441,-0.9527605383390058],[-77.85911496494985,-0.953525319454557],[-77.85904292803684,-0.9544096087389683],[-77.85923177878342,-0.9556287577009032],[-77.85918368028337,-0.9562979551617715],[-77.85915910906405,-0.9572061892383199],[-77.85918222206784,-0.9578993534674158],[-77.85918163373829,-0.9585446935501527],[-77.85929963836328,-0.9593335510252754],[-77.85941757696612,-0.9601941138443917],[-77.85944066712561,-0.9609111803269605],[-77.8590359767237,-0.9620341749715654],[-77.85884542710731,-0.9626793377449885],[-77.85858364265772,-0.9633244350087292],[-77.85825040319371,-0.964208479361407],[-77.8580361734631,-0.9647819149313895],[-77.85772702949981,-0.9652835576720353],[-77.8572512095822,-0.9662869758644593],[-77.85698946674917,-0.9668842671540969],[-77.85679871568608,-0.9677445407874359],[-77.85675058689843,-0.9684376371002391],[-77.85670190607927,-0.9697282688233319],[-77.85665371057806,-0.970493069948074],[-77.85610627472505,-0.9719027400150614],[-77.85591580703013,-0.9724522938938519],[-77.85574852959533,-0.973599404768567],[-77.85567636379658,-0.9746031956966609],[-77.85555688473983,-0.9754157308097707],[-77.85503358639085,-0.9763951952097671],[-77.85458156691467,-0.9773269228303763],[-77.85389198655392,-0.9783779320456734],[-77.85334540927833,-0.9788554428555137],[-77.85296480048913,-0.9795960245876052],[-77.85282195136051,-0.9800022116353555],[-77.8525130229316,-0.9802648344844705],[-77.8520849232631,-0.98100536999065],[-77.85189431612785,-0.9816983272834734],[-77.85153765212627,-0.9822238172543571],[-77.85118132298349,-0.9823907883788239],[-77.85030245105553,-0.9827245713614572],[-77.84968513150652,-0.9826761830072502],[-77.84868805328615,-0.9824601238303048],[-77.84797600288391,-0.982148731224872],[-77.84719325584652,-0.9812636430113658],[-77.84688517931133,-0.9806180175600991],[-77.84669589320936,-0.9799008025928988],[-77.8466967652839,-0.9789686568594202],[-77.84679248076985,-0.9781800077950922],[-77.84710187589242,-0.9774154624500383],[-77.84757788462231,-0.9762208512307381],[-77.84786324440356,-0.9757669978320391],[-77.84817268211869,-0.9749546482404624],[-77.84888600066965,-0.9739036660837641],[-77.84950380714484,-0.9734262224875613],[-77.84981304325632,-0.9728289824425622],[-77.85000359972997,-0.9721838268033053],[-77.85005195364049,-0.9712517226374296],[-77.85002920550693,-0.9701761443262371],[-77.84981629901677,-0.9693154988701712],[-77.84967433955049,-0.9687656366173371],[-77.84934251091683,-0.968119991300178],[-77.84874926950094,-0.9677131152239401],[-77.84834594128033,-0.9673542189880023],[-77.84789514668553,-0.9669713777013637],[-77.84784796613066,-0.9666367168062715],[-77.84784858361358,-0.9659674829652061],[-77.84792028015013,-0.96546562434485],[-77.84806367335182,-0.9644619059844097],[-77.84808792368781,-0.9639122002386548],[-77.84799338558001,-0.9634340881982547],[-77.8477088017847,-0.9630514035733083],[-77.8472107588538,-0.9624056063157099],[-77.84673665776013,-0.961544721538637],[-77.84659519994472,-0.9604451347227227],[-77.84671473370157,-0.9595609017869203],[-77.84671530309762,-0.9589394712124863],[-77.84678204276351,-0.9586606859830806],[-77.84674429696075,-0.9583929574721323],[-77.84657365075891,-0.9580486217668701],[-77.84641230169987,-0.9579241865054179],[-77.8461559400622,-0.9578379037998811],[-77.84597546396337,-0.9578568576664077],[-77.8456428135757,-0.9581051211991558],[-77.84531806918403,-0.958535040972251],[-77.84516339091822,-0.9589053654310521],[-77.84485415362703,-0.9595145578655032],[-77.84474693041301,-0.959920778210899],[-77.84458008242345,-0.9606137562186777],[-77.84446082198025,-0.9611992229082411],[-77.84451942534966,-0.9620238676357288],[-77.84451897467632,-0.9625138407962028],[-77.84469647578526,-0.9631473865394014],[-77.84469600259686,-0.9636612605618414],[-77.84457690554899,-0.9640674693162398],[-77.84437455955042,-0.9646289571755138],[-77.84404192624257,-0.9648557074669264],[-77.8436381266008,-0.9650106869049271],[-77.84305657312554,-0.9648069839706492],[-77.84284328097262,-0.9643646142065402],[-77.8425587435085,-0.9639341284341557],[-77.8422621356802,-0.9637187410209408],[-77.84187050649604,-0.9635510673377267],[-77.84140762222245,-0.9634072288159179],[-77.84093278811685,-0.9633470326028388],[-77.84045793220669,-0.9633107379647424],[-77.84000677741665,-0.9633222668228076],[-77.83905666981212,-0.9636798944698819],[-77.83843880813018,-0.9642290390754279],[-77.8379871462225,-0.9647902906601112],[-77.83767796110196,-0.9653397230658056],[-77.83717866592795,-0.9660562848653733],[-77.83700022900835,-0.9664385329108375],[-77.83667915992294,-0.9669999042549549],[-77.83581142694149,-0.9681463351938395],[-77.83550446058159,-0.9688606848030274],[-77.83516184970316,-0.9696060707782029],[-77.83497111255036,-0.9704472034950706],[-77.83472328057685,-0.9714030070948719],[-77.83415263238705,-0.9722437802005558],[-77.83369625949089,-0.9727596082222073],[-77.83333461419329,-0.9735432153269994],[-77.8332391363103,-0.9740785049179764],[-77.8331056854399,-0.9745946374650915],[-77.83266812818847,-0.9753016893947627],[-77.83226893699548,-0.9756072415972905],[-77.83154689478005,-0.9758360042718468],[-77.83114799031766,-0.9758356256903702],[-77.83042623537281,-0.9757584587216546],[-77.82976139542832,-0.9757578275533801],[-77.82911530065454,-0.9760249020434588],[-77.82825993371394,-0.976635949359638],[-77.82801238355553,-0.977285814627725],[-77.82776454541477,-0.9782416095625383],[-77.82764999791995,-0.9788533591299946],[-77.82725064479904,-0.9793309936176553],[-77.82679464755726,-0.9794452820009847],[-77.82632898691386,-0.9795073275983843],[-77.82608223057798,-0.9795402056057239],[-77.82563645811425,-0.9798915982017854],[-77.8252656834975,-0.9802784356333243],[-77.824994742397,-0.9805506450614869],[-77.82448170574234,-0.9807222393382957],[-77.82398307812238,-0.9807217626755201],[-77.8233421214062,-0.9805777462112273],[-77.82288640965561,-0.980390884941718],[-77.8223880264227,-0.980132282135281],[-77.82206049253382,-0.9799885655659588],[-77.82140549273113,-0.9796294300857353],[-77.82106360543074,-0.9796004226510971],[-77.82049376016391,-0.9795855376143114],[-77.81986675452742,-0.9797570219338395],[-77.81905451795335,-0.979957010222463],[-77.81847048243367,-0.9798847490076613],[-77.81792922705543,-0.9797695087520528],[-77.81740228518619,-0.9795825808262477],[-77.81688971275719,-0.9792666033978209],[-77.81651980725428,-0.978735658658263],[-77.81634909453636,-0.9784773697128486],[-77.81605036664939,-0.9780038545477696],[-77.81592244704285,-0.9776882456707148],[-77.81586598890887,-0.977128920728149],[-77.81578115937555,-0.9764405064472804],[-77.8157391899091,-0.9756230699329118],[-77.81575428605863,-0.974719646306336],[-77.81591144055402,-0.9742465665440988],[-77.81616873747281,-0.9733290328598632],[-77.81646826044901,-0.9729564698825751],[-77.81678193640316,-0.9726843020120857],[-77.81703864040341,-0.9723977404497066],[-77.81728108366353,-0.9721255045566544],[-77.81763744480865,-0.9719107386977045],[-77.81799857932091,-0.9718272113761055],[-77.81837841820091,-0.9717393576130922],[-77.81896251996754,-0.9717399118437208],[-77.81954632665587,-0.9720559534306629],[-77.82008723333502,-0.9725440383793027],[-77.82047149708481,-0.9729602733949779],[-77.82075625117643,-0.9731469680181226],[-77.82116912888301,-0.9734341676340661],[-77.82166753899331,-0.9736640873168861],[-77.82219449597962,-0.9738366719716859],[-77.82265036899173,-0.973851445306052],[-77.8232346482494,-0.9736655754542304],[-77.8237765519028,-0.9730924732830734],[-77.824347094899,-0.9723616543130996],[-77.82498899030313,-0.9715018376083047],[-77.82540286150274,-0.9707278464047588],[-77.82571665911213,-0.9703266111799489],[-77.82598809159542,-0.9695238035220936],[-77.82607419838384,-0.9688498850492783],[-77.82610370593585,-0.9677600395964204],[-77.82610434617462,-0.967071699971905],[-77.82624742375714,-0.9664121743411728],[-77.82634760176506,-0.9659246939382958],[-77.82666170333057,-0.9651936276244278],[-77.8271611543941,-0.9643049894280322],[-77.82760348609341,-0.9635597009451484],[-77.82860162902043,-0.9625998261500813],[-77.82917190041105,-0.9621558057249362],[-77.8296709385127,-0.9617117180491451],[-77.83019854891074,-0.9611816138287194],[-77.8307974047939,-0.9606372350884264],[-77.83166753924846,-0.9594477854610237],[-77.83220984389979,-0.9584301149280815],[-77.83249548659698,-0.9576559927086683],[-77.83275256984643,-0.9569535468498187],[-77.83289591649213,-0.9559928641249655],[-77.8329249354237,-0.955419270251822],[-77.83292557927174,-0.9547165855211677],[-77.83288337817706,-0.9541285841342653],[-77.83285543636885,-0.9535262564168824],[-77.8328561969297,-0.9526945064531053],[-77.83304205627827,-0.9519776526586851],[-77.83318499332282,-0.9514615250353357],[-77.83332800331503,-0.9508641356755928],[-77.83344729088917,-0.9502428227873029],[-77.83370906462181,-0.9495977397978428],[-77.83394694180862,-0.9491199419134083],[-77.83413756934395,-0.9483791895765035],[-77.83420945362558,-0.9476622281752493],[-77.83421045221026,-0.946562787061737],[-77.83385502693976,-0.9457498296217685],[-77.83333280782253,-0.9455820431337787],[-77.83221683378382,-0.9455810173026432],[-77.83148093986686,-0.9453891339667067],[-77.83081634368838,-0.9451256139523656],[-77.83017555674336,-0.9447904137333687],[-77.8294636908545,-0.9442878426228225],[-77.82898950325001,-0.9435225810449651],[-77.82849187485375,-0.9424226880870146],[-77.82827910927064,-0.9413947602497705],[-77.8281612319226,-0.9404625222763079],[-77.82823328402658,-0.9395543586568585],[-77.82837637310202,-0.938861367259352],[-77.82823468528741,-0.938000809911194],[-77.82785532030884,-0.937402944095842],[-77.82714336730545,-0.9369959820580258],[-77.82621776297721,-0.9365410229559321],[-77.82512582289867,-0.9362293175088948],[-77.82403364732143,-0.936180520253637],[-77.82336888461808,-0.936108210789356],[-77.82265676278426,-0.9358924554000062],[-77.82213457130597,-0.9357007737914939],[-77.8218735608849,-0.935509330656065],[-77.82151785646192,-0.9350070932155377],[-77.8213996966774,-0.9343855695467363],[-77.82130536596969,-0.9336684648727955],[-77.82130648256546,-0.9324256342287177],[-77.82154486406996,-0.9313742239742248],[-77.82199657401246,-0.9307293178534152],[-77.82249596392,-0.9298693481370154],[-77.82297146007478,-0.9291766597738892],[-77.8234709341102,-0.9282210862629313],[-77.82378058483314,-0.9271219355253434],[-77.8240898509386,-0.9264529959530539],[-77.82432797045882,-0.9256883895137222],[-77.82477980445307,-0.9249000741086388],[-77.8254451202323,-0.9243509573838552],[-77.82594444114137,-0.9235626840149102],[-77.82566070361463,-0.9222239884585766],[-77.82485369005852,-0.9219125542259511],[-77.82423675440137,-0.9214578872659946],[-77.82390520939589,-0.9204776617549432],[-77.82307443268927,-0.9201901080053745],[-77.82252872889082,-0.9197355064507583],[-77.82233916000477,-0.9193051249159779],[-77.82238704848174,-0.9188510560605002],[-77.8224822984961,-0.9185404331317926],[-77.82310001536436,-0.9181107746563226],[-77.823456572553,-0.9176569806774778],[-77.82390801966095,-0.9172988742941636],[-77.82466807222649,-0.9170127461755784],[-77.82547533984338,-0.9170373679383885],[-77.8263775397416,-0.9171098760266099],[-77.82725591361573,-0.9172779661435],[-77.82792057135809,-0.9174697658501856],[-77.82922644145286,-0.9175187339108128],[-77.83027115084364,-0.9175435671075823],[-77.83171971780283,-0.9173297526686638],[-77.83309709783362,-0.9170680715952451],[-77.83411831875026,-0.9168060711028909],[-77.83463388364507,-0.9165990150801366],[-77.83506841453453,-0.9164245026504189],[-77.83547218789253,-0.9162814567228142],[-77.83587600422811,-0.9160906085680469],[-77.83642215857331,-0.9160432923030029],[-77.83703954514252,-0.9159960392490596],[-77.83770444133057,-0.9159249276247111],[-77.83813200112868,-0.9157340997628629],[-77.83855966669383,-0.9154237666573484],[-77.8393909400639,-0.9151615938401307],[-77.83991320482629,-0.915281562753518],[-77.84041155947214,-0.9155927188520512],[-77.84107610073298,-0.9159279234884286],[-77.84147985603747,-0.9158087765625297],[-77.84157522988293,-0.9153547409677922],[-77.84131456784647,-0.9147569824189931],[-77.84076891325233,-0.9142306754870653],[-77.8398435208542,-0.9135128233343391],[-77.83887005569113,-0.9134641583922056],[-77.83841887718201,-0.9135115607091959],[-77.83773009104259,-0.9137499601162522],[-77.83694651709546,-0.9137731657064251],[-77.83649523469349,-0.9139400723516805],[-77.83568768763223,-0.9142261673074756],[-77.83499911235847,-0.9142255558308751],[-77.83438241766895,-0.9134840796439114],[-77.83386067920293,-0.9127665890194891],[-77.83360001910245,-0.9121688350287116],[-77.83419382591738,-0.9119303530609852],[-77.83476372307622,-0.9118830559595097],[-77.83495402978298,-0.9114769083524974],[-77.83483591545857,-0.9107836770594729],[-77.83455134257461,-0.9103771092080082],[-77.83407667232657,-0.9101376810065909],[-77.83362568419018,-0.9099699755555044],[-77.83298459910598,-0.9099694085354545],[-77.83220094615722,-0.9100882196549336],[-77.83153595048807,-0.9102788378659926],[-77.83113234709667,-0.9102306786594689],[-77.83049168026066,-0.9097520946254435],[-77.8299694833835,-0.909560425987383],[-77.82918612508072,-0.9093446258921961],[-77.82868758886531,-0.9092485810973336],[-77.82778532476672,-0.9092477824260224],[-77.82721551636244,-0.9091994762169491],[-77.8268358252748,-0.9089601333748398],[-77.82640856311865,-0.9088163500903722],[-77.82600487746966,-0.9088637943438665],[-77.8256011928641,-0.9089112385152744],[-77.8250315310707,-0.9086956272130864],[-77.82455720068,-0.908073789281962],[-77.82439153722557,-0.9074522248936562],[-77.82439224627046,-0.9066396023620509],[-77.82451140233727,-0.9061377933236534],[-77.82474942232213,-0.9054687839606034],[-77.82489236271543,-0.9049191939756625],[-77.82482173486636,-0.9042260117180526],[-77.82458465136182,-0.9038194915723432],[-77.82427642006414,-0.9033173049020399],[-77.8239684377774,-0.9025283120997812],[-77.82418266950981,-0.9019070829337164],[-77.82463404819268,-0.9016206711232684],[-77.82553630673841,-0.9016214638808944],[-77.82636739818763,-0.9015504918593225],[-77.82691395885342,-0.9010251549949447],[-77.82750802679702,-0.9004759596400036],[-77.82793562049281,-0.9002373267487366],[-77.8285530193422,-0.900166164739662],[-77.82936034867664,-0.9001190711756287],[-77.83000083044497,-0.9008127556500112],[-77.83014267234104,-0.9015299049124011],[-77.83033214651991,-0.9020797892424693],[-77.83054573758177,-0.9021994808931313],[-77.8311396018985,-0.9018892911422259],[-77.83135356465354,-0.9015787678350512],[-77.8318999412429,-0.9012685357297641],[-77.83254102412234,-0.9012690975207708],[-77.83299230226639,-0.9011021873540394],[-77.83332519075391,-0.9005527582856028],[-77.83315943770356,-0.9000267931801399],[-77.83273260570232,-0.8993810963874813],[-77.83247187751995,-0.8988550487464781],[-77.83244871101634,-0.8981858038949297],[-77.83247278397812,-0.8978034111043687],[-77.83275797763152,-0.897492948610365],[-77.83316186890904,-0.8972064908815865],[-77.83385087241814,-0.8967051718822845],[-77.8342786108498,-0.8962992295492361],[-77.8347300105804,-0.8959889106343183],[-77.83522822594061,-0.8959306623764645],[-77.83519351694517,-0.8955597656500588],[-77.83490381585386,-0.8924640278985765],[-77.83474376150261,-0.8907537331330998],[-77.83446382660829,-0.8907400365187538],[-77.83416467976097,-0.890711096566063],[-77.83383714985547,-0.8905530674046773],[-77.83336736583712,-0.8901511256618941],[-77.83302556546195,-0.8900217653902331],[-77.83265519928379,-0.889978423449248],[-77.83225630406028,-0.8899780782944088],[-77.83207094394305,-0.890164344264503],[-77.83171446897249,-0.8905368892147228],[-77.83131531659248,-0.8908376935903141],[-77.83075906323548,-0.8915972584114],[-77.8303456768034,-0.8918837100760532],[-77.82983265300338,-0.892069690850942],[-77.82927700139979,-0.8921265702913226],[-77.82902071656311,-0.8919542623955687],[-77.82875021107128,-0.8917532613357715],[-77.82855104616755,-0.8914232574044372],[-77.82850882326824,-0.8908209204588093],[-77.8285803854281,-0.8904337905948373],[-77.82868052560728,-0.8899463014306174],[-77.82878054389965,-0.8896022165056843],[-77.82878086246156,-0.8892293643248965],[-77.82869589886609,-0.8886269912656443],[-77.82846847421327,-0.8880244942492009],[-77.82805573834716,-0.8875509021933315],[-77.82758582232418,-0.8873067088275981],[-77.82694524623864,-0.886718196327818],[-77.82664630871572,-0.88644547027027],[-77.82640450234868,-0.8860007078247009],[-77.82624822237175,-0.8854986577170321],[-77.82604919166143,-0.8850109113024901],[-77.82585011112941,-0.884580526637207],[-77.82560819553227,-0.8842648284289896],[-77.82522379362251,-0.8839776884106295],[-77.82472520363778,-0.8839485781099395],[-77.82438329650168,-0.8839482835348283],[-77.82406982067438,-0.8840197153215973],[-77.82369934839721,-0.8841054391880347],[-77.82327209932106,-0.883947325947759],[-77.8230158163699,-0.8837750206758063],[-77.82254581720464,-0.8836312120183107],[-77.8219759730015,-0.8836307208817498],[-77.82164822835537,-0.8837308207809526],[-77.82136291587499,-0.8841894666058029],[-77.82110609529693,-0.8846481367462982],[-77.82060711620872,-0.8850779168166715],[-77.8200794859639,-0.8856940958354533],[-77.8197083573833,-0.8862313883006165],[-77.81929264296622,-0.8864700344393698],[-77.81878799373676,-0.8865891004944413],[-77.81822423033574,-0.8864213092321288],[-77.81751225476849,-0.8860382836469285],[-77.81682371739424,-0.8860137874783867],[-77.81632478001248,-0.8863957633347508],[-77.81592053020144,-0.8871124281949437],[-77.81584864467565,-0.8878771811342178],[-77.81546774742573,-0.8890479740821596],[-77.81522980109317,-0.8896452794196095],[-77.81463556112051,-0.8904095769315828],[-77.81406528885962,-0.8909109896712732],[-77.81306771983539,-0.8913164279943542],[-77.812379164057,-0.891315827582683],[-77.81166705005646,-0.8911001025167957],[-77.8111212640212,-0.8907411206825793],[-77.81050432998464,-0.8902864761759183],[-77.81005355718649,-0.8898797777959572],[-77.80974542937422,-0.8892581003925181],[-77.80955595594928,-0.8887082274719835],[-77.80950914644083,-0.8879194753192111],[-77.80958084751255,-0.8873698297252215],[-77.80979517199617,-0.8866291052220326],[-77.80991437942316,-0.8860556005938997],[-77.80991499310609,-0.885338590293829],[-77.8095121554479,-0.8844061278739587],[-77.80899021437665,-0.8839276689908799],[-77.80780342422318,-0.8834964358729248],[-77.8071864693077,-0.8830656965648754],[-77.80645104486761,-0.8823480525344829],[-77.80623794879493,-0.8816547607748088],[-77.80607235823456,-0.8809376095060575],[-77.80602562609819,-0.8800532598603226],[-77.80619290479362,-0.8787866898136811],[-77.80638384431265,-0.8776157411694241],[-77.80674102472511,-0.8763971350333575],[-77.80705049466408,-0.8754413890617533],[-77.80733626135081,-0.8744378222875048],[-77.80774086265725,-0.8732909542208127],[-77.80793173501357,-0.8721917042818744],[-77.80795590180509,-0.8716898186498101],[-77.80767144785916,-0.8711398687495984],[-77.80733940774621,-0.8707093800454334],[-77.80707881788832,-0.8700160496378335],[-77.80705623985337,-0.8686298134210816],[-77.80760317259964,-0.8676264667571115],[-77.80807849476913,-0.8670771636657585],[-77.80909994639526,-0.8664805226785353],[-77.81002620651162,-0.8661467040739906],[-77.81057251774106,-0.8658842635563891],[-77.81111860925454,-0.8658847264316256],[-77.81175983384529,-0.8656940667747562],[-77.81221111283185,-0.8655032459127221],[-77.81254383589851,-0.8651211203421961],[-77.81254445452797,-0.8643802080700589],[-77.81259273843887,-0.8634242327813367],[-77.81290183732901,-0.8628986841730789],[-77.81316348927443,-0.8623252950408761],[-77.81337767518795,-0.8617279655042156],[-77.81349698710031,-0.8610110526580951],[-77.81383014503264,-0.8601031161071137],[-77.81418682778654,-0.859458104335532],[-77.8147807238761,-0.859076196151444],[-77.81518443629483,-0.8589809329052295],[-77.81568304273448,-0.858981351558561]]]},"properties":{"OBJECTID":4853,"SHAPE.AREA":43119340.3883353,"SHAPE.LEN":58696.6867135692,"LIT":"Conglomerados con clastos subredondeados a subangulosos de cuarzo lechoso, chert, intrusivo, volcánico, metamórfico, soportado en matriz arenosa","TXT_12__15":" ","COD_OK":"12.109","ENT_GEOL":"Formación Tiyuyacu","INT_ECO":"Cuarzos, Materiales de construcción","LITOLOGIA":"Esta formación ha sido dividida en dos miembros informales (superior e inferior), con base en estudios estructurales y sedimentológicos. Los dos miembros están separados por una discordancia erosiva. La base del miembro inferior es una discordancia er"}},{"type":"Feature","id":4876,"geometry":{"type":"Polygon","coordinates":[[[-77.60633379069668,-1.0000023516384722],[-77.60608866920047,-0.9994862272179802],[-77.60603246144231,-0.99874063138108],[-77.6064178147454,-0.9979811584048398],[-77.60688827517535,-0.9975658667901582],[-77.60731585828186,-0.997293902576364],[-77.60825627967738,-0.9969507841969572],[-77.60901121373904,-0.9969228932012217],[-77.60918387040297,-0.9969520431345239],[-77.60960933721248,-0.9970238756696793],[-77.61022185226852,-0.996981498441821],[-77.61092001847808,-0.9967528259589125],[-77.61160401578286,-0.9964524508818987],[-77.61197458217062,-0.9962234379774046],[-77.61244491173632,-0.9959371780113946],[-77.61308635389304,-0.995464709586529],[-77.6137560498046,-0.995221667915306],[-77.61446838791629,-0.9950646930421647],[-77.61510924632191,-0.9951657172118931],[-77.61563602420824,-0.9953956606181567],[-77.61621967418691,-0.9957260246198415],[-77.61694600991677,-0.9958128000833243],[-77.61777203576317,-0.9959140159920123],[-77.61852703545551,-0.995828772134278],[-77.61909678022546,-0.9958293610223916],[-77.61943856911377,-0.9958870639322929],[-77.61963781965294,-0.9960449815101954],[-77.61982251850203,-0.9965039709654759],[-77.61993617476466,-0.9967908379557449],[-77.62036288414109,-0.9973791149833416],[-77.6207898425018,-0.997723656233066],[-77.62124547871358,-0.9978818396924874],[-77.62170111515779,-0.9980400241406749],[-77.62239901207768,-0.998083758789007],[-77.62286889278532,-0.9982419571972506],[-77.6232104635127,-0.9985147236233876],[-77.62346660066927,-0.9987587258984827],[-77.62377965489549,-0.9990601380581138],[-77.62414962532927,-0.9994189592906815],[-77.62459052103401,-1.0000024051791303],[-77.60633379069668,-1.0000023516384722]]]},"properties":{"OBJECTID":4876,"SHAPE.AREA":740313.38863797,"SHAPE.LEN":4603.215167080911,"LIT":"Limolitas a arcillolitas roja intercalada con arenisca, aleatorios conglomerados","TXT_12__15":" ","COD_OK":"12.108","ENT_GEOL":"Formación Tena","INT_ECO":"Limolitas, Arcillas, Calizas, Materiales de construcción","LITOLOGIA":"Consiste en lutitas rojizas a verdes y limolitas, también incluye lutitas nodulares, paleosuelos y areniscas de grano grueso con estratificación cruzada. La parte basal de la formación se caracteriza por una secuencia de areniscas, calizas y lutitas."}},{"type":"Feature","id":7278,"geometry":{"type":"Polygon","coordinates":[[[-77.72482155397303,-0.6838565704915753],[-77.72439505917593,-0.682637462689367],[-77.72406352294867,-0.6814184200602862],[-77.72401644741818,-0.6808209292963541],[-77.72380359337313,-0.6796258677021444],[-77.72387528050646,-0.6789328654734317],[-77.72385191104793,-0.6783831879603911],[-77.7242320406861,-0.6779532772551701],[-77.72484931355615,-0.6779059011416934],[-77.72544249342593,-0.6783842728950644],[-77.72686548067215,-0.6804883019497476],[-77.72731594539223,-0.6813728507300326],[-77.72819355523063,-0.6825205763720329],[-77.72885776109555,-0.6832857815264574],[-77.72935590069544,-0.6838835849998787],[-77.72980676945386,-0.6841706755870517],[-77.73068484866202,-0.6846253504594133],[-77.7312307602878,-0.6847930143940617],[-77.7321802242965,-0.6850087539122867],[-77.73327245368698,-0.6847466205149727],[-77.73407984970198,-0.6844125943673565],[-77.73510108721868,-0.6838158307605342],[-77.73590859716609,-0.683314513358741],[-77.73685874355759,-0.682526508613924],[-77.73728666601811,-0.6816425515294766],[-77.73797544200104,-0.6811889465404504],[-77.73840288128513,-0.6810219471123389],[-77.73906769253585,-0.6809029077785543],[-77.73980366098108,-0.6808795101053181],[-77.74056369124669,-0.6803781548429144],[-77.74189349302002,-0.6798771861705492],[-77.74243971513162,-0.6795907720054022],[-77.74324710024142,-0.6792806363975415],[-77.743935798364,-0.6789465211493612],[-77.74455329136298,-0.6785884576784593],[-77.74519438084519,-0.6784454996656207],[-77.74569293185553,-0.6784458375936805],[-77.74668961987084,-0.6790678836176844],[-77.7468078738204,-0.6797371324423781],[-77.74645086859881,-0.6810752259578204],[-77.74611792225748,-0.6819353584024648],[-77.74559521254946,-0.6825563722407381],[-77.74488251305125,-0.6832728513969627],[-77.74393239276166,-0.6840130655671746],[-77.74293466214756,-0.6849444357083233],[-77.74200820022538,-0.6858041565348919],[-77.74127182462946,-0.6864250186275139],[-77.7407256813911,-0.686591934034336],[-77.74017948886352,-0.686830546065858],[-77.73972785217573,-0.6876666907041102],[-77.73937124288759,-0.6884073048382854],[-77.73884862786123,-0.6888849186030852],[-77.7381359764996,-0.6895296906604773],[-77.73770796470215,-0.6905331384517923],[-77.73706645119684,-0.6912974518368137],[-77.7364490378417,-0.691536009748235],[-77.7350477346832,-0.6924431854770652],[-77.73424036670038,-0.6927294082775761],[-77.73310037287943,-0.6933977758660884],[-77.7327200349713,-0.694114466909922],[-77.732481893284,-0.6951897355205847],[-77.73248115268913,-0.6962651685050787],[-77.73274162019096,-0.6972451905341451],[-77.73335819213466,-0.6982254624065232],[-77.73380897763371,-0.6986320530476493],[-77.73390382380778,-0.6987994096990678],[-77.73402232734315,-0.6990862749506462],[-77.73421193601708,-0.6995404812909995],[-77.73399785858956,-0.7001377947078044],[-77.73371244475175,-0.7009023488200995],[-77.73345088557927,-0.7014996282199334],[-77.73349776892837,-0.7023600092228618],[-77.73420951528186,-0.7030296705939401],[-77.73482638304621,-0.7035797728983765],[-77.7357043788178,-0.7041539583126759],[-77.73636864505123,-0.7048235885722799],[-77.73667653764721,-0.7058753456883468],[-77.73707964209916,-0.7065686910733469],[-77.73738768377788,-0.7074053621399321],[-77.73741098929591,-0.7080267434388556],[-77.73726794424279,-0.7088869932582326],[-77.73726720694015,-0.7099385330563819],[-77.73748030051766,-0.7107512385074609],[-77.73766933399055,-0.7120180012497578],[-77.73769253664477,-0.7127827752858948],[-77.73797679911334,-0.7136672283563527],[-77.73826128119923,-0.7142409994153329],[-77.73826099439873,-0.714647276940966],[-77.73849779211056,-0.7155077986779514],[-77.73871096650767,-0.716201012855094],[-77.73844921145766,-0.7170611774190767],[-77.73802164436293,-0.7173954513203707],[-77.73752272016979,-0.7179208636178122],[-77.7370327955012,-0.7182024340013426],[-77.7366780742325,-0.7179941947598831],[-77.73477528935136,-0.7168813004335391],[-77.73396249366957,-0.7167233745053242],[-77.73339285890093,-0.7165317759134545],[-77.73306049235553,-0.7165315370892561],[-77.73230079934896,-0.7165309911156329],[-77.73142215052644,-0.7168888372251706],[-77.72990232512127,-0.7175091038339283],[-77.72904758764751,-0.7176279804036649],[-77.72828789752008,-0.7176274329237611],[-77.72786057185387,-0.7176271249105248],[-77.72707717579941,-0.7175787631369851],[-77.72648370246806,-0.7175305391539847],[-77.72591393629787,-0.7175301282902469],[-77.72551043660513,-0.7174103454118188],[-77.7252645851773,-0.7172616108131306],[-77.72543953903413,-0.7169562248571509],[-77.72610467398124,-0.7163831434039197],[-77.72750580848066,-0.7157388953137752],[-77.72847944905794,-0.7153333215331433],[-77.72940559245838,-0.7149516116662049],[-77.73004690267464,-0.714498001333821],[-77.73018741952774,-0.7141979691970467],[-77.73042732277302,-0.7136857250790186],[-77.73045177267913,-0.7126820066324643],[-77.73047603534724,-0.711941171062964],[-77.73059544435976,-0.7109375202756772],[-77.73066725382687,-0.7101011249928819],[-77.73100032443838,-0.7090976249230779],[-77.73135696552892,-0.7083331269506347],[-77.73154745864419,-0.707520713231394],[-77.7316906699053,-0.7064214832151761],[-77.73169120448607,-0.7056567315912563],[-77.73135949008918,-0.7047244551957101],[-77.7309564885511,-0.7038877225252635],[-77.73062483958525,-0.702859853946688],[-77.73007949538419,-0.7018796317284343],[-77.72974782840804,-0.7008756618529832],[-77.72977190097635,-0.7003977101534936],[-77.72989103239556,-0.699776433799774],[-77.73017626368494,-0.6992747662977133],[-77.73031931708177,-0.6983906223855054],[-77.73027253107762,-0.6973868537641911],[-77.73027312500143,-0.6965265089266813],[-77.73034546546523,-0.694901463189855],[-77.73044096847464,-0.694112879696476],[-77.73091620074617,-0.6934918499874732],[-77.73141556598519,-0.6922972725488488],[-77.7317247296857,-0.691508836171513],[-77.73241427590312,-0.689932012074778],[-77.73310328302554,-0.6891438366368843],[-77.73400598373821,-0.6883080101515286],[-77.73478975592059,-0.6878066807632417],[-77.73562104167199,-0.6872575857644857],[-77.73635718728929,-0.6869713097841127],[-77.737306979997,-0.6867090776051706],[-77.73766316697642,-0.6865898292397993],[-77.73785338176222,-0.6861597850225483],[-77.7376161560315,-0.6858967361447267],[-77.73704638732423,-0.6858963447279391],[-77.73623906944027,-0.6861108780621367],[-77.7355742586712,-0.6862299140966963],[-77.73400708910103,-0.6866829085963737],[-77.73308092555409,-0.6871124447257932],[-77.73201215857506,-0.6877808668329796],[-77.73113337897077,-0.6883538241154582],[-77.73044479753688,-0.6885206380676641],[-77.72961408615846,-0.688233282052795],[-77.72856997404448,-0.6875634041168388],[-77.72752596050195,-0.6867501372377021],[-77.72705151534886,-0.6862240455367796],[-77.72588896474407,-0.6851717154560913],[-77.72482155397303,-0.6838565704915753]]]},"properties":{"OBJECTID":7278,"SHAPE.AREA":3244372.08969429,"SHAPE.LEN":16561.8248456613,"LIT":" ","TXT_12__15":"Flujos piroclásticos de corriente de densidad concentrada, localmente depósitos lahariticos y lavas alcalinas tipo tefritas","COD_OK":"No se encuentra en el catálogo","ENT_GEOL":"No se encuentra en el catálogo","INT_ECO":" ","LITOLOGIA":" "}},{"type":"Feature","id":4887,"geometry":{"type":"Polygon","coordinates":[[[-77.70772609614002,-0.7142469407728063],[-77.7068715314334,-0.7141507326509688],[-77.70614997832926,-0.7139590285824582],[-77.70489675071158,-0.7136331127614389],[-77.70434628904299,-0.7132121128171519],[-77.7037960307763,-0.7125043399360387],[-77.70358759798458,-0.7118350501602622],[-77.70391110969794,-0.7109176061178735],[-77.70431026149758,-0.7104590545056405],[-77.70459547722422,-0.7099813021039469],[-77.70474785862783,-0.7093505083649393],[-77.70482424534178,-0.7087578961478093],[-77.70535646032948,-0.7081273741178482],[-77.70562269645649,-0.7076304883176295],[-77.70583217293026,-0.7068276689920842],[-77.70594633909748,-0.7065218579058462],[-77.70609852967182,-0.7061587190679407],[-77.70697238129219,-0.7058343313573003],[-77.70782713375729,-0.7056628754730845],[-77.70878305518046,-0.7056767397272267],[-77.7088336729665,-0.7057018304632718],[-77.70946014860066,-0.7060655258970092],[-77.70991581844953,-0.7062570346807504],[-77.71075111035842,-0.706754709484929],[-77.7113206645411,-0.7070418915776366],[-77.71192818988793,-0.7073482206337673],[-77.71276360463521,-0.7076738305324652],[-77.71356102313075,-0.7080185315062886],[-77.71388358946103,-0.7084393685127944],[-77.71376915241122,-0.7091275509368514],[-77.71333190509702,-0.709739028958318],[-77.7129897933182,-0.7101020349581507],[-77.71251452238704,-0.7107708390195928],[-77.71243812129467,-0.7113825745006009],[-77.71243763344134,-0.7120708383321511],[-77.71213319313706,-0.7128735929655085],[-77.71131603758244,-0.713580387014938],[-77.71065115753728,-0.7138093283584422],[-77.70911250213285,-0.7142479413668031],[-77.70772609614002,-0.7142469407728063]]]},"properties":{"OBJECTID":4887,"SHAPE.AREA":762768.36616801,"SHAPE.LEN":3315.8851217290003,"LIT":"Cuarzoarenita de grano medio color blanco, intercalado con arenisca oscura impregnada de bitumen","TXT_12__15":" ","COD_OK":"12.50","ENT_GEOL":"Formación Hollín","INT_ECO":"Arenas silíceas, Arcillas, Materiales de construcción","LITOLOGIA":"Constituida por areniscas cuarzosas blancas porosa de grano medio a grueso, con estratificaciones cruzadas y ripples. A esta formación se la ha dividido en tres miembros informales. Relleno de valle aluvial.- Incluye lutitas laminadas verdosas a rojizas"}},{"type":"Feature","id":4846,"geometry":{"type":"Polygon","coordinates":[[[-77.8932210822773,-1.00000235418662],[-77.89354923508758,-0.9995680058994988],[-77.89396265661236,-0.9993102548750308],[-77.89457530083446,-0.9993108384408207],[-77.89513095528935,-0.9993113676223394],[-77.8958005373447,-0.9993693706310043],[-77.89637046695411,-0.9993412304814017],[-77.89689778889863,-0.9991696358678078],[-77.89723987928826,-0.9990122052654061],[-77.89751081179679,-0.9987686594298714],[-77.8977533576995,-0.9984103544350729],[-77.89803867307683,-0.9980234071073678],[-77.8982809758361,-0.9979232475425155],[-77.89845214922362,-0.9977082882530534],[-77.89882268016802,-0.9976082503025511],[-77.89937833748266,-0.9976087778615019],[-77.89984845492175,-0.9976665898068859],[-77.9001333126667,-0.9977672510588639],[-77.90047525583059,-0.9977675756361043],[-77.90108789013475,-0.9977824985032288],[-77.90133007348419,-0.9978114112009665],[-77.90172881945759,-0.9980125697825113],[-77.90195649921006,-0.9983139571423284],[-77.90215573837399,-0.9985579509098865],[-77.90222661359756,-0.9989452382776884],[-77.90226911447097,-0.9992034256734331],[-77.90252535754131,-0.9994331323683283],[-77.90281010848476,-0.9996485256887797],[-77.90309488730026,-0.9998352352982011],[-77.90336534992205,-1.000002281535534],[-77.90280179258534,-1.0000022861157145],[-77.8932210822773,-1.00000235418662]]]},"properties":{"OBJECTID":4846,"SHAPE.AREA":164888.01338722502,"SHAPE.LEN":2493.5698194957,"LIT":"Limolitas a arcillolitas roja intercalada con arenisca, aleatorios conglomerados","TXT_12__15":" ","COD_OK":"12.108","ENT_GEOL":"Formación Tena","INT_ECO":"Limolitas, Arcillas, Calizas, Materiales de construcción","LITOLOGIA":"Consiste en lutitas rojizas a verdes y limolitas, también incluye lutitas nodulares, paleosuelos y areniscas de grano grueso con estratificación cruzada. La parte basal de la formación se caracteriza por una secuencia de areniscas, calizas y lutitas."}},{"type":"Feature","id":4879,"geometry":{"type":"Polygon","coordinates":[[[-77.72845346952231,-0.8567427895048989],[-77.72825182256062,-0.856563377791335],[-77.72790776901826,-0.8563360475306453],[-77.72730259435438,-0.8560726439540497],[-77.72694654997618,-0.8559886937050438],[-77.72647173863322,-0.8559763363144358],[-77.72554583792879,-0.8559755398017176],[-77.72515411038046,-0.8559752027475477],[-77.7245960950283,-0.8560942142492675],[-77.72399040479596,-0.8564402178635321],[-77.72325421142472,-0.8567024656784642],[-77.7226250850293,-0.856689973630671],[-77.72186564906615,-0.8563666926682033],[-77.72141485596595,-0.8560317290144541],[-77.72104727782418,-0.8555534472072319],[-77.72086946450547,-0.855266514883985],[-77.72059660591118,-0.8550750941931221],[-77.7202169444358,-0.8548477348540211],[-77.71943358617779,-0.8547395184220998],[-77.71886365315667,-0.8549182643369352],[-77.71827013132625,-0.8549177532246587],[-77.71765288967383,-0.8548933228720929],[-77.7170476820746,-0.854677718624865],[-77.71649002597987,-0.8543785114440465],[-77.7160276189003,-0.8537448131775573],[-77.71562452229814,-0.8531589619856553],[-77.7152452581878,-0.8524655909132219],[-77.7145928135593,-0.8519631702963122],[-77.71381458456842,-0.851410455894479],[-77.71306037154544,-0.8505351393184902],[-77.71274733403251,-0.850133384330345],[-77.71251977584393,-0.8497173631724141],[-77.7124061474541,-0.8493301174283084],[-77.71242073136322,-0.8489286428228923],[-77.71263487056825,-0.8483696123255138],[-77.71297684562641,-0.8482408549645776],[-77.7135182301027,-0.8481266078192172],[-77.71425921794906,-0.8477974480053828],[-77.71477294924777,-0.846693795775312],[-77.7151723722844,-0.8460058710207415],[-77.71541515551114,-0.8452604577248272],[-77.71523052074811,-0.8446150510393142],[-77.71473262760618,-0.8438259906121535],[-77.71504640241798,-0.8433530743788925],[-77.71521774508696,-0.8428656988394337],[-77.71541773162804,-0.8421919425755469],[-77.71563192606793,-0.8415612146016029],[-77.71547570582347,-0.8410018655822424],[-77.71455013091807,-0.8406282703104743],[-77.71399461142775,-0.8406134604847442],[-77.71309719071864,-0.8406413770378135],[-77.71210043250133,-0.8402247065960837],[-77.71170193808072,-0.839808543031344],[-77.71162176319329,-0.8391584490832086],[-77.71166013213492,-0.838699639642808],[-77.71150876685708,-0.8380112482335055],[-77.71103400283023,-0.8379534914859619],[-77.71054018336926,-0.8379721923343723],[-77.71025558362652,-0.8376278203125732],[-77.71004712927245,-0.8370732104521114],[-77.7101046813269,-0.8363849977194593],[-77.71046638129974,-0.8353720280604411],[-77.71058081299566,-0.8347985730037815],[-77.7106763637826,-0.8340912730994855],[-77.71103775971322,-0.8334415518400206],[-77.7119497145977,-0.8330599499465643],[-77.71293743392543,-0.8329269512199662],[-77.71365914826116,-0.832927557717663],[-77.7145897808458,-0.832928339584898],[-77.71574837168825,-0.8328719572937643],[-77.71666002925141,-0.8328536048110359],[-77.71757167181079,-0.8328543699571184],[-77.71808423350288,-0.8331415775715418],[-77.71880572992718,-0.8334098428981702],[-77.71977413059028,-0.8336783157528554],[-77.72030609808222,-0.8334684576976432],[-77.7206295264288,-0.8327995783269093],[-77.72112420448859,-0.8317484701364594],[-77.72140947228714,-0.8312898624816006],[-77.72169477233903,-0.8307930177290612],[-77.72199914296787,-0.8302005951189722],[-77.72241731225058,-0.8297994532535626],[-77.72293033401215,-0.8295322206067888],[-77.72348127878703,-0.8293414939676884],[-77.7240131827539,-0.8292081070083339],[-77.72454570096569,-0.8283290930527181],[-77.72492630902262,-0.8274117138463148],[-77.72524954538736,-0.8269722525094768],[-77.72540178417785,-0.8266091245658898],[-77.72553507779361,-0.8261886239338676],[-77.72502233829162,-0.8261117232562244],[-77.7243006169297,-0.8261111237986],[-77.72329428916215,-0.8257661529011221],[-77.72283868535405,-0.8254981135518926],[-77.72244027876361,-0.8249624610906708],[-77.72200405856712,-0.8242164727013341],[-77.72151051731855,-0.8238910470987801],[-77.72109260171332,-0.8239862939559741],[-77.7205604335494,-0.8244446986398261],[-77.7200476968,-0.8243677985983181],[-77.71959184392347,-0.8244056569684656],[-77.71926848470832,-0.8249980639663747],[-77.71917273814304,-0.8259539129359526],[-77.71900090933673,-0.827043527382231],[-77.71907596761689,-0.8281524661850446],[-77.71922735749182,-0.8288217422658756],[-77.71926490116586,-0.8293570934740161],[-77.71930255583602,-0.8297586148417184],[-77.71894122318827,-0.830331869313528],[-77.71856115092226,-0.8305992111858832],[-77.7183147211701,-0.8300254489334408],[-77.71799216317174,-0.8296428077234317],[-77.71763168263392,-0.8291836616816093],[-77.71734718905198,-0.8287054615108829],[-77.71681561856003,-0.8284373583028825],[-77.71609363482955,-0.8287617698983804],[-77.71558017473704,-0.8295643177232704],[-77.71516202355137,-0.8299463374632664],[-77.71449703328571,-0.8302516761048377],[-77.71402203212939,-0.8304807003086381],[-77.71341411446959,-0.8306713754171018],[-77.71276837070725,-0.8306708341971131],[-77.71191380518943,-0.8305554065977282],[-77.71149644556517,-0.8299815045718595],[-77.711401831591,-0.8295608208090531],[-77.71155422846495,-0.8290065140444441],[-77.71166851519295,-0.8286051228542499],[-77.71189700751607,-0.8278979326282787],[-77.7120306164062,-0.8270950703200238],[-77.71212583091561,-0.8267892553207778],[-77.71225926583504,-0.8261966954029095],[-77.71214631674401,-0.8249730214517513],[-77.71210894467289,-0.8242273723699883],[-77.71167290387227,-0.8232710883105749],[-77.71100904742954,-0.8221999066205936],[-77.71068645884795,-0.8218555074579372],[-77.70990861684362,-0.8208224695103232],[-77.70930133042576,-0.8202484142467942],[-77.70875108359773,-0.819597934145214],[-77.7084665585147,-0.8191579766561975],[-77.70822008007218,-0.8186415773281767],[-77.70806846895195,-0.8182399665247959],[-77.70793608415259,-0.8175515962339773],[-77.70808841246806,-0.8170737640569612],[-77.7085445549192,-0.8166726550779708],[-77.70905762750021,-0.8163289476061404],[-77.70964676290292,-0.8158705923665701],[-77.70998888935415,-0.8155458618063384],[-77.71040715520644,-0.8150108911766364],[-77.71086351465486,-0.8143421225361169],[-77.71131948615121,-0.8141513134023242],[-77.71187028047893,-0.8141326473869456],[-77.71223096450359,-0.8143432466489894],[-77.71266726243132,-0.8149936319322363],[-77.71333104835132,-0.816160403833839],[-77.71418514752466,-0.8168493713056116],[-77.71534339039742,-0.8172135771700205],[-77.71661604091628,-0.8170234405860288],[-77.71718589258312,-0.8169283167829625],[-77.71802190340593,-0.8165083967164485],[-77.71832578394167,-0.8165086466799542],[-77.71883837968838,-0.8167576101915803],[-77.71952178387546,-0.8171596614591924],[-77.71993929380727,-0.8175614951928275],[-77.7207557872695,-0.8177915907788058],[-77.72132554822436,-0.817811178638686],[-77.7217054304526,-0.8177732535529635],[-77.72218060204133,-0.8173339166136263],[-77.72263690475306,-0.8167416143717461],[-77.72277044170691,-0.8160152160914004],[-77.72286589956984,-0.8154034979424113],[-77.72317021466618,-0.8148684255556761],[-77.72360750765519,-0.8142952248154398],[-77.72425396610662,-0.8134162964425434],[-77.7253945250664,-0.8121745140956327],[-77.72583184767545,-0.8115630736631344],[-77.72636384131182,-0.8113149646642046],[-77.72664879173875,-0.8112387220045096],[-77.72697175878523,-0.811124272315839],[-77.72737075812103,-0.810933410352922],[-77.7273332955999,-0.8102833435058325],[-77.72678316890965,-0.8094607916586573],[-77.72606233886303,-0.8083513211781297],[-77.72515202657002,-0.8066872563896207],[-77.72481083373323,-0.805845758375686],[-77.72435569968016,-0.8049850497547307],[-77.72409026182183,-0.8044112754431109],[-77.72380596823483,-0.8036654177577665],[-77.72357862130164,-0.8029578442836685],[-77.72319904503526,-0.802613402000321],[-77.72293276866063,-0.8030911531222029],[-77.72285588408691,-0.804238208484502],[-77.72310161043397,-0.8057105427293331],[-77.7236137053525,-0.8065904149514823],[-77.72378410211869,-0.8072597061097208],[-77.72380249727846,-0.808005348736146],[-77.72380209853075,-0.8085024329367999],[-77.72355473495243,-0.8090757918308105],[-77.72315533805318,-0.809763737302799],[-77.7227560945213,-0.8102604969863316],[-77.72178661275416,-0.8113303482302374],[-77.72070331330592,-0.8122280379996146],[-77.71988614154768,-0.8128391635537843],[-77.71791058198617,-0.8132581543517777],[-77.71654312466848,-0.8132570336734813],[-77.7153660264621,-0.8127207508306973],[-77.71470200259665,-0.8118407564268686],[-77.71434193474947,-0.8108654198681396],[-77.71451346747209,-0.8101199403433254],[-77.71506492533793,-0.8092791769232335],[-77.71523625681489,-0.8087822365004073],[-77.71527504174726,-0.8077881067120914],[-77.71538945677327,-0.8072146454833059],[-77.71550402488143,-0.8064499985100818],[-77.71588454733778,-0.8056090941435824],[-77.71639787820288,-0.8049403630595796],[-77.71700618650328,-0.8042525903208076],[-77.71744383705747,-0.803220544734959],[-77.71807135061071,-0.8022651250429368],[-77.7183375953232,-0.8018256139484049],[-77.71856606765753,-0.8011184123368313],[-77.71871864653829,-0.8003155560210855],[-77.71885227762894,-0.799455328639162],[-77.71889097574778,-0.798556787924345],[-77.71866373450516,-0.7977153881113221],[-77.71815136386404,-0.7971796579537873],[-77.71779131038201,-0.7961660860000789],[-77.71767811255509,-0.7952100689200565],[-77.71762192111645,-0.7942158600832145],[-77.71754644950346,-0.793584887612458],[-77.71743288761353,-0.7930877154398961],[-77.7171864693168,-0.7924757254439956],[-77.71701601947086,-0.7918637963618819],[-77.7170355839738,-0.7911373090092151],[-77.71751118990977,-0.7901244056709961],[-77.71773954826678,-0.7895510316637319],[-77.71808171117122,-0.7891689331764195],[-77.71846169343182,-0.7889971677660743],[-77.71893651816725,-0.7889784263052206],[-77.7192783063951,-0.7890742911313526],[-77.71999998669943,-0.7891131013478803],[-77.7205509767952,-0.7888458787755647],[-77.72106410147833,-0.7884256775907555],[-77.72163436788853,-0.7877952154252379],[-77.72199567313841,-0.7872219435849299],[-77.72243288736982,-0.7867252060260622],[-77.72304078031344,-0.7865536188601805],[-77.72374354584123,-0.7864968190078965],[-77.72457961718287,-0.785981276374785],[-77.7253206969957,-0.7855038946873736],[-77.72587216457006,-0.784624870827722],[-77.72644253415847,-0.7838605718894327],[-77.72691785214386,-0.7832109101541344],[-77.72746925775739,-0.7824083583842891],[-77.72783060525174,-0.7817777237602818],[-77.72794519688242,-0.7809557087116387],[-77.72815452903015,-0.7804205481689929],[-77.72843960853244,-0.780172228169634],[-77.7291043325549,-0.7801918670490678],[-77.7301867449404,-0.7804030215459102],[-77.73098440344704,-0.7804418834971129],[-77.73176293677695,-0.7806528001878693],[-77.73233271534373,-0.7806532463968258],[-77.73387111694753,-0.7806544507724069],[-77.73483974149703,-0.7806552087933326],[-77.73542866143129,-0.780464480883884],[-77.7359037585753,-0.7801015940610092],[-77.73656895925238,-0.7795094281242144],[-77.73729118194652,-0.7788599491567425],[-77.73767140342565,-0.7783822725279487],[-77.73839319962397,-0.7782872400351882],[-77.73900086291941,-0.7784215461449718],[-77.7403110380898,-0.7788431845418361],[-77.74122246975631,-0.7791306798768104],[-77.74211508660339,-0.7791887323839022],[-77.74310275596736,-0.7791321449514544],[-77.74374865822078,-0.7789414568590676],[-77.74492628671271,-0.7788467788086334],[-77.74551519686537,-0.778675165802276],[-77.74688262385841,-0.7787527049471693],[-77.74792701223001,-0.7790403040507347],[-77.74885757566841,-0.7791557422141298],[-77.74957929188578,-0.779175422764379],[-77.75012999921356,-0.7792905655811542],[-77.75185813733675,-0.7795786968942713],[-77.7528267946186,-0.7795603302470356],[-77.7540992371551,-0.7796760339654437],[-77.75521982560825,-0.7796769043531967],[-77.75656839011097,-0.7796014750558684],[-77.75799291421644,-0.7795452218092477],[-77.75924656117546,-0.7794123588486802],[-77.75994954106332,-0.7791069946677729],[-77.76099458599175,-0.7785533432997563],[-77.7632722173945,-0.7774724692704235],[-77.76455509477582,-0.7763740925574247],[-77.76588549059053,-0.7752279503747476],[-77.76702609973664,-0.7738904651490396],[-77.76788137471931,-0.7731263415719907],[-77.76892690715589,-0.7719321740602745],[-77.77068129281608,-0.7689400331053325],[-77.77186948614009,-0.7674591718778974],[-77.77289164723761,-0.7657630858875687],[-77.77360486184645,-0.7644730534932334],[-77.77407443728478,-0.763565227116557],[-77.77419374710382,-0.7627587090670256],[-77.7744616639837,-0.7616535578193006],[-77.77496695180965,-0.7606083344693315],[-77.77544258275866,-0.7595332123595239],[-77.77606679805601,-0.7581893313900037],[-77.77675014498924,-0.7571442378404089],[-77.77814631412699,-0.7553229380519694],[-77.77918633290761,-0.7535312420258596],[-77.78001876279585,-0.7515302657069702],[-77.78049436249317,-0.7504850088462155],[-77.78064388415224,-0.7489316411694419],[-77.78097120502858,-0.7477368988090329],[-77.78156579292433,-0.7463033566168402],[-77.78204158327792,-0.744989223833433],[-77.78290293627347,-0.7440039934282658],[-77.78331945572916,-0.7425703154691109],[-77.78361694058783,-0.7415846695912873],[-77.7841516256657,-0.7408979427238808],[-77.78483486971292,-0.7399723266613083],[-77.78509941592532,-0.7393914560713402],[-77.7854918513793,-0.7384238016119072],[-77.78581311218002,-0.7373843944347761],[-77.7859206705867,-0.7363806814015887],[-77.78581455155486,-0.7353768122170351],[-77.78535284403775,-0.7336198434227722],[-77.78471286566644,-0.7321495440597688],[-77.784429675691,-0.7297474131121355],[-77.78478697140008,-0.7280985868430747],[-77.78525102706007,-0.7265573842624672],[-77.78575102123887,-0.7245501595149513],[-77.78621532269686,-0.7226504575409989],[-77.78732037077333,-0.7211455552297851],[-77.78810480334258,-0.7197838216040432],[-77.7888891590851,-0.7185296353207836],[-77.78960246333878,-0.7170244479873967],[-77.79013752654161,-0.7157700807370614],[-77.79060123939244,-0.7146949121868653],[-77.79134990166916,-0.7135482423565015],[-77.79206498315077,-0.7128938871146265],[-77.79299126115102,-0.7123926380972043],[-77.79401273858521,-0.7115568542834844],[-77.7946542301509,-0.7108881031512614],[-77.79491575396598,-0.7103624862792524],[-77.79581873449938,-0.7092159153126347],[-77.79653164865019,-0.708260411006178],[-77.79726810682585,-0.7075917218420508],[-77.79838425504386,-0.7071861961912951],[-77.79919172619809,-0.7068282563643891],[-77.80033178199794,-0.7061837437199469],[-77.80099694956984,-0.7056106015799125],[-77.80201824619341,-0.7050377050888882],[-77.80318225676609,-0.7040825018531768],[-77.8039901529132,-0.7031031506253538],[-77.80467933817162,-0.7021237159489474],[-77.80577241355873,-0.7007382535097207],[-77.80658035600375,-0.6996871960010317],[-77.80755423410378,-0.6990186550629373],[-77.80793451113432,-0.698421408204946],[-77.80846289116094,-0.6977225358986207],[-77.80888516842793,-0.6980460940764844],[-77.80911831772848,-0.6982786420662747],[-77.80948697359713,-0.6986463470561459],[-77.81025254164838,-0.6994099416859064],[-77.81113915494281,-0.7002942713405746],[-77.81328623853926,-0.7026379861246423],[-77.81517252400772,-0.7044437687839915],[-77.81594357968326,-0.7052808178065642],[-77.81504826053208,-0.7063030554725029],[-77.81465104298142,-0.7067565818298251],[-77.81393660834256,-0.7076007750455047],[-77.81329663941926,-0.7083569753928226],[-77.81305836599928,-0.7095996328982087],[-77.81217883692767,-0.7111525500908628],[-77.8105626375761,-0.7136609642695487],[-77.80899371809402,-0.7164562075034968],[-77.80881032773486,-0.7170670352162504],[-77.80826121558383,-0.7205532725718425],[-77.80807001087315,-0.72236956239443],[-77.8081161239557,-0.7243294206405037],[-77.80830549237196,-0.7251421659265388],[-77.80882681607862,-0.7265765571810782],[-77.80968066451041,-0.7278199832468193],[-77.8111036206522,-0.7300676335497318],[-77.81319011044984,-0.7340843977901448],[-77.8140433112299,-0.7362360517769849],[-77.81423202658813,-0.7379570210668913],[-77.81370826055654,-0.7399642804058547],[-77.81327946061856,-0.7419716065400537],[-77.81375324765986,-0.7434537783406667],[-77.8145599083877,-0.7442669806380722],[-77.81560420075546,-0.7447935517946298],[-77.81641096557695,-0.7454633535637251],[-77.81731208221265,-0.7469936442878394],[-77.81802349870391,-0.748189190596912],[-77.81920952474248,-0.7497196943445991],[-77.82044262105212,-0.7518238501074483],[-77.82101168303598,-0.7528758948641944],[-77.82252948146977,-0.7552670745156024],[-77.82309801996384,-0.7570361430380744],[-77.82456867776618,-0.7589492846759731],[-77.82608561367249,-0.7625116158038919],[-77.82731838307798,-0.765046012548335],[-77.8278844654858,-0.7662315145236717],[-77.82857270820575,-0.7727525630273516],[-77.82861924149688,-0.7731934825714601],[-77.82931377514095,-0.7797745444766393],[-77.82996513647174,-0.7859468656007994],[-77.83027375004525,-0.7888714202619488],[-77.8300852379694,-0.793068771530858],[-77.82984325364608,-0.798456142186236],[-77.8298331480496,-0.7986811219824019],[-77.82969405854935,-0.801777417206997],[-77.82963115115456,-0.8034368606877663],[-77.82939318678368,-0.8038105093457595],[-77.82908417503039,-0.8042643834497881],[-77.8285378423286,-0.8045746659952493],[-77.82799169455633,-0.8046459403840801],[-77.82758813577337,-0.8045500207167549],[-77.8272321181303,-0.8043824361948094],[-77.82682850423068,-0.8043582195933251],[-77.82623474158936,-0.8045967618557537],[-77.8258780956335,-0.8052418015622327],[-77.82559286358688,-0.8056478904307497],[-77.82514146753802,-0.806006046904164],[-77.8244761794648,-0.8066269423249408],[-77.82364448628839,-0.8075106130729257],[-77.8229078015239,-0.8083465564950958],[-77.82250418815487,-0.8083223370999002],[-77.82157819189614,-0.8083455081350401],[-77.82088944039398,-0.808607871404073],[-77.82001050332975,-0.8091807917118743],[-77.81944027999157,-0.8096822533165745],[-77.81877540329394,-0.8097773303542184],[-77.81806307732806,-0.8098245683292081],[-77.81749302334417,-0.8101109232147937],[-77.81737395391144,-0.8105649396403694],[-77.81725484689063,-0.811066756281645],[-77.8169694827852,-0.8116401423910135],[-77.816304325524,-0.8120937241416043],[-77.8153786708412,-0.8116866817317326],[-77.81459498816521,-0.8119011635966991],[-77.81414310495352,-0.8128807235975398],[-77.81395248678872,-0.8137409883260817],[-77.81345319191922,-0.8146249068771824],[-77.81250276376488,-0.8155323655357025],[-77.81150552665812,-0.8155793706819858],[-77.81048462428271,-0.8155307547061297],[-77.80868022961667,-0.8154576127860749],[-77.80765929243191,-0.815456797122046],[-77.80701840815127,-0.8152411819079501],[-77.80659156695343,-0.8145716329122519],[-77.80609332833603,-0.8141171303206699],[-77.80561858841935,-0.8139733501433275],[-77.80469243644397,-0.8142116133032653],[-77.80409839891698,-0.8148086437390036],[-77.80355192215382,-0.8153101111098207],[-77.80347377843691,-0.8147245003450119],[-77.8033790346558,-0.8144376218563621],[-77.80307083290516,-0.8138637711251329],[-77.8027626686665,-0.8132421201657274],[-77.80238301229754,-0.8129550146656268],[-77.80212220159079,-0.812500703579085],[-77.80164755677751,-0.8122374234480081],[-77.80107769794337,-0.8122847685930278],[-77.80038876902132,-0.8127861217085077],[-77.79953366104759,-0.8132634414942554],[-77.79870229642754,-0.8137407792798294],[-77.79855955780714,-0.8140991666559085],[-77.79796541060152,-0.8148395936242389],[-77.79760902739,-0.8151500090267532],[-77.79718120881962,-0.815723267303593],[-77.79665857111011,-0.8161052486765887],[-77.79587482430281,-0.8164153199843458],[-77.79518608416461,-0.8166776667686425],[-77.79452125881926,-0.8167249327894238],[-77.79354721263536,-0.8174889495575666],[-77.79330910485868,-0.8183491558883493],[-77.79314233750787,-0.819066020753218],[-77.79264306209448,-0.819926016432327],[-77.79223911716254,-0.8203319887969689],[-77.79193023741817,-0.8206185388103735],[-77.79136053483982,-0.8204746791714033],[-77.79086196424302,-0.8204503757869807],[-77.79060032173885,-0.8210476621549296],[-77.79048115184463,-0.8216211630735726],[-77.7902906973483,-0.822266306549459],[-77.78998164530282,-0.822767953676687],[-77.7897911517709,-0.8234608956272639],[-77.78955326859936,-0.8240342993761846],[-77.789291566414,-0.8247032833738184],[-77.78910097465415,-0.8255157237606158],[-77.78879151758399,-0.8265192667008836],[-77.7889096527174,-0.8272363582327209],[-77.78909907209945,-0.8278818095487381],[-77.78954981204416,-0.8283362746409239],[-77.78966810032385,-0.8288621680722559],[-77.78966761853466,-0.8294596649472348],[-77.78966711710578,-0.830081061333675],[-77.78976185464299,-0.830367937721477],[-77.7902126134477,-0.8307985046073124],[-77.79082941419321,-0.8314204069470803],[-77.79125612101217,-0.832233353406596],[-77.79118435136616,-0.8329024923283218],[-77.7908036204669,-0.8339537757791893],[-77.79056501288369,-0.835411473084989],[-77.79044548480101,-0.8364151701448774],[-77.79034989326063,-0.8371798885519132],[-77.79006420489287,-0.8381356479765198],[-77.78939891052109,-0.8387564951214482],[-77.78875766934505,-0.838994963703439],[-77.78804545500735,-0.8389226752619128],[-77.78728601070311,-0.8385396500610329],[-77.78676402979518,-0.8381090217756829],[-77.78612329736445,-0.837726095523882],[-77.78550611331316,-0.8375821861221239],[-77.78479380489043,-0.837629397103343],[-77.78386781573542,-0.8376764311871837],[-77.78287077539123,-0.837508308256073],[-77.78227718018306,-0.8375556168888248],[-77.78182553005219,-0.8382244347975865],[-77.78139750503766,-0.83903666944434],[-77.78108842551543,-0.8395622056284084],[-77.78070806040402,-0.8401593820466065],[-77.78035143686351,-0.8407565777044509],[-77.78008966465022,-0.841497249405646],[-77.77997065908944,-0.841855644437929],[-77.77973262792331,-0.8425963353211408],[-77.77975574180682,-0.8433611437402941],[-77.7797549548769,-0.8443171284114139],[-77.77980214335223,-0.8446756626461442],[-77.78034780174258,-0.8451780108934414],[-77.78051380085168,-0.8454171462811928],[-77.78089342090196,-0.8457281591166834],[-77.78120872822147,-0.8461165269932396],[-77.7815097540744,-0.8468997587360089],[-77.78214998757085,-0.8478801821832126],[-77.782505647604,-0.8484540727708216],[-77.78326477062198,-0.8492194997050356],[-77.78371555876144,-0.8496022741917179],[-77.78459371009282,-0.8499854066090672],[-77.78556708951622,-0.8500579222691488],[-77.78599455205203,-0.8499387817615216],[-77.78635055613842,-0.8503854881545638],[-77.78667770335532,-0.8509880382849184],[-77.78706182033388,-0.8516049755785362],[-77.78726065114161,-0.8523364773926333],[-77.7874881977135,-0.8527955452738147],[-77.78782956591598,-0.8534267875593553],[-77.78795747736272,-0.8537853929164029],[-77.78856979536856,-0.8540727068420559],[-77.78902548489168,-0.8542738488951201],[-77.78966643844416,-0.8543891076916461],[-77.7898656847477,-0.8546187147387401],[-77.7899224641268,-0.8548625408630398],[-77.790135789877,-0.855292918559604],[-77.79057701986254,-0.8557521683755097],[-77.79093253806678,-0.8564981454499414],[-77.79084656329582,-0.8571003501871683],[-77.79050449066443,-0.8573151608968589],[-77.79014811276566,-0.8576016579592218],[-77.78974892654584,-0.8579741588898097],[-77.78970585492851,-0.8583756405050329],[-77.7898621963771,-0.8588059706333389],[-77.78991887898697,-0.8591645170115316],[-77.7900894306538,-0.8596378790851095],[-77.79049167017723,-0.8600163353646387],[-77.79136968661705,-0.8605667773355529],[-77.79217643599547,-0.8611649597008866],[-77.79238980020202,-0.8615475394872353],[-77.79243654505808,-0.862431876681833],[-77.79269697271971,-0.8633163955739691],[-77.79300496562469,-0.8641053560398905],[-77.7935266821054,-0.8648466987578275],[-77.79392978626016,-0.8654684411870621],[-77.79419037309417,-0.8661617624079092],[-77.79454542784705,-0.8674526645950036],[-77.7947584877654,-0.868193746297886],[-77.79482909194768,-0.8689347065172537],[-77.79485206773646,-0.8698429263309171],[-77.79475582353606,-0.87134854331886],[-77.79437523141655,-0.8721847169530434],[-77.79399435484494,-0.8733554889762936],[-77.79366118584441,-0.8742634008086692],[-77.79342339276056,-0.8746933955693059],[-77.79316165388786,-0.8753623691758544],[-77.79308977423209,-0.876127105470731],[-77.79294689068091,-0.8766288820253032],[-77.79294632054645,-0.8772980794360968],[-77.79292184445853,-0.8781584566109119],[-77.79299201160956,-0.8794013147106701],[-77.79315725107831,-0.8805247564507456],[-77.79339363492078,-0.8817438587323656],[-77.7935829433321,-0.8824849219891554],[-77.793582553995,-0.8829390215994232],[-77.79334438751057,-0.8837992123761526],[-77.79355718965434,-0.8848270963405411],[-77.79388895277147,-0.8855682844254494],[-77.79426824173534,-0.8862617142418824],[-77.79495587894314,-0.8873139137553139],[-77.79578605543857,-0.8882706395256661],[-77.79652150840998,-0.8889404821974818],[-77.79766015890115,-0.8901125803669553],[-77.79915464429281,-0.8916434940376822],[-77.80043546462677,-0.8931503234826106],[-77.8008622392342,-0.8938438024677315],[-77.80128895156518,-0.8946089813178244],[-77.80128851637019,-0.8951108838958762],[-77.80135365035166,-0.8953521170039589],[-77.80052202970624,-0.8958891787584528],[-77.79972007854676,-0.896605476733452],[-77.7992448808007,-0.8969934349620357],[-77.79894765092146,-0.8975010492996144],[-77.79882844155348,-0.898068571553441],[-77.79885757380501,-0.8986959749067126],[-77.79885692265275,-0.8994428515762659],[-77.79876726058313,-0.9001597752912158],[-77.79861839693795,-0.9006973948526324],[-77.79835079161695,-0.9012647850994804],[-77.79807129894665,-0.9018500897328731],[-77.79766689391387,-0.9027340332241875],[-77.79728616701237,-0.903689697007664],[-77.79704796177727,-0.9045737877022694],[-77.79697580842165,-0.905625325457073],[-77.79714127460059,-0.9064619739691931],[-77.79723515345778,-0.9077048601249388],[-77.79763785843093,-0.90875682204605],[-77.79785097751716,-0.9094023146487743],[-77.79815892050567,-0.9102151921783986],[-77.79825319581326,-0.9110039791520659],[-77.7979440496908,-0.9115534030757474],[-77.79768236851693,-0.912126770709247],[-77.79723059421958,-0.9128672671778688],[-77.7965651100299,-0.9136314706383644],[-77.79630374569193,-0.9138463365478863],[-77.79582837515856,-0.9144195094664218],[-77.79532900687403,-0.9152794605628722],[-77.79485312543657,-0.9164262312490007],[-77.794756769323,-0.9179796436511923],[-77.79489801324023,-0.919342070827439],[-77.79530068467074,-0.9204179356839078],[-77.79549007395188,-0.9210395072984295],[-77.79582192223882,-0.9216612082683551],[-77.79610645415326,-0.9220916666046732],[-77.79658065373424,-0.9228329976140037],[-77.7969124588199,-0.9235024999753377],[-77.79750472998766,-0.9249609404845652],[-77.79759908094515,-0.9256541277222424],[-77.79764630993722,-0.9259409717133795],[-77.79776345735104,-0.9276857825421049],[-77.79766779560785,-0.9284504977396482],[-77.79757165915755,-0.9297410122197979],[-77.79723845661997,-0.9306250100865823],[-77.79678683957867,-0.931174297840819],[-77.79643034584556,-0.9315563717324901],[-77.79593130671242,-0.9320339142493544],[-77.79533731599432,-0.9324874703806159],[-77.79424458914595,-0.9330839667478034],[-77.79398304645872,-0.9334900264987375],[-77.79334141837043,-0.934110835837368],[-77.79293748101485,-0.9344450633064917],[-77.79262847312596,-0.9348271788106656],[-77.79231922618247,-0.9354721919509859],[-77.79205750874307,-0.936069449327721],[-77.79172434323215,-0.936905638866448],[-77.79161926847064,-0.9375696613349297],[-77.79153346666331,-0.9379280800848903],[-77.79144687969593,-0.9391468958133927],[-77.79141794282995,-0.9396344271365564],[-77.79151717908428,-0.9401650968578217],[-77.79177312043676,-0.9406959127479764],[-77.79225696928661,-0.941255619054716],[-77.79266352158665,-0.9417054947176204],[-77.79255691648227,-0.9418036797540397],[-77.79253238506071,-0.9426640547796761],[-77.7928169313624,-0.9430706173517852],[-77.79331496884426,-0.94369247844755],[-77.79364662820669,-0.9445053859737886],[-77.79390740956211,-0.9449358269325087],[-77.7942395072921,-0.9452707359256216],[-77.79490348430862,-0.9461795533989451],[-77.79509310091142,-0.9465382291100142],[-77.79530630748087,-0.9470642280902318],[-77.7955195129944,-0.9475902263723244],[-77.79589889965264,-0.9481402803875654],[-77.79642081274113,-0.9486187677930272],[-77.79677665366088,-0.9489536998170695],[-77.79741761395488,-0.9490737980906035],[-77.79784495009868,-0.9491219970683433],[-77.79846190313164,-0.9495288742015896],[-77.79936322695323,-0.9505335189011862],[-77.79990861926363,-0.9512988312848536],[-77.80021682066658,-0.951801021575574],[-77.80031117715755,-0.9524703132362213],[-77.80045293110949,-0.9532352502769181],[-77.80052338809766,-0.9540718200472799],[-77.80061730085029,-0.9552191144259589],[-77.80094911130432,-0.9558647288416537],[-77.80118601463293,-0.9564385542446537],[-77.80156535623254,-0.9570364144240497],[-77.80222937619448,-0.9578974441525648],[-77.80267986024174,-0.9585909724848162],[-77.80320132951836,-0.9595474699907428],[-77.80353289543889,-0.9604559897513062],[-77.80369825471062,-0.9613643533114437],[-77.80407708328511,-0.9625119199326796],[-77.80414731204769,-0.9635874960878432],[-77.80405166814448,-0.9643044112752366],[-77.80405070818132,-0.9653321194919104],[-77.80426384253023,-0.9659298268449894],[-77.80459573864017,-0.9664798454739861],[-77.8046662088428,-0.9672925204752907],[-77.8044283247622,-0.9677702983862031],[-77.80416694357349,-0.9679851525973755],[-77.80395217475379,-0.9691321578398399],[-77.80397499903627,-0.97011208795823],[-77.80399815849763,-0.9707335152169905],[-77.80432955875916,-0.9718093407833793],[-77.80477954068151,-0.9730286802877341],[-77.80468370980181,-0.9739367974116356],[-77.80437423052213,-0.9747969094532039],[-77.80413627566752,-0.9753463867486775],[-77.80392217582914,-0.9757763855453997],[-77.80389807116426,-0.9761587654982071],[-77.80411117637229,-0.9767803748352513],[-77.804110452853,-0.9775451803505584],[-77.80403854310583,-0.978262117840486],[-77.80396656487406,-0.9790507556183379],[-77.80394227675284,-0.9796243368480659],[-77.80389415511613,-0.9802934963376374],[-77.80389333813432,-0.9811539027924596],[-77.8038448282652,-0.9822293646444528],[-77.80382040276942,-0.9829463473865484],[-77.8037482377936,-0.9839261850405219],[-77.80369997655869,-0.984738745829647],[-77.80329585412696,-0.9852402591596744],[-77.80277296811123,-0.985789457707491],[-77.80182294553022,-0.9860753397480033],[-77.80096826415581,-0.9859789123121341],[-77.7999476526709,-0.985595521641352],[-77.79885576501643,-0.9852598636950533],[-77.79795366746528,-0.9850916896061481],[-77.79724129179678,-0.9851627007158524],[-77.79682386878122,-0.9853130754527439],[-77.7963668317463,-0.9851176549576786],[-77.79581616371034,-0.9849259215042436],[-77.79509448808682,-0.9847913823838952],[-77.79456254163703,-0.9848864673514921],[-77.79382649286822,-0.9848857540420831],[-77.79304291262656,-0.984932794582547],[-77.79230686494867,-0.9849320809017932],[-77.79183213278478,-0.98478822040167],[-77.79131007388656,-0.9844770153886602],[-77.79066929898649,-0.9841656955234978],[-77.78934017114643,-0.9836386103191639],[-77.788438106457,-0.9834465371803153],[-77.78751223013666,-0.9833261403473702],[-77.78665756165421,-0.983229711971904],[-77.78573177856622,-0.9830137165439955],[-77.78454461381196,-0.9830125649914566],[-77.78364255371538,-0.98282049200909],[-77.78276435090363,-0.9825089437007888],[-77.78188610405019,-0.9822451943199769],[-77.78084151819434,-0.9821246832290932],[-77.77979718528712,-0.9817412747703644],[-77.77908518918007,-0.9814298888255457],[-77.77794620577092,-0.9807117963982872],[-77.77723448461272,-0.9801136164277074],[-77.776570456787,-0.9793003877941875],[-77.77590622259113,-0.9787022553242132],[-77.77528942928298,-0.9781519686912542],[-77.77467284168873,-0.9773865876433202],[-77.77310726486776,-0.9758555058279403],[-77.772419358011,-0.9751856567713925],[-77.77163682102308,-0.9741572244203202],[-77.77049802791852,-0.9732479469628358],[-77.76964376274437,-0.9727452355571948],[-77.76888437812738,-0.9723382141809592],[-77.76795879511239,-0.9719310320950069],[-77.76747760546755,-0.9717126336358419],[-77.76714840221159,-0.9724787990581468],[-77.76679498884378,-0.9723600976368113],[-77.76636761980609,-0.9723596852066528],[-77.76582142236674,-0.9724786545943828],[-77.76546516704984,-0.972597807179809],[-77.764776559453,-0.9726688398676667],[-77.76456287442296,-0.9726686334644029],[-77.7641118541723,-0.9725726003124063],[-77.76375578168447,-0.9725005587140704],[-77.76323346551989,-0.9724761552089906],[-77.76259216171992,-0.9727384267984408],[-77.76199836651062,-0.9729768450113395],[-77.76159469611744,-0.9730242532350187],[-77.76040765544023,-0.9729275078189951],[-77.75990944744312,-0.9725207405524912],[-77.75974363754771,-0.9721142941045938],[-77.7594356904556,-0.9713731226663193],[-77.75922273567747,-0.9706081445737283],[-77.7591757967105,-0.9700345200322982],[-77.75929521495662,-0.9692937616728977],[-77.75977074879556,-0.9685772450049174],[-77.7603172600396,-0.9681236874700679],[-77.76081633120718,-0.967622285137501],[-77.76152935828644,-0.9668342971883586],[-77.76207623159334,-0.9659983498121776],[-77.7625047303242,-0.9648038002604504],[-77.76283796299599,-0.9639198484148793],[-77.76307613454736,-0.9631314014503323],[-77.76331405734142,-0.9626058453085251],[-77.76376595609712,-0.9617698040175501],[-77.76412268146335,-0.9611487640118895],[-77.76447933894528,-0.960599421132637],[-77.76523959820086,-0.9600743615146197],[-77.76576229591855,-0.9596924710717563],[-77.76619018065085,-0.9591431944189812],[-77.76671285671897,-0.9587852028425853],[-77.76766321444335,-0.9580930252282169],[-77.76842365387846,-0.9573767675744906],[-77.76901829556853,-0.9562301615979156],[-77.76925621482421,-0.9557046011950494],[-77.76944673750592,-0.9550833976656302],[-77.7696374383403,-0.9542709989862234],[-77.76966178399189,-0.9536257378478834],[-77.76956761529387,-0.952765270585997],[-77.76930702500384,-0.9521436403785775],[-77.76847685438797,-0.9512585801278562],[-77.76824002922677,-0.9506130733897569],[-77.7680743417977,-0.9500632327214337],[-77.7679323306916,-0.9495851115432387],[-77.76788535612081,-0.9490353820641512],[-77.76774389938987,-0.9479597784790336],[-77.76724583579248,-0.9473857252416412],[-77.76681875701219,-0.947074632484688],[-77.76622543657065,-0.9468111825488996],[-77.76534702800275,-0.9467386591714739],[-77.76491988357617,-0.9464992646811564],[-77.76451668099872,-0.9460447998084321],[-77.76437475776373,-0.9454710833196179],[-77.76432753823403,-0.9451842483241316],[-77.76416202642598,-0.9444432157024053],[-77.7642574393171,-0.9439653196040944],[-77.76404439728266,-0.9432720414284137],[-77.76380748023547,-0.9427221364320264],[-77.76354671048568,-0.9422917056678007],[-77.76311976511502,-0.9418372207127512],[-77.76217028750943,-0.9415973397875976],[-77.76133916897331,-0.9417399568293913],[-77.76053190445013,-0.9417631007202075],[-77.75972494981984,-0.9414516558973796],[-77.75908417071697,-0.9411642657652778],[-77.75811088805948,-0.9409960602570161],[-77.75763599661867,-0.9410434139722172],[-77.75706587135817,-0.9413774669558701],[-77.75640079862086,-0.9416875317131773],[-77.75590198891098,-0.9419260548282526],[-77.75523698297128,-0.9421644216834834],[-77.75450097203287,-0.9421637309508185],[-77.75378894708723,-0.9419001735959757],[-77.75302930607278,-0.9417799654990211],[-77.75231701656821,-0.9418031954830547],[-77.75179448885089,-0.9420177960786759],[-77.75089199672483,-0.9423276346462057],[-77.75003710060355,-0.942518022466639],[-77.74918236037882,-0.9425411172647469],[-77.74875471405888,-0.9428514007015945],[-77.747922561469,-0.9441172586626083],[-77.74716232443245,-0.9446423165867992],[-77.74644986037468,-0.9448567345923866],[-77.74585635210141,-0.944808376636436],[-77.7445034545277,-0.9443769212007566],[-77.74353038758237,-0.9439936225602503],[-77.74250988104755,-0.9435624819241639],[-77.74153728241532,-0.942677311555544],[-77.74084969927377,-0.9416729166588195],[-77.7402097545563,-0.9405012776109106],[-77.73985489080461,-0.9391387185129547],[-77.73997433158779,-0.9383501746764326],[-77.73997499574504,-0.9376332142342072],[-77.73995176213752,-0.9370835224764126],[-77.7398570604065,-0.9367966500000737],[-77.73909807109511,-0.9359833828647026],[-77.7388375072241,-0.9353378752328059],[-77.73888556512685,-0.934716555003328],[-77.73890988022784,-0.9340952125117153],[-77.73850671030358,-0.9336168621619122],[-77.73805585731078,-0.9333535558714074],[-77.73736758715238,-0.9330900279086042],[-77.73684544421909,-0.9328983511009933],[-77.73620479003814,-0.9324914758040657],[-77.73615774685233,-0.9320134596275202],[-77.73622965536778,-0.9312726701229301],[-77.73570779812455,-0.9307703129489214],[-77.73516208970891,-0.9303874269238656],[-77.73480631530411,-0.9300047182766601],[-77.73428461328275,-0.9293350722622545],[-77.73409533863551,-0.928617939963543],[-77.73411989200103,-0.9277337158092966],[-77.73412039637259,-0.9271840495082979],[-77.73414477413382,-0.9264910143611291],[-77.73424035354441,-0.92582194346304],[-77.7345731316521,-0.9253920781405269],[-77.7350724506279,-0.9245799898674404],[-77.7352154030409,-0.9240304549449184],[-77.73514478942012,-0.9233612301765145],[-77.7348128198575,-0.9229068495868002],[-77.73467069726107,-0.9225482394701957],[-77.73464754458247,-0.9219029572271181],[-77.73479103977002,-0.9207559581751089],[-77.73526737379368,-0.9191073963794144],[-77.73576699080027,-0.9179607237457916],[-77.73612407000893,-0.9169095137763202],[-77.73629095411208,-0.9161449120852724],[-77.73629156001385,-0.9154757515708191],[-77.7360073525753,-0.91471073612441],[-77.735509296685,-0.9141367129434075],[-77.73486857453388,-0.9138015463640033],[-77.73463169809398,-0.9132038649953834],[-77.7342759416199,-0.9127972644078947],[-77.73335021294865,-0.9125813299506365],[-77.7326855360099,-0.9124851280874403],[-77.73194976366074,-0.9122454695408971],[-77.7315226533312,-0.9119821954940969],[-77.7312617763544,-0.911671276520587],[-77.73088279639215,-0.9106910922281809],[-77.73088324890097,-0.9101892247750004],[-77.73088380880431,-0.9095678649828061],[-77.73088458342372,-0.908707520512077],[-77.73102763496934,-0.9080384933951551],[-77.73102812909532,-0.9074888287385557],[-77.73100496673645,-0.9068435491322527],[-77.73043557921667,-0.906388959544658],[-77.72981849433752,-0.9061733125322532],[-77.72908311014397,-0.9055034872722832],[-77.72865666464132,-0.9044993660288791],[-77.72792245749032,-0.9025151315971458],[-77.72718756468578,-0.9012956473591277],[-77.72687941815748,-0.9007457054993679],[-77.72664275134669,-0.8999090486948704],[-77.72661999077613,-0.8988097027305711],[-77.7261936475145,-0.8976860947337568],[-77.72548219504577,-0.8968012134048265],[-77.72529368807123,-0.8951998553698791],[-77.72519982635197,-0.8939570564171876],[-77.72503514071158,-0.8922601269589601],[-77.72498820786643,-0.8916387281942085],[-77.72498863057321,-0.8911607616273304],[-77.72503693687544,-0.8902287698539767],[-77.72456310356283,-0.8891051246458678],[-77.72349563495403,-0.8881004418735303],[-77.72283174522161,-0.8871200190482662],[-77.7223101546992,-0.8863070124448217],[-77.72228689748259,-0.8857573313806552],[-77.72207371096364,-0.8852074811763605],[-77.72157569255295,-0.8845856830084334],[-77.72024694716733,-0.8837241638490041],[-77.71972539823463,-0.882863364176955],[-77.71937028891146,-0.8817159353343449],[-77.7191099531035,-0.8807836746428318],[-77.71877822737713,-0.8800425365644887],[-77.71818486893933,-0.8798508252705228],[-77.7171644248159,-0.8793719574439854],[-77.71676114132683,-0.879013127792687],[-77.7161443986631,-0.8784151279749761],[-77.71559885800234,-0.8778410904760379],[-77.71559944223507,-0.8771719437391026],[-77.71574251297186,-0.876455127380705],[-77.71602775862698,-0.8760491109698265],[-77.7164085292221,-0.8749979294941477],[-77.71614808615558,-0.8741851637001118],[-77.7159113624126,-0.8733963169649849],[-77.71539020436713,-0.8720814624746552],[-77.71522476410411,-0.8712209852536704],[-77.71508306463092,-0.8703605291454776],[-77.7150599232362,-0.8696674641786402],[-77.71567770275304,-0.8690705527535948],[-77.71624787712884,-0.8686169881835543],[-77.7164620195046,-0.8680675185367317],[-77.71655758165981,-0.8673745564393102],[-77.71660588701994,-0.866418673659877],[-77.71701003834005,-0.8657737761293439],[-77.71793622140295,-0.8654400101309055],[-77.71888585788629,-0.8654408380135481],[-77.71983568112107,-0.8652265814272286],[-77.72064326399025,-0.8647732187869013],[-77.72147444503916,-0.8644871628952928],[-77.72270897718361,-0.8644882367539075],[-77.72399091114559,-0.8645849450812985],[-77.72536752361063,-0.8650163119922394],[-77.72657797141427,-0.8654236361636419],[-77.72752730853483,-0.86578293774238],[-77.72816815511034,-0.8659746822617163],[-77.72923650837281,-0.8659756112864542],[-77.73035271339626,-0.8655464091711655],[-77.73097004640779,-0.8654752501090615],[-77.7320146607374,-0.8654761571910122],[-77.73246574423057,-0.8654765487959929],[-77.73332051183387,-0.8653816970527896],[-77.7339854316738,-0.8651910847400534],[-77.73444680553048,-0.8650435531641435],[-77.73357355874579,-0.8647265002075375],[-77.733938562366,-0.8644740880615577],[-77.73417617975022,-0.8642353082940257],[-77.73443743591426,-0.8641160417518383],[-77.73505473019695,-0.8640926781687227],[-77.73571967105347,-0.8638781661297729],[-77.73647959841018,-0.8636398376065357],[-77.73704959452714,-0.863401344321533],[-77.73740604131578,-0.8630192745574632],[-77.73795262257924,-0.8623983821201987],[-77.73852259860867,-0.8621837867491745],[-77.7394960365762,-0.8621368292955741],[-77.74035080896323,-0.8620419715232707],[-77.74115848522226,-0.8614929982238747],[-77.74168136538883,-0.8608242839843299],[-77.74265535385652,-0.860132058562835],[-77.7438422248386,-0.8603720662309157],[-77.7443407363501,-0.8604441920576974],[-77.74502938208856,-0.8602774921678755],[-77.74605053102069,-0.8599676848295701],[-77.74676300080729,-0.8597054095271316],[-77.74740410377116,-0.859610363961986],[-77.74804494488693,-0.8598260043879824],[-77.74840064384489,-0.8603281864211545],[-77.7488275674823,-0.8608304299654868],[-77.74953977522424,-0.8608788398055357],[-77.75041821584001,-0.8608795942412442],[-77.7515342977162,-0.8606176631017235],[-77.75222313020967,-0.8602358705089607],[-77.75257957939799,-0.8598537923861489],[-77.75293631040894,-0.8591371275796489],[-77.75315065238073,-0.8583486444235473],[-77.75315147915474,-0.8573687855210707],[-77.75308542907604,-0.8568620698830246],[-77.75316175705476,-0.8564415120996267],[-77.75316224005667,-0.8558679364758137],[-77.75274485359365,-0.8553131240882108],[-77.752194352083,-0.8549493896089004],[-77.75215696060224,-0.8542419479084288],[-77.75249909685581,-0.8539363315291817],[-77.7525943208497,-0.8536305057192635],[-77.75270890647417,-0.8528849540705973],[-77.75280472316244,-0.8518717183015799],[-77.75301430647248,-0.8510880088376556],[-77.75316686040684,-0.8503616082180628],[-77.75373757082323,-0.8492722957481462],[-77.754251412686,-0.8480491001487636],[-77.7545559431137,-0.8472845883092077],[-77.75493638279949,-0.8465966162087499],[-77.75560232632228,-0.8451823531817807],[-77.75594482586911,-0.8444369898792528],[-77.75621112935941,-0.8439592318480463],[-77.75676244331218,-0.8433478788036197],[-77.75691505548943,-0.8425449969017064],[-77.75702980622887,-0.8415891284550039],[-77.75722035589438,-0.8408436364591764],[-77.75742983548264,-0.8401746364096585],[-77.75786728174589,-0.8394484687516306],[-77.75828565604901,-0.8388178814439011],[-77.75879877604805,-0.8384550421898893],[-77.75889396364529,-0.8381874510522784],[-77.75887536325845,-0.837709453213841],[-77.75898955909975,-0.8374227582348911],[-77.75935082654566,-0.8369450757392556],[-77.75969306787255,-0.8365056162319949],[-77.75982631978546,-0.8361424592088934],[-77.7598268374074,-0.8355115218596728],[-77.75975142799389,-0.8348231626626301],[-77.75963790653431,-0.8342877278168368],[-77.75961935207434,-0.833752370942384],[-77.75939168159317,-0.8334462722638882],[-77.75906904482447,-0.8331400959029119],[-77.75849944793974,-0.8328910728906017],[-77.75785369027861,-0.8328714181101059],[-77.75741704649609,-0.8326225055599003],[-77.75745522127426,-0.832393105240902],[-77.75779752229556,-0.8318771678773069],[-77.75823497831493,-0.8311318776208526],[-77.75872916333893,-0.830692541392025],[-77.75952746053629,-0.829985786016959],[-77.75988870747916,-0.8295272201167834],[-77.76019288185881,-0.829183322636992],[-77.76057298219855,-0.8288968463475399],[-77.76085822501197,-0.8284764552144127],[-77.76148545638644,-0.8279225106334575],[-77.76177069889043,-0.8275021187746464],[-77.76213203808827,-0.8269288347627275],[-77.7622464632029,-0.8263553466224046],[-77.7617146339436,-0.8263740294402897],[-77.76108769731798,-0.8265647079404826],[-77.76027040950746,-0.8272714518308089],[-77.75952917187028,-0.8278826608655505],[-77.75909189023459,-0.8284176419497039],[-77.75846451868962,-0.8291436587708733],[-77.7579323786296,-0.8295447251495957],[-77.75749542370436,-0.8296781994838451],[-77.75702071555332,-0.8295248528689948],[-77.75664109911581,-0.829218631248831],[-77.75614777247135,-0.8286064070896673],[-77.75563565455892,-0.8277456178109742],[-77.75540817039163,-0.8272100910318941],[-77.75538968966491,-0.8265791407925012],[-77.75514338317541,-0.8258332869844104],[-77.75502990491898,-0.8252404969647846],[-77.75474542471173,-0.8247240437163027],[-77.75436599426573,-0.8241883932745959],[-77.75396747739322,-0.8237674435708292],[-77.75336002061704,-0.8233654412959309],[-77.75292339326752,-0.8230974140264226],[-77.75252481488069,-0.822752941205241],[-77.75233526996189,-0.82227480559869],[-77.75229771692315,-0.8217394381208134],[-77.75241230913664,-0.820955644062045],[-77.75248882218737,-0.8202865354557967],[-77.75281218411106,-0.8196941044852305],[-77.75300253183477,-0.819178041496883],[-77.75328798409821,-0.8184899824122177],[-77.75349727847714,-0.8180312919104447],[-77.75349778586956,-0.8174003584796816],[-77.75349823143713,-0.8168459011148279],[-77.75349875344111,-0.8161958482109699],[-77.75353724564988,-0.8155649447434458],[-77.75382313941977,-0.8143224275675108],[-77.75395645894227,-0.8138636743065678],[-77.75418472829763,-0.8134241173648066],[-77.755210665278,-0.813042563846772],[-77.756255611702,-0.8126419051326209],[-77.75663570551212,-0.8123554231650847],[-77.75701610341801,-0.8116865565433496],[-77.75703556843419,-0.8110938743853379],[-77.75678920516874,-0.8104053808990295],[-77.75633403796155,-0.809563765820596],[-77.75606851340966,-0.809085569837203],[-77.75603112000036,-0.8083398879787866],[-77.7560699559024,-0.8072692408729935],[-77.75607072895546,-0.8062941589717046],[-77.7560902977763,-0.805567642431777],[-77.75609093312951,-0.804764633465782],[-77.75607243846912,-0.8041336831546013],[-77.75607284625848,-0.8036174624658085],[-77.75632005901846,-0.8032352749865583],[-77.75670028505577,-0.8027767163546903],[-77.75738431010419,-0.8024331154949743],[-77.75829598298836,-0.8024338435602193],[-77.75892275913701,-0.8024343439872725],[-77.75981547004952,-0.8023968182721676],[-77.7606894750833,-0.8019960091251878],[-77.76086066961952,-0.8016711165816217],[-77.7607659135457,-0.8014033699771497],[-77.76044323910608,-0.8011354418512064],[-77.75970266939925,-0.8009245389005364],[-77.75869601414931,-0.8009428564120418],[-77.75791714310412,-0.8011334286011121],[-77.75749932293428,-0.8010948572418956],[-77.75700572660563,-0.8008076740184362],[-77.75637895279768,-0.8008071743114235],[-77.75596075705546,-0.801246583689713],[-77.7556373465188,-0.8019154999009901],[-77.75514317772672,-0.8023548486020609],[-77.75491464201126,-0.8031385549844846],[-77.75479983754144,-0.8042091401626016],[-77.75472297239189,-0.8053371140399741],[-77.75451277483029,-0.8069429618227019],[-77.75441698997476,-0.8079753233279616],[-77.75413146942175,-0.8087589818892462],[-77.75418774898534,-0.8096385122590102],[-77.75462395176658,-0.810441871498631],[-77.75481342618394,-0.8110156024435664],[-77.7545850816619,-0.8115507567948402],[-77.75399600370494,-0.8119135453988358],[-77.7533690926602,-0.8120851107829165],[-77.75276067010859,-0.8128876251185011],[-77.75228487751009,-0.8140917491806728],[-77.75207529403191,-0.814913703867798],[-77.75182717125845,-0.8164239179982224],[-77.75152269746009,-0.8171501990536462],[-77.75129417951788,-0.8178956610336628],[-77.75117963587401,-0.818622096273089],[-77.75100803529492,-0.8194440800788599],[-77.75070355831318,-0.8201703595513609],[-77.7504368048794,-0.8212216951148537],[-77.75036029190598,-0.8218908031423717],[-77.75028377757484,-0.8225599110636752],[-77.75056827147904,-0.8230572423152265],[-77.75083391224287,-0.823382486181687],[-77.75157428932253,-0.823822835920598],[-77.75258061719812,-0.8242060463090876],[-77.75292196763384,-0.8248563796853359],[-77.75318726728594,-0.8256022473736732],[-77.75328150366286,-0.8265009276616616],[-77.75343273349897,-0.8273805365326364],[-77.75373625218897,-0.8278396481038673],[-77.75432452867975,-0.8284710676864441],[-77.7547797434048,-0.8292362127501972],[-77.75506411159044,-0.8298865028594193],[-77.75506348742749,-0.8306512719090726],[-77.75504402629588,-0.8312248329688747],[-77.7551195454374,-0.8317793540912726],[-77.75538488840178,-0.8324678665625304],[-77.75570708556262,-0.8333093809221025],[-77.75621923177958,-0.8341319349357452],[-77.75644664937418,-0.8347439408407455],[-77.75659807850953,-0.8353750024466589],[-77.75661631843174,-0.8362927428578396],[-77.75644474928082,-0.8370573706048171],[-77.7561971912387,-0.8378410542202042],[-77.75596875128205,-0.8384717998922074],[-77.75549350925725,-0.8389685032987073],[-77.75511332690155,-0.8393505704051046],[-77.75465702994308,-0.839904647221594],[-77.7540866468035,-0.8406115811614905],[-77.75383903845098,-0.8414526194124231],[-77.75380038746212,-0.8422555945482826],[-77.75360943941763,-0.8434790648497213],[-77.75332408041481,-0.8440332816612239],[-77.7529628898275,-0.8444153617874031],[-77.7525637765115,-0.8447209336289243],[-77.7524872955105,-0.8453326829171539],[-77.75252606124678,-0.8461073784696664],[-77.7525431773352,-0.8466519547559078],[-77.75248589493197,-0.8470151716326622],[-77.75220054894754,-0.8475502681875123],[-77.75182012503473,-0.848219117439715],[-77.75126864877048,-0.8490216564993669],[-77.75079314609852,-0.8498242589903442],[-77.75043166537127,-0.850550480628279],[-77.75033569178828,-0.8513484432128458],[-77.75025909333141,-0.8520940245917142],[-77.75001152302771,-0.852877699217413],[-77.74930812963066,-0.8536418666936163],[-77.7488518250199,-0.8541959321746299],[-77.74841428740754,-0.8550176817407863],[-77.74795770815692,-0.8558967705809356],[-77.7472354969733,-0.8564506076465197],[-77.74664659363923,-0.8565839376343118],[-77.74567790713405,-0.8566213466235874],[-77.74493715650877,-0.8566398319900771],[-77.74355068598496,-0.8566004073334949],[-77.74282915565739,-0.8563512415809518],[-77.74146187546899,-0.8560824047948036],[-77.74030327921184,-0.8561005317459963],[-77.73958118553037,-0.8565205303840809],[-77.73880193482941,-0.8571507868094442],[-77.73802252201158,-0.8579722319738614],[-77.73747133340233,-0.858430612227496],[-77.73631259494763,-0.8586208046800602],[-77.73532502188601,-0.8585434794265937],[-77.73386288430551,-0.8581598445105213],[-77.73321723637225,-0.858025457124451],[-77.73285710842892,-0.8577590986949977],[-77.73447557888674,-0.8572401954367095],[-77.73154519845117,-0.8542751054738145],[-77.73122676230909,-0.8546330634464462],[-77.7308465640642,-0.8550342319341331],[-77.73042829836785,-0.8555309607761382],[-77.73010507852568,-0.8559321774710911],[-77.72957300217007,-0.8562567391527361],[-77.72894597634672,-0.8565620997394197],[-77.72845346952231,-0.8567427895048989]],[[-77.72535574835786,-0.8538814399554074],[-77.7262667720961,-0.8546278503174718],[-77.72708362675728,-0.8544373647479835],[-77.72780551724962,-0.8542467972072294],[-77.72837527065377,-0.8542855240369682],[-77.72892591794269,-0.8544580647881075],[-77.72953388490033,-0.8542291617205697],[-77.72991413089419,-0.8537706365418729],[-77.73018033873412,-0.8534076084691957],[-77.730350333981,-0.853066091744085],[-77.73052279279493,-0.8527196254000441],[-77.730827050287,-0.8522801540484244],[-77.73111215404028,-0.8520318538317717],[-77.73160635652745,-0.851573425192863],[-77.73208150220293,-0.8511914551394989],[-77.73232873222312,-0.8508092901631201],[-77.73247401531495,-0.8505174171437812],[-77.73240515480472,-0.8502740284836084],[-77.73202592380441,-0.8495280712939566],[-77.73149437933739,-0.8492217178518853],[-77.73094387503099,-0.8488771104147941],[-77.73016518275794,-0.8488573279846181],[-77.7297092894282,-0.8489334147214032],[-77.72855065987847,-0.8490089022500782],[-77.72790477453613,-0.8491613016287992],[-77.7273917588782,-0.8494094071598225],[-77.72689425988372,-0.8496143658941273],[-77.72665078075525,-0.8497146737451559],[-77.72609965126617,-0.8501156957858673],[-77.72562442774264,-0.8505932570726656],[-77.72533926111696,-0.8509180307270833],[-77.72514897807437,-0.8513384782455989],[-77.72495871100713,-0.85173980757721],[-77.72471120682717,-0.8524469869445226],[-77.72457770721053,-0.8530969069602972],[-77.72467234786073,-0.8534793612622221],[-77.72535574835786,-0.8538814399554074]],[[-77.79477230837206,-0.7603153110258732],[-77.79543696444156,-0.7604831085802002],[-77.79574580618373,-0.760220438630556],[-77.79567521445851,-0.7593599848542654],[-77.79534347654891,-0.758475436681942],[-77.79484547281945,-0.7576863646646145],[-77.7948223627566,-0.7568259471601533],[-77.79489420321671,-0.7559895008744588],[-77.794704634857,-0.7554874599188187],[-77.79463382935045,-0.7549138075058672],[-77.79446824737455,-0.7540771841757302],[-77.79437396167866,-0.753145014466369],[-77.79401821502373,-0.7526189506467227],[-77.79318787261292,-0.7517579375599184],[-77.79285567568827,-0.7514947914860588],[-77.79228640833661,-0.7507534719366307],[-77.7919782852004,-0.7500362465153884],[-77.79157515861819,-0.7493667505574559],[-77.79131457125794,-0.7485778605272686],[-77.79117253694488,-0.7480041579625045],[-77.79074598052274,-0.7469044475876405],[-77.79036685539029,-0.7458764734075701],[-77.79031996029335,-0.7450638415527902],[-77.7904865511994,-0.7445142668407818],[-77.79065329824645,-0.7437495915049692],[-77.79091485654205,-0.7432000850056925],[-77.79082490038422,-0.7428367409052723],[-77.79042657426206,-0.7420907721159646],[-77.79019917546074,-0.7413640489106756],[-77.78983913915482,-0.7401974715308545],[-77.78972598879822,-0.7390693141924237],[-77.78942321880172,-0.7375012616893454],[-77.7893479984258,-0.736449612378929],[-77.78951940575992,-0.7357996600872442],[-77.7895958575928,-0.7351305186061294],[-77.78963444617031,-0.7342892707892136],[-77.7894450982322,-0.733466977415831],[-77.78906591051688,-0.7325107088432772],[-77.78897148742054,-0.7317458451703324],[-77.78885813894814,-0.7308853681208998],[-77.78887768968013,-0.7301014666170073],[-77.78897317216128,-0.7293749792392134],[-77.7892394195352,-0.7288971728740274],[-77.79020881715543,-0.727865393803875],[-77.79053209831063,-0.7273111474073728],[-77.79053273333992,-0.7264125116639987],[-77.79055225340814,-0.7256668482145873],[-77.79057175945441,-0.7249403049137532],[-77.79059138522581,-0.7240416826736108],[-77.79095270535407,-0.7234109820445771],[-77.79110497502911,-0.7229522120934051],[-77.79129525969249,-0.722455229549217],[-77.79135253525781,-0.7220346312398135],[-77.79129578304251,-0.7217095519475932],[-77.79090359916593,-0.7214188326149369],[-77.79049486909474,-0.7217416459333746],[-77.7899247473103,-0.722195339062441],[-77.78970085395659,-0.7226572434919486],[-77.78948694215025,-0.7229916900388026],[-77.78939172334049,-0.7233501205796209],[-77.78939142060909,-0.7237803173437748],[-77.78941494330549,-0.724091032550805],[-77.78950964154585,-0.724473498993063],[-77.78955678846503,-0.7249515296762741],[-77.78958020967687,-0.725405644809096],[-77.78938978612028,-0.726098605008569],[-77.78900944463531,-0.7267675293688881],[-77.78874794616453,-0.7272453386749798],[-77.78839138017254,-0.7278664801724853],[-77.7879636385432,-0.7284158688791337],[-77.78772577998421,-0.7290370938536638],[-77.7875115436689,-0.7298256346346078],[-77.78755860291976,-0.7304231647225051],[-77.78753416451987,-0.7314030405331323],[-77.7875097924077,-0.7322873165901123],[-77.78777050987942,-0.7329089006852751],[-77.7880252306981,-0.7336141298934719],[-77.78823819056811,-0.7346180784157265],[-77.78821412354378,-0.7350721578568215],[-77.78802386417549,-0.7355261167558116],[-77.78792857229735,-0.7359801452950919],[-77.78790450463994,-0.7364342245612334],[-77.7879515601883,-0.7370317551682222],[-77.78814084310387,-0.7379400863872174],[-77.78833015968627,-0.7388006189489595],[-77.78856711432427,-0.739446088252396],[-77.78859046117037,-0.7399958021552149],[-77.78861389291197,-0.7404260158765043],[-77.78854190947476,-0.7414775571244199],[-77.78849377003115,-0.7423857168141723],[-77.78816079702553,-0.7431980678808494],[-77.7879940849879,-0.7439149414641376],[-77.78794608182417,-0.744631901057612],[-77.7879457007383,-0.7451576978085281],[-77.7881587019,-0.7460899483657691],[-77.78875134581119,-0.7473331770765713],[-77.78915415890887,-0.748432868150976],[-77.78969910885714,-0.7499628630237579],[-77.7901017969096,-0.7512298546062055],[-77.79043366093764,-0.7519470976869337],[-77.79112160124772,-0.7527363039202812],[-77.79169095407816,-0.7533581242217319],[-77.79242611610415,-0.7545058675747824],[-77.79275808444443,-0.7550797129004159],[-77.79294702047994,-0.7564421511274527],[-77.79306478160619,-0.7577328370036173],[-77.79334912259282,-0.7584978478227937],[-77.79394212879285,-0.7592391900648532],[-77.79422668168344,-0.7597174027426734],[-77.79477230837206,-0.7603153110258732]],[[-77.77557515845753,-0.8831982306412265],[-77.7791868965277,-0.8843309453153227],[-77.77938059701856,-0.8841637582596997],[-77.77962304196802,-0.8838484946856265],[-77.77966613683557,-0.8834326785670855],[-77.77966647043478,-0.8830455045962112],[-77.7794389629767,-0.8825577535714472],[-77.7792682141447,-0.8823281677182395],[-77.7789836383621,-0.8819407463792573],[-77.77895556691259,-0.8814531697009949],[-77.77894165439295,-0.8810659835885627],[-77.7788992261996,-0.8807074521429566],[-77.77877128739823,-0.8803918655187896],[-77.77857209762348,-0.8801048973455734],[-77.77855814771218,-0.8797607305780895],[-77.77860142550176,-0.8791298178978131],[-77.77857347573995,-0.8784988441916308],[-77.77850280160554,-0.8778534936930894],[-77.77833207671348,-0.877595229348833],[-77.77804748758508,-0.8772221484371906],[-77.77764888517599,-0.8769063277343477],[-77.7773359025602,-0.8764185048251318],[-77.77723652819923,-0.8760169056083763],[-77.77716568128284,-0.8755723120211756],[-77.77702361857317,-0.8751133171217744],[-77.77646839046463,-0.874711324535682],[-77.77618355539263,-0.8746250388654602],[-77.77589867230938,-0.8745961128879592],[-77.77530043836308,-0.8745095568880724],[-77.77477337123207,-0.8744947609274669],[-77.77424629212635,-0.8744943045745873],[-77.7736479865692,-0.8744937864625166],[-77.77310672400144,-0.8744216193577785],[-77.77245155950654,-0.8742776553276423],[-77.77223780606893,-0.8743635080728882],[-77.77203817445941,-0.8745927694677943],[-77.7720805669753,-0.8749943172192185],[-77.7721515113672,-0.8753241915284811],[-77.7722225793348,-0.8755106685979258],[-77.77246444301714,-0.8758693706013165],[-77.77276335034477,-0.8761564239922662],[-77.7731333984463,-0.8765439169197943],[-77.77321846496191,-0.8770172005541934],[-77.77323239062535,-0.8773900447944228],[-77.77324618080706,-0.877920625222349],[-77.7732601430798,-0.8782504496222036],[-77.77330258364377,-0.8785946393795345],[-77.77334475302439,-0.8792543024529308],[-77.77360068966159,-0.8798137732870934],[-77.77377120237058,-0.8803158112291237],[-77.77392745719136,-0.8808321765684474],[-77.77426881617957,-0.8814490822446553],[-77.77468141432067,-0.8820517099290974],[-77.7750940371379,-0.882625658701149],[-77.77539287812724,-0.8829891932263229],[-77.77557515845753,-0.8831982306412265]]]},"properties":{"OBJECTID":4879,"SHAPE.AREA":201266154.443614,"SHAPE.LEN":137844.647269742,"LIT":"Lutitas marínas, calizas, y areniscas reservorio de petróleo","TXT_12__15":" ","COD_OK":"12.67","ENT_GEOL":"Formación Napo","INT_ECO":"Calizas, Fosfatos, Arcillas, Materiales de construcción","LITOLOGIA":"Corresponde a una secuencia de lutitas y calizas negras con intercalaciones de areniscas. Se identifican 11 subdivisiones que incluyen ciclos que varían entre lutitas, calizas y areniscas (Vallejo, 2021)."}},{"type":"Feature","id":4878,"geometry":{"type":"Polygon","coordinates":[[[-77.53858309864547,-0.9475841384743539],[-77.53901100141687,-0.9472821894557301],[-77.53927719813471,-0.9469383872490224],[-77.5395244996958,-0.9464989913183565],[-77.53973374630142,-0.9461360161555701],[-77.53994318227434,-0.9455818919083996],[-77.54020945417821,-0.945161628677913],[-77.54058958789085,-0.9448179396665493],[-77.54119765472423,-0.9444171339440154],[-77.54180570273468,-0.9440354428859317],[-77.5421290375472,-0.9435196606278496],[-77.54269920005771,-0.9430423547894952],[-77.54307942789814,-0.9426030889613116],[-77.54345948583219,-0.9423358579421051],[-77.54382063014097,-0.9419921472623587],[-77.54401082875688,-0.9416864962080937],[-77.54405636645795,-0.9412604536062095],[-77.5422604241911,-0.941437987109779],[-77.54209354852031,-0.9409964378053557],[-77.54186610637494,-0.9405565647782598],[-77.54180957067727,-0.9401168625291183],[-77.54198128648966,-0.9392950862875503],[-77.5422096320435,-0.9388174382577096],[-77.54228591036609,-0.9384925574591588],[-77.54249541672829,-0.9378619695195239],[-77.54243899233728,-0.9373075771266157],[-77.54243966777601,-0.9366194352196408],[-77.54261139911095,-0.9357785433419484],[-77.54282109075186,-0.9349568032416904],[-77.54314417678697,-0.9346895127222352],[-77.54361903072629,-0.9345752934382439],[-77.54401772027163,-0.9346712646548049],[-77.54494828961349,-0.9345957267470215],[-77.5452522365615,-0.9344813375677865],[-77.54565128201561,-0.934214121223195],[-77.54601234756737,-0.9339468669943558],[-77.54658248778576,-0.9334886681283315],[-77.54703878225958,-0.9329347798398524],[-77.5473809882971,-0.9325336997844258],[-77.54755223196982,-0.9321897967847084],[-77.5476667477238,-0.9315973397612828],[-77.54759103078928,-0.931348767155771],[-77.54715486328627,-0.9307366522225283],[-77.54666207924107,-0.9297612928205923],[-77.54654907060554,-0.9288054246566727],[-77.54658773757667,-0.9280982026010852],[-77.54670200952629,-0.9277542421815888],[-77.54685440870955,-0.9272573985676204],[-77.547728657843,-0.9265127659827084],[-77.54833666208329,-0.9261692895048366],[-77.54877379544422,-0.9257874148713245],[-77.5491161100838,-0.9252716404680612],[-77.54932545939653,-0.9247939654244701],[-77.54959212839951,-0.9239531577981316],[-77.54999135487638,-0.9234947833886726],[-77.5509031205922,-0.9232280617595927],[-77.55137795684487,-0.9231329492919407],[-77.55211898183347,-0.9226940228131555],[-77.55249931123338,-0.9221400520812156],[-77.5528035890895,-0.9216815825508404],[-77.55310819860291,-0.9208790378232702],[-77.5535077190981,-0.9201148151387112],[-77.55476198075871,-0.9191411552961413],[-77.55546489777143,-0.9188359936827603],[-77.55645269773319,-0.9184928769004882],[-77.55669989594801,-0.9181490404094871],[-77.55719429026408,-0.9174613677363695],[-77.55757463561875,-0.9168882757541725],[-77.55793611930272,-0.9161813564466027],[-77.55835455276932,-0.9154936081951949],[-77.55888676151461,-0.9149780074413989],[-77.55905803546808,-0.9145958652010607],[-77.55926723307394,-0.9142711046231011],[-77.55955255498945,-0.9137743799526005],[-77.55991374532245,-0.9133733047170272],[-77.56050279551263,-0.9129915644949234],[-77.56133887783979,-0.9124380221460419],[-77.56183297828615,-0.9120561891261132],[-77.56234614151118,-0.9115979119753366],[-77.56308725676473,-0.9110633913391677],[-77.56352446000636,-0.9106050398903538],[-77.56399984272865,-0.9099364548680208],[-77.5644372446344,-0.9092678317837279],[-77.56462799387934,-0.9083695851152763],[-77.56483731709213,-0.907911013307664],[-77.56516103072727,-0.9069746633727411],[-77.56525643181025,-0.9064968662871032],[-77.56571303764217,-0.9055988729800262],[-77.56618814603571,-0.9052170149932085],[-77.56666321932695,-0.9048733890586041],[-77.5673281563705,-0.904568173549208],[-77.5678983410042,-0.904052596594044],[-77.56827887704473,-0.9032692201633122],[-77.56854552650448,-0.9024283881367889],[-77.56841302686145,-0.9019694881020295],[-77.56841343905414,-0.9015298302709578],[-77.56867954973367,-0.9012624646376074],[-77.56896463272578,-0.9010142317974968],[-77.56913604347766,-0.9004791583953241],[-77.5693072938677,-0.9001161238372611],[-77.56942172825872,-0.8995873674371627],[-77.56958817020767,-0.8992888435496967],[-77.5698495280897,-0.8990262515647275],[-77.57049096482713,-0.8984653372286383],[-77.57075254646173,-0.8979637993602816],[-77.57104987749554,-0.897306979950138],[-77.57108591838576,-0.8968410698195523],[-77.57107437254449,-0.8964945884716276],[-77.57099642032266,-0.896217394382683],[-77.56867009684633,-0.8966472251852275],[-77.56866501795407,-0.8964923139579918],[-77.56865350474015,-0.8961099914047459],[-77.5686016633167,-0.8957013461697864],[-77.56848795517627,-0.8954527364193348],[-77.56827942137288,-0.8950702281680094],[-77.56801390001024,-0.8947067812926891],[-77.56795725034593,-0.8943626481701626],[-77.56803383219984,-0.8936936748725982],[-77.56792081512037,-0.8926995582998165],[-77.56767463803884,-0.8919538190922429],[-77.56733321022166,-0.891532956273338],[-77.56699185239097,-0.8910356305028204],[-77.56678347693213,-0.8904810842313963],[-77.5667268083098,-0.8901560666785142],[-77.56676531853512,-0.8895826355133257],[-77.56693668786096,-0.8890857920694003],[-77.56718445727357,-0.888111130656577],[-77.56726107001157,-0.887403926677943],[-77.5671479235517,-0.8865436204674545],[-77.56697756120262,-0.885950878943013],[-77.56676898942712,-0.8856066039851264],[-77.56663634201473,-0.8853006316416293],[-77.56640890410125,-0.8848225304638659],[-77.56601052167554,-0.8843825008354732],[-77.56561220963331,-0.8838660102262188],[-77.56559376434271,-0.8832734115452159],[-77.56561349197942,-0.8824705782830555],[-77.56578473354955,-0.8821075419584268],[-77.56574721029,-0.8816105035543332],[-77.56572860587352,-0.8811899441453838],[-77.56561498256934,-0.8808457587916435],[-77.56523560676177,-0.8803866338698085],[-77.56466615795857,-0.8801184879395529],[-77.5642296021484,-0.8798886971093633],[-77.56390702096039,-0.8796207246880211],[-77.56209107316774,-0.8796190392494481],[-77.56157156088986,-0.8793127660032711],[-77.56119209909978,-0.8789492198762876],[-77.56086964142999,-0.8785474963838891],[-77.56073725568366,-0.8779547951165052],[-77.56071884259283,-0.8773239691014012],[-77.56061492102866,-0.8767527988074407],[-77.56048516337883,-0.8758805373291589],[-77.5604619280651,-0.8753309471672002],[-77.56030784343045,-0.8751038096734725],[-77.55979818219977,-0.8743506693457627],[-77.55967802898367,-0.8741093073128754],[-77.55841095706153,-0.8742274143891294],[-77.55835362360808,-0.8738714502125973],[-77.55835408070297,-0.8733696718522418],[-77.55825963243949,-0.8728200172963491],[-77.55816511869347,-0.8723420453265422],[-77.5579757874414,-0.8717206210429976],[-77.5578100632068,-0.8712425837554055],[-77.55750228493143,-0.8703582148224069],[-77.55719415928216,-0.8698561532115798],[-77.55681467013231,-0.8695212859474789],[-77.55631649704978,-0.8691863089514082],[-77.5558656899979,-0.8689708475711401],[-77.55546257297148,-0.8685164875275997],[-77.55532058463,-0.8680384746456131],[-77.55539220647756,-0.8675845507883673],[-77.55570113817502,-0.8671965547136211],[-77.55590916083227,-0.866838332703293],[-77.55617690371845,-0.8660620168981523],[-77.55596974496088,-0.8654644734765361],[-77.55567351849048,-0.8649265833926244],[-77.55537745443753,-0.8642094874906534],[-77.55525949680698,-0.8634029524338132],[-77.55526014247307,-0.8626861279933076],[-77.55540916929492,-0.8619395719951065],[-77.55567647825622,-0.86164113840795],[-77.55603314952805,-0.8609545054716814],[-77.55621173972501,-0.860327445498811],[-77.55618268496912,-0.8596404619767549],[-77.55585702538536,-0.8588337373058176],[-77.55564967536182,-0.8584452695197886],[-77.5553484358191,-0.8580949460693739],[-77.55517785156457,-0.8577363787793859],[-77.55513544607014,-0.8573779287412981],[-77.55512151181193,-0.8570338400996085],[-77.55523175606298,-0.856623466502344],[-77.55405043175793,-0.8557023087348128],[-77.5539979735516,-0.8552550986995199],[-77.55404114767101,-0.8547533612367045],[-77.55412725226539,-0.8540222784566825],[-77.55439845294617,-0.853348709325936],[-77.55461244147622,-0.8529474808360116],[-77.55462728324319,-0.8522736790169618],[-77.55459921989373,-0.8518005498006379],[-77.5541725051591,-0.851183697121185],[-77.5537882372406,-0.8508822848878955],[-77.5532898275441,-0.8508101539960493],[-77.55300506318484,-0.8507238790312912],[-77.55267759739725,-0.8506088928031216],[-77.55226479419657,-0.8503648011250295],[-77.55201902833049,-0.8500607029777977],[-77.55067008355262,-0.8507842269064315],[-77.55056957784103,-0.8504952898511123],[-77.55036246537314,-0.849838017072607],[-77.54988818208449,-0.8493298419782314],[-77.54920617640147,-0.848851348968923],[-77.54876175060872,-0.8481341291449829],[-77.54849524276864,-0.8475365396968534],[-77.54828797050186,-0.8470584745966159],[-77.54778436031604,-0.8461619982662376],[-77.54710227700573,-0.8457731096188744],[-77.54636085179608,-0.8453841691242484],[-77.54579771550773,-0.8446967138375477],[-77.54505724178549,-0.8432325493267256],[-77.54449413161309,-0.8425152287308767],[-77.54401958566957,-0.842305733064399],[-77.54321855871059,-0.8422154151184813],[-77.54247763643285,-0.841258999878033],[-77.54140994444253,-0.8407503026529791],[-77.54084620426728,-0.8407497993517329],[-77.54052040733657,-0.8400924299508321],[-77.54058016902009,-0.8396146073152057],[-77.54078851937176,-0.8388681117508144],[-77.54090783133998,-0.8381514047559567],[-77.54093823606779,-0.8373151485694962],[-77.54117643827799,-0.8363596087434844],[-77.54120728580219,-0.8350156099993225],[-77.54147554751059,-0.8336120858682291],[-77.54192104832885,-0.8331047371305778],[-77.54295993248408,-0.8326277786791239],[-77.54319766131381,-0.8322098461177955],[-77.54373243354304,-0.8314039008944956],[-77.54417906485958,-0.8309070118403168],[-77.54456401378918,-0.830478745818996],[-77.54500985090641,-0.8295831178222546],[-77.5453664163504,-0.82898608356278],[-77.54572326532559,-0.8280605084444729],[-77.54605049538428,-0.8270751708654913],[-77.54625880962233,-0.8263585361736315],[-77.54643742690173,-0.8256717416871581],[-77.54664620390969,-0.8244174928344313],[-77.54691408882722,-0.823432101135079],[-77.54691493740478,-0.8224464769396593],[-77.54685649515622,-0.8214010653065591],[-77.54667939519227,-0.8203256840599903],[-77.54644274820794,-0.8194891909624447],[-77.54614629888736,-0.8191902591161381],[-77.54573201171664,-0.8179056004861316],[-77.54543592092126,-0.8171885268747069],[-77.54531795388324,-0.8163521374402272],[-77.54531899943454,-0.8151275758556102],[-77.54537884983746,-0.814530279561865],[-77.54540976686718,-0.8130668044322673],[-77.54549943877515,-0.8122903301094468],[-77.54561921158975,-0.8110061346719581],[-77.54615363382727,-0.8105884512177323],[-77.54742994501356,-0.8100220661488098],[-77.54846859037623,-0.8098138852924547],[-77.54924002376605,-0.8098145471993442],[-77.5503675057814,-0.8098155143379885],[-77.55110927010254,-0.809816150441116],[-77.55211834960774,-0.8094884717914019],[-77.55303826553452,-0.8093399217059963],[-77.55369144960909,-0.808832731683775],[-77.55410683942121,-0.8088330871439826],[-77.55487860495329,-0.8084454673140987],[-77.55559087907704,-0.808237002220392],[-77.55579857434734,-0.8082371797271535],[-77.55680720339537,-0.8084471159461601],[-77.55740026668697,-0.8088657716856934],[-77.55787482249971,-0.8090752519324603],[-77.55834925341911,-0.8094340703845369],[-77.55906092536807,-0.8099424321725023],[-77.55989110383153,-0.810659971059588],[-77.56110718261044,-0.8111687654214569],[-77.56187832365887,-0.8115278408320702],[-77.56297592211492,-0.8117975924895913],[-77.56386605274385,-0.8117983548722544],[-77.56496385553952,-0.8118291628717643],[-77.56650601963803,-0.8126966559711543],[-77.5675439539806,-0.8133546432308866],[-77.56828520178676,-0.8139825091049316],[-77.56926399765933,-0.8144015016473174],[-77.57062887399006,-0.8144026721587388],[-77.57196392937828,-0.8145830260888993],[-77.57297260281491,-0.814763100310532],[-77.57430781321199,-0.8147642446521871],[-77.57531663986995,-0.8147651089713553],[-77.57662215775999,-0.8147960954921121],[-77.57745288226654,-0.8148864120237778],[-77.57843214258988,-0.8147677765945481],[-77.5792927167936,-0.814649039144319],[-77.58002289694481,-0.8144990858364041],[-77.57825175223616,-0.8132579534196103],[-77.57400015277148,-0.8107692765613939],[-77.57391022090346,-0.8107117011535675],[-77.572740458131,-0.8099628020661735],[-77.57069551760668,-0.808653604097678],[-77.57043457112145,-0.8084865434225418],[-77.56757244915067,-0.8066541783115084],[-77.56727439161627,-0.8064633590452535],[-77.56688890213441,-0.8057678690237324],[-77.56663308426023,-0.8051225020888454],[-77.5664246239904,-0.8046157628265258],[-77.56642514378879,-0.8039945078290858],[-77.56644940056725,-0.8033732729314638],[-77.56642610236182,-0.8028475750339543],[-77.566497712595,-0.8023697474245534],[-77.56630823679095,-0.8018678031514604],[-77.56588117341715,-0.8016284986333083],[-77.56509813788817,-0.8012933145250305],[-77.56452857500693,-0.8011494671334681],[-77.56412534844537,-0.8007907104531965],[-77.56329476103663,-0.8005510650186364],[-77.56201341711434,-0.8000243077042849],[-77.56113563677106,-0.7994501023392395],[-77.56059001169059,-0.7990673332299704],[-77.5599257044962,-0.7986844643797074],[-77.55923758012656,-0.7983971524233333],[-77.55809864106688,-0.7978944129388938],[-77.55755289834609,-0.7976550104664565],[-77.55655628096144,-0.797271863263189],[-77.55603427533369,-0.7970324813360095],[-77.55551237022557,-0.7966736296977177],[-77.55491931467644,-0.7962430352480306],[-77.55451637044776,-0.7955497650555269],[-77.55382842850588,-0.7950474095668236],[-77.55363948828995,-0.7939003333804017],[-77.5537112320784,-0.7932552518487779],[-77.55378281810117,-0.7928013238929399],[-77.55356962459085,-0.7922754749150754],[-77.55335649105373,-0.7916779431150286],[-77.5531195807949,-0.7911281800866923],[-77.55281165849215,-0.7903394167915547],[-77.55219571414486,-0.7888813629674415],[-77.55193518400662,-0.7881882173573264],[-77.55188857703719,-0.7871368391290324],[-77.5519605714522,-0.786181135513545],[-77.55212707943875,-0.7857511805658169],[-77.55286335809807,-0.7852022284747187],[-77.55354518072521,-0.7848753461494743],[-77.55390817093598,-0.7847013199966772],[-77.55424077391922,-0.7843431838915675],[-77.55450220681209,-0.7839372008998998],[-77.55476385447984,-0.7832683815292796],[-77.55488302484876,-0.782671126150841],[-77.55519230064817,-0.7818111923277221],[-77.55550188714804,-0.7805689516535678],[-77.55569218798797,-0.7800673312106082],[-77.55614356878213,-0.7795898195901602],[-77.55652372083473,-0.7791361435443589],[-77.55695183088234,-0.7780851511517602],[-77.55690497808234,-0.7773204984354749],[-77.55666805904211,-0.7767707371132969],[-77.55657357833688,-0.7761971990922848],[-77.55650298806206,-0.7754325264040742],[-77.55666987648962,-0.7745246843162892],[-77.55669442380788,-0.7735211473859602],[-77.5565522745911,-0.7731865127884395],[-77.55633897492041,-0.7727801368228334],[-77.55597696867201,-0.7717907169767136],[-77.55577055278451,-0.7712265510925476],[-77.5557714559052,-0.7701035257339662],[-77.55596219108492,-0.7690523371205639],[-77.55620018736154,-0.7682640222708804],[-77.5565333001496,-0.767260736862216],[-77.55686614440003,-0.7665919689762292],[-77.55746028002804,-0.7656844707129631],[-77.55791203400887,-0.7647290665883222],[-77.5591230674789,-0.7641326891787403],[-77.55959825296391,-0.7635596095364323],[-77.56019212050963,-0.7629866257983783],[-77.56140366629917,-0.7617450973818896],[-77.56270987380394,-0.7608620568628839],[-77.56330394893851,-0.7600262305748972],[-77.56380354894857,-0.7585929686154208],[-77.5641841627101,-0.7575419201029274],[-77.56475463067156,-0.7565388111973634],[-77.56522999991381,-0.7557267804777372],[-77.56567709579835,-0.7547762151514684],[-77.56579052035647,-0.7554262346913302],[-77.56582770163388,-0.7564393876112913],[-77.56592222687551,-0.7569746984124792],[-77.56609270810779,-0.7575100699764249],[-77.56613009933244,-0.7582556065979251],[-77.56616751928357,-0.7589629116724231],[-77.56643220581675,-0.7604350207104003],[-77.56688758546336,-0.7608941592650599],[-77.56753294888621,-0.7612387574031928],[-77.56819713577731,-0.7617936427015396],[-77.56804472112408,-0.762424334420414],[-77.56785455525154,-0.7627682623854866],[-77.56768330298385,-0.7632077828251419],[-77.56770192834477,-0.7636665717395],[-77.56813777096595,-0.7648138582576469],[-77.56840310461384,-0.7654640022025705],[-77.56906666607333,-0.7668026293025517],[-77.57018600117982,-0.7681033968532842],[-77.57098288417475,-0.768945129585205],[-77.57202661442908,-0.7698061794931265],[-77.5734120640794,-0.7707822020320468],[-77.57500606310211,-0.7721789425704673],[-77.57644799297607,-0.7737667210226684],[-77.57798487264064,-0.775354580222997],[-77.57927544163006,-0.7762540751144664],[-77.58011047658287,-0.7768855777852182],[-77.58094577377615,-0.7771921122636921],[-77.58189474862024,-0.7778237104324996],[-77.5822929925286,-0.7784930912139212],[-77.58257698903171,-0.7795446965451069],[-77.58255739798567,-0.7802901992074405],[-77.58236668219122,-0.7813031848256459],[-77.5818156717519,-0.7816850502052164],[-77.58141640865482,-0.7822773142206879],[-77.58115011943129,-0.7828123395305082],[-77.58078871144676,-0.7835575607652285],[-77.58044664906251,-0.7838631324711053],[-77.57980083026443,-0.7840728752065405],[-77.57930680394985,-0.7844356684794009],[-77.57881392269327,-0.7845124329152151],[-77.57845216272435,-0.7845687749550481],[-77.5772937959855,-0.7845678201442213],[-77.57624921318528,-0.7847581162835775],[-77.5757547684398,-0.7856370328826578],[-77.5754881816869,-0.7865352520240124],[-77.57527876564886,-0.787185013651424],[-77.57478439686365,-0.7879683490101957],[-77.57440404285757,-0.7886561999904346],[-77.57402370315172,-0.7893249344259535],[-77.57354836963266,-0.7900509363262478],[-77.57329018818457,-0.7908249066332295],[-77.5731648582172,-0.7916909824944689],[-77.5730929588883,-0.7925272334924786],[-77.57287852026242,-0.7935067336249456],[-77.57256909301402,-0.7945339432920117],[-77.5723072768592,-0.7953939297250021],[-77.57187926161365,-0.7963015648518516],[-77.57179010754386,-0.7967977807846186],[-77.57166463993201,-0.7974961142900522],[-77.57126063749712,-0.79806924444233],[-77.57073761211964,-0.7990484817397272],[-77.5704284567465,-0.7997411632066531],[-77.5699294454717,-0.8003858949083937],[-77.56928779393826,-0.8012933458587176],[-77.56907360398942,-0.801962211484755],[-77.56914401731252,-0.8029180509564481],[-77.56947579585022,-0.8035634840385508],[-77.57014007044158,-0.8039941478325231],[-77.57075699115886,-0.8042814040964629],[-77.57156404749102,-0.8042820873830144],[-77.57246609187489,-0.8042350624110292],[-77.5727511555422,-0.803972462356523],[-77.57305997577619,-0.8036859888555881],[-77.57353475598072,-0.8036386008291612],[-77.5741284797256,-0.8032806829909829],[-77.57512541598653,-0.8033054203479865],[-77.57564767056256,-0.8032580718754622],[-77.57626509306809,-0.8029479622765012],[-77.57638379840908,-0.802924167212957],[-77.57747584402955,-0.8027578262666369],[-77.57799805999964,-0.8027582667099789],[-77.57885291468877,-0.8023766707567113],[-77.57949413589473,-0.8019948949283524],[-77.57978803124827,-0.8016943280280545],[-77.58700120416275,-0.8062719792647951],[-77.58735910659567,-0.8064757823266981],[-77.59163523616391,-0.8089107784271496],[-77.59986083954195,-0.813594778751329],[-77.60535733263701,-0.8167320113543194],[-77.60779643958665,-0.8181241837256208],[-77.61169431212991,-0.8203489818645946],[-77.61210373070612,-0.8205826669290791],[-77.61214118825177,-0.821019247985014],[-77.61278123047222,-0.82207120084871],[-77.61304174433019,-0.8227882920856959],[-77.61344452559311,-0.8236966703430123],[-77.61387126557027,-0.8243422172857847],[-77.614393141303,-0.8247727860058095],[-77.61572195325542,-0.8253952123224636],[-77.61690853940829,-0.8257785607544885],[-77.61781026874314,-0.8261616654299273],[-77.6182608904773,-0.8266399669014469],[-77.61826042485664,-0.8271895685138431],[-77.61788028884207,-0.8275715734978459],[-77.61742879533446,-0.8281207870612226],[-77.61688216737248,-0.8288849790573002],[-77.6167153495247,-0.8296494983137231],[-77.61707054905332,-0.8306773191540832],[-77.61730750348381,-0.831179333396729],[-77.61785311725774,-0.831609927387854],[-77.61861237637274,-0.8320407063216569],[-77.6192529231519,-0.8324952795351275],[-77.62010654487882,-0.8336191185194001],[-77.62072280318822,-0.8347188583142228],[-77.62117266712256,-0.8360813088058738],[-77.62131411575037,-0.837228429865981],[-77.6214558082623,-0.8380888022777804],[-77.62166861348837,-0.839068715964554],[-77.62209563736461,-0.8393797333005645],[-77.62268877004487,-0.8397625828685145],[-77.62330520974832,-0.8406472660530033],[-77.62380289514505,-0.8416035350634056],[-77.62403951865541,-0.8424878886480842],[-77.62380052569715,-0.8443515577945564],[-77.62334860659048,-0.8453786846025637],[-77.62334788294523,-0.8462150385881015],[-77.62337073107187,-0.8472425809698879],[-77.62370240773879,-0.8480075397070881],[-77.62488883658135,-0.8485820845313654],[-77.62681108030147,-0.8492528607759686],[-77.62961194949958,-0.8495898667351376],[-77.63039547127795,-0.8494232828981562],[-77.63132177757726,-0.848850591581786],[-77.63193946006855,-0.8483015239919443],[-77.63417172851054,-0.8473476365870024],[-77.6353822829666,-0.8474920729300529],[-77.63626032974264,-0.8478273875740898],[-77.63716174497875,-0.8485928556460985],[-77.63792083030297,-0.8492387180970423],[-77.63863206658887,-0.85031467175243],[-77.63979446617937,-0.8512476467007535],[-77.64088604283279,-0.8517265302370498],[-77.64226222055709,-0.8525163176735451],[-77.64375767482908,-0.8526371133854981],[-77.64477870280666,-0.8523512532146467],[-77.64601313466089,-0.8523523367451401],[-77.64689139838393,-0.8524486935756442],[-77.64795930694815,-0.8528558698941858],[-77.64890839752246,-0.8534063220672773],[-77.6495732395004,-0.853239630781278],[-77.6507133408742,-0.8525237347418675],[-77.65099885220114,-0.8517831921961313],[-77.65156954234276,-0.8506844501612139],[-77.6519741808958,-0.8494421826524691],[-77.65252123228669,-0.8482239353285053],[-77.653187387793,-0.8465278571443603],[-77.6542086675264,-0.845955226603398],[-77.65615614801007,-0.8449532583702438],[-77.65679768114148,-0.8442847074270909],[-77.65724913714664,-0.8438071644322742],[-77.65812816522786,-0.8430193335870335],[-77.65881752287582,-0.8419445770434044],[-77.65941180053144,-0.8410131170690567],[-77.66005331161571,-0.8403684571450937],[-77.66074228113892,-0.8397477344525845],[-77.66166848229838,-0.839318389120159],[-77.66247602736406,-0.8388411478189812],[-77.66335491320721,-0.8382205851342128],[-77.66397276577523,-0.8374803128670231],[-77.66416326750453,-0.8367874664421496],[-77.66428283316107,-0.8357600041232518],[-77.66466341032489,-0.8348761456103214],[-77.66532896102929,-0.8338730442385406],[-77.666089488288,-0.8328461266813499],[-77.66675533823764,-0.8314845692517456],[-77.6678958160152,-0.8303145884674348],[-77.66901277291312,-0.8288817180729046],[-77.66925084737959,-0.8280694223087941],[-77.66970279569838,-0.8269944393272798],[-77.66937124007866,-0.826038279675332],[-77.66837479819787,-0.8252966319235869],[-77.66744927777228,-0.8249134996353534],[-77.66645222167645,-0.8249126580833002],[-77.66550264560209,-0.8249118563723442],[-77.66495659960685,-0.8249591883247013],[-77.66410172290068,-0.8252691254302648],[-77.66357887816484,-0.8259616929446768],[-77.66324612838717,-0.8264393476489859],[-77.66265202512629,-0.8271796463893235],[-77.66229549497376,-0.8277050747268465],[-77.66155889523003,-0.8285169411107411],[-77.66096435057028,-0.8297829655417237],[-77.6603940855219,-0.8304037965302283],[-77.65961010581138,-0.8310961356157964],[-77.65915825423893,-0.8320516198135144],[-77.6586113653846,-0.8331026091950493],[-77.65853948141645,-0.8338911400048971],[-77.65839629920215,-0.8347751960520674],[-77.65806330303035,-0.8355396054653992],[-77.6575166725279,-0.8362799346554316],[-77.6566618565129,-0.8365181679887855],[-77.65666222086918,-0.8360880279947631],[-77.65630679953965,-0.8352991334625065],[-77.65585595661237,-0.835059780144754],[-77.65609385422927,-0.8344625670807767],[-77.65671147815173,-0.833985162181519],[-77.65687827766303,-0.8332445076331476],[-77.65723499133817,-0.8325040150687179],[-77.65771056175541,-0.8315724497850661],[-77.65797243735214,-0.8306884950620388],[-77.65835369064405,-0.8289921529901852],[-77.65847382936894,-0.8272716906827661],[-77.65844384503303,-0.8276420644981058],[-77.65844479541126,-0.8265069702412702],[-77.65838624660667,-0.8255510520313097],[-77.65806063053682,-0.8245949080111645],[-77.65779403882856,-0.8240271353161309],[-77.65743869794605,-0.8231307081088906],[-77.65696458595721,-0.8223237948371458],[-77.65628260682305,-0.8216959312496404],[-77.65571987107813,-0.8204110113650832],[-77.65577976495149,-0.8197539032927353],[-77.65524679949698,-0.8183495268296285],[-77.65495043196455,-0.8179012155421387],[-77.65477298259268,-0.8171841679372914],[-77.65412092488529,-0.8162576261542434],[-77.65370618273481,-0.8154208975136833],[-77.6527866655049,-0.8149720659176699],[-77.65204524026225,-0.8144636425934422],[-77.65165997459505,-0.8138659066595656],[-77.65145272668745,-0.8132981897944436],[-77.65121600181831,-0.8124914829113459],[-77.65062297122992,-0.8119533161159094],[-77.64970407036404,-0.8107577226109742],[-77.6491626952163,-0.8099506798783414],[-77.648777625136,-0.8091139823554155],[-77.64857062092307,-0.808247562013043],[-77.6480959909681,-0.8080679436590821],[-77.64806587601257,-0.8086055895289939],[-77.64785766997149,-0.80920282827848],[-77.64750119377024,-0.8096804608363877],[-77.6470559669384,-0.8098294417755071],[-77.64598737486205,-0.8102467384817655],[-77.64554185325419,-0.8107541657575483],[-77.64533374448484,-0.8112319203535204],[-77.64506658493805,-0.8113511792039202],[-77.64438419221867,-0.8112311269491341],[-77.64399885520454,-0.8107230067402856],[-77.64352439926418,-0.8103342943627273],[-77.64301992636207,-0.8103637435645584],[-77.64239643881388,-0.8107814088703116],[-77.64183227359388,-0.8112289935660392],[-77.64114951423727,-0.8115569959309081],[-77.64064494277139,-0.8117059255525075],[-77.64017024234653,-0.8116159170652892],[-77.63987385474343,-0.8111974848914122],[-77.63945887135647,-0.810659471487058],[-77.63910333321317,-0.8100020268660445],[-77.63877751744403,-0.8092848677790361],[-77.6380655062455,-0.8091050513498552],[-77.6374125212147,-0.8093135979637344],[-77.63661102229433,-0.8097012415777026],[-77.63592853815787,-0.8097006709388785],[-77.63518646055338,-0.8099987515329561],[-77.6346521213884,-0.8102671361536851],[-77.63349452095265,-0.8106843491512796],[-77.63284134138293,-0.8111318539011848],[-77.63201014685559,-0.8115493375525015],[-77.63132734306942,-0.8119370757313908],[-77.63028779399873,-0.8131310050447813],[-77.62966470861672,-0.8130707408057525],[-77.62936820188098,-0.8128016610922025],[-77.62942811799235,-0.8121147007611003],[-77.62948790984825,-0.8115770904049622],[-77.63008184056466,-0.811010059034876],[-77.63058670334152,-0.8105026914454885],[-77.63123975866228,-0.8102045380154196],[-77.63174466984185,-0.8096374299876181],[-77.63147857359617,-0.8084722734989412],[-77.63058902232407,-0.8076949088394777],[-77.63011474569555,-0.8070971115091948],[-77.62889933289013,-0.8056623366549255],[-77.62860363440905,-0.8044075507202378],[-77.62901952240631,-0.80384036657521],[-77.62970190261969,-0.8039604143278362],[-77.63002798708328,-0.8043489962178962],[-77.63068020515915,-0.8050664196997236],[-77.63112490831365,-0.8055447113413584],[-77.63139176864733,-0.8057838943971645],[-77.63228161770472,-0.8062028174807526],[-77.63275619109997,-0.8064421731843641],[-77.63355711935085,-0.806741542376264],[-77.63415063182929,-0.8066822968113009],[-77.63471456970865,-0.8065035456597786],[-77.63545657074799,-0.8062950723040693],[-77.63602028831447,-0.8063851524386929],[-77.63634684116123,-0.8062062037949815],[-77.63646636792635,-0.8051907148210523],[-77.6365917053108,-0.8043245825842928],[-77.63685310354671,-0.803990252375516],[-77.6376599413994,-0.8043254696032573],[-77.63841936213622,-0.8045889583873121],[-77.63915502472082,-0.8048763245197679],[-77.64000953791509,-0.8049726186443902],[-77.64065055991153,-0.8048775661735189],[-77.64103053521492,-0.8046867103374865],[-77.64155331491025,-0.8040419440366346],[-77.64160108566803,-0.8036835387442854],[-77.64079498518718,-0.8024402635283725],[-77.64013084977017,-0.8017706179552913],[-77.63953800736076,-0.8010054475481908],[-77.63899242814152,-0.8005031755352437],[-77.63866074997921,-0.7996904294762649],[-77.63861389500525,-0.7989257105374076],[-77.638828241408,-0.7980656223070741],[-77.63911362895857,-0.7974206588660463],[-77.63906714032089,-0.7962019115004818],[-77.63873538148071,-0.7954847521653534],[-77.63859374260589,-0.7945048898985505],[-77.63833319843143,-0.7937877888876993],[-77.63804926303925,-0.7926405378710966],[-77.63835834619583,-0.7920433845336465],[-77.63897601093804,-0.7914703795994087],[-77.63947490569176,-0.7909928614918681],[-77.64009268556838,-0.7902764777728798],[-77.64054440992298,-0.789416579483207],[-77.64085352968267,-0.7887716306181555],[-77.6411865414592,-0.7879355312799328],[-77.64130611517758,-0.7868363980605573],[-77.64104560202234,-0.7860715053793587],[-77.64076127471698,-0.7854021784905301],[-77.64035855869406,-0.7843504157648022],[-77.6404539709819,-0.7837769814012777],[-77.64078690099247,-0.7830364653347208],[-77.64104838659038,-0.782582647050148],[-77.64161896845529,-0.7815077735864845],[-77.64182792063693,-0.781872785874361],[-77.64206475508918,-0.7825659709682246],[-77.64206437449765,-0.7830438965417358],[-77.64185002291258,-0.7839278880439918],[-77.64194387045804,-0.7853139502963344],[-77.64218054985305,-0.7861983058237925],[-77.64248842519362,-0.787106616417119],[-77.6428674199196,-0.7881344671129634],[-77.6430090090253,-0.7891860215034545],[-77.64298488612474,-0.7896639282080198],[-77.64298444457555,-0.7902135439780448],[-77.64281765980002,-0.7909780917596011],[-77.64241362160166,-0.7915751701442629],[-77.6419145519997,-0.7922677560849746],[-77.64122572731365,-0.7927690157444371],[-77.64082186190471,-0.7931510270592605],[-77.64063168298621,-0.7934854192045155],[-77.64046485597446,-0.7942977563063999],[-77.64041664492323,-0.7952057759436942],[-77.64024989385564,-0.7959225270834069],[-77.64022559303055,-0.7966154999888035],[-77.64053307042622,-0.7980017369510697],[-77.64072257266534,-0.7985037149492084],[-77.64105415563435,-0.7994359436514435],[-77.64107721319938,-0.8002723336340704],[-77.64150378890405,-0.8011568488894375],[-77.64183572181352,-0.80165894566936],[-77.6426899252151,-0.8021375785946908],[-77.64344899844043,-0.8028312003104091],[-77.64394686787321,-0.8036201926355345],[-77.64425482708327,-0.804409028335852],[-77.64451521031987,-0.8053173061363047],[-77.64460942204892,-0.8062254473115651],[-77.64439512593317,-0.8070138501870224],[-77.64401497227578,-0.8074197719649966],[-77.6433975485291,-0.8076821189327147],[-77.6424952999523,-0.8078964345114574],[-77.6412133890924,-0.8079192628033046],[-77.64043001180774,-0.8079186101333188],[-77.63993140129405,-0.8080376760609151],[-77.63981233427783,-0.8084916065325213],[-77.63993067364046,-0.8089218381677407],[-77.64052382544914,-0.8093046734792335],[-77.64121193375797,-0.8096875884485334],[-77.64173428367833,-0.8095685428665714],[-77.64263655289156,-0.809330332307093],[-77.64315878544593,-0.8093546648006411],[-77.64408426327624,-0.8097616744408057],[-77.64517616973225,-0.8098581712164324],[-77.64557996604555,-0.8095717507231591],[-77.64614999254556,-0.8092137793297527],[-77.64636405501695,-0.8087121327297528],[-77.64676810547222,-0.8081150577920613],[-77.6475997107054,-0.8072076845867595],[-77.64855002855617,-0.806276511096164],[-77.64947592341265,-0.8061816926153085],[-77.64990277389796,-0.8067316665558645],[-77.64997334453273,-0.8075203104770137],[-77.6498774878283,-0.8086194708638156],[-77.65013790947067,-0.8094799614501134],[-77.65070719226104,-0.8100300557649605],[-77.65172710361338,-0.8110823538250911],[-77.65267609278388,-0.811776146575563],[-77.65312681990943,-0.8121588679126821],[-77.65379042911115,-0.8134737350841622],[-77.6542407817383,-0.8143104936514391],[-77.65507028687217,-0.8159600551892817],[-77.65592313431414,-0.818087573391434],[-77.65651522542515,-0.8197608381075966],[-77.65746348104462,-0.8213388177580214],[-77.65798500801966,-0.8222234354442262],[-77.65869636786168,-0.8232038016219603],[-77.65909921800517,-0.8240644245601985],[-77.65943094896635,-0.8248055041898567],[-77.65943039021884,-0.8254746128862391],[-77.65940621197316,-0.8260003204568513],[-77.65938189350334,-0.8266933062935661],[-77.65921461786655,-0.828007485209751],[-77.6590002627223,-0.8288436885851727],[-77.65909485926035,-0.8292739103896724],[-77.65942708839508,-0.8294175740515156],[-77.65985447578093,-0.8293223500974013],[-77.6602584050034,-0.8288925516574951],[-77.66085258886392,-0.8280566695647275],[-77.66168438441849,-0.8269581222662459],[-77.662135970626,-0.8263132903920347],[-77.6626828732059,-0.8252383964224049],[-77.66332465276729,-0.8242591681535746],[-77.66382387542875,-0.8234232000572794],[-77.66448907455381,-0.8228263388049997],[-77.66494053932898,-0.8223248846621105],[-77.66562890175744,-0.8224210512490948],[-77.66636464445105,-0.8226367432982797],[-77.66705334533526,-0.8223266628664098],[-77.6672197397896,-0.8220639367360503],[-77.66781364223499,-0.8215626002317112],[-77.66881119403322,-0.8209660136330277],[-77.66980809319503,-0.8211580263867675],[-77.67040122437123,-0.8215886706401505],[-77.67137406916332,-0.8221630162551232],[-77.67246537393207,-0.823024227485057],[-77.67331946309947,-0.8236701673726994],[-77.67426880934894,-0.8239577305840563],[-77.6746243480741,-0.8246271492187447],[-77.67417291745517,-0.825080813972963],[-77.67374528652346,-0.8254628080650526],[-77.67312765931801,-0.825940228478575],[-77.67284252615266,-0.8262506499471655],[-77.67258095204377,-0.8267761652211728],[-77.67241429742757,-0.8273495538496827],[-77.67203386518443,-0.8280661444277727],[-77.67172443220956,-0.8290456609581365],[-77.67170019339592,-0.8296430669816758],[-77.67171362702776,-0.8306109092180696],[-77.67171266570169,-0.8317579663115622],[-77.67164051450044,-0.8328691177669617],[-77.67160436265816,-0.8335143077911145],[-77.67149672120948,-0.8344820458366946],[-77.67142456596451,-0.8355931968285831],[-77.6718869450515,-0.8362388125544881],[-77.67195771030636,-0.8367765561370453],[-77.67206375218437,-0.8377086319941519],[-77.67231259441216,-0.8382106840946509],[-77.67281061194888,-0.8388204851677493],[-77.6734155795895,-0.8392869971213646],[-77.67430572656241,-0.8393952971809369],[-77.6755875198337,-0.8395756240750581],[-77.67594334326708,-0.839898540294107],[-77.67604962643883,-0.8405438541794943],[-77.67579978240579,-0.8412247086222299],[-77.67526506064499,-0.8419053179253194],[-77.67551378057976,-0.8425507549773168],[-77.67558390383819,-0.8438412611453088],[-77.67558280631252,-0.845131705162383],[-77.67593847583389,-0.8456338519903367],[-77.67647213277355,-0.8462078450577749],[-77.67664935631049,-0.8471758328251652],[-77.67661328746391,-0.8477134882141854],[-77.67647017550959,-0.8485019711039886],[-77.67661194007977,-0.8492907005972878],[-77.67703904235377,-0.8495419909578992],[-77.67778693902704,-0.8494351013854542],[-77.67825014226764,-0.8491128905120452],[-77.67885593750201,-0.8486115734093421],[-77.6797107864189,-0.8483613918964326],[-77.68060094126079,-0.8484696985290121],[-77.68134856501268,-0.8486854208521681],[-77.681917986737,-0.8490802181954448],[-77.68252292725364,-0.8495825847781668],[-77.68309228831933,-0.8500490756215139],[-77.68426726567003,-0.850229322665489],[-77.68483693394161,-0.8503373531052686],[-77.6854419374438,-0.8507680295384483],[-77.68640328645836,-0.8509122466562344],[-77.68718686212988,-0.8507336940088012],[-77.68807736077399,-0.8504476946300191],[-77.688575902919,-0.8504481256509395],[-77.68967981882439,-0.8504490798247474],[-77.69074830869255,-0.8502349259002159],[-77.69156740549224,-0.8501639399225106],[-77.69245751053562,-0.850343940101304],[-77.69331145576236,-0.8511691441887111],[-77.69405838647916,-0.8522093348820671],[-77.6948771194188,-0.8525685063335761],[-77.69583826487678,-0.8529636491456423],[-77.69655041250856,-0.853035958005577],[-77.69719131010342,-0.8531440520914586],[-77.69765400150574,-0.8534312238532044],[-77.6979028159695,-0.8539691372945377],[-77.69811589767447,-0.8546504058941924],[-77.69822239241296,-0.8550448097340466],[-77.69886310640064,-0.8553679847103194],[-77.69953952380028,-0.8555836500510196],[-77.7001448125548,-0.8556917147475646],[-77.70062827116936,-0.8559878679551896],[-77.70107929838747,-0.8560360546765277],[-77.70179167597024,-0.8558454900089827],[-77.70221933042306,-0.8554634960847363],[-77.70278924550651,-0.8552967047022264],[-77.70359601386058,-0.8557753597213686],[-77.70371426703966,-0.8563012138283022],[-77.7036902193881,-0.8566596605480707],[-77.70342870587747,-0.8570895946245978],[-77.7033808358921,-0.8575436113242493],[-77.70338042644835,-0.8580215675584473],[-77.70347043537045,-0.8584955089371041],[-77.70461284706957,-0.8584539106059531],[-77.70463806070747,-0.8587395951310167],[-77.70468517315689,-0.859169797372194],[-77.70511192920006,-0.8598393075521551],[-77.70558637080956,-0.8602698818346457],[-77.70653591301762,-0.8603662997783779],[-77.70729561238392,-0.8603669605058664],[-77.70786485394375,-0.8609888015038664],[-77.70841047850065,-0.8614672352263567],[-77.70840980074085,-0.862255865923426],[-77.70840930743397,-0.8628294166684586],[-77.70817118063073,-0.8636656362217674],[-77.70764828933476,-0.8643582193345276],[-77.70733941355924,-0.8646447247754252],[-77.70698280877224,-0.8652179625500496],[-77.70664934598793,-0.8664842598185455],[-77.70679108687555,-0.8672969124137113],[-77.70678967946124,-0.8689219680429869],[-77.70636110334792,-0.870355464683634],[-77.70609925029476,-0.8711677630131004],[-77.7055527162596,-0.8717408301530379],[-77.70514868804213,-0.8722423288771644],[-77.70429337961025,-0.8729824072260505],[-77.7033669535928,-0.8736029320768691],[-77.70255931426894,-0.8741279690533986],[-77.70201265421204,-0.8748444191779298],[-77.70148977668295,-0.8755130937662247],[-77.70127546257675,-0.8762537344996224],[-77.7012748764129,-0.8769228715538916],[-77.70136918968765,-0.8776637860940285],[-77.70162976991952,-0.8783092571465412],[-77.70227051517836,-0.8785966006862534],[-77.70312515689606,-0.8786212581667906],[-77.70364742966215,-0.8786456200048975],[-77.70438362070786,-0.8783833984526134],[-77.70533351976293,-0.8780735702305966],[-77.70606920912353,-0.8783848959067379],[-77.70680485715623,-0.8787440178636241],[-77.70730293140967,-0.87929411231708],[-77.70791954094385,-0.8800354959688693],[-77.70877362058867,-0.8807053980654285],[-77.7093425815906,-0.8816379246141451],[-77.7096743222733,-0.8823551585140705],[-77.70979229046516,-0.8831916930223084],[-77.71024241883654,-0.8842675032938628],[-77.7110250245796,-0.8852241225259713],[-77.7115939830312,-0.8861566534229061],[-77.71175938860318,-0.8870410277387618],[-77.71171118829099,-0.8878535169954],[-77.71163890816904,-0.8890483526282132],[-77.71163820940077,-0.8898369866839337],[-77.71178006215175,-0.8905062587408428],[-77.71244427739464,-0.8911043068457308],[-77.71332231149135,-0.89153526134714],[-77.7145088510644,-0.8921098821443667],[-77.71481684726727,-0.8928271014129384],[-77.71502996368183,-0.8934486446265213],[-77.71505296121946,-0.8942850982251527],[-77.71490983447319,-0.8950497077799116],[-77.71483792914974,-0.895814382348784],[-77.71478968039882,-0.8966746700563244],[-77.71483669245859,-0.897200470100971],[-77.71526356174272,-0.8977266149525885],[-77.71588035951548,-0.8982529312932802],[-77.71628336002236,-0.8989224438641579],[-77.71628271865687,-0.8996393873998486],[-77.71640063247335,-0.9005237247814293],[-77.71644725812497,-0.9014796918403618],[-77.71628046985093,-0.9021486879424071],[-77.71594725786115,-0.903080411405553],[-77.71518666129573,-0.9040595410628709],[-77.71492475666264,-0.9048957359496681],[-77.71535157980503,-0.9054696795975591],[-77.71594448332428,-0.9061632660252503],[-77.71675107836585,-0.9068331507067143],[-77.71727226180035,-0.9080763306111658],[-77.7175799685534,-0.9091042322869334],[-77.71812469728675,-0.910562519869711],[-77.71881167671576,-0.9122360228637816],[-77.71923815185092,-0.9131923429704961],[-77.7198786239172,-0.9137903865781152],[-77.72049548466755,-0.9142450209466709],[-77.72116004476727,-0.9144607162492515],[-77.7221567682012,-0.9149157001978371],[-77.72253619506441,-0.9153940151866263],[-77.72329515753073,-0.9162311547128941],[-77.72336566392174,-0.9170198627041145],[-77.7233648150981,-0.9179518953118903],[-77.72305543649011,-0.9187641521673949],[-77.72267459316832,-0.9198392222931967],[-77.72269765824522,-0.9205800902556384],[-77.72298198620786,-0.9212017089070709],[-77.72310001545686,-0.9219426651912187],[-77.72309964354761,-0.9223489352096511],[-77.72305183224849,-0.9227073653214898],[-77.72321703672891,-0.9237829422355734],[-77.72366707092222,-0.924930478288013],[-77.72447368823853,-0.9255764836527637],[-77.7252091028628,-0.9261985246929209],[-77.72558828545911,-0.9269397264585096],[-77.72608608744264,-0.9277766322731217],[-77.72637030307646,-0.9285177465872264],[-77.72632218230385,-0.9292107540495274],[-77.72629762498478,-0.9300949711859453],[-77.72648682942017,-0.9308837934670333],[-77.72700839352838,-0.9316968269838184],[-77.7273637883255,-0.9324858057691829],[-77.72779038528947,-0.9332987507776832],[-77.72828791895301,-0.9344224431911601],[-77.72892765765262,-0.9358091517871704],[-77.7291170807772,-0.9363589937618998],[-77.72923525672151,-0.9369326670009983],[-77.72951935780655,-0.937793278139179],[-77.72963748866087,-0.9384147488105024],[-77.73004027412914,-0.939299370678719],[-77.7303484266771,-0.9398254277476294],[-77.73101254909474,-0.9405191097061795],[-77.73205689556559,-0.9408307756275518],[-77.73253139675957,-0.9411897012650389],[-77.73305349232747,-0.9414291794353267],[-77.7334089954235,-0.9420986741075874],[-77.73355082177504,-0.9427679663405901],[-77.73390630208358,-0.9434613608455865],[-77.73449884324236,-0.9445373560286002],[-77.73528147508432,-0.9454462431184246],[-77.73623059025746,-0.9460446066182515],[-77.73710863727743,-0.9464756139039088],[-77.73763071363008,-0.9467389935017565],[-77.73839040999627,-0.9467875111613538],[-77.73912629829752,-0.9469077020253869],[-77.7398381996446,-0.9472907554931611],[-77.74073974657942,-0.9479846732404097],[-77.74145158104687,-0.9484394237211238],[-77.74232972240017,-0.948774838715922],[-77.74318414524998,-0.9490863331525151],[-77.74361125625752,-0.9493496255730743],[-77.74439472271442,-0.9493742673793347],[-77.74529690039981,-0.949399021641725],[-77.74629382327267,-0.9496628549738997],[-77.74712477552752,-0.9496875415033638],[-77.74807446268392,-0.9496884418988794],[-77.74890543878728,-0.9496892295293616],[-77.75004504298428,-0.949714207942378],[-77.75099448624812,-0.9499779964687445],[-77.7519201662157,-0.9502656604384861],[-77.75248944520372,-0.9508397760843601],[-77.75286862854016,-0.9515810034611665],[-77.75293934065137,-0.9521307475811153],[-77.75305740294668,-0.9528239313540358],[-77.7533656050595,-0.9533022035188106],[-77.75353133097327,-0.9538042401023136],[-77.75376832845775,-0.9542585472781876],[-77.75445622843345,-0.9549283744059426],[-77.75493049168904,-0.9555502006737565],[-77.75542881320143,-0.95583746304257],[-77.75559460511752,-0.9562678039947292],[-77.75552306352975,-0.956602323223269],[-77.75538002497181,-0.9572235623545771],[-77.75573539649456,-0.9580364691702833],[-77.75609105946623,-0.9585386888806186],[-77.75635197924092,-0.9588018275364457],[-77.75675533002824,-0.9590890019403315],[-77.75711108411107,-0.9594956257142881],[-77.75720569386134,-0.959878102390364],[-77.75687269016284,-0.9605230592713684],[-77.75675343635127,-0.9610965231034627],[-77.75670529652623,-0.9617895503708745],[-77.75656239021818,-0.9622673954473258],[-77.75622940837609,-0.962888452348778],[-77.75622850340275,-0.9638444149770835],[-77.7559666335844,-0.9645850348118288],[-77.75575254392672,-0.9650150123623058],[-77.75534826407088,-0.9657076962161718],[-77.7549916513715,-0.9662092330646148],[-77.75432647662154,-0.9666148758322792],[-77.75368522588,-0.966829349854358],[-77.75316280211808,-0.9669244420288927],[-77.75249801449577,-0.9669238013452676],[-77.75159582610317,-0.9668990330435449],[-77.75119227446162,-0.9668269472408372],[-77.75062245799317,-0.9668263978143066],[-77.74998134581806,-0.9668974761625105],[-77.74945878731336,-0.9671359613401391],[-77.74881737976783,-0.9675177245563593],[-77.74810470089405,-0.9679472162722766],[-77.74724977304156,-0.968161480378695],[-77.74646630050268,-0.9681368235579512],[-77.74537424786132,-0.9680401727634931],[-77.74442481005715,-0.9677763670484785],[-77.74333248595167,-0.9679665005482907],[-77.74259627279632,-0.9681808773210794],[-77.74193124069704,-0.9684431193221718],[-77.74128986014549,-0.9688009790437134],[-77.74083837013264,-0.9692068199157415],[-77.74074264704524,-0.9699953836980086],[-77.74076570193344,-0.9707123676120804],[-77.74069367357748,-0.9715487518288437],[-77.74033692188569,-0.9721936703429181],[-77.73941065718459,-0.9725273502656401],[-77.7387458776024,-0.9725267031436988],[-77.73815271586551,-0.9721198492070889],[-77.73763114680888,-0.9713306864820432],[-77.73734688468019,-0.970661248341708],[-77.73718135466801,-0.9699680276318389],[-77.73696824837577,-0.9693703549216478],[-77.73668391677063,-0.9687726142387711],[-77.73666090632189,-0.9680078358864872],[-77.73640077289087,-0.9669321469177224],[-77.73606886474637,-0.9664299550368401],[-77.73583144457147,-0.9664297251505324],[-77.73533270283764,-0.9665965315772062],[-77.7348813540245,-0.9668589792582176],[-77.73459615274851,-0.9671693841212048],[-77.73423958837274,-0.9676231105847466],[-77.73381186674156,-0.9680050721490148],[-77.73324185391061,-0.9682196061189612],[-77.73243460504521,-0.9682427204485781],[-77.73212591415263,-0.9682902178588979],[-77.7316272880835,-0.9683375307010962],[-77.73117612244592,-0.9684087876642444],[-77.73091454909311,-0.9688387059935115],[-77.73043918329806,-0.9693879084701265],[-77.72989277545129,-0.9697458528041367],[-77.72927528000557,-0.9699603380281948],[-77.72891903785938,-0.9700794832745615],[-77.72837265331495,-0.9704135283963868],[-77.72775474445459,-0.9710581833297127],[-77.7274692436898,-0.9716792628803878],[-77.7268753751498,-0.9720132600276028],[-77.7262105127654,-0.9721082045132329],[-77.72585429327783,-0.9722034494159012],[-77.72480965441123,-0.9722024285683476],[-77.72364630781314,-0.9722012913337333],[-77.72269668382505,-0.9721525659752038],[-77.72169957805045,-0.9721037948954778],[-77.72065508204882,-0.9719593830377754],[-77.71987169904813,-0.971863024174981],[-77.71873251601222,-0.9714317420409335],[-77.71806809661388,-0.9710726192879683],[-77.71737965955028,-0.9710002514566923],[-77.71688092473013,-0.9711670506573464],[-77.71602583541117,-0.9715724810574107],[-77.7145770457847,-0.9721446154447307],[-77.71360336558627,-0.972430437696339],[-77.71296234531493,-0.9724298088181623],[-77.71206035367294,-0.9722377396546581],[-77.71115852581637,-0.9718783845268659],[-77.71004337169734,-0.9711603517189946],[-77.70942651138463,-0.9707295834827602],[-77.70854849646523,-0.9702985596629623],[-77.7079072485769,-0.9705369102603875],[-77.70683856322614,-0.9708704320725207],[-77.7060074087269,-0.9710846966700898],[-77.7052003663641,-0.9709166198375717],[-77.70455967517026,-0.9705814204203604],[-77.70375277303525,-0.9702699565192118],[-77.7028270032625,-0.9701256610657849],[-77.70237596645293,-0.9700774224118864],[-77.70204379722568,-0.9698620166825529],[-77.70135581174128,-0.9693355900002715],[-77.7010238751675,-0.9688812072431883],[-77.70083420029951,-0.968618146164652],[-77.70021697611924,-0.9685697449915611],[-77.69988450676145,-0.9686650092015606],[-77.6989346992414,-0.9688313612302167],[-77.69836491148217,-0.9688308018182313],[-77.69791424737225,-0.9684002011005847],[-77.69772468896564,-0.9680176524662872],[-77.69748783316722,-0.9674438763363796],[-77.69739363233069,-0.9666551608584284],[-77.69720428143482,-0.9660575335374874],[-77.69711033260212,-0.9650059446637973],[-77.69711104766559,-0.9642651180079894],[-77.69708786017576,-0.9636915518545223],[-77.69699354057835,-0.9630223252436566],[-77.69692303120918,-0.9622814291777889],[-77.69661520285516,-0.9614447117506215],[-77.69642596431434,-0.9607275976943027],[-77.6961654335982,-0.9600821081519592],[-77.69600002677599,-0.9592694278173539],[-77.69607189188228,-0.9586003638918285],[-77.69616726890614,-0.9581702991673369],[-77.69642885498438,-0.9577164984930593],[-77.69673806041362,-0.9571193572767984],[-77.69704737983335,-0.9564027274296535],[-77.69733270575367,-0.9559489488177805],[-77.69752313735042,-0.95542338424427],[-77.69752389087037,-0.9546347626451185],[-77.69728691432844,-0.9541804771475255],[-77.69695495054206,-0.9537499982082069],[-77.69669446119447,-0.9530567147263878],[-77.69662378528633,-0.9524831031854585],[-77.69671950005622,-0.9516945730293883],[-77.69707020902085,-0.951139291373604],[-77.69761095246872,-0.9504706778801212],[-77.69838321536629,-0.9497544908513464],[-77.69903736901394,-0.9484108747976896],[-77.69915703679773,-0.9473953376250313],[-77.69915780058002,-0.9465887903257753],[-77.69930660586986,-0.9461408507344551],[-77.69954455268093,-0.9455735086660985],[-77.6993670316485,-0.9450057676400809],[-77.69895150785803,-0.9450651140599229],[-77.6985356170587,-0.945512797727178],[-77.69829775606338,-0.9459905228723716],[-77.69797086528663,-0.9464681632649867],[-77.6975846218849,-0.9469457463351934],[-77.69707964519102,-0.947453087024862],[-77.69684183906004,-0.9478710667872439],[-77.69618839696581,-0.9484678798984737],[-77.69535703876608,-0.9489151606421127],[-77.694971220425,-0.9489446612631152],[-77.69422951667302,-0.9487348431312616],[-77.6936953466396,-0.9487343288320477],[-77.69280480920281,-0.9490023188481167],[-77.69256589387741,-0.9505853010803387],[-77.69295054440809,-0.9517805498118137],[-77.69315779195314,-0.9522885734855067],[-77.6935131642731,-0.953065587503325],[-77.6933938035532,-0.9537525274438845],[-77.69324465193291,-0.9545589262284251],[-77.69294720557778,-0.9552755641589151],[-77.6926795769665,-0.9558428717107847],[-77.69250091916187,-0.9564700083155129],[-77.69244087952846,-0.9571868766864436],[-77.6922325159975,-0.9578438568319276],[-77.69196468494,-0.9586202656233018],[-77.6916374722345,-0.9594264889370735],[-77.69098396609989,-0.9600830330439408],[-77.69068668724339,-0.9606204371678041],[-77.69092343432548,-0.9613077218439667],[-77.6913378634229,-0.9623835143732463],[-77.69151519880386,-0.9631304856008145],[-77.69178162087327,-0.9638177995346826],[-77.6919592161771,-0.9642959242203727],[-77.69255236478949,-0.9646848402825834],[-77.69278948570982,-0.9649837920545006],[-77.6929670519449,-0.965491788411975],[-77.69290706357523,-0.9661489126899716],[-77.69284724834964,-0.966626805319503],[-77.69260946232058,-0.9670149064059228],[-77.69231232369341,-0.9674029498933971],[-77.69165901242991,-0.967850386925513],[-77.69124322766058,-0.9681785692127122],[-77.69076814761289,-0.9684469490505994],[-77.69050068483146,-0.9688350195196599],[-77.6904407519473,-0.9694323981853868],[-77.69044017106673,-0.9700298352651535],[-77.69035056124659,-0.970627183650407],[-77.69026121282124,-0.9709556861912417],[-77.68993439657032,-0.9713436980601016],[-77.68913293701016,-0.9715520098711554],[-77.68883600072151,-0.9717309476679495],[-77.68830156790551,-0.9719992652404444],[-77.68767819516471,-0.9721778800226596],[-77.6872330533799,-0.9721774399874217],[-77.68646162051388,-0.9720273184566025],[-77.68583830714759,-0.9721461891162569],[-77.68497758483318,-0.9722648246344993],[-77.68476967750591,-0.972443849193963],[-77.68453191902167,-0.9728020743335158],[-77.68441283624841,-0.973190288524541],[-77.68429375241361,-0.9735785026155779],[-77.68387761577307,-0.9742651380420123],[-77.68337280168937,-0.9745932257100671],[-77.68301636769223,-0.9749214602565092],[-77.6827191401497,-0.9753991115601286],[-77.68265908510757,-0.9761159705017777],[-77.68259923478644,-0.9766237289541048],[-77.68224253608055,-0.9772208059478218],[-77.68173748639198,-0.9777878640025365],[-77.68123246585328,-0.9783250498229741],[-77.68069794645302,-0.9786829760785767],[-77.67998548812201,-0.9789212380676718],[-77.67962925909211,-0.9790403679718592],[-77.67933167556505,-0.9798764742407426],[-77.67930155782436,-0.9803245173025339],[-77.67912288418185,-0.9809516401371372],[-77.67900385606097,-0.9812801079824885],[-77.67879568197877,-0.9817279726429519],[-77.67858765528244,-0.9820264796423607],[-77.67840942254308,-0.9822055302807893],[-77.6780826033963,-0.9825935316388628],[-77.6778743696025,-0.9831011384780182],[-77.67772548737926,-0.9836088046230689],[-77.67742813738103,-0.984205935145603],[-77.67695284907415,-0.9846834015557503],[-77.67659647162935,-0.9849518867233659],[-77.6760914183196,-0.9855189366521361],[-77.67578209526503,-0.9862176170021353],[-77.67571073088999,-0.9863609277007412],[-77.67568651564326,-0.9868388462404973],[-77.67575733377505,-0.9872451683357001],[-77.6760176732508,-0.9880579332711641],[-77.67620702813946,-0.988631656320143],[-77.67611158979977,-0.9891095022649937],[-77.67589754187149,-0.98949164029004],[-77.67535107644282,-0.9899212367969081],[-77.6751608886726,-0.9901839136536139],[-77.67485192570558,-0.9905181606158086],[-77.67459034884605,-0.9909480441010559],[-77.67442368638199,-0.9914258178010734],[-77.67437568038403,-0.991951504983027],[-77.67418532392726,-0.9923814599914443],[-77.67380525779188,-0.9925961491727422],[-77.6732588392383,-0.992977948371419],[-77.67287879712896,-0.993168739415787],[-77.67228494590175,-0.9935026953346802],[-77.6720235585321,-0.993741400614082],[-77.67183327410794,-0.9940996632029776],[-77.67169032728465,-0.9946013556594302],[-77.67161876986192,-0.9949358410430101],[-77.67128584851666,-0.9954851342901881],[-77.67104810591465,-0.995819451260804],[-77.67095278372044,-0.9961778096999606],[-77.67094424331239,-0.9966207410697321],[-77.67163593242405,-0.9975678916115623],[-77.67130738019236,-0.997683682952379],[-77.67106987718935,-0.9977790284168456],[-77.67078453185482,-0.9982327813076505],[-77.67064163090146,-0.9986866783921374],[-77.67056983114672,-0.9992601330389478],[-77.67076613297799,-1.0000020829290295],[-77.62475554626512,-1.0000024054708492],[-77.62459052103401,-1.0000024051791303],[-77.62414962532927,-0.9994189592906815],[-77.62377965489549,-0.9990601380581138],[-77.62346660066927,-0.9987587258984827],[-77.6232104635127,-0.9985147236233876],[-77.62286889278532,-0.9982419571972506],[-77.62239901207768,-0.998083758789007],[-77.62170111515779,-0.9980400241406749],[-77.62124547871358,-0.9978818396924874],[-77.6207898425018,-0.997723656233066],[-77.62036288414109,-0.9973791149833416],[-77.61993617476466,-0.9967908379557449],[-77.61982251850203,-0.9965039709654759],[-77.61963781965294,-0.9960449815101954],[-77.61943856911377,-0.9958870639322929],[-77.61909678022546,-0.9958293610223916],[-77.61852703545551,-0.995828772134278],[-77.61777203576317,-0.9959140159920123],[-77.61694600991677,-0.9958128000833243],[-77.61621967418691,-0.9957260246198415],[-77.61563602420824,-0.9953956606181567],[-77.61510924632191,-0.9951657172118931],[-77.61446838791629,-0.9950646930421647],[-77.6137560498046,-0.995221667915306],[-77.61308635389304,-0.995464709586529],[-77.61244491173632,-0.9959371780113946],[-77.61197458217062,-0.9962234379774046],[-77.61160401578286,-0.9964524508818987],[-77.61092001847808,-0.9967528259589125],[-77.61022185226852,-0.996981498441821],[-77.60960933721248,-0.9970238756696793],[-77.60918387040297,-0.9969520431345239],[-77.60901121373904,-0.9969228932012217],[-77.60825627967738,-0.9969507841969572],[-77.60731585828186,-0.997293902576364],[-77.60688827517535,-0.9975658667901582],[-77.6064178147454,-0.9979811584048398],[-77.60603246144231,-0.99874063138108],[-77.60608866920047,-0.9994862272179802],[-77.60633379069668,-1.0000023516384722],[-77.58018350649422,-1.0000020965635943],[-77.58007322263366,-1.0000020945755428],[-77.57885764887682,-0.9990642950581133],[-77.5766628383389,-0.9981062036455571],[-77.5743203495755,-0.9964908587157388],[-77.57165211278615,-0.9942479465396501],[-77.5694281091353,-0.9928418168499105],[-77.5661361450867,-0.9911956319474758],[-77.56370472483897,-0.989520485580078],[-77.56272661063055,-0.9884740877463583],[-77.56076912512377,-0.9876058772246185],[-77.55943476217249,-0.9867383194969462],[-77.5579221524917,-0.9860796515457668],[-77.55581640860046,-0.9851216908285555],[-77.5543339068272,-0.9840449103193104],[-77.55212966276859,-0.9822856693068208],[-77.55163595763673,-0.9818916359129937],[-77.54985720118955,-0.9803665435984396],[-77.54728901828338,-0.9756084833677671],[-77.54703440293741,-0.9751862017396227],[-77.5451266315915,-0.9720221630844492],[-77.54364629487205,-0.9688248340259712],[-77.54229650705771,-0.9668536726444301],[-77.54053537729666,-0.9642818179336158],[-77.54043271296372,-0.9639555212489437],[-77.53932273449556,-0.9604277095449202],[-77.53898475804793,-0.9594571096878316],[-77.53902312507034,-0.955392635086585],[-77.53883832805607,-0.950288746637252],[-77.5387191521644,-0.9487153034645975],[-77.53866298869434,-0.9482483533506479],[-77.53858309864547,-0.9475841384743539]],[[-77.66166455582263,-0.9174068150322398],[-77.66147399266431,-0.9180996426681715],[-77.6614733933186,-0.9187448551083914],[-77.6613539615785,-0.9195333369297783],[-77.66109231073986,-0.9200827164496643],[-77.66059337279827,-0.9205123878095209],[-77.66009430118653,-0.9210854387952505],[-77.65992729734634,-0.9219694607214297],[-77.65983160230485,-0.9227579632953011],[-77.65947494594974,-0.9233550447146631],[-77.65961675945032,-0.9240242880527444],[-77.65992499799123,-0.9244308243983185],[-77.6603994161138,-0.9248375194363303],[-77.66056519316552,-0.9252678184999491],[-77.66063616666462,-0.9255307500757641],[-77.66046940502424,-0.9261519077609753],[-77.65997055345616,-0.9264859882972338],[-77.65940048239592,-0.9268200016354007],[-77.65852177062787,-0.9271776173510073],[-77.65818914269326,-0.9274640609511555],[-77.65769040369152,-0.9276786571624966],[-77.65742890626358,-0.9280607551765415],[-77.65759443312326,-0.928753916810048],[-77.65816371863788,-0.9292562900643385],[-77.6588991155788,-0.9298305122571022],[-77.65946858074525,-0.9301417129123942],[-77.65982461227003,-0.9302137434931655],[-77.66082186936107,-0.9300235194931615],[-77.66153409094372,-0.9300003019390527],[-77.66243584985732,-0.9303835101402301],[-77.66264915052653,-0.9307660624107364],[-77.66224453503835,-0.9318649300406769],[-77.66167396438861,-0.9327246699642343],[-77.6605095999507,-0.9338944985083654],[-77.65986855367296,-0.9339655748501751],[-77.65920383506761,-0.9339649382424011],[-77.65825421499375,-0.9339879258284428],[-77.65747107001712,-0.9337004147640495],[-77.65635554354934,-0.9334364827796713],[-77.65564334843978,-0.9334358003660211],[-77.65476477132113,-0.9336500275364273],[-77.6541475804147,-0.933601642317127],[-77.65293741684077,-0.933003067749415],[-77.65179806609633,-0.9328346992174076],[-77.65089561736492,-0.9331922820184435],[-77.65034867533818,-0.9341715146305493],[-77.64992104314884,-0.9345056545745847],[-77.6490426054975,-0.9345764995746164],[-77.64787945281027,-0.9344797958418027],[-77.64730970040063,-0.9344792479275194],[-77.64633617089376,-0.9346933788418914],[-77.64548097783832,-0.9352899660942132],[-77.64472110553959,-0.9355043011550307],[-77.6440327941277,-0.935360259973843],[-77.64270408297784,-0.9346181931180808],[-77.64135156636863,-0.933947793608564],[-77.64087709504813,-0.9336127890757193],[-77.63933423327232,-0.9333962367109674],[-77.63876412346563,-0.9337780272559698],[-77.63838345150245,-0.9346618213776906],[-77.63888056840706,-0.9361438674813061],[-77.63916457626773,-0.9370521984007958],[-77.63961427994582,-0.9384625122783525],[-77.64001746355355,-0.9388691394373694],[-77.64082376159192,-0.9397540823625947],[-77.64215210105623,-0.9408784960522196],[-77.64340856004239,-0.9426958373096945],[-77.64385903962079,-0.9432936831981803],[-77.64447523824488,-0.9443696193138473],[-77.64494932018603,-0.9451108683848225],[-77.64566084489374,-0.9458045563642108],[-77.64625376234596,-0.9464025435619894],[-77.6470133648292,-0.9464749736440751],[-77.64839065972875,-0.946070074739584],[-77.64848598636755,-0.9456878241482932],[-77.64912760168694,-0.945019346538141],[-77.6499587692454,-0.9447333959692],[-77.6503862907504,-0.9445187430612595],[-77.65079025694193,-0.944112893996671],[-77.65138411855182,-0.9437311258596394],[-77.65204885653786,-0.9437078744398164],[-77.65299833535354,-0.9438282781546432],[-77.65373401950053,-0.9440918538617079],[-77.6543274939023,-0.9441163256138748],[-77.65492105922895,-0.9440452113559545],[-77.65553852533236,-0.9438068432921884],[-77.6562513400267,-0.9431623244179648],[-77.65656023301163,-0.9428758630745838],[-77.65701163374602,-0.942517849470714],[-77.65793771982169,-0.9422797788094717],[-77.65898234705972,-0.9422090975420445],[-77.66035926777579,-0.9422104278157167],[-77.66104791060367,-0.9420199187667785],[-77.66161794454366,-0.9417337081528317],[-77.66199828574851,-0.9412083450667021],[-77.66214149966116,-0.9403959918767917],[-77.66221312861575,-0.9399659182992904],[-77.66283082414438,-0.9394885764186096],[-77.66363800914603,-0.9394654566808581],[-77.66408936539437,-0.9391552318412886],[-77.66458854207075,-0.9384865994368258],[-77.66515914318653,-0.9376029633496489],[-77.66584812669271,-0.9370539958293329],[-77.66720133698232,-0.937031396789522],[-77.6679132030228,-0.9373905326468557],[-77.66891020008393,-0.9374870767306779],[-77.66959871103221,-0.9374399424964287],[-77.67052503150413,-0.9369628896442704],[-77.67111898928215,-0.9364855185026006],[-77.67128566672571,-0.9359599428756719],[-77.67192678931222,-0.9358171739773334],[-77.67268674800508,-0.935531135338889],[-77.67342301218372,-0.9351972799927726],[-77.67399307176258,-0.9348871621020302],[-77.67420711755722,-0.9344811152762655],[-77.67435018885963,-0.9338121326450821],[-77.67435075075622,-0.9332147061340433],[-77.67418530960103,-0.9324259439343356],[-77.67411464997923,-0.9318284488615691],[-77.67461368937128,-0.9313031875639275],[-77.67535015415986,-0.9307542535159922],[-77.67584923894758,-0.930181196382702],[-77.67603942997671,-0.9298946108053482],[-77.67632482774623,-0.9293452469353933],[-77.6767051645694,-0.928819870395365],[-77.6770615154772,-0.9285573393618903],[-77.67715665590869,-0.9283662512564422],[-77.67722834563106,-0.9278644785415181],[-77.6771575041506,-0.9274581600405609],[-77.67694426458348,-0.9270039114917928],[-77.67701633243736,-0.9260958877460305],[-77.67732526840419,-0.9257616185349308],[-77.67782386060867,-0.9257142956032107],[-77.67827517158493,-0.9254518517317447],[-77.67867911295131,-0.9250698776605957],[-77.67877465288542,-0.9244486402369001],[-77.67875135733333,-0.9239706737595733],[-77.67839591836443,-0.9232534232961952],[-77.6778502682159,-0.9228466569413829],[-77.67766074524833,-0.9224163291606697],[-77.67756644897229,-0.9216993254332334],[-77.67759083250661,-0.9210063292490743],[-77.67808999872496,-0.920337677281664],[-77.67863671172958,-0.91959737675029],[-77.6788888548744,-0.9193003672785857],[-77.67891611465254,-0.919106550722373],[-77.6789520228826,-0.9187839721050362],[-77.67891077566611,-0.9184613203170645],[-77.6788279719345,-0.9181505789939455],[-77.67870949108344,-0.9179114967351457],[-77.67833577413249,-0.9177020463319383],[-77.67776025416673,-0.9175043556519096],[-77.67709540485001,-0.9176363627712282],[-77.67640676011793,-0.9178268952987675],[-77.67590806053634,-0.917993708562098],[-77.67517184828279,-0.9182797838155814],[-77.67460168539209,-0.9187093974828501],[-77.67415022356818,-0.9191391219459605],[-77.67346149250369,-0.9194252409395517],[-77.6728443798774,-0.9192812793657108],[-77.6726311394429,-0.91882703431835],[-77.67244177144049,-0.9182294306772038],[-77.67194358235837,-0.9178466098614794],[-77.67075646491338,-0.9179649816810308],[-77.67025812195251,-0.9177494414968947],[-77.66926145895114,-0.917294464059928],[-77.66869189676581,-0.9170788566419207],[-77.66788477960664,-0.9170303055182021],[-77.66705370127733,-0.9172207012234895],[-77.66636497556406,-0.9175068181138705],[-77.66560503033057,-0.9177928675621877],[-77.66484552781824,-0.9176009790726686],[-77.66394378685496,-0.917193884939969],[-77.66327926797881,-0.9169781896130187],[-77.66211596809005,-0.9170248897220873],[-77.66166455582263,-0.9174068150322398]],[[-77.61106564244143,-0.9138342915525599],[-77.61070916018934,-0.9142640723960507],[-77.61070880118466,-0.9146464005378823],[-77.6111833037068,-0.9149335981181703],[-77.61177672511404,-0.9149819542347354],[-77.61248908708609,-0.9147675722854226],[-77.61329620185593,-0.9147683399811363],[-77.61422183149095,-0.9149603851180882],[-77.61474428453467,-0.9147458206873327],[-77.61521952986168,-0.914244463831709],[-77.61578943841415,-0.9140538399262226],[-77.61621673587146,-0.9140542456637923],[-77.616857391777,-0.9143654978893151],[-77.61745047984797,-0.9147722884757239],[-77.61768768864327,-0.9149636794157807],[-77.61780586724478,-0.9155133932697523],[-77.61816150108005,-0.9159916451510105],[-77.61847010565627,-0.9159919386043485],[-77.6190635766182,-0.9159925028630994],[-77.61951447974114,-0.916136306674636],[-77.61991797243465,-0.9162083774217684],[-77.62081953399806,-0.9167588377020046],[-77.62146012568738,-0.9171417795914871],[-77.6224327697313,-0.9178356835641188],[-77.62281227917606,-0.9181705861025728],[-77.6232393108438,-0.9184577431063929],[-77.62376109592954,-0.9189600528836018],[-77.62373699784463,-0.9193423635790643],[-77.62281063886877,-0.9199149816023433],[-77.62205074464771,-0.920177110617139],[-77.62188387485057,-0.9209177217422609],[-77.62214441722841,-0.9215392619249672],[-77.62273732700045,-0.9221372247093924],[-77.62328289503047,-0.9225917671197097],[-77.62335359295707,-0.9231414394618047],[-77.62325793764163,-0.923882119330081],[-77.6230914030106,-0.9242642932230223],[-77.62306709928907,-0.9248616663991499],[-77.62339906042507,-0.925268213664327],[-77.6238022167505,-0.9256987259002438],[-77.62389665178362,-0.9262484215356226],[-77.62361144447368,-0.9266065858143729],[-77.62313655075886,-0.9267256089899785],[-77.62244825599741,-0.9265815720998627],[-77.62204473823242,-0.9265333934675373],[-77.62154619729,-0.9265568099032222],[-77.62114236346473,-0.9268431717253932],[-77.6211001389348,-0.9271386785769451],[-77.62104677217606,-0.9275121613729299],[-77.62116462717735,-0.9283964199471438],[-77.62128268600344,-0.9290656162408168],[-77.62166216860625,-0.929424418344662],[-77.62199419584066,-0.9297592803675412],[-77.62263474019039,-0.9301900229537003],[-77.62289545972332,-0.930620399568933],[-77.62339334206862,-0.9312899639448204],[-77.62396248788835,-0.9319118058288889],[-77.62408065835496,-0.9324615241798927],[-77.62450748303695,-0.9329637509162102],[-77.62462576804596,-0.9333939912180998],[-77.6246961408624,-0.9342782067821698],[-77.62469536431232,-0.9350906660174666],[-77.62445744839115,-0.9356400408298751],[-77.6241959059955,-0.9360699130053158],[-77.62383913372928,-0.9367864422950466],[-77.6236487621355,-0.9372641748955449],[-77.62367192884912,-0.93786159420853],[-77.6239090448134,-0.938148574505144],[-77.62464470501988,-0.9384121450984064],[-77.62526203693233,-0.9382932657439789],[-77.62568979979929,-0.9378157630766532],[-77.62609423482392,-0.9369081106846805],[-77.62633199248658,-0.936526006738478],[-77.6266884458373,-0.9361440176535084],[-77.62704496764074,-0.9356903406284707],[-77.62735423906142,-0.9349976569404097],[-77.62740235657893,-0.9343286175861368],[-77.62740285831812,-0.9338029066619419],[-77.62759318179282,-0.9333729633830241],[-77.6275937057649,-0.9328233567655656],[-77.62759420666616,-0.9322976466358521],[-77.62723875644173,-0.9316282168205738],[-77.62676479220345,-0.9307675057974917],[-77.62649361984843,-0.9300865996764839],[-77.62626772463247,-0.9292376872386693],[-77.6262682238034,-0.9287119778201736],[-77.62636356611597,-0.928305838365983],[-77.62643525924658,-0.9278040928785944],[-77.62667319396128,-0.9272308192910206],[-77.62667418974475,-0.9261793990955259],[-77.62655605955199,-0.9255818871773015],[-77.62624792617835,-0.9250797774961069],[-77.62551330247551,-0.9237170069293076],[-77.6252999665289,-0.9233822605348865],[-77.62518174493164,-0.9228803336743353],[-77.6251352131833,-0.9218766607891671],[-77.62549188411965,-0.9212557078922206],[-77.62568215627346,-0.9208735550547248],[-77.62603830943011,-0.9208022071487146],[-77.62629975344704,-0.9204679138782871],[-77.62651380985899,-0.92003799111458],[-77.62687021024803,-0.9197037869649071],[-77.62741634338076,-0.9195609315866159],[-77.62781968249799,-0.9198002753210702],[-77.62815135537535,-0.9205174697508273],[-77.62848287145562,-0.9214019375234618],[-77.62874339398658,-0.9220473772130542],[-77.6287663907086,-0.922835966966388],[-77.62867087056355,-0.9234332747682555],[-77.62863084151057,-0.923643727271124],[-77.62869431629264,-0.9237439449657974],[-77.62907373717954,-0.9241744356195631],[-77.62938205273053,-0.9244853784705187],[-77.62961915012345,-0.9247962533497569],[-77.62992760116555,-0.9249638208476278],[-77.63018873263556,-0.9249640707172391],[-77.63035537990534,-0.92446241371455],[-77.63035598859776,-0.9238172219706927],[-77.63033265534352,-0.9233870711644736],[-77.6300959392181,-0.9226699640786786],[-77.63045274665026,-0.9219056320279201],[-77.6306193256871,-0.9214756622341276],[-77.63080986796032,-0.9208067546080049],[-77.63050152852529,-0.9205197082507729],[-77.63040699809204,-0.9200655940159508],[-77.63059733745966,-0.9196117508420376],[-77.63059774114286,-0.9191816225926502],[-77.63024216954685,-0.9186316758601087],[-77.62962564708289,-0.9178903136432779],[-77.62948354864014,-0.9175317384248699],[-77.62886678001607,-0.9170532327900649],[-77.62843994653267,-0.916551012214217],[-77.62817913021526,-0.9162162215287362],[-77.62794205260758,-0.9158814526073473],[-77.62741995058818,-0.9157136865299857],[-77.62699246906358,-0.9159044487010514],[-77.62663557790204,-0.9167643639689949],[-77.62627906687023,-0.9172180477868573],[-77.62544782010836,-0.9176234888517534],[-77.62478346529684,-0.9172644187407578],[-77.62473641288399,-0.916810351551477],[-77.62457073252249,-0.9162844851620741],[-77.62383500382629,-0.9160926197073767],[-77.62307546996995,-0.9159724191875098],[-77.62226848111428,-0.9158282781503272],[-77.62158047770065,-0.9153736037538109],[-77.62103490948817,-0.9149190659519798],[-77.620702699052,-0.9147753762170066],[-77.6200622202026,-0.914272957242134],[-77.61942136053945,-0.9141767658089796],[-77.61892286770728,-0.9141523974538135],[-77.61854318111891,-0.9140086621519597],[-77.61806869570442,-0.9136975675554555],[-77.61747574108831,-0.9131474036338918],[-77.61704880092557,-0.9127646677844781],[-77.6164319286465,-0.9124056475651956],[-77.61590989944862,-0.9121661968757643],[-77.61481787354357,-0.91221295248268],[-77.61422400414956,-0.9126425108107994],[-77.61372520094065,-0.9129526806041698],[-77.6127277506528,-0.9134057506643096],[-77.61163563914764,-0.9135480863138119],[-77.61106564244143,-0.9138342915525599]],[[-77.63304471138758,-0.8607894152328832],[-77.63273128313331,-0.8608751621119609],[-77.63240358741012,-0.8609895714519792],[-77.63206169800208,-0.8610466175865787],[-77.63143513275159,-0.8608883460705936],[-77.63085133452601,-0.8606870990316866],[-77.63009653071666,-0.860586063932091],[-77.62942709770564,-0.8605854678868474],[-77.62912772473211,-0.8608862912141612],[-77.6285291309213,-0.8613158857104537],[-77.62835787185118,-0.8617028480798878],[-77.62802989445217,-0.8621374617042288],[-77.6276878547846,-0.8623665581550163],[-77.62713681424931,-0.8627101680897128],[-77.62666177056117,-0.8630156114439373],[-77.62635761220785,-0.8633594412489124],[-77.62628114205081,-0.8639328749683166],[-77.62628066924921,-0.8644681435278948],[-77.62645101294918,-0.865118265369451],[-77.62652658805132,-0.8655580180385264],[-77.62637413567862,-0.8661505005362575],[-77.62618381993104,-0.8666091316188065],[-77.62597436024096,-0.867239796521496],[-77.62582202638482,-0.8676984613150768],[-77.62570757113032,-0.8682718601895386],[-77.62544112147619,-0.868921589179589],[-77.62544056085879,-0.8695524403286135],[-77.62606682028672,-0.8700500401643773],[-77.62642744432192,-0.8702797656304557],[-77.62709192488332,-0.870509766030329],[-77.62769953505988,-0.8706250140563176],[-77.62832584691309,-0.8710652642739345],[-77.62912311301424,-0.8714674359099006],[-77.6294265949778,-0.8718882796801738],[-77.63001448325498,-0.872825534311687],[-77.63014699473419,-0.8733035738202689],[-77.63075387383783,-0.8742408470638559],[-77.63100029703637,-0.8747572243560958],[-77.63111356124581,-0.8755220009809446],[-77.63111289474364,-0.8762675565262849],[-77.63105520224507,-0.8770704116486823],[-77.63128251391973,-0.877720590384855],[-77.63164265944421,-0.878485591833127],[-77.63204126751019,-0.8787153557307238],[-77.63268679465901,-0.8789071107630607],[-77.63327557171702,-0.8788502951079031],[-77.63439671846861,-0.8781057537164285],[-77.63511903337572,-0.877379966008299],[-77.635537079177,-0.8771127078178379],[-77.63629715383331,-0.8766354734097089],[-77.6373416705609,-0.8766364187704972],[-77.6380250821161,-0.8769429084495117],[-77.63829053259266,-0.877421073463127],[-77.63884079998166,-0.8779568475856323],[-77.63925831757857,-0.8782822147390219],[-77.63988484127765,-0.8784930697033295],[-77.64113821565424,-0.8785515562436839],[-77.6420304654274,-0.8789347053376302],[-77.6422196946301,-0.8796995587888745],[-77.64259866548564,-0.8806557561926739],[-77.64286377353696,-0.881516265085507],[-77.64288201065703,-0.8823574326090996],[-77.64291908412993,-0.8833706706087768],[-77.64305128398617,-0.8841928256191971],[-77.64386717448633,-0.8850156033954434],[-77.64456939159,-0.8855324052939616],[-77.64551858446754,-0.8859538480346041],[-77.64665791562176,-0.8861269412510137],[-77.64741762626417,-0.886070282802004],[-77.64783559293187,-0.885898609757846],[-77.64859575134487,-0.8853449039456903],[-77.64890001000174,-0.8849054859882425],[-77.64916637169061,-0.8843704468673268],[-77.6495658450884,-0.8836443564938548],[-77.65024991585052,-0.8832243999267375],[-77.65114262058262,-0.8831105065157246],[-77.65190229872687,-0.8830920795111163],[-77.65251004562683,-0.8830735135502039],[-77.65321273312072,-0.8830741511377121],[-77.65370668470935,-0.8828834264889563],[-77.65429568030895,-0.8825972008570107],[-77.65456222925532,-0.8818518683235634],[-77.65414559320622,-0.8805323977093306],[-77.65372820486948,-0.8800540878379273],[-77.65344426875645,-0.879002380790397],[-77.6531983494006,-0.8779124744506767],[-77.65308511480745,-0.8771094466848482],[-77.65325687089639,-0.8761728547248737],[-77.6534284233432,-0.8754656700330509],[-77.65350493151233,-0.8748539855834675],[-77.65348457805342,-0.8744012923767663],[-77.65344905842313,-0.8736113122761072],[-77.65248143926728,-0.872539876873282],[-77.65170375204264,-0.8714494968747195],[-77.65164758847423,-0.8705318188671395],[-77.65166752499924,-0.8694612707295281],[-77.65149734280702,-0.8686199601847562],[-77.65117556553584,-0.8673961701463212],[-77.65068234345736,-0.8667648613158762],[-77.65003700485543,-0.8663437079987258],[-77.64960050419904,-0.8659992091895814],[-77.64950601802487,-0.8654638432238629],[-77.64946847121995,-0.864966762943132],[-77.64933591734555,-0.8645269488022314],[-77.64897566830669,-0.8638575265387911],[-77.64846337047949,-0.8633217909166836],[-77.64795092201118,-0.8629581089573188],[-77.64717227651425,-0.8629574174421447],[-77.64631781700594,-0.8627846044950199],[-77.64584338551495,-0.8623827232035214],[-77.64544495306366,-0.8619426758373775],[-77.64498971427052,-0.8613114064237625],[-77.64449619210858,-0.8610242126019763],[-77.64366094330889,-0.8606028954105343],[-77.64214167724629,-0.8605633133153547],[-77.64162888062792,-0.8606010930147426],[-77.64090697977237,-0.8608680909806276],[-77.64022348010407,-0.860657196763354],[-77.63957799733323,-0.8604081028266425],[-77.63897071461999,-0.8599105213634501],[-77.63855319400672,-0.8595851621628919],[-77.63758498008028,-0.8592019640177109],[-77.636901432682,-0.8590484218011162],[-77.63627472604878,-0.8590478659258289],[-77.63562892801899,-0.8591619952606996],[-77.63505914421994,-0.8592188402612143],[-77.63448929463523,-0.8593521528272224],[-77.63391722576843,-0.8596214291949109],[-77.63442467700679,-0.8601251066222526],[-77.63421310297336,-0.8602886360191477],[-77.63382837000111,-0.8604746833597634],[-77.6333439593827,-0.8606319665815029],[-77.63304471138758,-0.8607894152328832]]]},"properties":{"OBJECTID":4878,"SHAPE.AREA":329439657.500455,"SHAPE.LEN":178178.83921938503,"LIT":"Lutitas marínas, calizas, y areniscas reservorio de petróleo","TXT_12__15":" ","COD_OK":"12.67","ENT_GEOL":"Formación Napo","INT_ECO":"Calizas, Fosfatos, Arcillas, Materiales de construcción","LITOLOGIA":"Corresponde a una secuencia de lutitas y calizas negras con intercalaciones de areniscas. Se identifican 11 subdivisiones que incluyen ciclos que varían entre lutitas, calizas y areniscas (Vallejo, 2021)."}},{"type":"Feature","id":4885,"geometry":{"type":"Polygon","coordinates":[[[-77.65084791774662,-0.7897917885366131],[-77.65061079730654,-0.7894570448399012],[-77.65023206653518,-0.7880946353555951],[-77.64982940408802,-0.7869711728267283],[-77.64956884994295,-0.786254066228214],[-77.6493320719746,-0.7854891868944675],[-77.64949948090111,-0.783936048225508],[-77.65009371073462,-0.7829806667659973],[-77.65056892237655,-0.7824314289495334],[-77.65083061865779,-0.7817147437403411],[-77.65161479385104,-0.780711717632548],[-77.65213729413733,-0.7804014814586534],[-77.65275463593174,-0.7802347010664834],[-77.65318114055634,-0.7812387000010907],[-77.65332283474334,-0.7821707812174481],[-77.65353566959604,-0.7831985058737134],[-77.65401008585962,-0.7836529239462199],[-77.65481671444867,-0.784274885770169],[-77.6550537997143,-0.7846574228829639],[-77.655527951086,-0.7854463948212868],[-77.65578814664802,-0.7866175412352763],[-77.6568082934701,-0.7874069550001414],[-77.65775741404197,-0.7879573463832503],[-77.6584933232774,-0.7879579412733144],[-77.65913414400944,-0.7881257366770902],[-77.65977458293156,-0.7887714664647818],[-77.6605812912418,-0.7892978484960204],[-77.66119804928432,-0.7898718703643983],[-77.66164903546806,-0.7899439257320731],[-77.66257487998674,-0.7899207786693467],[-77.66350082076357,-0.7897781471070632],[-77.66490114559244,-0.7901377331287472],[-77.66528068625696,-0.7904964928684436],[-77.66584985418942,-0.7912138610897788],[-77.66620556060381,-0.7916920877559978],[-77.66774853492703,-0.7917889249731381],[-77.66867429016327,-0.7918852630193932],[-77.6708101600647,-0.7927233877767031],[-77.67123731551506,-0.7929149100717445],[-77.6727085833494,-0.7936330146067185],[-77.67325424551375,-0.7940636045745245],[-77.67448817912094,-0.7947098269033543],[-77.67474889177709,-0.7952357756556963],[-77.67560293808384,-0.7959533827557923],[-77.67693231082939,-0.7960022569479706],[-77.67771584918336,-0.7958356124596135],[-77.67873664974508,-0.7958364408724735],[-77.67921130720671,-0.7960041069022236],[-77.67973340509357,-0.7962196062391378],[-77.68023163001872,-0.7966023665485268],[-77.68087210187035,-0.7972242155829475],[-77.68144179501377,-0.7972963700301477],[-77.68224894250923,-0.7972970255419074],[-77.68331728422461,-0.7972262010706236],[-77.68395812207547,-0.797394002913451],[-77.68459876801224,-0.7978007776043236],[-77.68500197958576,-0.7982551548242333],[-77.68571357681488,-0.7989965520408675],[-77.68659167980418,-0.7993318301114961],[-77.68706643616632,-0.7993800111375016],[-77.6881112742065,-0.7990223984642213],[-77.68906163267509,-0.7980672708855018],[-77.68970291342836,-0.7976854313221967],[-77.69060529508897,-0.7973515978880271],[-77.69241000198895,-0.7967556201584445],[-77.69359739809022,-0.7962547313942949],[-77.6939775033687,-0.795920472622242],[-77.69559290343697,-0.7945596120615054],[-77.69673340949265,-0.7933178519191594],[-77.69746993664307,-0.7925776171738885],[-77.69837237788039,-0.7921720808914422],[-77.69877601523461,-0.7921007119574073],[-77.69931606188813,-0.7919300440859207],[-77.70091234279164,-0.7924513332057744],[-77.70209934661732,-0.7924522856652788],[-77.70262162842967,-0.7924527046390972],[-77.70347619715287,-0.7925489817395741],[-77.70442542500751,-0.793027700133337],[-77.70575460921143,-0.7933633362394094],[-77.70789096400142,-0.7936996203336784],[-77.70979018532118,-0.7937011432798472],[-77.71107216183961,-0.7937021707739298],[-77.71240131859531,-0.7940856050411073],[-77.7135877431477,-0.7948369547251065],[-77.71458423438638,-0.7956024922925928],[-77.71503486671746,-0.7961525103344047],[-77.71546166424696,-0.7968220003087435],[-77.71584084869305,-0.7976587387553251],[-77.71614837381341,-0.7990450781204925],[-77.71612396756683,-0.7998814925181712],[-77.71595727031206,-0.8005266079985517],[-77.71533904660465,-0.8017449120236055],[-77.7143889327436,-0.8023654940701387],[-77.71365273088834,-0.8026755740111302],[-77.71308246411749,-0.8032964616045253],[-77.7127969284621,-0.8041087637001801],[-77.71262971103151,-0.8053991225552076],[-77.71251012650181,-0.8064983345849874],[-77.71248596399518,-0.8070240722760614],[-77.71212945390803,-0.8075256404873871],[-77.7113218760734,-0.808026840379865],[-77.71079939525669,-0.8082653942681978],[-77.71006300029865,-0.8088144469282937],[-77.70965891237906,-0.8094354640835043],[-77.70930226646311,-0.8101043156446284],[-77.70889827528443,-0.810605841963145],[-77.7085657358462,-0.8108206507048161],[-77.70813852539099,-0.8106769133660121],[-77.70802024851987,-0.8101510614915657],[-77.70790206878821,-0.809505721007873],[-77.707759954102,-0.809099339596988],[-77.70726175451829,-0.8086687696779005],[-77.70704791861681,-0.808883676544784],[-77.70690499386882,-0.8094810076431922],[-77.70683350284256,-0.8098155194351735],[-77.70642916466406,-0.8107472062327025],[-77.7057399214393,-0.8117025568136165],[-77.70509870168632,-0.8119888042003487],[-77.70457624081834,-0.8122034561967988],[-77.70419602842513,-0.8126572024464475],[-77.70383986617574,-0.812728602950603],[-77.70346008051438,-0.8126565972917567],[-77.70262956060868,-0.8121779579100731],[-77.70213124880459,-0.8118907753065364],[-77.70103937406924,-0.8116747973649068],[-77.70087261069901,-0.8123915934613006],[-77.70075352153879,-0.8128694499680994],[-77.70127535948815,-0.81341952835413],[-77.70189206073852,-0.8140891744144415],[-77.70234258023315,-0.8147586841541202],[-77.70260345023291,-0.8150934681620321],[-77.7028401909296,-0.81590618971488],[-77.70298199006686,-0.8166949338947866],[-77.70295750807745,-0.8176030307354719],[-77.70271951959062,-0.8183197682950255],[-77.70274261547091,-0.8191084143102979],[-77.70307452906678,-0.8196583392784558],[-77.70316845292623,-0.8209250018646301],[-77.70276425998728,-0.8216654980199538],[-77.70278727382933,-0.8225497357051208],[-77.70300048518995,-0.8230995629603894],[-77.70337979923177,-0.8237451196795651],[-77.703996752511,-0.8241041016367466],[-77.70444746538996,-0.8245346386863214],[-77.70527717638107,-0.8259930999849758],[-77.70596511505177,-0.8266389179627944],[-77.70653447025333,-0.827141249545598],[-77.70686659982667,-0.8274283024477332],[-77.7073884940488,-0.8279066966231935],[-77.70726923902052,-0.8285757385726973],[-77.7069365572773,-0.8289578262594754],[-77.70679395689375,-0.8291488898951891],[-77.70681745971198,-0.8294356847544454],[-77.7068641889194,-0.8303438445617559],[-77.70691117491,-0.8309413310237701],[-77.70686323804068,-0.8314909426404551],[-77.7065067347115,-0.83196860110722],[-77.70550878345075,-0.8329953703634342],[-77.70477245316275,-0.8334488088892603],[-77.70410732416579,-0.8339262050636409],[-77.70351327680288,-0.8345709446197196],[-77.70294297010422,-0.8352157042804533],[-77.70301367254272,-0.8358371070687507],[-77.70355918253483,-0.8364589118614626],[-77.70374870625128,-0.8369370281737688],[-77.7042942162347,-0.837558833929902],[-77.70569440223305,-0.8381574673002372],[-77.70619241186981,-0.838803132832352],[-77.7062632930188,-0.8392094565365297],[-77.70635793506831,-0.8395919029260251],[-77.70685572401706,-0.8405004460396065],[-77.70732977246062,-0.8414089698099634],[-77.70766151729359,-0.8421500875305745],[-77.70763715457862,-0.8428909023748892],[-77.70704325941045,-0.8433444563278981],[-77.70656838866745,-0.8434157450200724],[-77.70578461101121,-0.8438213409167967],[-77.70519087726885,-0.8440837104976594],[-77.70471600723891,-0.8441549984727841],[-77.7046210055997,-0.8442027132505447],[-77.70343366019905,-0.8445840640434334],[-77.7026027054636,-0.844631149559754],[-77.70224633691736,-0.8449415161292324],[-77.70122503525847,-0.8454902911482308],[-77.7006551653827,-0.845609292024117],[-77.70008529578682,-0.845728292678097],[-77.69854241612089,-0.8454401978325763],[-77.6980918747655,-0.8448184718698127],[-77.69764123334836,-0.8443162347934567],[-77.69690538542703,-0.844196116533257],[-77.6962405769972,-0.8442911375020672],[-77.69574205195482,-0.8442668133235117],[-77.69488754470605,-0.8440987979120597],[-77.69438920215214,-0.8438593949668258],[-77.69355821470904,-0.8439542740414846],[-77.69267974646894,-0.8440491120888182],[-77.69201479929924,-0.8443114149665483],[-77.69153985532012,-0.8444782898196235],[-77.69092255100664,-0.8445494536415484],[-77.68947478800796,-0.8440941586022269],[-77.68871482220871,-0.8444280716380561],[-77.68795483560243,-0.8447858801815908],[-77.68707643364645,-0.8448090235951634],[-77.68655429514251,-0.8446412928213064],[-77.68579505965253,-0.8441148982987738],[-77.6847512288609,-0.8432536964506997],[-77.68389762169018,-0.8420341988964903],[-77.68351810614662,-0.8416515163476341],[-77.68347155504445,-0.840552198809206],[-77.68373374357897,-0.8393097614574152],[-77.6838293875731,-0.838497333582749],[-77.68402047344846,-0.8371114498872909],[-77.68373645866424,-0.8360836226868461],[-77.68335754321144,-0.8349840226131898],[-77.68283580644335,-0.8343383517658515],[-77.68191027234346,-0.8339552087133668],[-77.68100817812808,-0.8339305444970772],[-77.67965482832258,-0.8341444700472357],[-77.67899001373706,-0.8342633909504874],[-77.67775586683288,-0.8338799852064399],[-77.67721011332944,-0.8335688576691964],[-77.67687793790911,-0.8333535010683126],[-77.67687871937413,-0.8324215119339398],[-77.67687939993753,-0.8316090086512951],[-77.67687985994185,-0.8310593738895692],[-77.67704669765487,-0.830270908156855],[-77.67721329432173,-0.829769208482942],[-77.67754597016011,-0.8293871351256912],[-77.67842519696639,-0.8283602982266709],[-77.67928046482267,-0.8275963093403095],[-77.68032578966493,-0.8266651979900197],[-77.68099113895504,-0.8259010450162518],[-77.68153747158613,-0.8255191482313167],[-77.68210780133742,-0.8248266061826224],[-77.68225057659176,-0.8244204715102678],[-77.68229853147515,-0.8238469766156052],[-77.68170531333537,-0.8235119170788336],[-77.68127823554204,-0.8232247910609025],[-77.6807800358476,-0.8228181200929814],[-77.68044833188165,-0.8220292320532244],[-77.68006914786343,-0.8212403047777745],[-77.67995090299597,-0.8206905689174849],[-77.67988017694111,-0.8200930782006459],[-77.67947699555504,-0.819614797035424],[-77.6786464612369,-0.8191839530699219],[-77.67791082670331,-0.8188248803617514],[-77.6768428372102,-0.8184655305688929],[-77.67553759146307,-0.8179387038146332],[-77.67473074071385,-0.8175795731650957],[-77.67361568958826,-0.8167183468162237],[-77.67330750811007,-0.8161923542559429],[-77.67333201348023,-0.8152603872991964],[-77.67337998342396,-0.8146630005316826],[-77.67304794338304,-0.8142803711012909],[-77.67224087858553,-0.8141841111706066],[-77.67133873933533,-0.8142311550163293],[-77.67060254091741,-0.8145651003938769],[-77.67031707775138,-0.8152817736125114],[-77.66943840376656,-0.8156633930493163],[-77.66820363880166,-0.8160447144099848],[-77.6679187064925,-0.8161161673129123],[-77.66708761141174,-0.8163783404303604],[-77.66544886507523,-0.8172611562594013],[-77.66430904074423,-0.8176664488144894],[-77.66345428693252,-0.8178330112588573],[-77.66250471544446,-0.8178322157140114],[-77.6614603060146,-0.8176879599379723],[-77.66070136158513,-0.8168270396179408],[-77.66070193399591,-0.8161340336039582],[-77.66101109620134,-0.8154651819713804],[-77.66113032444028,-0.8148200686179463],[-77.66115461457618,-0.8141509785292932],[-77.66117912050969,-0.8132190240781891],[-77.66110845314665,-0.8125498548280875],[-77.6609190107204,-0.8119761743890634],[-77.6603500744241,-0.8109959329486227],[-77.65940131032028,-0.810015377069942],[-77.6586663754469,-0.8088199301605699],[-77.6578835716492,-0.8081023788649926],[-77.65683953985838,-0.8075040956190552],[-77.65577180859039,-0.8068580011236329],[-77.65501266717554,-0.8062360595370536],[-77.65503716684687,-0.8053041107661766],[-77.65503802433368,-0.8042526591355014],[-77.65501486966768,-0.8035357403360878],[-77.65494439176784,-0.8026276104055692],[-77.65432793539456,-0.801695132982439],[-77.65290423777259,-0.80090537360131],[-77.6522636350247,-0.8004747079582186],[-77.65110035019023,-0.8005693365072188],[-77.65050674236979,-0.8007361239000976],[-77.6490111926021,-0.8007348922533595],[-77.64825184116386,-0.8003758193348015],[-77.64725589771504,-0.7990367981989134],[-77.64706643331529,-0.7984870239530906],[-77.64704348814765,-0.7975072505726504],[-77.64718642371771,-0.7968860601978341],[-77.64789907135003,-0.796289232616488],[-77.64882558021179,-0.795429717914097],[-77.64965730737904,-0.7943550557195282],[-77.65015647761629,-0.7935429817846357],[-77.65053689526223,-0.7928024996169332],[-77.6509172163379,-0.7921814995353561],[-77.65144002840867,-0.7914889253520662],[-77.65163032286151,-0.7910111486999024],[-77.6515834199066,-0.7902942133827107],[-77.65084791774662,-0.7897917885366131]]]},"properties":{"OBJECTID":4885,"SHAPE.AREA":24821078.4291654,"SHAPE.LEN":30184.224971727803,"LIT":"Lutitas marínas, calizas, y areniscas reservorio de petróleo","TXT_12__15":" ","COD_OK":"12.67","ENT_GEOL":"Formación Napo","INT_ECO":"Calizas, Fosfatos, Arcillas, Materiales de construcción","LITOLOGIA":"Corresponde a una secuencia de lutitas y calizas negras con intercalaciones de areniscas. Se identifican 11 subdivisiones que incluyen ciclos que varían entre lutitas, calizas y areniscas (Vallejo, 2021)."}},{"type":"Feature","id":2444,"geometry":{"type":"Polygon","coordinates":[[[-77.63304471138758,-0.8607894152328832],[-77.6333439593827,-0.8606319665815029],[-77.63382837000111,-0.8604746833597634],[-77.63421310297336,-0.8602886360191477],[-77.63442467700679,-0.8601251066222526],[-77.63391722576843,-0.8596214291949109],[-77.63448929463523,-0.8593521528272224],[-77.63505914421994,-0.8592188402612143],[-77.63562892801899,-0.8591619952606996],[-77.63627472604878,-0.8590478659258289],[-77.636901432682,-0.8590484218011162],[-77.63758498008028,-0.8592019640177109],[-77.63855319400672,-0.8595851621628919],[-77.63897071461999,-0.8599105213634501],[-77.63957799733323,-0.8604081028266425],[-77.64022348010407,-0.860657196763354],[-77.64090697977237,-0.8608680909806276],[-77.64162888062792,-0.8606010930147426],[-77.64214167724629,-0.8605633133153547],[-77.64366094330889,-0.8606028954105343],[-77.64449619210858,-0.8610242126019763],[-77.64498971427052,-0.8613114064237625],[-77.64544495306366,-0.8619426758373775],[-77.64584338551495,-0.8623827232035214],[-77.64631781700594,-0.8627846044950199],[-77.64717227651425,-0.8629574174421447],[-77.64795092201118,-0.8629581089573188],[-77.64846337047949,-0.8633217909166836],[-77.64897566830669,-0.8638575265387911],[-77.64933591734555,-0.8645269488022314],[-77.64946847121995,-0.864966762943132],[-77.64950601802487,-0.8654638432238629],[-77.64960050419904,-0.8659992091895814],[-77.65003700485543,-0.8663437079987258],[-77.65068234345736,-0.8667648613158762],[-77.65117556553584,-0.8673961701463212],[-77.65149734280702,-0.8686199601847562],[-77.65166752499924,-0.8694612707295281],[-77.65164758847423,-0.8705318188671395],[-77.65170375204264,-0.8714494968747195],[-77.65248143926728,-0.872539876873282],[-77.65344905842313,-0.8736113122761072],[-77.65348457805342,-0.8744012923767663],[-77.65350493151233,-0.8748539855834675],[-77.6534284233432,-0.8754656700330509],[-77.65325687089639,-0.8761728547248737],[-77.65308511480745,-0.8771094466848482],[-77.6531983494006,-0.8779124744506767],[-77.65344426875645,-0.879002380790397],[-77.65372820486948,-0.8800540878379273],[-77.65414559320622,-0.8805323977093306],[-77.65456222925532,-0.8818518683235634],[-77.65429568030895,-0.8825972008570107],[-77.65370668470935,-0.8828834264889563],[-77.65321273312072,-0.8830741511377121],[-77.65251004562683,-0.8830735135502039],[-77.65190229872687,-0.8830920795111163],[-77.65114262058262,-0.8831105065157246],[-77.65024991585052,-0.8832243999267375],[-77.6495658450884,-0.8836443564938548],[-77.64916637169061,-0.8843704468673268],[-77.64890001000174,-0.8849054859882425],[-77.64859575134487,-0.8853449039456903],[-77.64783559293187,-0.885898609757846],[-77.64741762626417,-0.886070282802004],[-77.64665791562176,-0.8861269412510137],[-77.64551858446754,-0.8859538480346041],[-77.64456939159,-0.8855324052939616],[-77.64386717448633,-0.8850156033954434],[-77.64305128398617,-0.8841928256191971],[-77.64291908412993,-0.8833706706087768],[-77.64288201065703,-0.8823574326090996],[-77.64286377353696,-0.881516265085507],[-77.64259866548564,-0.8806557561926739],[-77.6422196946301,-0.8796995587888745],[-77.6420304654274,-0.8789347053376302],[-77.64113821565424,-0.8785515562436839],[-77.63988484127765,-0.8784930697033295],[-77.63925831757857,-0.8782822147390219],[-77.63884079998166,-0.8779568475856323],[-77.63829053259266,-0.877421073463127],[-77.6380250821161,-0.8769429084495117],[-77.6373416705609,-0.8766364187704972],[-77.63629715383331,-0.8766354734097089],[-77.635537079177,-0.8771127078178379],[-77.63511903337572,-0.877379966008299],[-77.63439671846861,-0.8781057537164285],[-77.63327557171702,-0.8788502951079031],[-77.63268679465901,-0.8789071107630607],[-77.63204126751019,-0.8787153557307238],[-77.63164265944421,-0.878485591833127],[-77.63128251391973,-0.877720590384855],[-77.63105520224507,-0.8770704116486823],[-77.63111289474364,-0.8762675565262849],[-77.63111356124581,-0.8755220009809446],[-77.63100029703637,-0.8747572243560958],[-77.63075387383783,-0.8742408470638559],[-77.63014699473419,-0.8733035738202689],[-77.63001448325498,-0.872825534311687],[-77.6294265949778,-0.8718882796801738],[-77.62912311301424,-0.8714674359099006],[-77.62832584691309,-0.8710652642739345],[-77.62769953505988,-0.8706250140563176],[-77.62709192488332,-0.870509766030329],[-77.62642744432192,-0.8702797656304557],[-77.62606682028672,-0.8700500401643773],[-77.62544056085879,-0.8695524403286135],[-77.62544112147619,-0.868921589179589],[-77.62570757113032,-0.8682718601895386],[-77.62582202638482,-0.8676984613150768],[-77.62597436024096,-0.867239796521496],[-77.62618381993104,-0.8666091316188065],[-77.62637413567862,-0.8661505005362575],[-77.62652658805132,-0.8655580180385264],[-77.62645101294918,-0.865118265369451],[-77.62628066924921,-0.8644681435278948],[-77.62628114205081,-0.8639328749683166],[-77.62635761220785,-0.8633594412489124],[-77.62666177056117,-0.8630156114439373],[-77.62713681424931,-0.8627101680897128],[-77.6276878547846,-0.8623665581550163],[-77.62802989445217,-0.8621374617042288],[-77.62835787185118,-0.8617028480798878],[-77.6285291309213,-0.8613158857104537],[-77.62912772473211,-0.8608862912141612],[-77.62942709770564,-0.8605854678868474],[-77.63009653071666,-0.860586063932091],[-77.63085133452601,-0.8606870990316866],[-77.63143513275159,-0.8608883460705936],[-77.63206169800208,-0.8610466175865787],[-77.63240358741012,-0.8609895714519792],[-77.63273128313331,-0.8608751621119609],[-77.63304471138758,-0.8607894152328832]]]},"properties":{"OBJECTID":2444,"SHAPE.AREA":5824148.63501677,"SHAPE.LEN":10741.6919129995,"LIT":" ","TXT_12__15":" ","COD_OK":"14.4","ENT_GEOL":"Granodiorita","INT_ECO":"Cuarzos, Feldespatos, Arcillas, Materiales de construcción","LITOLOGIA":"Roca intrusiva ácida de grano grueso de composición intermedia, ricas en sílice y álcalis, textura fanerítica o granular; componentes esenciales cuarzo (20-40 %), plagioclasa (oligoclasa o andesina), feldespato potásico en un porcentaje subordinado"}},{"type":"Feature","id":1589,"geometry":{"type":"Polygon","coordinates":[[[-77.61106564244143,-0.9138342915525599],[-77.61163563914764,-0.9135480863138119],[-77.6127277506528,-0.9134057506643096],[-77.61372520094065,-0.9129526806041698],[-77.61422400414956,-0.9126425108107994],[-77.61481787354357,-0.91221295248268],[-77.61590989944862,-0.9121661968757643],[-77.6164319286465,-0.9124056475651956],[-77.61704880092557,-0.9127646677844781],[-77.61747574108831,-0.9131474036338918],[-77.61806869570442,-0.9136975675554555],[-77.61854318111891,-0.9140086621519597],[-77.61892286770728,-0.9141523974538135],[-77.61942136053945,-0.9141767658089796],[-77.6200622202026,-0.914272957242134],[-77.620702699052,-0.9147753762170066],[-77.62103490948817,-0.9149190659519798],[-77.62158047770065,-0.9153736037538109],[-77.62226848111428,-0.9158282781503272],[-77.62307546996995,-0.9159724191875098],[-77.62383500382629,-0.9160926197073767],[-77.62457073252249,-0.9162844851620741],[-77.62473641288399,-0.916810351551477],[-77.62478346529684,-0.9172644187407578],[-77.62544782010836,-0.9176234888517534],[-77.62627906687023,-0.9172180477868573],[-77.62663557790204,-0.9167643639689949],[-77.62699246906358,-0.9159044487010514],[-77.62741995058818,-0.9157136865299857],[-77.62794205260758,-0.9158814526073473],[-77.62817913021526,-0.9162162215287362],[-77.62843994653267,-0.916551012214217],[-77.62886678001607,-0.9170532327900649],[-77.62948354864014,-0.9175317384248699],[-77.62962564708289,-0.9178903136432779],[-77.63024216954685,-0.9186316758601087],[-77.63059774114286,-0.9191816225926502],[-77.63059733745966,-0.9196117508420376],[-77.63040699809204,-0.9200655940159508],[-77.63050152852529,-0.9205197082507729],[-77.63080986796032,-0.9208067546080049],[-77.6306193256871,-0.9214756622341276],[-77.63045274665026,-0.9219056320279201],[-77.6300959392181,-0.9226699640786786],[-77.63033265534352,-0.9233870711644736],[-77.63035598859776,-0.9238172219706927],[-77.63035537990534,-0.92446241371455],[-77.63018873263556,-0.9249640707172391],[-77.62992760116555,-0.9249638208476278],[-77.62961915012345,-0.9247962533497569],[-77.62938205273053,-0.9244853784705187],[-77.62907373717954,-0.9241744356195631],[-77.62869431629264,-0.9237439449657974],[-77.62863084151057,-0.923643727271124],[-77.62867087056355,-0.9234332747682555],[-77.6287663907086,-0.922835966966388],[-77.62874339398658,-0.9220473772130542],[-77.62848287145562,-0.9214019375234618],[-77.62815135537535,-0.9205174697508273],[-77.62781968249799,-0.9198002753210702],[-77.62741634338076,-0.9195609315866159],[-77.62687021024803,-0.9197037869649071],[-77.62651380985899,-0.92003799111458],[-77.62629975344704,-0.9204679138782871],[-77.62603830943011,-0.9208022071487146],[-77.62568215627346,-0.9208735550547248],[-77.62549188411965,-0.9212557078922206],[-77.6251352131833,-0.9218766607891671],[-77.62518174493164,-0.9228803336743353],[-77.6252999665289,-0.9233822605348865],[-77.62551330247551,-0.9237170069293076],[-77.62624792617835,-0.9250797774961069],[-77.62655605955199,-0.9255818871773015],[-77.62667418974475,-0.9261793990955259],[-77.62667319396128,-0.9272308192910206],[-77.62643525924658,-0.9278040928785944],[-77.62636356611597,-0.928305838365983],[-77.6262682238034,-0.9287119778201736],[-77.62626772463247,-0.9292376872386693],[-77.62649361984843,-0.9300865996764839],[-77.62676479220345,-0.9307675057974917],[-77.62723875644173,-0.9316282168205738],[-77.62759420666616,-0.9322976466358521],[-77.6275937057649,-0.9328233567655656],[-77.62759318179282,-0.9333729633830241],[-77.62740285831812,-0.9338029066619419],[-77.62740235657893,-0.9343286175861368],[-77.62735423906142,-0.9349976569404097],[-77.62704496764074,-0.9356903406284707],[-77.6266884458373,-0.9361440176535084],[-77.62633199248658,-0.936526006738478],[-77.62609423482392,-0.9369081106846805],[-77.62568979979929,-0.9378157630766532],[-77.62526203693233,-0.9382932657439789],[-77.62464470501988,-0.9384121450984064],[-77.6239090448134,-0.938148574505144],[-77.62367192884912,-0.93786159420853],[-77.6236487621355,-0.9372641748955449],[-77.62383913372928,-0.9367864422950466],[-77.6241959059955,-0.9360699130053158],[-77.62445744839115,-0.9356400408298751],[-77.62469536431232,-0.9350906660174666],[-77.6246961408624,-0.9342782067821698],[-77.62462576804596,-0.9333939912180998],[-77.62450748303695,-0.9329637509162102],[-77.62408065835496,-0.9324615241798927],[-77.62396248788835,-0.9319118058288889],[-77.62339334206862,-0.9312899639448204],[-77.62289545972332,-0.930620399568933],[-77.62263474019039,-0.9301900229537003],[-77.62199419584066,-0.9297592803675412],[-77.62166216860625,-0.929424418344662],[-77.62128268600344,-0.9290656162408168],[-77.62116462717735,-0.9283964199471438],[-77.62104677217606,-0.9275121613729299],[-77.6211001389348,-0.9271386785769451],[-77.62114236346473,-0.9268431717253932],[-77.62154619729,-0.9265568099032222],[-77.62204473823242,-0.9265333934675373],[-77.62244825599741,-0.9265815720998627],[-77.62313655075886,-0.9267256089899785],[-77.62361144447368,-0.9266065858143729],[-77.62389665178362,-0.9262484215356226],[-77.6238022167505,-0.9256987259002438],[-77.62339906042507,-0.925268213664327],[-77.62306709928907,-0.9248616663991499],[-77.6230914030106,-0.9242642932230223],[-77.62325793764163,-0.923882119330081],[-77.62335359295707,-0.9231414394618047],[-77.62328289503047,-0.9225917671197097],[-77.62273732700045,-0.9221372247093924],[-77.62214441722841,-0.9215392619249672],[-77.62188387485057,-0.9209177217422609],[-77.62205074464771,-0.920177110617139],[-77.62281063886877,-0.9199149816023433],[-77.62373699784463,-0.9193423635790643],[-77.62376109592954,-0.9189600528836018],[-77.6232393108438,-0.9184577431063929],[-77.62281227917606,-0.9181705861025728],[-77.6224327697313,-0.9178356835641188],[-77.62146012568738,-0.9171417795914871],[-77.62081953399806,-0.9167588377020046],[-77.61991797243465,-0.9162083774217684],[-77.61951447974114,-0.916136306674636],[-77.6190635766182,-0.9159925028630994],[-77.61847010565627,-0.9159919386043485],[-77.61816150108005,-0.9159916451510105],[-77.61780586724478,-0.9155133932697523],[-77.61768768864327,-0.9149636794157807],[-77.61745047984797,-0.9147722884757239],[-77.616857391777,-0.9143654978893151],[-77.61621673587146,-0.9140542456637923],[-77.61578943841415,-0.9140538399262226],[-77.61521952986168,-0.914244463831709],[-77.61474428453467,-0.9147458206873327],[-77.61422183149095,-0.9149603851180882],[-77.61329620185593,-0.9147683399811363],[-77.61248908708609,-0.9147675722854226],[-77.61177672511404,-0.9149819542347354],[-77.6111833037068,-0.9149335981181703],[-77.61070880118466,-0.9146464005378823],[-77.61070916018934,-0.9142640723960507],[-77.61106564244143,-0.9138342915525599]]]},"properties":{"OBJECTID":1589,"SHAPE.AREA":1404758.09997512,"SHAPE.LEN":11286.462706957002,"LIT":" ","TXT_12__15":" ","COD_OK":"13.1","ENT_GEOL":"Aluvial","INT_ECO":"Materiales de construcción","LITOLOGIA":"Son depósitos producto de la erosión de arroyos y ríos derivados del lecho rocoso y otros depósitos superficiales. Se divide en depósitos fluviales, depósitos de llanura aluvial, depósitos de terraza aluvial y depósitos de abanico aluvial (McMill"}},{"type":"Feature","id":7274,"geometry":{"type":"Polygon","coordinates":[[[-77.61469856725935,-0.6666682609117817],[-77.63297283476038,-0.6666682651314931],[-77.63432336568914,-0.6666682626683551],[-77.63384100229896,-0.6670694207100641],[-77.63353215102211,-0.6674515456169461],[-77.63319946454959,-0.6679770311199448],[-77.63277189155583,-0.6684068658333161],[-77.63220172916984,-0.6690755625645302],[-77.6318215817693,-0.6695771171950865],[-77.63141782839712,-0.6698874865481399],[-77.63108523815058,-0.6702695929841481],[-77.63080017343582,-0.6705800440757281],[-77.63063363276198,-0.6711295378706309],[-77.63039564931282,-0.6720135261133152],[-77.6302765178224,-0.6726586369871171],[-77.63001486129345,-0.6734470234499957],[-77.62930164378822,-0.675023664204786],[-77.62856547844015,-0.6754532779822472],[-77.62773429711811,-0.6759784079359891],[-77.62718798391899,-0.6764798407804449],[-77.62676032592596,-0.677029148301071],[-77.62616632185473,-0.6778411936869614],[-77.62507376175328,-0.678748471527116],[-77.6247172658909,-0.6793695143130414],[-77.62407526949355,-0.6809222950524974],[-77.62409845817862,-0.681710876022988],[-77.62388390195377,-0.6830249978715915],[-77.62426280238815,-0.684315644506981],[-77.6244037708226,-0.6863946879197146],[-77.6244740097981,-0.6877806996674478],[-77.62492379669574,-0.689525421493631],[-77.62556329759693,-0.6915331366201369],[-77.62553871395761,-0.692727914983479],[-77.62530069421334,-0.6936357893844184],[-77.62508649488953,-0.6944241999307945],[-77.62489514907509,-0.6964552146713895],[-77.62465030496179,-0.6980352468592271],[-77.62474443594206,-0.6991823179012889],[-77.62491003616395,-0.6999710031049695],[-77.62521809618872,-0.7007119999654029],[-77.62573991508758,-0.7012858808326995],[-77.62652302157402,-0.7016209934853526],[-77.62695037012487,-0.7015257197465716],[-77.62737765033039,-0.7015260301253118],[-77.62768649848886,-0.7011678155016009],[-77.62799562021254,-0.7004272643197701],[-77.62816214401899,-0.6999255684787751],[-77.62887508003537,-0.6988029727707835],[-77.62916022399588,-0.6983969472517524],[-77.62965919514313,-0.6977282189361441],[-77.63039544244914,-0.6972030369613393],[-77.63167772885518,-0.6965826636638394],[-77.63267512719918,-0.6960098758164096],[-77.63329255004815,-0.6956757747563059],[-77.63362505085736,-0.6954370524525733],[-77.63405921798014,-0.6946696086905768],[-77.63439190388142,-0.6941680285719449],[-77.63472457356806,-0.6936903438757362],[-77.63519997427937,-0.6927826309472396],[-77.63531932172353,-0.6918507659056425],[-77.63560479953546,-0.6909668108377468],[-77.63577175569051,-0.6898438097536933],[-77.63600965575311,-0.6891031975174816],[-77.63669882731827,-0.6880044633698329],[-77.63710297470749,-0.6871444867660543],[-77.63755466521593,-0.6861889577888324],[-77.6379112857738,-0.6854006345219911],[-77.63857674835094,-0.6842540858514894],[-77.6388624362389,-0.6830594751143101],[-77.63919554811996,-0.6819365847590383],[-77.63969490856627,-0.6806943298341884],[-77.64007504735439,-0.6802166717144601],[-77.64078781519245,-0.6793091119821274],[-77.64090701712887,-0.6785684099935257],[-77.64071778924118,-0.6775885290885717],[-77.64031483672916,-0.6767279809258274],[-77.64010163861751,-0.6760826327795023],[-77.64003096719348,-0.6752940058886153],[-77.64003155814332,-0.6744337399827571],[-77.64019101557459,-0.6738316647514561],[-77.64035749292053,-0.673377750304485],[-77.64121248586856,-0.6727570399372487],[-77.64170672946788,-0.6720357139802133],[-77.64189670371748,-0.6719237843063538],[-77.64185506106084,-0.6732217638387293],[-77.64189760277655,-0.6734942118886289],[-77.64191134427425,-0.6742254494897855],[-77.64209607827856,-0.6748421030073293],[-77.64209563514106,-0.6754873033580979],[-77.6421664449657,-0.6760752031803741],[-77.64225142816603,-0.6767634764917824],[-77.64235057466334,-0.6775664629228434],[-77.6423788724651,-0.6778389013424484],[-77.64263406595708,-0.6795452781918174],[-77.64274477321935,-0.6801045310266602],[-77.64279191885063,-0.6805824904563915],[-77.64279150514896,-0.6811798992720055],[-77.64276728707495,-0.6818728762715686],[-77.64274320030434,-0.6823746826046017],[-77.64290891912623,-0.6830200012428342],[-77.64328794760571,-0.6841433970028913],[-77.64397568712126,-0.6850997366429227],[-77.64456857438526,-0.6859126333213187],[-77.64506680864503,-0.6862953276888247],[-77.64544640224179,-0.6866062493912913],[-77.64637177397394,-0.687204314024465],[-77.64748715223372,-0.6876591365116179],[-77.64824664250395,-0.687850845782966],[-77.64883984760078,-0.6882097132965445],[-77.64936173903345,-0.6887119094537055],[-77.64971732862756,-0.6894051602985601],[-77.65021549803011,-0.6898834444360938],[-77.65049978792139,-0.6906961283867331],[-77.65011922095046,-0.6917712016473142],[-77.64973882079498,-0.6926073097109562],[-77.6494058967312,-0.6934434500489872],[-77.6494523455232,-0.6949011709790032],[-77.64961807548733,-0.6955225988871023],[-77.64997342448848,-0.6965504032165358],[-77.65002047884104,-0.6971478504492906],[-77.64987745616507,-0.6979841267142979],[-77.64961601308151,-0.69843797257374],[-77.64911703393321,-0.6991067164307084],[-77.64873661019662,-0.6999667167948292],[-77.64830855584356,-0.7010417500512179],[-77.64769071328973,-0.7019493705230263],[-77.6472869063949,-0.7023075258929504],[-77.64659810429309,-0.7028566453453848],[-77.6463129716651,-0.7032387827531558],[-77.64581412669312,-0.7037163493845077],[-77.6456001922545,-0.7041224338771205],[-77.64533850712597,-0.7049108259782627],[-77.64531440869358,-0.705412633041407],[-77.6454327230008,-0.7059384396786169],[-77.64567005429343,-0.7060103013332225],[-77.6464771897362,-0.7059630958884648],[-77.64723703835891,-0.70565299413176],[-77.64849520287382,-0.7056061146034562],[-77.64913612049806,-0.7056304760213914],[-77.6499430370938,-0.7058939232409271],[-77.65155724715042,-0.7058950948425953],[-77.65272042982495,-0.7058959387366938],[-77.65329005811097,-0.7060277840339478],[-77.65394286602591,-0.7060282575282574],[-77.654684778322,-0.7059093122651586],[-77.65548599558798,-0.7058501513641329],[-77.65607945772953,-0.7058505814262798],[-77.65640543523745,-0.7064482341432448],[-77.65685012672623,-0.7070161034018332],[-77.65705719704549,-0.7079123803911868],[-77.65717554712381,-0.7083903997854998],[-77.65747170041833,-0.7091971294741515],[-77.65750113762658,-0.7095257308480839],[-77.65767874673315,-0.7101232774541141],[-77.65800489461739,-0.7104819661268708],[-77.65856853610876,-0.7106914735111972],[-77.65981451241694,-0.7111105753476799],[-77.66067475930592,-0.711499524664294],[-77.66120853455149,-0.7119778502543104],[-77.66159377178396,-0.7126950360863346],[-77.66206781340205,-0.7137109969102315],[-77.66221583534873,-0.7141890419432384],[-77.66393603007697,-0.7153851436244202],[-77.66446989333515,-0.7157439881426204],[-77.6650630597149,-0.7161626187390642],[-77.6656858575602,-0.7166410129062587],[-77.66666471576576,-0.7171495409870561],[-77.66690151987734,-0.7179562369374212],[-77.66716793201653,-0.7188525677341013],[-77.66725658407799,-0.7193604433766356],[-77.66739841784644,-0.720184992344152],[-77.66746925191535,-0.7207107779892584],[-77.66749276525064,-0.7210214557237269],[-77.66746876483752,-0.7213798925240494],[-77.66714604851984,-0.7216414872826057],[-77.6667324246551,-0.7219767718550932],[-77.66552134325313,-0.7225255059239064],[-77.66497517569782,-0.7227640709944575],[-77.66393065072744,-0.7227871944617983],[-77.66317100902559,-0.7227866320814117],[-77.66254420771035,-0.7227756521593808],[-77.66174670112902,-0.7227616808229141],[-77.66044129856412,-0.7224500555712996],[-77.65904106497318,-0.7219710830315746],[-77.65866124646843,-0.7219708017639435],[-77.65747405225383,-0.7223283732362079],[-77.65676163079263,-0.7226862957008785],[-77.65628650828354,-0.7231638771239802],[-77.65595378286807,-0.723689356465002],[-77.65576343592946,-0.7242866320480896],[-77.65564430428321,-0.7248839594868881],[-77.65540665481493,-0.7252422326833335],[-77.65564356666242,-0.7258876195565185],[-77.65656872231628,-0.7267724861140612],[-77.65678200101667,-0.7272744756492772],[-77.65690013076048,-0.7280392577492321],[-77.65675715173231,-0.7287799483829299],[-77.65647175906363,-0.7294966358190579],[-77.65592554057592,-0.7298068834940448],[-77.65568787133805,-0.7301890519046281],[-77.65549750251628,-0.7308102223274938],[-77.65542586192448,-0.7313836881419572],[-77.6558053257029,-0.7318619066985869],[-77.65592364679264,-0.7323638255908917],[-77.65592291938148,-0.733343588703036],[-77.65551882901264,-0.7340601846667881],[-77.65525727738154,-0.7346335069982535],[-77.65525677908036,-0.7353026131158792],[-77.65546994561267,-0.7359479834795535],[-77.65582545527828,-0.7367129460650615],[-77.65587180804293,-0.7382184709953323],[-77.65584735436687,-0.7391743188056086],[-77.65603676251116,-0.7398435695553497],[-77.65598880112644,-0.7404887437911036],[-77.6558690489089,-0.7418985555210295],[-77.65586854577349,-0.7425676620370465],[-77.65598689769402,-0.743021789621939],[-77.65574895259154,-0.7437624038834023],[-77.65539261970594,-0.7440966855133645],[-77.65475126081299,-0.7446458183180911],[-77.65437077435666,-0.745529702457619],[-77.65465524064729,-0.7460556467810013],[-77.65477344613785,-0.7467009462902088],[-77.65451170550958,-0.7475132310550613],[-77.65422633368485,-0.7481821177191476],[-77.65420221464618,-0.7486839282650012],[-77.65389319440511,-0.7492333129849974],[-77.6532043369834,-0.7498063009948538],[-77.65272939978001,-0.7500210048831488],[-77.65225422629462,-0.7505463629413827],[-77.65187408046754,-0.7509762080054124],[-77.65156487703207,-0.7517645561230432],[-77.65120821370783,-0.7525289698896992],[-77.65082790282021,-0.7531738828679725],[-77.65049490448003,-0.7540339003769013],[-77.6509456640154,-0.7543926973426822],[-77.65134894707916,-0.7547514586601836],[-77.65215604336088,-0.7547759819336856],[-77.65270190515518,-0.7549436808362291],[-77.6531051880445,-0.7553024428636693],[-77.65341357158971,-0.7555894417964657],[-77.6536983266729,-0.7557330422361133],[-77.65445813040425,-0.7555185627735792],[-77.65502798808551,-0.7553517281203388],[-77.65540791863081,-0.7552086422402498],[-77.65564543345381,-0.7550415504039354],[-77.65609641583069,-0.7551135898548165],[-77.65661848578439,-0.755352961499096],[-77.65711674441324,-0.7556879011749318],[-77.65816070359288,-0.7564056127491674],[-77.65870655060917,-0.7565972101133449],[-77.65913381339222,-0.7566453353810567],[-77.65977485474906,-0.7565263489158307],[-77.6603922667554,-0.756263962584379],[-77.6608672815561,-0.7559536725984679],[-77.66100931340446,-0.7564795125797822],[-77.66105658934016,-0.7567424137597111],[-77.66141212420237,-0.7574595940108758],[-77.66174424992798,-0.7577466130054564],[-77.66214746326477,-0.7582009663095659],[-77.66247951582008,-0.7585835733881823],[-77.6627396902772,-0.7598264109979774],[-77.66276304326506,-0.7603282626458903],[-77.6625728192556,-0.7607343610014947],[-77.66207367589263,-0.7615464636842635],[-77.66171744417865,-0.7617373600866053],[-77.66076803440761,-0.7615454446147212],[-77.65972385368345,-0.7611144875708592],[-77.65889308427248,-0.7609943553304344],[-77.65829963156338,-0.7609699956978203],[-77.65770575469422,-0.7614952592744308],[-77.65692178270746,-0.7622593405250749],[-77.65582935455693,-0.7628320064375252],[-77.65514042961536,-0.7634766760082315],[-77.65426161376261,-0.7640972992460281],[-77.6533592439928,-0.7644789364926532],[-77.65267044976012,-0.764956327474671],[-77.65207683265302,-0.7651470333238455],[-77.65110341600676,-0.7653135438357969],[-77.64996414379304,-0.765073681952918],[-77.6492760008068,-0.7647146926807918],[-77.64861154095007,-0.7644274126565824],[-77.64797050541162,-0.7645463908774163],[-77.64685445648884,-0.7649756478461137],[-77.64554853618282,-0.7653569626539185],[-77.64445628414252,-0.76571454673658],[-77.64345920907317,-0.7657854499929106],[-77.6425810704042,-0.7655457934410377],[-77.64179794181723,-0.7652345232820275],[-77.64096737485124,-0.7648754232541671],[-77.64039772575245,-0.7647793883531403],[-77.6397806008376,-0.7646833169418684],[-77.63930642806383,-0.7639182619749367],[-77.63897461002588,-0.7632489061208471],[-77.63892774645917,-0.7624602927033869],[-77.6385490807156,-0.7609784277470587],[-77.6384547014989,-0.7602375701843334],[-77.63824172139647,-0.7593771385672969],[-77.63817107909863,-0.7586362999701182],[-77.63810041782467,-0.7579193582484964],[-77.63774485876542,-0.7572499857149725],[-77.63765064273898,-0.7562940627789132],[-77.63748500781882,-0.755600943391758],[-77.63720080949054,-0.7547404581042597],[-77.63682143759596,-0.7541666539474403],[-77.63653740348877,-0.7530911035426919],[-77.63608698135134,-0.7523021799440611],[-77.6358262086408,-0.7518479494136254],[-77.63547059222655,-0.751250269694064],[-77.63511495739083,-0.750676485274574],[-77.63461707609854,-0.7498636303347375],[-77.63414315141209,-0.7487640416802677],[-77.63340761485655,-0.7483094457359661],[-77.63298029111871,-0.7483569076388863],[-77.63305084845074,-0.7492172221546453],[-77.63385670393018,-0.7508427825327127],[-77.6345679162057,-0.7520620379421313],[-77.63563483582683,-0.7537594945371473],[-77.63615637947821,-0.7546679557895077],[-77.6362505790765,-0.755647772954397],[-77.63632048589757,-0.757344456406627],[-77.6366040721357,-0.7589935158786468],[-77.63672185758547,-0.7601645218945353],[-77.63667360284163,-0.7611681240317266],[-77.63681475244402,-0.7628170730021577],[-77.63686141159482,-0.763868542553378],[-77.63697926596126,-0.7649439642809925],[-77.63695485622162,-0.7658042083657246],[-77.63704904520306,-0.7667840273618951],[-77.6379269731117,-0.7672865429105518],[-77.6383776111137,-0.7677887206432439],[-77.63939780216671,-0.7685064171096883],[-77.64051317285717,-0.7689374345432469],[-77.64139110454589,-0.7694399531159446],[-77.64215062411323,-0.7695839333002573],[-77.6434086918388,-0.7696805170080242],[-77.64454803000898,-0.7698247985259148],[-77.64582970832052,-0.7700886750928161],[-77.64613804841296,-0.7704234701096841],[-77.64646997710193,-0.7709494545378993],[-77.64684923424507,-0.7716666492691473],[-77.64680138199829,-0.772144539486142],[-77.64689586731402,-0.7727420260578444],[-77.64703788702464,-0.7732678604716751],[-77.64684739571305,-0.7740084986703231],[-77.64611108412404,-0.7745336337952964],[-77.64527998712065,-0.7748436242047158],[-77.64470990294868,-0.7752972003976983],[-77.64425836015133,-0.7759420425876846],[-77.64394926805547,-0.7765631011769273],[-77.64394890947285,-0.7770171316827578],[-77.64406694146511,-0.7778535997818734],[-77.64406643100882,-0.778498801148472],[-77.64404221971914,-0.7790961914344661],[-77.64359078880157,-0.7795976526201736],[-77.64330550833432,-0.780123142865241],[-77.6432283093048,-0.7802077834690987],[-77.64278280358744,-0.7806962355627975],[-77.64221285003305,-0.7809825323256709],[-77.64161896845529,-0.7815077735864845],[-77.64104838659038,-0.782582647050148],[-77.64078690099247,-0.7830364653347208],[-77.6404539709819,-0.7837769814012777],[-77.64035855869406,-0.7843504157648022],[-77.64076127471698,-0.7854021784905301],[-77.64104560202234,-0.7860715053793587],[-77.64130611517758,-0.7868363980605573],[-77.6411865414592,-0.7879355312799328],[-77.64085352968267,-0.7887716306181555],[-77.64054440992298,-0.789416579483207],[-77.64009268556838,-0.7902764777728798],[-77.63947490569176,-0.7909928614918681],[-77.63897601093804,-0.7914703795994087],[-77.63835834619583,-0.7920433845336465],[-77.63804926303925,-0.7926405378710966],[-77.63833319843143,-0.7937877888876993],[-77.63859374260589,-0.7945048898985505],[-77.63873538148071,-0.7954847521653534],[-77.63906714032089,-0.7962019115004818],[-77.63911362895857,-0.7974206588660463],[-77.638828241408,-0.7980656223070741],[-77.63861389500525,-0.7989257105374076],[-77.63866074997921,-0.7996904294762649],[-77.63899242814152,-0.8005031755352437],[-77.63953800736076,-0.8010054475481908],[-77.64013084977017,-0.8017706179552913],[-77.64079498518718,-0.8024402635283725],[-77.64160108566803,-0.8036835387442854],[-77.64155331491025,-0.8040419440366346],[-77.64103053521492,-0.8046867103374865],[-77.64065055991153,-0.8048775661735189],[-77.64000953791509,-0.8049726186443902],[-77.63915502472082,-0.8048763245197679],[-77.63841936213622,-0.8045889583873121],[-77.6376599413994,-0.8043254696032573],[-77.63685310354671,-0.803990252375516],[-77.6365917053108,-0.8043245825842928],[-77.63646636792635,-0.8051907148210523],[-77.63634684116123,-0.8062062037949815],[-77.63602028831447,-0.8063851524386929],[-77.63545657074799,-0.8062950723040693],[-77.63471456970865,-0.8065035456597786],[-77.63415063182929,-0.8066822968113009],[-77.63355711935085,-0.806741542376264],[-77.63275619109997,-0.8064421731843641],[-77.63228161770472,-0.8062028174807526],[-77.63139176864733,-0.8057838943971645],[-77.63112490831365,-0.8055447113413584],[-77.63068020515915,-0.8050664196997236],[-77.63002798708328,-0.8043489962178962],[-77.62970190261969,-0.8039604143278362],[-77.62901952240631,-0.80384036657521],[-77.62860363440905,-0.8044075507202378],[-77.62889933289013,-0.8056623366549255],[-77.63011474569555,-0.8070971115091948],[-77.63058902232407,-0.8076949088394777],[-77.63147857359617,-0.8084722734989412],[-77.63174466984185,-0.8096374299876181],[-77.63123975866228,-0.8102045380154196],[-77.63058670334152,-0.8105026914454885],[-77.63008184056466,-0.811010059034876],[-77.62948790984825,-0.8115770904049622],[-77.62942811799235,-0.8121147007611003],[-77.62936820188098,-0.8128016610922025],[-77.62966470861672,-0.8130707408057525],[-77.63028779399873,-0.8131310050447813],[-77.63132734306942,-0.8119370757313908],[-77.63201014685559,-0.8115493375525015],[-77.63284134138293,-0.8111318539011848],[-77.63349452095265,-0.8106843491512796],[-77.6346521213884,-0.8102671361536851],[-77.63518646055338,-0.8099987515329561],[-77.63592853815787,-0.8097006709388785],[-77.63661102229433,-0.8097012415777026],[-77.6374125212147,-0.8093135979637344],[-77.6380655062455,-0.8091050513498552],[-77.63877751744403,-0.8092848677790361],[-77.63910333321317,-0.8100020268660445],[-77.63945887135647,-0.810659471487058],[-77.63987385474343,-0.8111974848914122],[-77.64017024234653,-0.8116159170652892],[-77.64064494277139,-0.8117059255525075],[-77.64114951423727,-0.8115569959309081],[-77.64183227359388,-0.8112289935660392],[-77.64239643881388,-0.8107814088703116],[-77.64301992636207,-0.8103637435645584],[-77.64352439926418,-0.8103342943627273],[-77.64399885520454,-0.8107230067402856],[-77.64438419221867,-0.8112311269491341],[-77.64506658493805,-0.8113511792039202],[-77.64533374448484,-0.8112319203535204],[-77.64554185325419,-0.8107541657575483],[-77.64598737486205,-0.8102467384817655],[-77.6470559669384,-0.8098294417755071],[-77.64750119377024,-0.8096804608363877],[-77.64785766997149,-0.80920282827848],[-77.64806587601257,-0.8086055895289939],[-77.6480959909681,-0.8080679436590821],[-77.64857062092307,-0.808247562013043],[-77.648777625136,-0.8091139823554155],[-77.6491626952163,-0.8099506798783414],[-77.64970407036404,-0.8107577226109742],[-77.65062297122992,-0.8119533161159094],[-77.65121600181831,-0.8124914829113459],[-77.65145272668745,-0.8132981897944436],[-77.65165997459505,-0.8138659066595656],[-77.65204524026225,-0.8144636425934422],[-77.6527866655049,-0.8149720659176699],[-77.65370618273481,-0.8154208975136833],[-77.65412092488529,-0.8162576261542434],[-77.65477298259268,-0.8171841679372914],[-77.65495043196455,-0.8179012155421387],[-77.65524679949698,-0.8183495268296285],[-77.65577976495149,-0.8197539032927353],[-77.65571987107813,-0.8204110113650832],[-77.65628260682305,-0.8216959312496404],[-77.65696458595721,-0.8223237948371458],[-77.65743869794605,-0.8231307081088906],[-77.65779403882856,-0.8240271353161309],[-77.65806063053682,-0.8245949080111645],[-77.65838624660667,-0.8255510520313097],[-77.65844479541126,-0.8265069702412702],[-77.65844384503303,-0.8276420644981058],[-77.65847382936894,-0.8272716906827661],[-77.65835369064405,-0.8289921529901852],[-77.65797243735214,-0.8306884950620388],[-77.65771056175541,-0.8315724497850661],[-77.65723499133817,-0.8325040150687179],[-77.65687827766303,-0.8332445076331476],[-77.65671147815173,-0.833985162181519],[-77.65609385422927,-0.8344625670807767],[-77.65585595661237,-0.835059780144754],[-77.65630679953965,-0.8352991334625065],[-77.65666222086918,-0.8360880279947631],[-77.6566618565129,-0.8365181679887855],[-77.6575166725279,-0.8362799346554316],[-77.65806330303035,-0.8355396054653992],[-77.65839629920215,-0.8347751960520674],[-77.65853948141645,-0.8338911400048971],[-77.6586113653846,-0.8331026091950493],[-77.65915825423893,-0.8320516198135144],[-77.65961010581138,-0.8310961356157964],[-77.6603940855219,-0.8304037965302283],[-77.66096435057028,-0.8297829655417237],[-77.66155889523003,-0.8285169411107411],[-77.66229549497376,-0.8277050747268465],[-77.66265202512629,-0.8271796463893235],[-77.66324612838717,-0.8264393476489859],[-77.66357887816484,-0.8259616929446768],[-77.66410172290068,-0.8252691254302648],[-77.66495659960685,-0.8249591883247013],[-77.66550264560209,-0.8249118563723442],[-77.66645222167645,-0.8249126580833002],[-77.66744927777228,-0.8249134996353534],[-77.66837479819787,-0.8252966319235869],[-77.66937124007866,-0.826038279675332],[-77.66970279569838,-0.8269944393272798],[-77.66925084737959,-0.8280694223087941],[-77.66901277291312,-0.8288817180729046],[-77.6678958160152,-0.8303145884674348],[-77.66675533823764,-0.8314845692517456],[-77.666089488288,-0.8328461266813499],[-77.66532896102929,-0.8338730442385406],[-77.66466341032489,-0.8348761456103214],[-77.66428283316107,-0.8357600041232518],[-77.66416326750453,-0.8367874664421496],[-77.66397276577523,-0.8374803128670231],[-77.66335491320721,-0.8382205851342128],[-77.66247602736406,-0.8388411478189812],[-77.66166848229838,-0.839318389120159],[-77.66074228113892,-0.8397477344525845],[-77.66005331161571,-0.8403684571450937],[-77.65941180053144,-0.8410131170690567],[-77.65881752287582,-0.8419445770434044],[-77.65812816522786,-0.8430193335870335],[-77.65724913714664,-0.8438071644322742],[-77.65679768114148,-0.8442847074270909],[-77.65615614801007,-0.8449532583702438],[-77.6542086675264,-0.845955226603398],[-77.653187387793,-0.8465278571443603],[-77.65252123228669,-0.8482239353285053],[-77.6519741808958,-0.8494421826524691],[-77.65156954234276,-0.8506844501612139],[-77.65099885220114,-0.8517831921961313],[-77.6507133408742,-0.8525237347418675],[-77.6495732395004,-0.853239630781278],[-77.64890839752246,-0.8534063220672773],[-77.64795930694815,-0.8528558698941858],[-77.64689139838393,-0.8524486935756442],[-77.64601313466089,-0.8523523367451401],[-77.64477870280666,-0.8523512532146467],[-77.64375767482908,-0.8526371133854981],[-77.64226222055709,-0.8525163176735451],[-77.64088604283279,-0.8517265302370498],[-77.63979446617937,-0.8512476467007535],[-77.63863206658887,-0.85031467175243],[-77.63792083030297,-0.8492387180970423],[-77.63716174497875,-0.8485928556460985],[-77.63626032974264,-0.8478273875740898],[-77.6353822829666,-0.8474920729300529],[-77.63417172851054,-0.8473476365870024],[-77.63193946006855,-0.8483015239919443],[-77.63132177757726,-0.848850591581786],[-77.63039547127795,-0.8494232828981562],[-77.62961194949958,-0.8495898667351376],[-77.62681108030147,-0.8492528607759686],[-77.62488883658135,-0.8485820845313654],[-77.62370240773879,-0.8480075397070881],[-77.62337073107187,-0.8472425809698879],[-77.62334788294523,-0.8462150385881015],[-77.62334860659048,-0.8453786846025637],[-77.62380052569715,-0.8443515577945564],[-77.62403951865541,-0.8424878886480842],[-77.62380289514505,-0.8416035350634056],[-77.62330520974832,-0.8406472660530033],[-77.62268877004487,-0.8397625828685145],[-77.62209563736461,-0.8393797333005645],[-77.62166861348837,-0.839068715964554],[-77.6214558082623,-0.8380888022777804],[-77.62131411575037,-0.837228429865981],[-77.62117266712256,-0.8360813088058738],[-77.62072280318822,-0.8347188583142228],[-77.62010654487882,-0.8336191185194001],[-77.6192529231519,-0.8324952795351275],[-77.61861237637274,-0.8320407063216569],[-77.61785311725774,-0.831609927387854],[-77.61730750348381,-0.831179333396729],[-77.61707054905332,-0.8306773191540832],[-77.6167153495247,-0.8296494983137231],[-77.61688216737248,-0.8288849790573002],[-77.61742879533446,-0.8281207870612226],[-77.61788028884207,-0.8275715734978459],[-77.61826042485664,-0.8271895685138431],[-77.6182608904773,-0.8266399669014469],[-77.61781026874314,-0.8261616654299273],[-77.61690853940829,-0.8257785607544885],[-77.61572195325542,-0.8253952123224636],[-77.614393141303,-0.8247727860058095],[-77.61387126557027,-0.8243422172857847],[-77.61344452559311,-0.8236966703430123],[-77.61304174433019,-0.8227882920856959],[-77.61278123047222,-0.82207120084871],[-77.61214118825177,-0.821019247985014],[-77.61210373070612,-0.8205826669290791],[-77.61169431212991,-0.8203489818645946],[-77.60779643958665,-0.8181241837256208],[-77.60535733263701,-0.8167320113543194],[-77.59986083954195,-0.813594778751329],[-77.59163523616391,-0.8089107784271496],[-77.58735910659567,-0.8064757823266981],[-77.58700120416275,-0.8062719792647951],[-77.57978803124827,-0.8016943280280545],[-77.57949413589473,-0.8019948949283524],[-77.57885291468877,-0.8023766707567113],[-77.57799805999964,-0.8027582667099789],[-77.57747584402955,-0.8027578262666369],[-77.57638379840908,-0.802924167212957],[-77.57626509306809,-0.8029479622765012],[-77.57564767056256,-0.8032580718754622],[-77.57512541598653,-0.8033054203479865],[-77.5741284797256,-0.8032806829909829],[-77.57353475598072,-0.8036386008291612],[-77.57305997577619,-0.8036859888555881],[-77.5727511555422,-0.803972462356523],[-77.57246609187489,-0.8042350624110292],[-77.57156404749102,-0.8042820873830144],[-77.57075699115886,-0.8042814040964629],[-77.57014007044158,-0.8039941478325231],[-77.56947579585022,-0.8035634840385508],[-77.56914401731252,-0.8029180509564481],[-77.56907360398942,-0.801962211484755],[-77.56928779393826,-0.8012933458587176],[-77.5699294454717,-0.8003858949083937],[-77.5704284567465,-0.7997411632066531],[-77.57073761211964,-0.7990484817397272],[-77.57126063749712,-0.79806924444233],[-77.57166463993201,-0.7974961142900522],[-77.57179010754386,-0.7967977807846186],[-77.57187926161365,-0.7963015648518516],[-77.5723072768592,-0.7953939297250021],[-77.57256909301402,-0.7945339432920117],[-77.57287852026242,-0.7935067336249456],[-77.5730929588883,-0.7925272334924786],[-77.5731648582172,-0.7916909824944689],[-77.57329018818457,-0.7908249066332295],[-77.57354836963266,-0.7900509363262478],[-77.57402370315172,-0.7893249344259535],[-77.57440404285757,-0.7886561999904346],[-77.57478439686365,-0.7879683490101957],[-77.57527876564886,-0.787185013651424],[-77.5754881816869,-0.7865352520240124],[-77.5757547684398,-0.7856370328826578],[-77.57624921318528,-0.7847581162835775],[-77.5772937959855,-0.7845678201442213],[-77.57845216272435,-0.7845687749550481],[-77.57881392269327,-0.7845124329152151],[-77.57930680394985,-0.7844356684794009],[-77.57980083026443,-0.7840728752065405],[-77.58044664906251,-0.7838631324711053],[-77.58078871144676,-0.7835575607652285],[-77.58115011943129,-0.7828123395305082],[-77.58141640865482,-0.7822773142206879],[-77.5818156717519,-0.7816850502052164],[-77.58236668219122,-0.7813031848256459],[-77.58255739798567,-0.7802901992074405],[-77.58257698903171,-0.7795446965451069],[-77.5822929925286,-0.7784930912139212],[-77.58189474862024,-0.7778237104324996],[-77.58094577377615,-0.7771921122636921],[-77.58011047658287,-0.7768855777852182],[-77.57927544163006,-0.7762540751144664],[-77.57798487264064,-0.775354580222997],[-77.57644799297607,-0.7737667210226684],[-77.57500606310211,-0.7721789425704673],[-77.5734120640794,-0.7707822020320468],[-77.57202661442908,-0.7698061794931265],[-77.57098288417475,-0.768945129585205],[-77.57018600117982,-0.7681033968532842],[-77.56906666607333,-0.7668026293025517],[-77.56840310461384,-0.7654640022025705],[-77.56813777096595,-0.7648138582576469],[-77.56770192834477,-0.7636665717395],[-77.56768330298385,-0.7632077828251419],[-77.56785455525154,-0.7627682623854866],[-77.56804472112408,-0.762424334420414],[-77.56819713577731,-0.7617936427015396],[-77.56753294888621,-0.7612387574031928],[-77.56688758546336,-0.7608941592650599],[-77.56643220581675,-0.7604350207104003],[-77.56616751928357,-0.7589629116724231],[-77.56613009933244,-0.7582556065979251],[-77.56609270810779,-0.7575100699764249],[-77.56592222687551,-0.7569746984124792],[-77.56582770163388,-0.7564393876112913],[-77.56579052035647,-0.7554262346913302],[-77.56567709579835,-0.7547762151514684],[-77.56594341030616,-0.7541838451250249],[-77.5665515900415,-0.7535152848473495],[-77.5670788083032,-0.7531764022973556],[-77.56817127008091,-0.7524365401722701],[-77.56912159367104,-0.7513381456437336],[-77.57023783003581,-0.7505505087919287],[-77.57111668141185,-0.7497865775607712],[-77.57180541634445,-0.7493092292603759],[-77.57230416514768,-0.7489512034776797],[-77.57306386965159,-0.7487845405179905],[-77.57365736174334,-0.7486894291076822],[-77.57444050559903,-0.7489050972025622],[-77.57531850556175,-0.7492403145337104],[-77.57581675445462,-0.7495274435119355],[-77.57667114843073,-0.749695378926621],[-77.57738315890796,-0.7498154135432182],[-77.57833242776704,-0.7500790033197123],[-77.57940056684001,-0.7501037401449727],[-77.58122856671267,-0.749770651735834],[-77.58246357224135,-0.7488875143211804],[-77.58315288716207,-0.7476694174648645],[-77.58398477063348,-0.7462602722339406],[-77.58429371996951,-0.7457826158796934],[-77.58450797878831,-0.7449703569626254],[-77.58467492923727,-0.7439430061449898],[-77.58469967658894,-0.7426288059052284],[-77.5846053532297,-0.7418163058926056],[-77.58425001390263,-0.7408841286887026],[-77.58398943901811,-0.7401909737811619],[-77.58387146781587,-0.7392589817723169],[-77.58389631847363,-0.7378014135610687],[-77.58420571864458,-0.7367263822222138],[-77.58453941771356,-0.7349106278425086],[-77.58477758580443,-0.7338594354414056],[-77.5851583187642,-0.7326171927741443],[-77.58525380985512,-0.7319004181604996],[-77.5854207820134,-0.7308252750519684],[-77.5854217025706,-0.7296066343720546],[-77.58537482341366,-0.7288180667418274],[-77.58492450711435,-0.7279097157361748],[-77.58461612571153,-0.7276466366577795],[-77.5840938243236,-0.7277657126402846],[-77.58371327840457,-0.7287690069915497],[-77.58378380351948,-0.729677066735751],[-77.5836405519149,-0.730776120853018],[-77.5835451701252,-0.7313495254448367],[-77.58304608084575,-0.7321615678288372],[-77.58271318542307,-0.7329259471917637],[-77.58247518183386,-0.73376208435117],[-77.58249819172974,-0.7347178956698387],[-77.58247387325446,-0.7354825117853743],[-77.58221211260545,-0.7363425242167531],[-77.5820213782423,-0.7374415396084075],[-77.58202039204765,-0.7387318602270504],[-77.5820669696169,-0.7399027435156912],[-77.58225620509238,-0.740763104896384],[-77.58258773341839,-0.7417908406555889],[-77.58251582508781,-0.7426987892882295],[-77.58218266214888,-0.743797692593229],[-77.58163582947776,-0.7449442170300502],[-77.58111304673784,-0.7456845475734952],[-77.57994920147374,-0.74663942840869],[-77.57904688678416,-0.7470449313961985],[-77.57800237418873,-0.7471635855018283],[-77.57717175337099,-0.7469478814109475],[-77.57641239808324,-0.7466605486218872],[-77.57529693751576,-0.7464446214863765],[-77.57408636449922,-0.7464436712349366],[-77.57339800047241,-0.7464431307470817],[-77.57244853382211,-0.7464423850693809],[-77.57173643378424,-0.7464418256756503],[-77.57102448338998,-0.7462501098738852],[-77.57024132297445,-0.7460583373990782],[-77.56957656833191,-0.7462250770752561],[-77.56910150266548,-0.7466548049696397],[-77.56817468101576,-0.748063851033804],[-77.5675332550203,-0.7487562849840387],[-77.56672550504791,-0.7496636370659071],[-77.56606054648924,-0.7500932114704159],[-77.5651816986096,-0.7508571373213077],[-77.56313907011709,-0.752504230817015],[-77.5620226699735,-0.7535069060796573],[-77.56133363795166,-0.7543665535108715],[-77.5601936514992,-0.7551780511568599],[-77.55936246330603,-0.7557030625206548],[-77.5589343795214,-0.7567540680492744],[-77.55838776365749,-0.757613822914367],[-77.55772227621209,-0.758712424712817],[-77.55729454883793,-0.7593094374034255],[-77.55700914516581,-0.7600260340292075],[-77.55655733878662,-0.7610531218063232],[-77.55605845818425,-0.7615783928767262],[-77.55548783627351,-0.7627726415011582],[-77.55475166782904,-0.763202142360872],[-77.5542531674288,-0.7632495283914603],[-77.55354123065318,-0.7630578006197908],[-77.55313819028909,-0.762460122147765],[-77.55290156910203,-0.7615280612514279],[-77.55254567715936,-0.7613366217409261],[-77.55202330927283,-0.7615512470817036],[-77.55126367344151,-0.7616462112879601],[-77.55086051958867,-0.7611918985721738],[-77.55052901007612,-0.7601880817259654],[-77.55055337292295,-0.7593995976565537],[-77.55060148899322,-0.7585872389307877],[-77.55064962417683,-0.7577509864372831],[-77.55093530948662,-0.7566759826929786],[-77.55114946344496,-0.7560071213518941],[-77.55115019912012,-0.7550752527766728],[-77.5508184018912,-0.7544298484974802],[-77.54965542464346,-0.754309449069146],[-77.54884837765053,-0.7543326986854176],[-77.54801783970538,-0.7540453067023859],[-77.54754358957273,-0.7534475781653022],[-77.5467846560419,-0.7526584714499669],[-77.54602576123867,-0.7518215787369641],[-77.54583626774854,-0.7513196553307544],[-77.54562330030905,-0.7504831980120765],[-77.54557654170542,-0.7495751924953347],[-77.54564821800895,-0.7489779011494669],[-77.54576753453904,-0.7481656026376584],[-77.54586337536391,-0.7470187698076377],[-77.54586421532258,-0.7459435441349026],[-77.54543799256305,-0.7446290418141336],[-77.54572375492563,-0.7434345707220823],[-77.54662626154557,-0.7427423579401438],[-77.54737188121261,-0.7425479706778787],[-77.54808425911106,-0.7421662277758605],[-77.54874918350892,-0.7417605523294479],[-77.54927150589751,-0.7415937044642922],[-77.5503635505539,-0.7413556217775122],[-77.55136066995503,-0.7410935700648589],[-77.55193065085318,-0.7406878184147038],[-77.55254847366878,-0.7398042206166386],[-77.55321345479236,-0.7393268596605287],[-77.55425832502974,-0.7387064294255795],[-77.555160650024,-0.7382531447980506],[-77.55596791986589,-0.737943150676681],[-77.55675160137827,-0.7374419839471196],[-77.55770163813764,-0.7366781095462355],[-77.55893682200235,-0.7355082523334624],[-77.56038585191381,-0.7340518256927572],[-77.56116993547688,-0.7330249784616885],[-77.56188251692848,-0.7323803823908089],[-77.56223925423626,-0.7314726738052227],[-77.56254869957282,-0.7303259835259384],[-77.56361766984394,-0.7292276657926408],[-77.56392821719004,-0.7285809640817993],[-77.56402348189263,-0.7281604966409191],[-77.56442254255494,-0.7277784929724882],[-77.56442271562065,-0.7275499923897721],[-77.56442293338444,-0.7272623744379216],[-77.56430935982729,-0.7267843991940347],[-77.56427197461971,-0.7260006345142976],[-77.56431041446682,-0.7253889671892069],[-77.56450063704757,-0.7249494560755237],[-77.56478580526073,-0.7245100164234856],[-77.56528005419715,-0.7238031194848833],[-77.56615401361559,-0.7231920884970919],[-77.56685689814594,-0.7228103131643696],[-77.56721792183637,-0.7225047393281695],[-77.56786376761575,-0.7222184969316454],[-77.5685285169907,-0.7220469627044899],[-77.56902240677462,-0.7218179506032173],[-77.569687056424,-0.7217802250366433],[-77.57038971319307,-0.7217042964013272],[-77.57097866472849,-0.7213224310820923],[-77.57164365923282,-0.7208259291672735],[-77.5722706748438,-0.7203293967659157],[-77.57291690940357,-0.7195270274701631],[-77.57310735824748,-0.7187816602277302],[-77.57303191450205,-0.7180934378689953],[-77.57301323846684,-0.7176728791047273],[-77.57346940696608,-0.7170997518716496],[-77.57392581686318,-0.7162016581202607],[-77.57440540133591,-0.7160586517779596],[-77.57490417163612,-0.7156528177349221],[-77.57533182011679,-0.7151274572086982],[-77.57566466338004,-0.7144108666827997],[-77.57613989085421,-0.7137421720395808],[-77.5764486079869,-0.7135512461293677],[-77.57668609782712,-0.7133841610299064],[-77.57706590096939,-0.7133605514101626],[-77.57773052634428,-0.7133610496019416],[-77.57844260710102,-0.7133854776593769],[-77.57853783671436,-0.7130032331461772],[-77.57813487839664,-0.712238299901647],[-77.57749462495279,-0.7113776105605019],[-77.5773765760096,-0.710517312192789],[-77.57725831530927,-0.7099437508508125],[-77.57673616271941,-0.7098716773042585],[-77.57652209394195,-0.7104688845473031],[-77.57621267257049,-0.7116155992149903],[-77.57599858413104,-0.7122367009379151],[-77.57573716418126,-0.7126666095238867],[-77.57523848438268,-0.7129529713381219],[-77.57483443197745,-0.7136695085849539],[-77.57414538167136,-0.7146008824019694],[-77.57367004865823,-0.7154129424169616],[-77.57336113562094,-0.715866708349992],[-77.57260122981289,-0.7163201331502279],[-77.57217383046464,-0.7165109676353457],[-77.57172232143293,-0.7172035698200846],[-77.57157940413347,-0.7178725102644233],[-77.57145999060232,-0.7188520977240642],[-77.57134070109106,-0.7196644227601321],[-77.57105554120777,-0.7200943089232105],[-77.57067561455823,-0.7202851772528812],[-77.5697024191316,-0.7202844391279613],[-77.56868155478699,-0.7205465039449395],[-77.56789809231522,-0.720760960011446],[-77.56709076798671,-0.7211426580684993],[-77.56595097282367,-0.7217391528232039],[-77.56530982213809,-0.7220970804796145],[-77.5642887097813,-0.7226936629872839],[-77.56374241445879,-0.7231711343524443],[-77.56333823055907,-0.7240549173756288],[-77.5630288111254,-0.7251777158368682],[-77.56276691737567,-0.7262288670451634],[-77.56269482909731,-0.7265470469166929],[-77.56252875839441,-0.727280035871354],[-77.56238567074139,-0.7281640174534326],[-77.56174390201997,-0.729334345486375],[-77.56138702154878,-0.7304332096375328],[-77.56112521285561,-0.7313648858980789],[-77.56074497596609,-0.7319619501751885],[-77.560412248916,-0.732511261896761],[-77.55996071231162,-0.7332277405737406],[-77.55927182979062,-0.7339201414974897],[-77.55865406506754,-0.7347320669146709],[-77.55730040315241,-0.7356389955044531],[-77.55701531227919,-0.7359732932882586],[-77.55616045985282,-0.7364266174242566],[-77.5557331164311,-0.7365457556072743],[-77.55518711056521,-0.7366409073786834],[-77.5547644446379,-0.7365645889480966],[-77.55452258945326,-0.7365209188246843],[-77.55350208254404,-0.7363289707505414],[-77.55259981542402,-0.7367105730741089],[-77.55198232716896,-0.737164078801593],[-77.55119887022802,-0.7373785143878638],[-77.55048686216152,-0.7372823818363499],[-77.54972741828277,-0.7371384249205472],[-77.548896933695,-0.7367793661249613],[-77.54816139335198,-0.7364203819025619],[-77.54733074363389,-0.7362763700590894],[-77.54626297510619,-0.7358215511671008],[-77.5453854251345,-0.7349367918009493],[-77.54543443894501,-0.7329297414433763],[-77.54595758183898,-0.7316876638151651],[-77.54671828248802,-0.7301829346030784],[-77.54702728752636,-0.7296097190875188],[-77.54743143682461,-0.728773743285869],[-77.54778787587209,-0.7282483506887236],[-77.54838165710987,-0.7277470352483841],[-77.54892791166654,-0.7273173643484189],[-77.54985428675381,-0.7264339993371915],[-77.55070929060923,-0.7257656235836318],[-77.55165918384505,-0.7251690013781837],[-77.55222919320056,-0.724715451574591],[-77.55289441733984,-0.7239035623612362],[-77.55365445851491,-0.7232590026881044],[-77.55415329478872,-0.7227576076137797],[-77.55507948879425,-0.7221131737486356],[-77.55671765937048,-0.7216126464327217],[-77.5570977791332,-0.7211589457618355],[-77.55785760529811,-0.7208011121459126],[-77.55856976268436,-0.7207060771562702],[-77.55959059795933,-0.7204679115073478],[-77.56065888979933,-0.7202536760606036],[-77.56163221934177,-0.7200632616752467],[-77.56312815937046,-0.7193236732001039],[-77.56398322060848,-0.7185835961276483],[-77.56469579271251,-0.7179389868042644],[-77.5657410474615,-0.7167928459803504],[-77.56631077302333,-0.7167215924264778],[-77.56702337970422,-0.7160291915500632],[-77.5681154847279,-0.7157193872466108],[-77.5685428644127,-0.7155524486442987],[-77.56987228198882,-0.7153145051434044],[-77.57122554383695,-0.7149332114098761],[-77.57243645854908,-0.7144562303462083],[-77.57312518998427,-0.7139549612563125],[-77.57367182019102,-0.713023481304323],[-77.57388615537653,-0.7120678561398729],[-77.57400547343305,-0.7112077384293283],[-77.57464745154643,-0.7097267499756387],[-77.57576352697029,-0.7091063211218451],[-77.5766657441708,-0.7087963624548353],[-77.57742557874244,-0.7084385073712544],[-77.5783754458626,-0.7078896359394442],[-77.57961020588846,-0.7072692897364082],[-77.58020383242122,-0.7069829927212634],[-77.58115342104097,-0.7068164334803463],[-77.58186553941188,-0.7067930672519728],[-77.58226883537766,-0.7071039993470236],[-77.58309941088478,-0.7073913533499684],[-77.58423877394087,-0.7073921986967765],[-77.58504582471757,-0.7073927973151637],[-77.58559204958435,-0.7070108836783258],[-77.58635220386952,-0.7062229143555661],[-77.58675647888087,-0.7051957299727355],[-77.58685196638818,-0.704455056710172],[-77.58725603088517,-0.7037146108243213],[-77.58868055406751,-0.7032855507544016],[-77.58951148240435,-0.7030950025628997],[-77.59015255198695,-0.7028565238948422],[-77.59077004047408,-0.7024029723704611],[-77.5910791744792,-0.7016385568992948],[-77.59176815005975,-0.7008027352823324],[-77.5925521768565,-0.6998236107161224],[-77.59300355778394,-0.6992982490569636],[-77.5941669784615,-0.6988689872507934],[-77.59521166352445,-0.6985113227918794],[-77.59639882280673,-0.6980820757988887],[-77.597823302129,-0.697724685941477],[-77.59912945909984,-0.6968654078916334],[-77.59965196589908,-0.6964595687574503],[-77.59981874252725,-0.6955994596329984],[-77.60017527814519,-0.6949306500862372],[-77.60086408107685,-0.6943337665470668],[-77.60193271185977,-0.6936893669751569],[-77.60309637732891,-0.6929255566048935],[-77.60392739978376,-0.6926155170254049],[-77.60414083107257,-0.6925704459490922],[-77.60439951991917,-0.6924526241542561],[-77.60453014663945,-0.692351163109885],[-77.60462518511864,-0.6922257812966712],[-77.60468464294766,-0.6920645293935076],[-77.60469824660113,-0.6919420817716326],[-77.60470853285655,-0.6918494883856064],[-77.6047268318972,-0.691708519104751],[-77.60475541846057,-0.6915651666444986],[-77.60482196462578,-0.6914505168719265],[-77.6048980189288,-0.6913167573409437],[-77.60502149253665,-0.6912594974277956],[-77.60514496705122,-0.6912022374973017],[-77.60529691846175,-0.6911545559099997],[-77.60543936943276,-0.6911164262135541],[-77.6057527270549,-0.691078418678694],[-77.6059141672167,-0.6910403026125445],[-77.60608510965776,-0.690992634609686],[-77.6062560919651,-0.6908876176551477],[-77.6063986177242,-0.6907443478341436],[-77.60653168782491,-0.6905437212862486],[-77.6066362470407,-0.6903813074295899],[-77.60665533882738,-0.6902379487081525],[-77.60660799980482,-0.6900467511054985],[-77.60653214224817,-0.689903324137389],[-77.60638034667289,-0.6897311672339501],[-77.60626649638095,-0.6896068296444414],[-77.6061146592623,-0.6894920217458916],[-77.60586317489988,-0.6892171739948922],[-77.60525931284927,-0.6889126890614993],[-77.60478502691103,-0.688267171914886],[-77.60419218939731,-0.6874304081935465],[-77.60397934826192,-0.6863071715485581],[-77.60435981765507,-0.6853516281944231],[-77.60516755402236,-0.6843963888400584],[-77.60585611664654,-0.6841340294589281],[-77.60621232576878,-0.6839192247986847],[-77.60718573563761,-0.6836570683915606],[-77.60804045922512,-0.6833948258870955],[-77.60842052402838,-0.6830127684947571],[-77.60858695226622,-0.6826305589325754],[-77.60858737106852,-0.6820331712903599],[-77.60846893596798,-0.6816746544650335],[-77.6077097301856,-0.6811245202185485],[-77.60716420926754,-0.6805028510372297],[-77.60614432974786,-0.6793312511589886],[-77.60593092849896,-0.6789965634190617],[-77.6054567523084,-0.6781837834916267],[-77.60467384436706,-0.6775858445796262],[-77.60434199045024,-0.6769165397168543],[-77.6039626295404,-0.676294991880876],[-77.60396341033612,-0.675171908313587],[-77.60451007662647,-0.6741447912741833],[-77.60491392148582,-0.6736910615940475],[-77.60560253007142,-0.6733570094149417],[-77.60659960503804,-0.6731904405092901],[-77.60754909069883,-0.6731911063200042],[-77.60833233498487,-0.6733111329758585],[-77.60951914502205,-0.6733836513436775],[-77.61027872018708,-0.6734080797931766],[-77.61084856235284,-0.6731934185714701],[-77.61170333475253,-0.6728594794272538],[-77.61234450466497,-0.6724775987338679],[-77.61279581037252,-0.6720477933250307],[-77.61336593338528,-0.6714269055250834],[-77.61357984840572,-0.6710208287520912],[-77.61386504169221,-0.6705192194244343],[-77.61474386411555,-0.6697312749527591],[-77.61512418696947,-0.6689668785959192],[-77.6151009733464,-0.6682022014096879],[-77.61488807413409,-0.6671267481902147],[-77.61469856725935,-0.6666682609117817]]]},"properties":{"OBJECTID":7274,"SHAPE.AREA":143766514.988284,"SHAPE.LEN":110989.415763168,"LIT":" ","TXT_12__15":"Flujos piroclásticos de corriente de densidad concentrada, localmente depósitos lahariticos y lavas alcalinas tipo tefritas","COD_OK":"No se encuentra en el catálogo","ENT_GEOL":"No se encuentra en el catálogo","INT_ECO":" ","LITOLOGIA":" "}},{"type":"Feature","id":4888,"geometry":{"type":"Polygon","coordinates":[[[-77.73322377252983,-0.720059079996983],[-77.73414995671416,-0.7196295744237479],[-77.73461287083921,-0.7196657566222198],[-77.73532480419937,-0.7200605966518934],[-77.73617933494639,-0.7202404529452833],[-77.73703399408039,-0.7202410696045043],[-77.73781748343917,-0.720169938946566],[-77.73831611169201,-0.7200627542813289],[-77.73881466366274,-0.720063113694666],[-77.738921317987,-0.7203141266909994],[-77.73902774167226,-0.7208877725275448],[-77.73916957282061,-0.721748226835371],[-77.73895539555444,-0.7224650329588175],[-77.73863459060877,-0.7228949771301703],[-77.73881238907744,-0.7232535861853814],[-77.73945312887292,-0.7236125306790262],[-77.73995134866422,-0.7240789157984782],[-77.73970137951359,-0.7250466323594857],[-77.73905997219197,-0.7256197350809865],[-77.73895221330228,-0.7269101858013965],[-77.73952157702603,-0.7274841685468897],[-77.73977018360314,-0.7284163988832847],[-77.73944914231623,-0.7291689735534923],[-77.73880796474705,-0.7294194416357511],[-77.73877196579814,-0.7299571358857555],[-77.73927002774776,-0.730638612485423],[-77.73948338353021,-0.7310689450704746],[-77.73948283966266,-0.7318217534146491],[-77.73951795847975,-0.7325028919612293],[-77.73973055967757,-0.7339728181465116],[-77.74012199467097,-0.7343674340471004],[-77.74083343558317,-0.7354434000908856],[-77.74158017395163,-0.7369495700970607],[-77.74161515923467,-0.7378099508116884],[-77.74122262651925,-0.738920952374946],[-77.74011729467448,-0.7408200828657926],[-77.73897611224322,-0.7430418142253973],[-77.73829881766463,-0.7439733582959968],[-77.73765686894633,-0.7452634073045585],[-77.73719345063884,-0.7459083242804287],[-77.73623158307103,-0.7464094764024934],[-77.73566162243611,-0.7466599854118652],[-77.73544782381082,-0.746839065014847],[-77.73384506688991,-0.7471963437355282],[-77.73281245783551,-0.747052179106706],[-77.73220755006591,-0.7464064652881898],[-77.7319587773077,-0.7457251713781305],[-77.73192390663073,-0.7447214079443698],[-77.73156874905789,-0.7434306232081186],[-77.73042925748878,-0.7433580778192268],[-77.72936093484475,-0.7433572806214376],[-77.72836386187181,-0.7433206883348683],[-77.7273315749815,-0.7427463561539254],[-77.72661973247604,-0.7422439589236081],[-77.72597876757517,-0.7422076328807541],[-77.7261920356477,-0.7427455056969419],[-77.72697507322557,-0.7432838042777636],[-77.72765135839343,-0.7437144807159153],[-77.7283987858834,-0.7442527530639738],[-77.72886146004197,-0.7446115756488213],[-77.7293239235433,-0.7452571800978326],[-77.72903864018515,-0.7457946809868448],[-77.72886000333853,-0.7465831959419117],[-77.72914430579844,-0.7473720580264954],[-77.72896572080494,-0.748088876736331],[-77.72807484142439,-0.7489127035529607],[-77.72682745403021,-0.7502739733194062],[-77.7259012565798,-0.7507034456635278],[-77.72472533099497,-0.7517421353168994],[-77.72419077030595,-0.7522794438855014],[-77.72333595545918,-0.7524938823739658],[-77.72237420307334,-0.7528516278464727],[-77.72166164355144,-0.7533171046463172],[-77.72094919242512,-0.7536391906323935],[-77.7202367407044,-0.7539612760377418],[-77.71934615722002,-0.7543907677354433],[-77.71813524113311,-0.7546049316929297],[-77.71756558262692,-0.754461108961495],[-77.71706709126336,-0.7543890356468238],[-77.71553598115649,-0.7542086353470221],[-77.71457485264912,-0.7537418919825852],[-77.71418354335891,-0.7532038872807084],[-77.71454063865347,-0.7518778147027542],[-77.71493307582983,-0.7509102387324046],[-77.7145422726253,-0.7496911396660714],[-77.71383030939346,-0.7493679774270958],[-77.7127979078687,-0.7489728793237972],[-77.71226415616633,-0.7484347697050414],[-77.71197967632317,-0.7478968487797653],[-77.71208717324025,-0.7470007540168268],[-77.71251502800202,-0.7462841348206487],[-77.71315651705706,-0.745603523151027],[-77.71322805647989,-0.7451734117824764],[-77.71330010051565,-0.7440622058725388],[-77.71319388032721,-0.7432376432536552],[-77.71315866849143,-0.7426999101709891],[-77.71315925138107,-0.7419112752304513],[-77.71301731320779,-0.7412300743073572],[-77.71191345407158,-0.7411575546083786],[-77.71145044338844,-0.7412647486306189],[-77.71055931737399,-0.7424470325596424],[-77.71016667826395,-0.7437013832971496],[-77.7100231213581,-0.7452068483126658],[-77.70945250837943,-0.7463535219125298],[-77.70838340666425,-0.7474281230228219],[-77.70774207981275,-0.7478936477914148],[-77.70756370887523,-0.7483236756876204],[-77.70727853437681,-0.7487177762326036],[-77.7062456849629,-0.7489320750693121],[-77.70567603360723,-0.7487882566591547],[-77.70524763996393,-0.74832657584807],[-77.70507160210985,-0.7475331611737255],[-77.70478744545767,-0.7465650826678836],[-77.70471699919146,-0.7455254724595994],[-77.70450430018786,-0.7442348278507225],[-77.70382835258886,-0.7433739966615591],[-77.70322341167328,-0.7427999940984852],[-77.70301039137392,-0.741939512453272],[-77.70358062530786,-0.7412946995723051],[-77.70500546791833,-0.7406863724759953],[-77.70586018357609,-0.7405794720265176],[-77.7071420332564,-0.7407238199394253],[-77.70746260165389,-0.7406165190571196],[-77.70728497557535,-0.7400428362374255],[-77.7068222856127,-0.7397198676177642],[-77.70628842824613,-0.7393251534030582],[-77.70614627992856,-0.7389307322397217],[-77.70611114525413,-0.7382854623789568],[-77.70628943218131,-0.7379629740597055],[-77.70725129448348,-0.7374259881798657],[-77.70792827765892,-0.7368887898068232],[-77.70817786292282,-0.736458812660597],[-77.70839204816399,-0.7357420332538579],[-77.70928248064519,-0.7354917665207403],[-77.71084984370452,-0.7347759901877825],[-77.71209658709326,-0.7342392097694408],[-77.71291580205857,-0.7339888872536414],[-77.71458942338525,-0.7340618206477147],[-77.71572886865094,-0.7341702058779221],[-77.71686831616687,-0.7342785901612761],[-77.71825708902992,-0.7343154653572925],[-77.71893368395554,-0.7343159658295461],[-77.7194683082216,-0.7336711089009792],[-77.7195400250069,-0.7329900627255284],[-77.71964771706043,-0.7318071804766093],[-77.71971938045013,-0.7311978285169962],[-77.72000491372683,-0.7303018556387606],[-77.72061073072419,-0.7296928957557827],[-77.72121644371126,-0.7292273251292191],[-77.72217833721034,-0.7286544716508192],[-77.72274841461548,-0.7282247202535037],[-77.72360352989172,-0.7275800925464988],[-77.72417383924021,-0.726827712663707],[-77.72481513638908,-0.7263980111133391],[-77.72567043224403,-0.7255024465488193],[-77.7260271298543,-0.7246782130771923],[-77.72702460896807,-0.7241412252481361],[-77.72780811728958,-0.7240342530308935],[-77.72841349625982,-0.7240346932737818],[-77.72930375948674,-0.7240353405420044],[-77.73026534827964,-0.7238926480047193],[-77.73090669847535,-0.723391245768046],[-77.7314412431188,-0.7228539171911019],[-77.73215432775767,-0.7216356104300355],[-77.73243974984352,-0.7208830135878604],[-77.73272499336917,-0.7203813498198968],[-77.73322377252983,-0.720059079996983]]]},"properties":{"OBJECTID":4888,"SHAPE.AREA":8598820.11648184,"SHAPE.LEN":16990.696622900898,"LIT":"Cuarzoarenita de grano medio color blanco, intercalado con arenisca oscura impregnada de bitumen","TXT_12__15":" ","COD_OK":"12.50","ENT_GEOL":"Formación Hollín","INT_ECO":"Arenas silíceas, Arcillas, Materiales de construcción","LITOLOGIA":"Constituida por areniscas cuarzosas blancas porosa de grano medio a grueso, con estratificaciones cruzadas y ripples. A esta formación se la ha dividido en tres miembros informales. Relleno de valle aluvial.- Incluye lutitas laminadas verdosas a rojizas"}},{"type":"Feature","id":7277,"geometry":{"type":"Polygon","coordinates":[[[-77.69325892034014,-0.7468734090355794],[-77.69264169015021,-0.7468729410317991],[-77.69162101291138,-0.7467048838761405],[-77.69043428386365,-0.7463694189374114],[-77.68943763428953,-0.7458190207376999],[-77.6891058529983,-0.7450540502122205],[-77.68915406304984,-0.7440742898434675],[-77.68932111311679,-0.7429034393265115],[-77.68953523197146,-0.7422822662712887],[-77.69022451333686,-0.7411596034704241],[-77.69072355814156,-0.740466951364737],[-77.6920537353748,-0.7394403566877789],[-77.69296461678456,-0.7388818032275074],[-77.69345500672101,-0.7385810954883154],[-77.69426252412586,-0.7380798511943705],[-77.69471405403566,-0.7374349541110352],[-77.69521293875367,-0.736957374551999],[-77.6953795746223,-0.7363361607208757],[-77.69559393499273,-0.7353804148217358],[-77.69561837838533,-0.7344245279141192],[-77.6962121319532,-0.7340665052339971],[-77.6968768596657,-0.7340431027516029],[-77.69720921446302,-0.7340433501185074],[-77.6979927991762,-0.7338049561437869],[-77.69870534072754,-0.7333275315762626],[-77.69975029050484,-0.7327786599445771],[-77.70062878252214,-0.7326120274555149],[-77.70103221846468,-0.7328035097790262],[-77.70122166363323,-0.7334488898924858],[-77.70096003501554,-0.7341178332376667],[-77.7004609039594,-0.7349299857019267],[-77.69962938130568,-0.7357896852041349],[-77.69903516662674,-0.736769048918776],[-77.69858379535513,-0.7371988707331022],[-77.69867774849226,-0.7385611105313348],[-77.69848700054708,-0.7396841598855514],[-77.69829669378541,-0.7402097662347256],[-77.6978690957257,-0.7405918083307602],[-77.69772635669516,-0.7409979622798554],[-77.69767937224893,-0.7415449636191773],[-77.69765451733103,-0.7418343278144266],[-77.69779651177798,-0.742431876279301],[-77.69817600987095,-0.7428862187790004],[-77.69855556127861,-0.7432688677470868],[-77.69919626849126,-0.7436278163975244],[-77.6997893887839,-0.7441301156991527],[-77.70073834047984,-0.7449911505118719],[-77.70117703847302,-0.7456470764052792],[-77.7018032992208,-0.7462784513890225],[-77.70221104756102,-0.7470530474556827],[-77.70278957856989,-0.7480189567095384],[-77.70310243786082,-0.7486978914775213],[-77.70331092712995,-0.7492620381747935],[-77.70332959732922,-0.749692213212405],[-77.70313923348544,-0.7502847347262939],[-77.70302511031349,-0.7505140675527063],[-77.70273998358641,-0.75076058696284],[-77.70189074381314,-0.7501849343161341],[-77.69651738391613,-0.7464490595374964],[-77.69621799527708,-0.7466430903887182],[-77.69555319437389,-0.7467620751624429],[-77.69514953006028,-0.7468812575539323],[-77.69476965971555,-0.7469287651363649],[-77.69417607938911,-0.7470478033154381],[-77.69379619060764,-0.7471192079322722],[-77.69325892034014,-0.7468734090355794]]]},"properties":{"OBJECTID":7277,"SHAPE.AREA":1342974.88518102,"SHAPE.LEN":6278.61029893031,"LIT":" ","TXT_12__15":"Flujos piroclásticos de corriente de densidad concentrada, localmente depósitos lahariticos y lavas alcalinas tipo tefritas","COD_OK":"No se encuentra en el catálogo","ENT_GEOL":"No se encuentra en el catálogo","INT_ECO":" ","LITOLOGIA":" "}},{"type":"Feature","id":7275,"geometry":{"type":"Polygon","coordinates":[[[-77.65311845877577,-0.7744672618441504],[-77.65281041616939,-0.7737501185920386],[-77.65281097838898,-0.7730332209151913],[-77.65283531685506,-0.7722685496174911],[-77.65300190019623,-0.7717429571310509],[-77.65319207218646,-0.7714085549736711],[-77.65335856076446,-0.7710024451456036],[-77.65426128896809,-0.7701667777160871],[-77.65521145755518,-0.7693789395248973],[-77.65542529289819,-0.7691401417653972],[-77.65658901765126,-0.768471954177419],[-77.65730148066879,-0.7680901680974827],[-77.65780036955698,-0.7676126276527913],[-77.65896428080259,-0.7667054676424694],[-77.65934439985666,-0.7663234186664077],[-77.66010460074199,-0.7656071125323972],[-77.66076951323642,-0.7653208735503733],[-77.66148153332189,-0.7655126064525332],[-77.66181371287449,-0.7657279379420969],[-77.6618132130268,-0.7663731520155195],[-77.66178919562401,-0.7667315846210013],[-77.66168605176254,-0.7670490208681459],[-77.66130105832629,-0.7675935650724657],[-77.66078781699883,-0.7682096989513726],[-77.66033158313846,-0.7687828620390146],[-77.65997515375811,-0.769227060985371],[-77.6593762953094,-0.770043857732819],[-77.65897931481413,-0.7707365495885539],[-77.65821898866506,-0.7716081788323981],[-77.65772019150879,-0.7719662348337297],[-77.65729264832453,-0.7722765532720532],[-77.65647319790415,-0.7728613720688714],[-77.65603377618328,-0.7731836283223638],[-77.6553449372777,-0.7737088083611182],[-77.65486994445243,-0.7739832419759786],[-77.65410993621008,-0.774448622421908],[-77.65380122825444,-0.7745798081162787],[-77.65340954741589,-0.7745675483152267],[-77.65311845877577,-0.7744672618441504]]]},"properties":{"OBJECTID":7275,"SHAPE.AREA":416367.568379535,"SHAPE.LEN":3031.77994032463,"LIT":" ","TXT_12__15":"Flujos piroclásticos de corriente de densidad concentrada, localmente depósitos lahariticos y lavas alcalinas tipo tefritas","COD_OK":"No se encuentra en el catálogo","ENT_GEOL":"No se encuentra en el catálogo","INT_ECO":" ","LITOLOGIA":" "}},{"type":"Feature","id":4845,"geometry":{"type":"Polygon","coordinates":[[[-77.91294845916917,-1.0000021830498853],[-77.91297725049914,-0.9997655337729947],[-77.91304861003066,-0.9996365269817843],[-77.91331951972909,-0.9994216586108109],[-77.9135191896208,-0.9992067235809059],[-77.91359054908911,-0.9990777157700123],[-77.91379025999662,-0.9988197558168771],[-77.9139898896259,-0.9986478453428022],[-77.91420378131299,-0.9984616057605419],[-77.91434650005866,-0.9982035916274918],[-77.91450349327961,-0.9979169067684941],[-77.91457500059265,-0.9976301410584737],[-77.91458955588122,-0.9973002975667506],[-77.91458998354112,-0.9968413652510718],[-77.91464713499664,-0.9966693188549114],[-77.9148325565482,-0.9964543695069659],[-77.9150179522603,-0.9962681023952621],[-77.91511786032461,-0.9960817554908791],[-77.91521780839227,-0.9958523827987878],[-77.91538918211202,-0.9954222945607102],[-77.91547932291621,-0.9952307093602333],[-77.91555402785323,-0.995338072318714],[-77.9187993225215,-1.000002109207271],[-77.91823609978488,-1.0000021167867164],[-77.91294845916917,-1.0000021830498853]]]},"properties":{"OBJECTID":4845,"SHAPE.AREA":163292.29714944502,"SHAPE.LEN":1919.4839597706903,"LIT":"Conglomerados con clastos subredondeados a subangulosos de cuarzo lechoso, chert, intrusivo, volcánico, metamórfico, soportado en matriz arenosa","TXT_12__15":" ","COD_OK":"12.109","ENT_GEOL":"Formación Tiyuyacu","INT_ECO":"Cuarzos, Materiales de construcción","LITOLOGIA":"Esta formación ha sido dividida en dos miembros informales (superior e inferior), con base en estudios estructurales y sedimentológicos. Los dos miembros están separados por una discordancia erosiva. La base del miembro inferior es una discordancia er"}},{"type":"Feature","id":4854,"geometry":{"type":"Polygon","coordinates":[[[-77.81455107345923,-0.9445270460758571],[-77.81472273445759,-0.9443869140985686],[-77.81510287316007,-0.9441243592741124],[-77.81538814629975,-0.9437422151754586],[-77.81610097946815,-0.9431692612132676],[-77.81633878640878,-0.9427631716143561],[-77.81652960492812,-0.9418073278860555],[-77.81676767160674,-0.9411144325371136],[-77.81712432647286,-0.9405650485867942],[-77.81767108250907,-0.9398485348266301],[-77.81790877988227,-0.939561947237339],[-77.81843202887508,-0.9385825049681732],[-77.8184800352962,-0.9380089361582462],[-77.8184804673139,-0.9375309254256495],[-77.81862362025552,-0.9367662383878367],[-77.81874244691903,-0.9366468442676675],[-77.81907544127121,-0.936001834124361],[-77.81959827837218,-0.9354764997884409],[-77.81995503784397,-0.9348076091926361],[-77.82021690742415,-0.9340430288312117],[-77.82028869745989,-0.9334216790637108],[-77.82028927744805,-0.9327763641404724],[-77.82029005014194,-0.9319159436363317],[-77.82014810268971,-0.9313422007694556],[-77.81993477300377,-0.9309356966182534],[-77.81950738580862,-0.9309353082387029],[-77.81929347831966,-0.9311741195951334],[-77.81910273480788,-0.9320582666111542],[-77.81893562642139,-0.9330619385548474],[-77.81819909812675,-0.933587078860906],[-77.81770065243194,-0.9333954202369589],[-77.8174874755829,-0.9328216136084678],[-77.81727421170162,-0.9323434086983727],[-77.8170374190919,-0.9316261773197552],[-77.81703782690417,-0.9311720682892707],[-77.81703819162084,-0.9307657595426105],[-77.81706315754035,-0.9294034530957898],[-77.81708777850612,-0.9284235552013321],[-77.8173976217937,-0.9271093069601632],[-77.81773116392203,-0.9258428814840695],[-77.817921817546,-0.9250543361030557],[-77.81830239746098,-0.9242898629485437],[-77.81851662201764,-0.9236925423476601],[-77.81868369969916,-0.9227127703463126],[-77.81863735904827,-0.9214220988113399],[-77.81847166252456,-0.9208483368768701],[-77.81837740935948,-0.920035633769702],[-77.81830677182444,-0.9193663549700865],[-77.81823653588799,-0.9182429666638289],[-77.81818114689769,-0.9171096335415553],[-77.81849021503974,-0.916655799377416],[-77.81875182722457,-0.9161660721514321],[-77.81884716071056,-0.9157598485181102],[-77.81903762606841,-0.9151744546385691],[-77.81909735387592,-0.9147562488842863],[-77.81900262127328,-0.9144813073505952],[-77.81874178933322,-0.914086715674818],[-77.81886067578758,-0.9138956174272191],[-77.81919307532222,-0.9139078641334774],[-77.8195967170862,-0.913908224265122],[-77.82003596340613,-0.9139205662282998],[-77.82078387720593,-0.9139331834430454],[-77.82159122434571,-0.9138622016634248],[-77.8225294993904,-0.9134089261870113],[-77.82302843176659,-0.9130508606490753],[-77.82333736219765,-0.9127523772920135],[-77.82374149767583,-0.9121910712860045],[-77.82406258353507,-0.9115699392651467],[-77.82451432122507,-0.9108772209130972],[-77.82510843770041,-0.9102802304928498],[-77.82565476221934,-0.9100297576327021],[-77.82633165735757,-0.9098033005213406],[-77.82680651169227,-0.9098276226288523],[-77.82738808803805,-0.909995442588656],[-77.82774408716756,-0.9101750138509024],[-77.8280643885305,-0.9104501570530716],[-77.82831333233638,-0.9108686414992873],[-77.82841968709633,-0.9114304040208294],[-77.82836000309548,-0.911800813114166],[-77.8281695815029,-0.9123384108328796],[-77.82803858203881,-0.9128043598939912],[-77.82790740404894,-0.9134734649262244],[-77.8280256719851,-0.9139874363608553],[-77.8282983790695,-0.9143820414698666],[-77.82880839944148,-0.9149202634164836],[-77.829282855428,-0.9153987021120774],[-77.8296744824806,-0.9155663559938668],[-77.83031537737044,-0.9157820347966831],[-77.83088518916612,-0.9158303443053251],[-77.83146685116071,-0.9159025648305861],[-77.83185849923517,-0.9160463185285149],[-77.83242810181784,-0.916333636652606],[-77.83268907467718,-0.9165728780355624],[-77.8333538211887,-0.9166690733781657],[-77.83373372431888,-0.9166694118382518],[-77.8342323895221,-0.916622054012594],[-77.83463388364507,-0.9165990150801366],[-77.83411831875026,-0.9168060711028909],[-77.83309709783362,-0.9170680715952451],[-77.83171971780283,-0.9173297526686638],[-77.83027115084364,-0.9175435671075823],[-77.82922644145286,-0.9175187339108128],[-77.82792057135809,-0.9174697658501856],[-77.82725591361573,-0.9172779661435],[-77.8263775397416,-0.9171098760266099],[-77.82547533984338,-0.9170373679383885],[-77.82466807222649,-0.9170127461755784],[-77.82390801966095,-0.9172988742941636],[-77.823456572553,-0.9176569806774778],[-77.82310001536436,-0.9181107746563226],[-77.8224822984961,-0.9185404331317926],[-77.82238704848174,-0.9188510560605002],[-77.82233916000477,-0.9193051249159779],[-77.82252872889082,-0.9197355064507583],[-77.82307443268927,-0.9201901080053745],[-77.82390520939589,-0.9204776617549432],[-77.82423675440137,-0.9214578872659946],[-77.82485369005852,-0.9219125542259511],[-77.82566070361463,-0.9222239884585766],[-77.82594444114137,-0.9235626840149102],[-77.8254451202323,-0.9243509573838552],[-77.82477980445307,-0.9249000741086388],[-77.82432797045882,-0.9256883895137222],[-77.8240898509386,-0.9264529959530539],[-77.82378058483314,-0.9271219355253434],[-77.8234709341102,-0.9282210862629313],[-77.82297146007478,-0.9291766597738892],[-77.82249596392,-0.9298693481370154],[-77.82199657401246,-0.9307293178534152],[-77.82154486406996,-0.9313742239742248],[-77.82130648256546,-0.9324256342287177],[-77.82130536596969,-0.9336684648727955],[-77.8213996966774,-0.9343855695467363],[-77.82151785646192,-0.9350070932155377],[-77.8218735608849,-0.935509330656065],[-77.82213457130597,-0.9357007737914939],[-77.82265676278426,-0.9358924554000062],[-77.82336888461808,-0.936108210789356],[-77.82403364732143,-0.936180520253637],[-77.82512582289867,-0.9362293175088948],[-77.82621776297721,-0.9365410229559321],[-77.82714336730545,-0.9369959820580258],[-77.82785532030884,-0.937402944095842],[-77.82823468528741,-0.938000809911194],[-77.82837637310202,-0.938861367259352],[-77.82823328402658,-0.9395543586568585],[-77.8281612319226,-0.9404625222763079],[-77.82827910927064,-0.9413947602497705],[-77.82849187485375,-0.9424226880870146],[-77.82898950325001,-0.9435225810449651],[-77.8294636908545,-0.9442878426228225],[-77.83017555674336,-0.9447904137333687],[-77.83081634368838,-0.9451256139523656],[-77.83148093986686,-0.9453891339667067],[-77.83221683378382,-0.9455810173026432],[-77.83333280782253,-0.9455820431337787],[-77.83385502693976,-0.9457498296217685],[-77.83421045221026,-0.946562787061737],[-77.83420945362558,-0.9476622281752493],[-77.83413756934395,-0.9483791895765035],[-77.83394694180862,-0.9491199419134083],[-77.83370906462181,-0.9495977397978428],[-77.83344729088917,-0.9502428227873029],[-77.83332800331503,-0.9508641356755928],[-77.83318499332282,-0.9514615250353357],[-77.83304205627827,-0.9519776526586851],[-77.8328561969297,-0.9526945064531053],[-77.83285543636885,-0.9535262564168824],[-77.83288337817706,-0.9541285841342653],[-77.83292557927174,-0.9547165855211677],[-77.8329249354237,-0.955419270251822],[-77.83289591649213,-0.9559928641249655],[-77.83275256984643,-0.9569535468498187],[-77.83249548659698,-0.9576559927086683],[-77.83220984389979,-0.9584301149280815],[-77.83166753924846,-0.9594477854610237],[-77.8307974047939,-0.9606372350884264],[-77.83019854891074,-0.9611816138287194],[-77.8296709385127,-0.9617117180491451],[-77.82917190041105,-0.9621558057249362],[-77.82860162902043,-0.9625998261500813],[-77.82760348609341,-0.9635597009451484],[-77.8271611543941,-0.9643049894280322],[-77.82666170333057,-0.9651936276244278],[-77.82634760176506,-0.9659246939382958],[-77.82624742375714,-0.9664121743411728],[-77.82610434617462,-0.967071699971905],[-77.82610370593585,-0.9677600395964204],[-77.82607419838384,-0.9688498850492783],[-77.82598809159542,-0.9695238035220936],[-77.82571665911213,-0.9703266111799489],[-77.82540286150274,-0.9707278464047588],[-77.82498899030313,-0.9715018376083047],[-77.824347094899,-0.9723616543130996],[-77.8237765519028,-0.9730924732830734],[-77.8232346482494,-0.9736655754542304],[-77.82265036899173,-0.973851445306052],[-77.82219449597962,-0.9738366719716859],[-77.82166753899331,-0.9736640873168861],[-77.82116912888301,-0.9734341676340661],[-77.82075625117643,-0.9731469680181226],[-77.82047149708481,-0.9729602733949779],[-77.82008723333502,-0.9725440383793027],[-77.81954632665587,-0.9720559534306629],[-77.81896251996754,-0.9717399118437208],[-77.81837841820091,-0.9717393576130922],[-77.81799857932091,-0.9718272113761055],[-77.81763744480865,-0.9719107386977045],[-77.81728108366353,-0.9721255045566544],[-77.81703864040341,-0.9723977404497066],[-77.81678193640316,-0.9726843020120857],[-77.81646826044901,-0.9729564698825751],[-77.81616873747281,-0.9733290328598632],[-77.81591144055402,-0.9742465665440988],[-77.81575428605863,-0.974719646306336],[-77.8157391899091,-0.9756230699329118],[-77.81578115937555,-0.9764405064472804],[-77.81586598890887,-0.977128920728149],[-77.81592244704285,-0.9776882456707148],[-77.81605036664939,-0.9780038545477696],[-77.81634909453636,-0.9784773697128486],[-77.81651980725428,-0.978735658658263],[-77.81688971275719,-0.9792666033978209],[-77.81740228518619,-0.9795825808262477],[-77.81792922705543,-0.9797695087520528],[-77.81847048243367,-0.9798847490076613],[-77.81905451795335,-0.979957010222463],[-77.81986675452742,-0.9797570219338395],[-77.82049376016391,-0.9795855376143114],[-77.82106360543074,-0.9796004226510971],[-77.82140549273113,-0.9796294300857353],[-77.82206049253382,-0.9799885655659588],[-77.8223880264227,-0.980132282135281],[-77.82288640965561,-0.980390884941718],[-77.8233421214062,-0.9805777462112273],[-77.82398307812238,-0.9807217626755201],[-77.82448170574234,-0.9807222393382957],[-77.824994742397,-0.9805506450614869],[-77.8252656834975,-0.9802784356333243],[-77.82563645811425,-0.9798915982017854],[-77.82608223057798,-0.9795402056057239],[-77.82632898691386,-0.9795073275983843],[-77.82679464755726,-0.9794452820009847],[-77.82725064479904,-0.9793309936176553],[-77.82764999791995,-0.9788533591299946],[-77.82776454541477,-0.9782416095625383],[-77.82801238355553,-0.977285814627725],[-77.82825993371394,-0.976635949359638],[-77.82911530065454,-0.9760249020434588],[-77.82976139542832,-0.9757578275533801],[-77.83042623537281,-0.9757584587216546],[-77.83114799031766,-0.9758356256903702],[-77.83154689478005,-0.9758360042718468],[-77.83226893699548,-0.9756072415972905],[-77.83266812818847,-0.9753016893947627],[-77.8331056854399,-0.9745946374650915],[-77.8332391363103,-0.9740785049179764],[-77.83333461419329,-0.9735432153269994],[-77.83369625949089,-0.9727596082222073],[-77.83415263238705,-0.9722437802005558],[-77.83472328057685,-0.9714030070948719],[-77.83497111255036,-0.9704472034950706],[-77.83516184970316,-0.9696060707782029],[-77.83550446058159,-0.9688606848030274],[-77.83581142694149,-0.9681463351938395],[-77.83667915992294,-0.9669999042549549],[-77.83700022900835,-0.9664385329108375],[-77.83717866592795,-0.9660562848653733],[-77.83767796110196,-0.9653397230658056],[-77.8379871462225,-0.9647902906601112],[-77.83843880813018,-0.9642290390754279],[-77.83905666981212,-0.9636798944698819],[-77.84000677741665,-0.9633222668228076],[-77.84045793220669,-0.9633107379647424],[-77.84093278811685,-0.9633470326028388],[-77.84140762222245,-0.9634072288159179],[-77.84187050649604,-0.9635510673377267],[-77.8422621356802,-0.9637187410209408],[-77.8425587435085,-0.9639341284341557],[-77.84284328097262,-0.9643646142065402],[-77.84305657312554,-0.9648069839706492],[-77.8436381266008,-0.9650106869049271],[-77.84404192624257,-0.9648557074669264],[-77.84437455955042,-0.9646289571755138],[-77.84457690554899,-0.9640674693162398],[-77.84469600259686,-0.9636612605618414],[-77.84469647578526,-0.9631473865394014],[-77.84451897467632,-0.9625138407962028],[-77.84451942534966,-0.9620238676357288],[-77.84446082198025,-0.9611992229082411],[-77.84458008242345,-0.9606137562186777],[-77.84474693041301,-0.959920778210899],[-77.84485415362703,-0.9595145578655032],[-77.84516339091822,-0.9589053654310521],[-77.84531806918403,-0.958535040972251],[-77.8456428135757,-0.9581051211991558],[-77.84597546396337,-0.9578568576664077],[-77.8461559400622,-0.9578379037998811],[-77.84641230169987,-0.9579241865054179],[-77.84657365075891,-0.9580486217668701],[-77.84674429696075,-0.9583929574721323],[-77.84678204276351,-0.9586606859830806],[-77.84671530309762,-0.9589394712124863],[-77.84671473370157,-0.9595609017869203],[-77.84659519994472,-0.9604451347227227],[-77.84673665776013,-0.961544721538637],[-77.8472107588538,-0.9624056063157099],[-77.8477088017847,-0.9630514035733083],[-77.84799338558001,-0.9634340881982547],[-77.84808792368781,-0.9639122002386548],[-77.84806367335182,-0.9644619059844097],[-77.84792028015013,-0.96546562434485],[-77.84784858361358,-0.9659674829652061],[-77.84784796613066,-0.9666367168062715],[-77.84789514668553,-0.9669713777013637],[-77.84834594128033,-0.9673542189880023],[-77.84874926950094,-0.9677131152239401],[-77.84934251091683,-0.968119991300178],[-77.84967433955049,-0.9687656366173371],[-77.84981629901677,-0.9693154988701712],[-77.85002920550693,-0.9701761443262371],[-77.85005195364049,-0.9712517226374296],[-77.85000359972997,-0.9721838268033053],[-77.84981304325632,-0.9728289824425622],[-77.84950380714484,-0.9734262224875613],[-77.84888600066965,-0.9739036660837641],[-77.84817268211869,-0.9749546482404624],[-77.84786324440356,-0.9757669978320391],[-77.84757788462231,-0.9762208512307381],[-77.84710187589242,-0.9774154624500383],[-77.84679248076985,-0.9781800077950922],[-77.8466967652839,-0.9789686568594202],[-77.84669589320936,-0.9799008025928988],[-77.84688517931133,-0.9806180175600991],[-77.84719325584652,-0.9812636430113658],[-77.84797600288391,-0.982148731224872],[-77.84868805328615,-0.9824601238303048],[-77.84968513150652,-0.9826761830072502],[-77.85030245105553,-0.9827245713614572],[-77.85118132298349,-0.9823907883788239],[-77.85153765212627,-0.9822238172543571],[-77.85137200180559,-0.9829494611205886],[-77.85115760303795,-0.9836901977155486],[-77.85099069353994,-0.9844309791719603],[-77.85082405387894,-0.9848849457274637],[-77.85070483554574,-0.9854106601084279],[-77.85034785379385,-0.9862707661983782],[-77.85016312916106,-0.986466128153624],[-77.85014885980357,-0.9864900154707016],[-77.85008231625835,-0.9865520954933382],[-77.84996825048148,-0.986647592188922],[-77.84989693967727,-0.9867287880133242],[-77.84984939133672,-0.9867908861234749],[-77.84979704962115,-0.9869007823915548],[-77.84971616825634,-0.9870584532420885],[-77.84969230671543,-0.9871827173942941],[-77.84966847218226,-0.9872782992044377],[-77.84966839561487,-0.9873595638660253],[-77.84966828300487,-0.9874790701367017],[-77.84966816137108,-0.9876081365837115],[-77.84961394763405,-0.9878578375198098],[-77.84951509625395,-0.9880625666201335],[-77.84918219584232,-0.9885641747334619],[-77.84889660357506,-0.9892570376236729],[-77.84834972875088,-0.9900452552522494],[-77.84792193822506,-0.9904511667095225],[-77.84763672912106,-0.9907377074240042],[-77.84694788186138,-0.9909999600143703],[-77.84642508914384,-0.9914296800182834],[-77.84590268225234,-0.99145308039741],[-77.84526157360493,-0.9914524650006725],[-77.84459672097897,-0.9914518266802402],[-77.84390835094602,-0.991212154218701],[-77.84343372939496,-0.9909248847122573],[-77.84276924040385,-0.9905418292194638],[-77.84219982054258,-0.99006326054897],[-77.84155939432429,-0.9893456142147856],[-77.84108488600951,-0.9889388406014125],[-77.84046779742857,-0.988651436831841],[-77.8400171025501,-0.9881729836576351],[-77.84011280360272,-0.9874082414519346],[-77.8399947589678,-0.9866910977529502],[-77.83978139584781,-0.9863323778568539],[-77.83947294209909,-0.9860930723466007],[-77.8389267268194,-0.9861881542837141],[-77.838570377767,-0.9863790212739596],[-77.83811902850506,-0.9865936977855267],[-77.83764386647277,-0.9868800549537292],[-77.83743014355112,-0.986903750857273],[-77.8368839516926,-0.9869749312405275],[-77.8366938374378,-0.987142055171942],[-77.83645609826138,-0.9874525397356994],[-77.836075960153,-0.9876911848487977],[-77.83560623549184,-0.9878491414008446],[-77.83505478836346,-0.9878575119834371],[-77.83455617719261,-0.9878331320040304],[-77.83389115102132,-0.988023701688116],[-77.83327331965977,-0.9885250268836019],[-77.83303558044449,-0.988835509847076],[-77.83237046495056,-0.9891216802607148],[-77.83213333816101,-0.9887868405894853],[-77.83208627992462,-0.9883326793929196],[-77.8318491983568,-0.9879500372082528],[-77.83149312281891,-0.9878540922392316],[-77.83111312206144,-0.9879493299941936],[-77.83066175237819,-0.9881879045936784],[-77.82985405828211,-0.988593442141884],[-77.82933154580667,-0.9887363439545458],[-77.82873786876762,-0.9888074748510807],[-77.82802567562526,-0.9886633850371699],[-77.82747969252532,-0.9885194552594472],[-77.82695783961601,-0.9879692358567964],[-77.82693448144128,-0.9875629004762455],[-77.82703000333508,-0.9869893748700725],[-77.82695942704753,-0.9862961858455206],[-77.82679367081649,-0.9858180117152046],[-77.82610508732834,-0.9858173505082938],[-77.82551125417542,-0.9860557873254298],[-77.82503618780024,-0.9862465363226236],[-77.82429988997325,-0.9864848354667587],[-77.82375370490853,-0.9865560120838436],[-77.8233498724341,-0.9867468288023897],[-77.82296969307124,-0.987033271071024],[-77.82247067824841,-0.9874391009767834],[-77.82199552265156,-0.9877254511369757],[-77.8213779469909,-0.9879638622654144],[-77.82064162800906,-0.9882260587252643],[-77.82019023842606,-0.9884885295395904],[-77.81959631701214,-0.9888225649493254],[-77.8193347674657,-0.9892047212581551],[-77.8189068491354,-0.9897540207176955],[-77.8188586993872,-0.9904470898891718],[-77.81871541243804,-0.9913073709996331],[-77.81845345063634,-0.992119735600671],[-77.81819208267042,-0.9923106865466609],[-77.81747957603422,-0.9925012000316441],[-77.8166251544876,-0.9921179638056274],[-77.81624563810806,-0.9917112872267878],[-77.81596137263563,-0.9910178979970107],[-77.81579575780732,-0.9903963252520815],[-77.81553509855873,-0.9898463620191824],[-77.81532178966515,-0.9894398482412674],[-77.81444371740251,-0.9889609897484013],[-77.81394525312112,-0.9887932044187705],[-77.81344669786687,-0.988721021185849],[-77.81290079159366,-0.9885053899879144],[-77.8124973034784,-0.9883376967358416],[-77.81253170267924,-0.9882034893588242],[-77.81244642437596,-0.9879930832253228],[-77.81238954843948,-0.9878783065720664],[-77.81241824173325,-0.9876680106244013],[-77.81273205415431,-0.9872572271033889],[-77.81299836009033,-0.9868655171291637],[-77.81320739821406,-0.9867701177443831],[-77.81355885436939,-0.9867226558929882],[-77.8141286549904,-0.9867805666573103],[-77.81467929750649,-0.9870105427061097],[-77.81527743678664,-0.9872310039766597],[-77.81584350479781,-0.987054686707773],[-77.81629489135275,-0.986792216968746],[-77.81665157509218,-0.9862428493636051],[-77.81686549831525,-0.9860040503587842],[-77.81726932927589,-0.985813235349468],[-77.81757818367164,-0.9856223287034102],[-77.81791094071487,-0.9852641409680906],[-77.81824367588021,-0.9849298531297951],[-77.81831572437476,-0.9840695039650075],[-77.81803131660436,-0.9835195183631468],[-77.81784177205768,-0.9830891268033727],[-77.81750958232806,-0.9828498025282714],[-77.81693974760977,-0.9828253543486174],[-77.81625080880943,-0.9832071012976918],[-77.81591805304396,-0.983565288053949],[-77.8152767604801,-0.9837797762150667],[-77.81484936868681,-0.9837793651910659],[-77.81420828178057,-0.9837787485525057],[-77.81375712413012,-0.9838022146061286],[-77.81318733678478,-0.9837299652487139],[-77.81261775495003,-0.9834426119739977],[-77.81276096683123,-0.9826540370313677],[-77.81273751799164,-0.9823433092368727],[-77.8126429271978,-0.9819369110842299],[-77.81257217133823,-0.9814349347762661],[-77.81259632338697,-0.9810047506802669],[-77.81288165713899,-0.9805748171064269],[-77.81319087086428,-0.9800015039499138],[-77.8136927308754,-0.9790889880437641],[-77.81414929150681,-0.978372412547108],[-77.81450593791917,-0.9778565041968612],[-77.81477714666298,-0.9772974930824707],[-77.81480623412558,-0.9766665483322481],[-77.81472145861855,-0.975920772950956],[-77.81438026147151,-0.9751604138659389],[-77.8140248581818,-0.9743570201114956],[-77.81386853979923,-0.97394100356414],[-77.81365534300642,-0.9734102111577233],[-77.81351363426012,-0.9726070217810254],[-77.81354251719091,-0.9721911817828199],[-77.81361421952776,-0.9716893410907576],[-77.81377133214069,-0.9712592825972535],[-77.81394258425061,-0.9709439592452299],[-77.81408554425126,-0.970413505411332],[-77.81410024705687,-0.9699259504873705],[-77.81431434493572,-0.9694959455134888],[-77.81461387926682,-0.9691090420190517],[-77.81501418147637,-0.96880455530127],[-77.8152984271536,-0.9683353160823375],[-77.81561246179899,-0.9676759597406225],[-77.81572671417847,-0.9673749223928109],[-77.81599779529597,-0.9669449699414274],[-77.81614051332114,-0.9666726388977697],[-77.81622641888501,-0.9662138306814227],[-77.81605587651987,-0.9657691206227206],[-77.81565727401905,-0.9654532578467135],[-77.81514456602332,-0.9652806910142102],[-77.81441836535575,-0.9648928183287573],[-77.81357795388402,-0.9647629633003414],[-77.8131506319743,-0.9646908589615457],[-77.81273770340762,-0.9644610249350434],[-77.81229640268812,-0.9641021023905141],[-77.81208785322802,-0.96367647892794],[-77.81166086562483,-0.9632458693535596],[-77.81137643015896,-0.9627197934047498],[-77.8111631359221,-0.9622893857132021],[-77.81116377997472,-0.961596274845653],[-77.8113543955679,-0.9608794435152506],[-77.81140232679253,-0.960401480812366],[-77.81118916559265,-0.9598276717736667],[-77.81099965896927,-0.9593494861462003],[-77.81100010185787,-0.9588714789691389],[-77.81119049417883,-0.958393650879122],[-77.81121467996897,-0.9579156658710748],[-77.81102515045322,-0.9574613814848747],[-77.81119239502081,-0.9563382199726477],[-77.81157282388489,-0.9557649671448148],[-77.81219077792413,-0.9550963338554972],[-77.81259490549132,-0.9545709030370871],[-77.81328398087975,-0.9540218366951502],[-77.81411542957368,-0.9535685043926534],[-77.81489947959354,-0.9530195247371791],[-77.81573158728236,-0.9518491763946507],[-77.81587448933611,-0.9513712994487609],[-77.81599364681989,-0.9508934002969032],[-77.8160653601199,-0.9503676566875067],[-77.81587586996787,-0.9498655706692771],[-77.81540180439148,-0.9489808124814504],[-77.81487966033198,-0.948741324291696],[-77.81416748023864,-0.9485972603883172],[-77.81381145558292,-0.9484535278099727],[-77.81312328216968,-0.9480226818621005],[-77.81312400370528,-0.9472339685085989],[-77.81348063990208,-0.9467084900025915],[-77.81395579705234,-0.9463982242674362],[-77.81440725541974,-0.9460401351532434],[-77.81473997242155,-0.945705836890901],[-77.81481648027747,-0.9453880311227366],[-77.81484519066302,-0.9451490529500369],[-77.81484538244422,-0.9449387289113449],[-77.81467466249833,-0.944680446801972],[-77.81455107345923,-0.9445270460758571]]]},"properties":{"OBJECTID":4854,"SHAPE.AREA":15942452.1175146,"SHAPE.LEN":39715.5895485751,"LIT":"Limolitas a arcillolitas roja intercalada con arenisca, aleatorios conglomerados","TXT_12__15":" ","COD_OK":"12.108","ENT_GEOL":"Formación Tena","INT_ECO":"Limolitas, Arcillas, Calizas, Materiales de construcción","LITOLOGIA":"Consiste en lutitas rojizas a verdes y limolitas, también incluye lutitas nodulares, paleosuelos y areniscas de grano grueso con estratificación cruzada. La parte basal de la formación se caracteriza por una secuencia de areniscas, calizas y lutitas."}},{"type":"Feature","id":4858,"geometry":{"type":"Polygon","coordinates":[[[-77.79266352158665,-0.9417054947176204],[-77.79225696928661,-0.941255619054716],[-77.79177312043676,-0.9406959127479764],[-77.79151717908428,-0.9401650968578217],[-77.79141794282995,-0.9396344271365564],[-77.79144687969593,-0.9391468958133927],[-77.79153346666331,-0.9379280800848903],[-77.79161926847064,-0.9375696613349297],[-77.79172434323215,-0.936905638866448],[-77.79205750874307,-0.936069449327721],[-77.79231922618247,-0.9354721919509859],[-77.79262847312596,-0.9348271788106656],[-77.79293748101485,-0.9344450633064917],[-77.79334141837043,-0.934110835837368],[-77.79398304645872,-0.9334900264987375],[-77.79424458914595,-0.9330839667478034],[-77.79533731599432,-0.9324874703806159],[-77.79593130671242,-0.9320339142493544],[-77.79643034584556,-0.9315563717324901],[-77.79678683957867,-0.931174297840819],[-77.79723845661997,-0.9306250100865823],[-77.79757165915755,-0.9297410122197979],[-77.79766779560785,-0.9284504977396482],[-77.79776345735104,-0.9276857825421049],[-77.79764630993722,-0.9259409717133795],[-77.79759908094515,-0.9256541277222424],[-77.79750472998766,-0.9249609404845652],[-77.7969124588199,-0.9235024999753377],[-77.79658065373424,-0.9228329976140037],[-77.79610645415326,-0.9220916666046732],[-77.79582192223882,-0.9216612082683551],[-77.79549007395188,-0.9210395072984295],[-77.79530068467074,-0.9204179356839078],[-77.79489801324023,-0.919342070827439],[-77.794756769323,-0.9179796436511923],[-77.79485312543657,-0.9164262312490007],[-77.79532900687403,-0.9152794605628722],[-77.79582837515856,-0.9144195094664218],[-77.79630374569193,-0.9138463365478863],[-77.7965651100299,-0.9136314706383644],[-77.79723059421958,-0.9128672671778688],[-77.79768236851693,-0.912126770709247],[-77.7979440496908,-0.9115534030757474],[-77.79825319581326,-0.9110039791520659],[-77.79815892050567,-0.9102151921783986],[-77.79785097751716,-0.9094023146487743],[-77.79763785843093,-0.90875682204605],[-77.79723515345778,-0.9077048601249388],[-77.79714127460059,-0.9064619739691931],[-77.79697580842165,-0.905625325457073],[-77.79704796177727,-0.9045737877022694],[-77.79728616701237,-0.903689697007664],[-77.79766689391387,-0.9027340332241875],[-77.79807129894665,-0.9018500897328731],[-77.79835079161695,-0.9012647850994804],[-77.79861839693795,-0.9006973948526324],[-77.79876726058313,-0.9001597752912158],[-77.79885692265275,-0.8994428515762659],[-77.79885757380501,-0.8986959749067126],[-77.79882844155348,-0.898068571553441],[-77.79894765092146,-0.8975010492996144],[-77.7992448808007,-0.8969934349620357],[-77.79972007854676,-0.896605476733452],[-77.80052202970624,-0.8958891787584528],[-77.80135365035166,-0.8953521170039589],[-77.80143051833743,-0.8956368124238043],[-77.80178608380226,-0.8963063287324412],[-77.80235502502468,-0.8973345369783324],[-77.802615721993,-0.8978844707414163],[-77.80294754316773,-0.89855396845698],[-77.80330325349621,-0.8990561860383801],[-77.80361139402301,-0.8996539631610493],[-77.80422798720615,-0.9004910143811177],[-77.80479728141471,-0.9011129230774674],[-77.8051293322099,-0.9015195209075856],[-77.80562768915641,-0.9018067638451949],[-77.80614939279432,-0.9025481331594526],[-77.80657639534012,-0.9029787158292614],[-77.80714596164425,-0.903289923558088],[-77.80743052607056,-0.9036964807599972],[-77.80757256753547,-0.9041746126367063],[-77.80774934442485,-0.9044663715582986],[-77.80772239354664,-0.9052558092175419],[-77.80785476995672,-0.9059251342607708],[-77.80813878489718,-0.9069578801808045],[-77.8084421790169,-0.9075508775157647],[-77.8088022555554,-0.9084880895257821],[-77.80904885012684,-0.9088707149179275],[-77.80976972368198,-0.9099229716563839],[-77.81013028610636,-0.9103056983645932],[-77.81050980991252,-0.910726682409875],[-77.81090816043597,-0.9113388872968582],[-77.81104073625039,-0.9117787721418922],[-77.81103996119417,-0.9126583055096702],[-77.8108685537154,-0.9131744002123073],[-77.8109814585271,-0.9143790801369446],[-77.8109238661864,-0.915067358761519],[-77.81092286833643,-0.9161954554619293],[-77.81097892116273,-0.9172471220479497],[-77.81116830934026,-0.9178782625300124],[-77.81137679403432,-0.9183946979040571],[-77.81179430607952,-0.9188157194773433],[-77.81221168153273,-0.9193897049768361],[-77.8125914073661,-0.9195812497371104],[-77.81314205315913,-0.9198111886752425],[-77.81401540736324,-0.9202708628165746],[-77.81464198160272,-0.9205582324412362],[-77.8151356432437,-0.9207881207522874],[-77.81576208319235,-0.9212284540691912],[-77.81606581378306,-0.921439051112003],[-77.81636951136262,-0.9216878904466861],[-77.8168589568136,-0.9223015105925148],[-77.81681627745965,-0.9225861810227077],[-77.81681580955897,-0.9231119912955636],[-77.81672013323488,-0.9239006218713516],[-77.81667207067956,-0.9245458925828168],[-77.81660028575783,-0.9251672407304777],[-77.81631435914771,-0.9262903053502543],[-77.81598034584258,-0.928082539522313],[-77.81576609629126,-0.9287037576696207],[-77.81545670090752,-0.9295160928274645],[-77.81528980918806,-0.9302807559147237],[-77.8153603961905,-0.9309978346306496],[-77.81535966603262,-0.9318104498859006],[-77.81519266588106,-0.9326946148168468],[-77.81483597331106,-0.9332918013804502],[-77.81443190062708,-0.9337694419143691],[-77.8139328753342,-0.9342230942807463],[-77.81352884637255,-0.9346529328953818],[-77.81307726425348,-0.9351544287375025],[-77.81276812257944,-0.9356799554260484],[-77.81274377454642,-0.936349143888034],[-77.81271955579697,-0.936874931167592],[-77.8127190584073,-0.9374246402354967],[-77.8125522902255,-0.9380458977977042],[-77.81231422595451,-0.9387387907254705],[-77.81214771704337,-0.9390732429616356],[-77.81186251250527,-0.9393836859289885],[-77.81145826349221,-0.940052525103221],[-77.81136279029637,-0.9406021460526982],[-77.81133843791592,-0.9412713343539493],[-77.81098156623247,-0.9420597179586755],[-77.81057764273227,-0.9423700501176053],[-77.80991262620275,-0.9425845392109267],[-77.80941403298839,-0.9425601790202194],[-77.80891522223817,-0.942774821001354],[-77.80836890253326,-0.9430133196741686],[-77.80810741860931,-0.9433476828535442],[-77.80782201600759,-0.9438732250957538],[-77.80753656947466,-0.9444465677593628],[-77.80715621449271,-0.9449481214889617],[-77.80665709788724,-0.945497365487558],[-77.80615811232177,-0.9459032077523903],[-77.80577806314962,-0.946070157310372],[-77.8048515194776,-0.9466668027853219],[-77.80378273371439,-0.9470243135257344],[-77.8029749080326,-0.947621067724488],[-77.80230958663392,-0.9481701528779464],[-77.80190599261002,-0.9481219767433428],[-77.80145510927838,-0.9478586557111048],[-77.80076663742128,-0.9477624140463352],[-77.80031546924498,-0.9478097945673445],[-77.79950810645666,-0.9479046428404613],[-77.79922336138004,-0.9477131770214214],[-77.79886756210777,-0.9473304445440909],[-77.79855924979225,-0.946947756484489],[-77.79820327596062,-0.9467562247588883],[-77.79779992422057,-0.9464451486941409],[-77.79737302707176,-0.9459189500141897],[-77.79723107183081,-0.9453691168548041],[-77.7971838699516,-0.945058372424591],[-77.79822866338654,-0.9449637431596135],[-77.79896488194386,-0.9447732261703375],[-77.80008154145663,-0.9439855585913559],[-77.80084235691659,-0.9428629579013535],[-77.80055835297344,-0.9418588899292591],[-77.80044048660501,-0.9409266762243298],[-77.8009873027527,-0.9401384768048195],[-77.80179531691505,-0.9393266175112591],[-77.80236576639854,-0.9386579386324174],[-77.80291255935117,-0.937893636907004],[-77.80317436570274,-0.9372007717385716],[-77.80310361277267,-0.9366749030640529],[-77.8029141643263,-0.9361250246870935],[-77.8027719643644,-0.9358380916037251],[-77.80229755169745,-0.9353357524956114],[-77.80165767207879,-0.9340206569328119],[-77.80104049709934,-0.9338527897500225],[-77.80070789550014,-0.9340675863876291],[-77.80070707294635,-0.934975789902988],[-77.80089647785027,-0.9355734674297714],[-77.80056344302635,-0.9362662649061053],[-77.80058692571208,-0.9365530883325391],[-77.80023040681766,-0.9369590618942347],[-77.80013482604001,-0.9376281773181223],[-77.7999201575935,-0.9387034851150466],[-77.79975358516025,-0.9391096328118783],[-77.79918341844947,-0.9394676083713909],[-77.79885062051363,-0.9398975027485982],[-77.79866026016035,-0.940351428156152],[-77.79818473974039,-0.9410679911713236],[-77.79792299629689,-0.9416891506737461],[-77.79747159018494,-0.94199943350583],[-77.79718634273323,-0.9423576702255325],[-77.79687722106391,-0.9428592845324144],[-77.79654407174846,-0.9436715765875969],[-77.79611697732159,-0.9433604800277197],[-77.79580879626249,-0.9428343933811145],[-77.79493044872635,-0.9426662794908418],[-77.7941707533995,-0.9425699745848554],[-77.79364877425931,-0.9421631915731407],[-77.79329304254428,-0.9417087619893969],[-77.7928420745287,-0.9415410449932226],[-77.79266352158665,-0.9417054947176204]]]},"properties":{"OBJECTID":4858,"SHAPE.AREA":8929117.91019708,"SHAPE.LEN":17335.1218032738,"LIT":"Limolitas a arcillolitas roja intercalada con arenisca, aleatorios conglomerados","TXT_12__15":" ","COD_OK":"12.108","ENT_GEOL":"Formación Tena","INT_ECO":"Limolitas, Arcillas, Calizas, Materiales de construcción","LITOLOGIA":"Consiste en lutitas rojizas a verdes y limolitas, también incluye lutitas nodulares, paleosuelos y areniscas de grano grueso con estratificación cruzada. La parte basal de la formación se caracteriza por una secuencia de areniscas, calizas y lutitas."}},{"type":"Feature","id":1579,"geometry":{"type":"Polygon","coordinates":[[[-77.91389912180907,-0.6666681160684829],[-77.91396468756241,-0.6666681159166935],[-77.93435063247662,-0.6666679097535108],[-77.9343865048484,-0.6673332276753954],[-77.93439347672947,-0.6675770453310723],[-77.93439332557064,-0.6678208576102894],[-77.93437896307098,-0.66800729424248],[-77.9343788563071,-0.6681793970251712],[-77.93434312744031,-0.6683586488085845],[-77.93410541280299,-0.6687887572184025],[-77.93384386258799,-0.6693622693803375],[-77.93355844949087,-0.6701269917392187],[-77.93315440015735,-0.6707482198717969],[-77.9330116186655,-0.6712500975190837],[-77.9327497994184,-0.672253865614809],[-77.93274956049262,-0.6726363162519987],[-77.93293892108613,-0.6735925633030312],[-77.93327067477358,-0.674668418045834],[-77.93355484860685,-0.6758876620996203],[-77.93379171168762,-0.6768200378149917],[-77.93433728662265,-0.6777048041771474],[-77.93428937617672,-0.6783740639144475],[-77.93400369884807,-0.6795451390097236],[-77.93388420438086,-0.6807641256400616],[-77.9338124254926,-0.6816245952166033],[-77.93362181533564,-0.6826523110347836],[-77.93352635013916,-0.683417151808694],[-77.93343064216414,-0.6845644442086648],[-77.93328756382512,-0.6855204794337596],[-77.93340564864066,-0.6865244897548122],[-77.93371389014315,-0.6872178825996816],[-77.93442515374745,-0.6889154708910074],[-77.9354924514421,-0.6908284223087341],[-77.93667810474608,-0.6933151326729685],[-77.93810123541866,-0.6957541976511707],[-77.9390495547638,-0.6980495367015676],[-77.93916783141546,-0.6987428105663291],[-77.93895369226775,-0.6994119631707266],[-77.9387159932104,-0.6997942598679564],[-77.93850179038395,-0.7005590246664359],[-77.93838263080275,-0.7012282390411722],[-77.93826329870751,-0.7021603892920175],[-77.93831032100981,-0.7028775199113192],[-77.9385473356314,-0.703546968475176],[-77.93871264629901,-0.7049334706389685],[-77.93854611767864,-0.7054114268282905],[-77.93811842421633,-0.7058414028013473],[-77.93788061306181,-0.70639102008344],[-77.93768961755987,-0.7079685110700125],[-77.93773660541692,-0.7087334474194471],[-77.93778384436008,-0.7091159314448305],[-77.93780691261522,-0.7101437888778682],[-77.93773772692252,-0.7109258030037493],[-77.93721290198575,-0.7109947380799916],[-77.93704200063785,-0.7108990103236648],[-77.93649113924117,-0.710860397279617],[-77.93611135677872,-0.7106497945621055],[-77.93578877680376,-0.7101141460323763],[-77.93531406429486,-0.7098269897555409],[-77.9347253633951,-0.7095588804356731],[-77.93415562131977,-0.7093481524918518],[-77.93362385861782,-0.7091565710687469],[-77.9331492351861,-0.7087355586395178],[-77.93295969054202,-0.7081043875092835],[-77.93299812311086,-0.7074351246149213],[-77.93313140917455,-0.7069571493177617],[-77.93313172301642,-0.7064790854666805],[-77.93223911187484,-0.7061725314897617],[-77.93180224242236,-0.7061148735054784],[-77.93096659599772,-0.7058466024837508],[-77.93039693110403,-0.705521141164315],[-77.92978923649393,-0.705253022212962],[-77.92946645628211,-0.7050233373965453],[-77.92901076739308,-0.7046979525025334],[-77.92855521648139,-0.7041622205806176],[-77.92849875472834,-0.7033590400951863],[-77.92863218878144,-0.7026515964300598],[-77.92895548135783,-0.7020972592290662],[-77.92925957782207,-0.701848868391375],[-77.92962082407526,-0.701351922107584],[-77.92981108323814,-0.7008931080415316],[-77.9298492491432,-0.700625418271065],[-77.92984959785461,-0.7000899885431011],[-77.92979289648909,-0.6996501340795396],[-77.9293561402989,-0.699420376733948],[-77.92895720153736,-0.6994583583122196],[-77.92852029551584,-0.699458070227963],[-77.9276462118937,-0.6998781881099934],[-77.92705707843135,-0.7002793697505604],[-77.92692389544052,-0.7006043641323967],[-77.92652493248659,-0.700680589442592],[-77.92612601956594,-0.7006803257429983],[-77.92559413590536,-0.700679974090507],[-77.92525221070777,-0.7006797479961011],[-77.92489116561876,-0.7008707331933152],[-77.92454884095268,-0.7014824237423606],[-77.92413074603547,-0.701768983054951],[-77.92363675444271,-0.7019216341822646],[-77.92312364272996,-0.7022654969819725],[-77.92270558467659,-0.7024946885151672],[-77.92166067888317,-0.7027043410481334],[-77.92074874431546,-0.7029140803694223],[-77.92004577631724,-0.703104836379156],[-77.91924770411025,-0.7034867526249816],[-77.91875377789272,-0.7035437907922832],[-77.91808881454506,-0.7037154484752403],[-77.91719580304105,-0.7040399323781034],[-77.91696766562669,-0.7043266146331468],[-77.916245590316,-0.7046894555888343],[-77.91569479165736,-0.7045743549692305],[-77.91548592719364,-0.7044403599751924],[-77.91537231825144,-0.7038857390768891],[-77.91520165846036,-0.7034266918575512],[-77.91499284517656,-0.703216209018469],[-77.91444223476299,-0.7028142757193142],[-77.91434745706772,-0.7025082566215437],[-77.91468956714168,-0.7022216515109255],[-77.91506956778824,-0.7020880485800853],[-77.91584856530267,-0.7018208549568803],[-77.91662765093028,-0.7014198050485657],[-77.91717886414722,-0.7009038699064641],[-77.91818609900297,-0.7001970135562757],[-77.9188702937189,-0.699662042266711],[-77.91925048241752,-0.69924160279982],[-77.91959264254739,-0.6988785055870237],[-77.91987790277486,-0.6983815134038811],[-77.91987815188907,-0.6979990674526613],[-77.91923262133973,-0.6975014619552646],[-77.91868214370999,-0.6968891852080749],[-77.91849241067595,-0.6965448587336596],[-77.91862593962543,-0.695684443504935],[-77.9191960584555,-0.6953023727250554],[-77.91972800031671,-0.6952071113806654],[-77.92056388602855,-0.6950929260954853],[-77.92107691926414,-0.6948637955634867],[-77.92130519054535,-0.6943667641102454],[-77.9214576022169,-0.6936784602508236],[-77.92159121508408,-0.6926841857618252],[-77.92170573232895,-0.6918428776099667],[-77.92185815372444,-0.6911354505017671],[-77.92195346534659,-0.6906192084646993],[-77.92227692181764,-0.6897971585618861],[-77.92241018698935,-0.6893383087713518],[-77.92244874294695,-0.6884587049280485],[-77.92222112590376,-0.6879422533894769],[-77.92170853587952,-0.6874829839024468],[-77.92119588474434,-0.6871193268670756],[-77.92056914874317,-0.6869276966730569],[-77.92017031273409,-0.6868127031033218],[-77.91922066420744,-0.6866017418271321],[-77.9184417319858,-0.6867733362823025],[-77.91785294048293,-0.6866582203328168],[-77.91737822093172,-0.6863902000891516],[-77.91707410730449,-0.6866768359558347],[-77.91654173894196,-0.6874413807450322],[-77.9160855616631,-0.6878808953011772],[-77.91534458517263,-0.6881098799992923],[-77.91431884805394,-0.6880709666544487],[-77.91367307232859,-0.6879558127794159],[-77.91308417288353,-0.6880127954052618],[-77.91257113303986,-0.6882610491009289],[-77.91133607807456,-0.6887956639945929],[-77.91061421108282,-0.6888525588783643],[-77.90943639086365,-0.689004766658679],[-77.90814447580051,-0.6893481201221336],[-77.90749843139344,-0.6896536505612391],[-77.90662441839811,-0.6899972758713355],[-77.9058835833646,-0.6900159118760528],[-77.90514278684851,-0.6899771826388804],[-77.9043832910842,-0.6894795122881441],[-77.90396573875309,-0.6889438218536722],[-77.90360510983788,-0.6885037786559979],[-77.90320637945314,-0.6882358103856973],[-77.90259876251935,-0.6878720943408088],[-77.90178229459312,-0.6873552668081873],[-77.90106057003088,-0.6872018189039756],[-77.90039578251495,-0.6871248963114421],[-77.89980707552964,-0.6868950484661485],[-77.89902878576503,-0.6860914181456743],[-77.89866812197974,-0.6857087441666373],[-77.89887725508913,-0.6854220513389209],[-77.89961830501474,-0.6850592181988404],[-77.90028335012437,-0.6847345784589046],[-77.90079634655925,-0.6845436930368162],[-77.9014422491321,-0.6844485032908554],[-77.90243008086937,-0.6843344144787792],[-77.90341817110414,-0.6838187629694781],[-77.9043682705139,-0.6833030856189773],[-77.90480537326665,-0.6829782947355538],[-77.90524247514577,-0.6826535035412993],[-77.90609763531329,-0.6820803953938283],[-77.90662978807006,-0.6816409326184487],[-77.90687710674827,-0.6810483082005149],[-77.90725766117357,-0.6800350832941073],[-77.90742896148512,-0.6794997761395228],[-77.90761947514872,-0.6786202823938037],[-77.90761986392363,-0.6780083753851243],[-77.90769611283581,-0.6775877389176096],[-77.9077723728058,-0.6771479791324367],[-77.90777267589132,-0.676669927584936],[-77.90790584984053,-0.6763449374914708],[-77.90828584383955,-0.6762113266330669],[-77.90860877821692,-0.6761924114806162],[-77.90895070749332,-0.6761735084808771],[-77.9094447105603,-0.6759826041981132],[-77.90976774204728,-0.6758107124889897],[-77.91011001106496,-0.6752563894718333],[-77.91035716928808,-0.6749123489667632],[-77.91062337142607,-0.6744918326336112],[-77.9114214467392,-0.6740716550850814],[-77.9120103057721,-0.6740720313515932],[-77.91271313968835,-0.6740724803514372],[-77.91326400879895,-0.6740728321983981],[-77.91408081645777,-0.674073353788162],[-77.91485963315047,-0.6740738509895555],[-77.91518249706833,-0.6741696686338986],[-77.91556240785087,-0.6741699111348249],[-77.9157525439039,-0.6738831985496033],[-77.9161327195931,-0.6734627512618715],[-77.91628492486588,-0.673080403443481],[-77.91613333263439,-0.6724875171676511],[-77.91596256515474,-0.6721814528585653],[-77.91562083718203,-0.671875279899374],[-77.91455853679763,-0.67103590521121],[-77.91439518432018,-0.6707992010311103],[-77.91430053589187,-0.6702732804465976],[-77.91439593292087,-0.669604063268779],[-77.91439630672077,-0.6690064939334014],[-77.9142781970625,-0.6680264054648571],[-77.91389912180907,-0.6666681160684829]]]},"properties":{"OBJECTID":1579,"SHAPE.AREA":10294768.2701653,"SHAPE.LEN":20211.4764355396,"LIT":" ","TXT_12__15":" ","COD_OK":"13.8","ENT_GEOL":"Coluvial (Movimientos en masa)","INT_ECO":"Materiales de construcción","LITOLOGIA":"El movimiento de masas es un término general para la transferencia gravitacional de material pendiente abajo. Excluye el movimiento relacionado con el hundimiento. Estos depósitos en su mayoría comprenden sedimentos detríticos heterogéneos (McMillan"}},{"type":"Feature","id":4859,"geometry":{"type":"Polygon","coordinates":[[[-77.68324775620022,-1.000001883394062],[-77.68279247569993,-0.9993729356740668],[-77.6826210561222,-0.9986725700611276],[-77.68264587637465,-0.997597217075567],[-77.6829313898977,-0.9969761771143779],[-77.68312177220051,-0.9965223217236674],[-77.68324124246064,-0.9957577282383381],[-77.6834555807167,-0.9950888212579587],[-77.68412090081246,-0.994515958420672],[-77.68497633933184,-0.9937521090789174],[-77.68552288176754,-0.9932508169943529],[-77.68633045754703,-0.9928692748773686],[-77.68735177292965,-0.9924162546377299],[-77.6886582195706,-0.9917245469354379],[-77.6890626020592,-0.9909363381914308],[-77.68913451367007,-0.990243384455645],[-77.6891357945863,-0.9889529227704689],[-77.68913669496932,-0.9880448207985965],[-77.68920860449904,-0.9873518658844358],[-77.68985027538702,-0.9866833810475932],[-77.69051535589165,-0.986349482304423],[-77.69118074271671,-0.9857049165730964],[-77.69144248526582,-0.9851077403831379],[-77.69184676700654,-0.9844151167445807],[-77.69241695338447,-0.9840094280989357],[-77.69310579913866,-0.983651653582531],[-77.69362847969174,-0.9832698135721681],[-77.69405631388824,-0.9827683914137247],[-77.69417563089469,-0.9821471732852392],[-77.69441367660995,-0.981502176007971],[-77.69510240385121,-0.9812638856630378],[-77.6960520030986,-0.981312626273615],[-77.6970254370841,-0.9812657994001012],[-77.69766680143515,-0.9809079722138788],[-77.69880696465744,-0.9803116630101502],[-77.69992273281477,-0.9803844651233715],[-77.70072965416388,-0.9806720387165908],[-77.70165547009408,-0.9807685495367788],[-77.70281928534742,-0.980267851431539],[-77.70419681973269,-0.9797195677236703],[-77.70528892213544,-0.9797206499796265],[-77.70647585065,-0.9798652127991302],[-77.70725889665984,-0.9802961506380411],[-77.70799424983464,-0.9809421225353756],[-77.70872986067195,-0.9813252193234964],[-77.70927582096364,-0.9814213518465847],[-77.71029677439651,-0.9813506700215113],[-77.71200618717388,-0.9813284658691137],[-77.71286069613254,-0.9815204962769004],[-77.71364395793255,-0.9817363539430929],[-77.71490237877516,-0.9816181094799855],[-77.71582837192084,-0.9815473317558572],[-77.71772782090486,-0.9814297198650856],[-77.7189382043012,-0.9818849825009035],[-77.71976869746932,-0.982363767025747],[-77.72128821628888,-0.982317472977557],[-77.72323543944881,-0.9819131271274861],[-77.72380549897821,-0.9816508090231258],[-77.72542047907982,-0.9811027410501975],[-77.7268692683819,-0.9805545067884268],[-77.72789042590829,-0.9802926304929773],[-77.72862691286227,-0.9797914889487431],[-77.72910226112334,-0.9792661907745824],[-77.7297675223658,-0.9787649776128523],[-77.73086013895576,-0.978264183188828],[-77.73164371697916,-0.9781693579403135],[-77.73314015664154,-0.9774538709490433],[-77.73394773199588,-0.9770961840850255],[-77.73482614110674,-0.9771448417482577],[-77.73560925982697,-0.9775279857368426],[-77.73636856722656,-0.9779828024702575],[-77.73731818269745,-0.9780554284090086],[-77.7395500133523,-0.9779859178546424],[-77.74047602764645,-0.9779151281197044],[-77.74123600937794,-0.9776768843202661],[-77.7421386281236,-0.9772475895845437],[-77.74334959794422,-0.9771292788791501],[-77.74422780813813,-0.9773930239063818],[-77.74484506145977,-0.9774414236638398],[-77.7454151306293,-0.9771790936055941],[-77.74543944803793,-0.9765816466178089],[-77.74515550618018,-0.9755776197807567],[-77.74489539826861,-0.9744780210665435],[-77.74539490405952,-0.9735225551443467],[-77.74568001818723,-0.9733077425405251],[-77.74662991590857,-0.9730935767588799],[-77.7476983207704,-0.9730946148052924],[-77.74883795280279,-0.9730957216795656],[-77.74981139008482,-0.9730966668293461],[-77.75076108535843,-0.9730975886545714],[-77.75140192495776,-0.9733133007379337],[-77.75201899912196,-0.9735528894356925],[-77.75261226290465,-0.9738641520223554],[-77.75356136572326,-0.9744864474364596],[-77.75396457602221,-0.9749170213557073],[-77.75474741337267,-0.975610854525858],[-77.7556725923687,-0.9764243214450621],[-77.75633664989458,-0.9771897371927019],[-77.75730968259283,-0.977620867560659],[-77.75806912413081,-0.9779561937253718],[-77.75861502079651,-0.978147918788472],[-77.75963554137032,-0.9785790957075478],[-77.76030006052363,-0.9788665327944792],[-77.76089346613894,-0.9790344049154756],[-77.76153431271985,-0.9792501210064287],[-77.76245530462691,-0.9794852295755562],[-77.7628729382528,-0.9797341887685891],[-77.7634616113592,-0.9798877163395112],[-77.76377679080272,-0.9800740738179818],[-77.76411341401047,-0.9793277199517177],[-77.76443079325283,-0.9793915552636888],[-77.76501965085043,-0.9793538895007816],[-77.76579826762955,-0.9795076014961165],[-77.76667182006867,-0.9796996452892005],[-77.76750740259668,-0.9798725334361984],[-77.76828580129776,-0.9802556797104037],[-77.7691403431686,-0.9804668252505813],[-77.77014630768538,-0.9812325838044599],[-77.77103795906791,-0.9823615040538544],[-77.77160707305225,-0.9831077199847306],[-77.7719294625778,-0.9836433817521923],[-77.77232742487953,-0.9845997482854686],[-77.77247893849733,-0.9850587656637131],[-77.77304764666526,-0.9862256145933448],[-77.77361688916577,-0.9868379977062279],[-77.77412948064605,-0.9871061730446964],[-77.77468009871934,-0.9873361460032221],[-77.77549645438475,-0.9877575759269],[-77.77625595743679,-0.9880451123349825],[-77.77701546021157,-0.9883326499018924],[-77.77792658791594,-0.9889644893386136],[-77.77902766178639,-0.9895965164023084],[-77.77957815346855,-0.989960328820082],[-77.78012838594101,-0.9905918182108163],[-77.7807163309571,-0.991510140388393],[-77.7811332506909,-0.9925047749028406],[-77.78126547255337,-0.9932696935209845],[-77.78149292592381,-0.9937670294710298],[-77.78206206120605,-0.9944941386018826],[-77.7825364074463,-0.995029957807557],[-77.78363774512637,-0.9953943160920311],[-77.78453053262167,-0.9953569531764068],[-77.78523361396415,-0.9950708472517505],[-77.78553795486128,-0.9946313897408046],[-77.7855575052075,-0.9940578147758309],[-77.78548195186409,-0.9936179852814762],[-77.78548258064957,-0.9929679123919313],[-77.78557831217978,-0.9921840938818224],[-77.7857687391186,-0.9916871645263176],[-77.78611086525652,-0.9914580618063028],[-77.78654796441513,-0.9912290508466515],[-77.78713722443999,-0.990789870783411],[-77.78736567657981,-0.9902547381231459],[-77.78770780268052,-0.9900256334875475],[-77.7885625652613,-0.9900264677417668],[-77.7891511442842,-0.9902947204737341],[-77.78932202297437,-0.9903713669262123],[-77.79008181368582,-0.9903721083834227],[-77.79061368566317,-0.990353507145611],[-77.79112663649317,-0.990258408427824],[-77.79152569264795,-0.9900867186239332],[-77.79201983272152,-0.989800401032179],[-77.79247596526058,-0.989533166267715],[-77.79289405349219,-0.9893232538922662],[-77.7932550095944,-0.9892662456346177],[-77.79346395274605,-0.9892664490760037],[-77.79392424007168,-0.9890800361354141],[-77.79455114258685,-0.9890041661686662],[-77.79510199338453,-0.9890047021270025],[-77.79599495314821,-0.988795251360713],[-77.79645099503864,-0.9886236140588532],[-77.79696411326178,-0.988356432355896],[-77.7976101600762,-0.9881276200149944],[-77.79827494401157,-0.9881665053520172],[-77.7989585962049,-0.9883392503220728],[-77.79947123902578,-0.9885691885323585],[-77.80042061977504,-0.9889525120640639],[-77.80068625495842,-0.9892586922046918],[-77.801122772927,-0.9896415181872249],[-77.80178726696465,-0.9899863261450589],[-77.8024680245139,-0.990365363147179],[-77.80306122872076,-0.9907722421924695],[-77.8035355996361,-0.9912985079579109],[-77.80367753421766,-0.9918483505304608],[-77.80403311721076,-0.9924462018478127],[-77.80419867994914,-0.9931155680208215],[-77.8043167094364,-0.993832689591034],[-77.804363714262,-0.9943346396882611],[-77.80460071536339,-0.9947889745832967],[-77.80493248399455,-0.9954585046342883],[-77.80519313713663,-0.9960084644202631],[-77.80564360171144,-0.9967020110733028],[-77.80588055629359,-0.9972041476379608],[-77.80621248578264,-0.9977063782102855],[-77.80671057659596,-0.9982565705702219],[-77.80718453137322,-0.9992130457184055],[-77.80739755458923,-1.000001701777698],[-77.80677038293321,-1.0000016887520409],[-77.74999999964757,-1.0000000015878556],[-77.68324775620022,-1.000001883394062]]]},"properties":{"OBJECTID":4859,"SHAPE.AREA":25631423.4672768,"SHAPE.LEN":32189.4991217774,"LIT":"Lutitas marínas, calizas, y areniscas reservorio de petróleo","TXT_12__15":" ","COD_OK":"12.67","ENT_GEOL":"Formación Napo","INT_ECO":"Calizas, Fosfatos, Arcillas, Materiales de construcción","LITOLOGIA":"Corresponde a una secuencia de lutitas y calizas negras con intercalaciones de areniscas. Se identifican 11 subdivisiones que incluyen ciclos que varían entre lutitas, calizas y areniscas (Vallejo, 2021)."}},{"type":"Feature","id":4889,"geometry":{"type":"Polygon","coordinates":[[[-77.7631740643448,-0.6666669882544104],[-77.76329165268932,-0.6666669911736369],[-77.76421202997275,-0.6666670118020651],[-77.76402165080735,-0.6674115844266634],[-77.76366979727435,-0.6681570088585089],[-77.76332758343358,-0.6686825651229508],[-77.76311842596498,-0.66904569542528],[-77.76300423059243,-0.6694088878315517],[-77.76313093694085,-0.6697579018556021],[-77.76353443773827,-0.6699015657152245],[-77.76391421381909,-0.6700213149321783],[-77.76417520771601,-0.6702604816420289],[-77.76431743316913,-0.6705951660358391],[-77.76412717574291,-0.671096924217918],[-77.76377104586686,-0.6711205866330078],[-77.76324874605342,-0.6711202383775074],[-77.76253654995143,-0.6710719647111021],[-77.76222791834768,-0.6710717588668637],[-77.76172935987223,-0.6710714263080192],[-77.76156307906028,-0.671214710446593],[-77.76156287443726,-0.6715254002217191],[-77.76156271697039,-0.6717643924951014],[-77.76118259530092,-0.6721704256993697],[-77.76103985079938,-0.672624415041685],[-77.76106329155255,-0.6730785154685007],[-77.7609918322704,-0.6734369560083296],[-77.76061175737915,-0.6737712908698612],[-77.76030295233338,-0.6740339748825624],[-77.75951915604074,-0.6745592308529519],[-77.75937637881299,-0.6750610175829297],[-77.75942333687193,-0.6758497220995431],[-77.75925686607731,-0.676279795283939],[-77.75897167405097,-0.6767336872042443],[-77.75830667637517,-0.67711562652327],[-77.75768930382769,-0.6772825037857392],[-77.75730940334577,-0.6773539458089046],[-77.75685821712352,-0.6775209347289622],[-77.75664443814895,-0.677688084550929],[-77.75638298724705,-0.6781419907650124],[-77.75619296549011,-0.678285257652405],[-77.75593165780857,-0.6785240712855395],[-77.75567042892094,-0.6786433902500735],[-77.7555752271599,-0.6790018123290219],[-77.7556462419607,-0.6793125484290584],[-77.75585963722276,-0.679718977707809],[-77.7563342456712,-0.680029987241845],[-77.75688012451043,-0.6802693480984058],[-77.75725989750353,-0.6803891009590329],[-77.7576871365323,-0.6805327848135267],[-77.75801930103651,-0.6808436985996049],[-77.75806657423954,-0.6811544194538355],[-77.75806625438969,-0.6816324023189033],[-77.75811340020316,-0.6821343161978491],[-77.75884882222543,-0.6829473867068948],[-77.75887230627619,-0.6833297890732084],[-77.75856346651334,-0.6836402680648662],[-77.75808858578975,-0.6837355419828591],[-77.75759012436204,-0.6835918073837851],[-77.75683036898388,-0.6836629875738778],[-77.7564265507521,-0.6839973006734418],[-77.75609387354227,-0.684451156581195],[-77.75585611154983,-0.684976774931374],[-77.75533341193592,-0.685573894660279],[-77.75500079863392,-0.6859321537350758],[-77.75462091395998,-0.6859796924759035],[-77.75393251225533,-0.6858597266888192],[-77.75348155092416,-0.685692124971127],[-77.75317306621156,-0.6854768233597145],[-77.75291220821464,-0.685046462750352],[-77.75274644132345,-0.6844249752077833],[-77.75253304776055,-0.6840185460558482],[-77.75179745536215,-0.6834683674742497],[-77.75144149021696,-0.6832530344457609],[-77.7512041795845,-0.6831094791630665],[-77.75032580600406,-0.6830610825540301],[-77.74980346368514,-0.6831324232899859],[-77.74925697828567,-0.6838012210386438],[-77.74897151050315,-0.6846613876185611],[-77.74873363729095,-0.6853542935516634],[-77.74844847496914,-0.6857603794825811],[-77.74783087947262,-0.6862618343546533],[-77.74723694337759,-0.6868827983271092],[-77.74685675396253,-0.6873844138107583],[-77.74562154636298,-0.6884112155149059],[-77.74479017142598,-0.689079810936761],[-77.74403011645312,-0.6896050617160242],[-77.74303242830271,-0.6904647302021212],[-77.7425810645429,-0.690894596524538],[-77.74182104239377,-0.6913720458113789],[-77.74132218197752,-0.6918257775127583],[-77.7409183646403,-0.6921600799098792],[-77.74041960220868,-0.6924704178417554],[-77.74003962402071,-0.6926613441467514],[-77.73982571494525,-0.6930196766412773],[-77.7397303926753,-0.693545381557185],[-77.73973009792947,-0.6939755580598126],[-77.73989583905949,-0.6946209387913337],[-77.73980063076283,-0.6949793533691853],[-77.73932542809736,-0.6955525912287466],[-77.73899263393514,-0.6961737253120084],[-77.7388972450503,-0.6967950245653036],[-77.7388494841734,-0.6972012683367825],[-77.73908629607833,-0.6980617864688399],[-77.73939465856249,-0.6984443818007224],[-77.74001166398625,-0.6988032930389512],[-77.74034391523824,-0.6989708166709738],[-77.74093728001336,-0.6991863207057099],[-77.74205275522547,-0.6996650753745745],[-77.74257484905718,-0.6999522262619639],[-77.74281212282273,-0.7001435824619163],[-77.74217092971577,-0.7004299190109174],[-77.74164862055285,-0.7004534515118229],[-77.74114997010601,-0.7005964942554949],[-77.74017634380736,-0.7009781919271701],[-77.7391551716288,-0.7014554486312622],[-77.73851394605788,-0.701789580313522],[-77.73825236997531,-0.7024107618343988],[-77.73820462335857,-0.702793106754378],[-77.73846550374142,-0.703175668930542],[-77.73884498605908,-0.7037017075349317],[-77.73893956530742,-0.7042514430957199],[-77.7389392992117,-0.7046338225915595],[-77.73915234838877,-0.7055182240982564],[-77.73922336989202,-0.7058050588723804],[-77.7392941745957,-0.7064025756099771],[-77.73964946499208,-0.7075738632183425],[-77.739696444986,-0.7082908579145142],[-77.73945800180654,-0.7097724080796785],[-77.73929111354573,-0.7107760343761861],[-77.7393380912329,-0.7114930280578531],[-77.73952761233448,-0.7120667324235789],[-77.73995475758878,-0.7123299223896062],[-77.74109438993979,-0.7122112409202261],[-77.74140358862819,-0.7113989040945923],[-77.74180768152206,-0.7106822287038239],[-77.74209298800872,-0.7100849631153939],[-77.7425921098059,-0.7092727594523759],[-77.7429482192801,-0.7092730120039322],[-77.7431375250515,-0.7101574009892675],[-77.74308970857929,-0.710635342942099],[-77.74306544858673,-0.7113761879743398],[-77.74315975607684,-0.7123083075778958],[-77.743254315837,-0.7128819455492887],[-77.74344383743802,-0.7134556513567986],[-77.74408419552674,-0.7143642629624274],[-77.74470111644618,-0.714842680067235],[-77.74519965419192,-0.7148669346492423],[-77.74624379091881,-0.7155129490794048],[-77.7470502509822,-0.7165411774199392],[-77.74776174837768,-0.717569339240078],[-77.74833122287254,-0.7179999275437646],[-77.74882957677471,-0.7182870711392965],[-77.7498977790891,-0.718479028250129],[-77.75060993626884,-0.7185751349430451],[-77.75117949779408,-0.7188862298053998],[-77.75127419018398,-0.7192686811692987],[-77.75108390790676,-0.7197704230030454],[-77.751202544606,-0.719866104478264],[-77.7507033595469,-0.720750007469827],[-77.74994309249428,-0.7215381262727315],[-77.74920675259821,-0.7220633721116166],[-77.74870770211072,-0.7227560808728313],[-77.74868331385251,-0.7236642223537224],[-77.74967942349407,-0.7250749792916584],[-77.75039113805919,-0.7257924622725288],[-77.75110297245017,-0.7263426540700397],[-77.75207611011011,-0.7266779453827125],[-77.75264573946114,-0.726893448707148],[-77.75414111221433,-0.7273247148637828],[-77.75520923446595,-0.7276361766998178],[-77.75599268828995,-0.7276367444545598],[-77.75744106318,-0.7273988023448356],[-77.75827215378827,-0.7271843121450717],[-77.75896095216663,-0.7267546256114782],[-77.75945978786768,-0.726372599684358],[-77.7598401061657,-0.7257275960758307],[-77.7605523731779,-0.7256803124608278],[-77.76088447716515,-0.726062939230614],[-77.76159659176041,-0.7262307471959831],[-77.76271242640314,-0.726231552625888],[-77.76359088506533,-0.7261843886765739],[-77.76420861550504,-0.7255395530990448],[-77.76477896495453,-0.7247512870322966],[-77.76527824294054,-0.7237478755476546],[-77.76558720080801,-0.7232940108471517],[-77.76608612217905,-0.7227924832992865],[-77.76679859681822,-0.7224584030813014],[-77.7672022822697,-0.7223391956798185],[-77.76789071227329,-0.7224352870133451],[-77.76810406213258,-0.7228895277906943],[-77.76853169287705,-0.7224835453844958],[-77.76898325028496,-0.7218146856716844],[-77.76933985944174,-0.7211218583522627],[-77.7695539026071,-0.7205962239102016],[-77.76979161910315,-0.7201662042171608],[-77.77007681737238,-0.7197362181920477],[-77.77040954968837,-0.7192345676498629],[-77.77086083636662,-0.7189480966737007],[-77.7711221588727,-0.7187092882858128],[-77.77147826238958,-0.7187334410545563],[-77.77181020400333,-0.719355063542908],[-77.77178585739276,-0.7202154269972015],[-77.77152421426582,-0.7209083243622828],[-77.77126270468182,-0.721410025911905],[-77.77095354406235,-0.7221506876590619],[-77.77071572599162,-0.722724104616464],[-77.77043038997881,-0.7233452853835268],[-77.7700976223853,-0.72389473360439],[-77.77000240264253,-0.7242531558746482],[-77.76966958372986,-0.724874301591515],[-77.76907577884762,-0.7252562658691798],[-77.76822093873274,-0.7254707448839353],[-77.76750830884441,-0.7260199173902572],[-77.76665304540484,-0.7268318786896625],[-77.76646287614477,-0.7271663318581507],[-77.76596396903602,-0.7276439584963073],[-77.7652513569098,-0.7281692289242098],[-77.76477636122158,-0.7284078785552505],[-77.76406400447601,-0.7285746575144906],[-77.76368414514371,-0.7285743825869142],[-77.76235443364142,-0.7288602111518064],[-77.76185564682656,-0.7291705397597847],[-77.76100063987396,-0.7296240046108174],[-77.76047818009582,-0.729838718796138],[-77.75955236153233,-0.7297185508298218],[-77.7592911409581,-0.7298139573879013],[-77.75862621845594,-0.7300524662305207],[-77.75822251659656,-0.7301955684283595],[-77.75743890719407,-0.7304100906366309],[-77.75668380059754,-0.7306901311257556],[-77.75589532666307,-0.7309825459736321],[-77.75454179610593,-0.7313878447847403],[-77.75432804060874,-0.7315071843337331],[-77.75328307558557,-0.7320083020275914],[-77.75283182514315,-0.7322469630515391],[-77.75209559678102,-0.7326049107464155],[-77.75150214153147,-0.7325088808974802],[-77.75102747750753,-0.7322934438457779],[-77.75055286626932,-0.732006309347846],[-77.74957971269582,-0.7316949125244444],[-77.74898631067754,-0.7315271865338097],[-77.74836911685415,-0.7314311407754529],[-77.747324278069,-0.7317649618133633],[-77.74718171266048,-0.7319321500645947],[-77.74665893092183,-0.732600936382029],[-77.74651619279554,-0.7330071121051659],[-77.74637336811571,-0.7335327829067556],[-77.74637295327291,-0.7341063549855589],[-77.74646744905027,-0.7347516931469823],[-77.74698929800951,-0.7353734467524806],[-77.74736897840454,-0.7356127145034888],[-77.74784364016648,-0.7358281536335389],[-77.74746343881841,-0.7363058513745312],[-77.74720202934219,-0.7366641425614711],[-77.74670317632783,-0.7370700567224074],[-77.74618030478062,-0.737858333336679],[-77.74591873745683,-0.7384317135725151],[-77.7457520300171,-0.7391485553980631],[-77.74553810067039,-0.7395068802038541],[-77.74508667643994,-0.7399845234872661],[-77.74482516118633,-0.7404862052849418],[-77.74475304721632,-0.741704992029557],[-77.74485346565591,-0.7423622835141249],[-77.74509058898279,-0.7427508155656215],[-77.74529797140185,-0.743228946376777],[-77.74541621587093,-0.7438563780442454],[-77.74491108749132,-0.7447223354348275],[-77.7443173465211,-0.7450206288407961],[-77.74419857639607,-0.7451101609773495],[-77.74321847556587,-0.7461848758944345],[-77.74277274172061,-0.7469911273498153],[-77.741822337599,-0.7480359873304857],[-77.74134736793386,-0.7482447460184525],[-77.7409316391082,-0.7486029159452028],[-77.74075298669536,-0.7494093635964119],[-77.74081218393842,-0.7496185219377676],[-77.74060394321016,-0.7503054543268007],[-77.7401585820132,-0.7506038539920082],[-77.7389122588557,-0.7505132975826557],[-77.73814070673,-0.7504828444939288],[-77.73736902314779,-0.7506316311315482],[-77.73710171839429,-0.7509301623765648],[-77.73555801911499,-0.7516758326367278],[-77.73469708646478,-0.7521232826399523],[-77.73261918149467,-0.7529282904832557],[-77.73190660676886,-0.7534057227853082],[-77.73080800315414,-0.7542114656919509],[-77.73045151497737,-0.7547190387540859],[-77.73030282365104,-0.7551371496223581],[-77.73080681932232,-0.7557947402848852],[-77.73193398284502,-0.7564826767607808],[-77.73264577662911,-0.7570508072611388],[-77.73267480291854,-0.7579171505650028],[-77.73214027975354,-0.7583947147924733],[-77.7312794576249,-0.7586927911711042],[-77.72967685575567,-0.758840936281828],[-77.72813354027345,-0.759078744635255],[-77.7266793438392,-0.7591971276975502],[-77.72549200480032,-0.7596144423305299],[-77.7243937601917,-0.7599422058410911],[-77.72377019101572,-0.7604495687824091],[-77.7238878326694,-0.7618536848203582],[-77.72462831965314,-0.7637063732568828],[-77.72551781839344,-0.7647227360232879],[-77.72643593065841,-0.7656705400175049],[-77.72608284533639,-0.765477892772517],[-77.72168784048716,-0.76307992960071],[-77.71976172355335,-0.762029021166825],[-77.71787392484855,-0.7609990200052575],[-77.71554048709969,-0.7596902368692464],[-77.71111557402827,-0.7572083881192727],[-77.70927680524511,-0.7556610170766659],[-77.70640852801841,-0.7532472948830767],[-77.70273998358641,-0.75076058696284],[-77.70302511031349,-0.7505140675527063],[-77.70313923348544,-0.7502847347262939],[-77.70332959732922,-0.749692213212405],[-77.70331092712995,-0.7492620381747935],[-77.70310243786082,-0.7486978914775213],[-77.70278957856989,-0.7480189567095384],[-77.70221104756102,-0.7470530474556827],[-77.7018032992208,-0.7462784513890225],[-77.70117703847302,-0.7456470764052792],[-77.70073834047984,-0.7449911505118719],[-77.6997893887839,-0.7441301156991527],[-77.69919626849126,-0.7436278163975244],[-77.69855556127861,-0.7432688677470868],[-77.69817600987095,-0.7428862187790004],[-77.69779651177798,-0.742431876279301],[-77.69765451733103,-0.7418343278144266],[-77.69767937224893,-0.7415449636191773],[-77.69772635669516,-0.7409979622798554],[-77.6978690957257,-0.7405918083307602],[-77.69829669378541,-0.7402097662347256],[-77.69848700054708,-0.7396841598855514],[-77.69867774849226,-0.7385611105313348],[-77.69858379535513,-0.7371988707331022],[-77.69903516662674,-0.736769048918776],[-77.69962938130568,-0.7357896852041349],[-77.7004609039594,-0.7349299857019267],[-77.70096003501554,-0.7341178332376667],[-77.70122166363323,-0.7334488898924858],[-77.70103221846468,-0.7328035097790262],[-77.70062878252214,-0.7326120274555149],[-77.69975029050484,-0.7327786599445771],[-77.69870534072754,-0.7333275315762626],[-77.6979927991762,-0.7338049561437869],[-77.69720921446302,-0.7340433501185074],[-77.6968768596657,-0.7340431027516029],[-77.6962121319532,-0.7340665052339971],[-77.69561837838533,-0.7344245279141192],[-77.69559393499273,-0.7353804148217358],[-77.6953795746223,-0.7363361607208757],[-77.69521293875367,-0.736957374551999],[-77.69471405403566,-0.7374349541110352],[-77.69426252412586,-0.7380798511943705],[-77.69345500672101,-0.7385810954883154],[-77.69296461678456,-0.7388818032275074],[-77.6920537353748,-0.7394403566877789],[-77.69072355814156,-0.740466951364737],[-77.69022451333686,-0.7411596034704241],[-77.68953523197146,-0.7422822662712887],[-77.68932111311679,-0.7429034393265115],[-77.68915406304984,-0.7440742898434675],[-77.6891058529983,-0.7450540502122205],[-77.68943763428953,-0.7458190207376999],[-77.69043428386365,-0.7463694189374114],[-77.69162101291138,-0.7467048838761405],[-77.69264169015021,-0.7468729410317991],[-77.69325892034014,-0.7468734090355794],[-77.69347234505041,-0.747184239436934],[-77.69342450773459,-0.7476621550960799],[-77.69359036326132,-0.7480924376023133],[-77.69413565876162,-0.7490487552876598],[-77.6948708712835,-0.7500052193877558],[-77.69532138658431,-0.7507224905730043],[-77.69532028993059,-0.752180245581078],[-77.69520074488277,-0.7533033427017611],[-77.69510508227918,-0.7542352769050423],[-77.6952231851281,-0.7550239892192806],[-77.69574488137333,-0.7557891129588792],[-77.69610048941675,-0.7564346225994111],[-77.6964087261764,-0.7569367097499609],[-77.69647947445526,-0.7575581031268209],[-77.69612276143273,-0.7583703490204454],[-77.69612234408262,-0.7589199947357518],[-77.69597883376063,-0.7603298455542122],[-77.69588331019713,-0.7610705988513663],[-77.69552641184158,-0.7621218192506466],[-77.69554971442955,-0.7626953802628301],[-77.69562023987335,-0.7636035444086253],[-77.69588051814121,-0.7647269359900248],[-77.69569006915427,-0.7654198195884616],[-77.69561872173885,-0.7655870479158308],[-77.69476372308185,-0.7660643354998303],[-77.69409871609767,-0.7664461799797407],[-77.69381339916332,-0.7670195009250456],[-77.69383642214892,-0.7679515249219283],[-77.6940731026613,-0.7688837156832701],[-77.69393005583022,-0.769672224933137],[-77.693145999077,-0.7705080271000049],[-77.6924574173621,-0.7706747716367248],[-77.69129370893829,-0.7712712985536496],[-77.69062862723241,-0.7717487280322918],[-77.69022460798715,-0.7723219511290081],[-77.68979660829213,-0.7732058231961763],[-77.68955861800445,-0.7739703555168632],[-77.6894157162334,-0.774567680560217],[-77.68879805731295,-0.7751168362260089],[-77.6882279708349,-0.7755465412811601],[-77.68756299978907,-0.7758805807198509],[-77.68582955989325,-0.7764527500582944],[-77.68445253222492,-0.7766189438616309],[-77.68319422371668,-0.7767613327556655],[-77.68200720978548,-0.7768081885951594],[-77.68091515475786,-0.7768551191482554],[-77.67970462756136,-0.7766151881793645],[-77.67887389639411,-0.7764233527543433],[-77.67799555532874,-0.7763987596171964],[-77.67735447939833,-0.7765416357494954],[-77.67661816547482,-0.7770428930219289],[-77.67652294569406,-0.7773773775671055],[-77.67592961124653,-0.7771857297638702],[-77.67519430776777,-0.7763965407337993],[-77.67438799200062,-0.7753444284373887],[-77.67329741928839,-0.7735034895520698],[-77.67182671987393,-0.772044606645416],[-77.67078314163648,-0.7708250344464956],[-77.66978726479714,-0.7693187385970249],[-77.6684352073581,-0.7679316508221812],[-77.66727284152493,-0.7668314779979485],[-77.66606249887617,-0.7663764871394869],[-77.66478079281217,-0.7661126151980112],[-77.66323760801224,-0.7663025791456585],[-77.6622640681625,-0.7666124744417993],[-77.66178919562401,-0.7667315846210013],[-77.6618132130268,-0.7663731520155195],[-77.66181371287449,-0.7657279379420969],[-77.66148153332189,-0.7655126064525332],[-77.66076951323642,-0.7653208735503733],[-77.66010460074199,-0.7656071125323972],[-77.65934439985666,-0.7663234186664077],[-77.65896428080259,-0.7667054676424694],[-77.65780036955698,-0.7676126276527913],[-77.65730148066879,-0.7680901680974827],[-77.65658901765126,-0.768471954177419],[-77.65542529289819,-0.7691401417653972],[-77.65521145755518,-0.7693789395248973],[-77.65426128896809,-0.7701667777160871],[-77.65335856076446,-0.7710024451456036],[-77.65319207218646,-0.7714085549736711],[-77.65300190019623,-0.7717429571310509],[-77.65283531685506,-0.7722685496174911],[-77.65281097838898,-0.7730332209151913],[-77.65281041616939,-0.7737501185920386],[-77.65311845877577,-0.7744672618441504],[-77.65330767452471,-0.7753515864818522],[-77.65299848727285,-0.7760921346777435],[-77.65176322172078,-0.777166494574147],[-77.65088456669561,-0.77757203422981],[-77.6503378769286,-0.7784557685108142],[-77.64926861295852,-0.7797453237946476],[-77.6486032846132,-0.7805572705647681],[-77.64805604242841,-0.7821339988170395],[-77.64767542527397,-0.7831373437924174],[-77.64738943783837,-0.7845470044882119],[-77.64710419275934,-0.7850247025102597],[-77.64669989051679,-0.7859563369306128],[-77.64655650375154,-0.7871510433890574],[-77.64667439432976,-0.7881547891929576],[-77.64686357664878,-0.7890630078622645],[-77.6470528541193,-0.7898517437410238],[-77.64740834101956,-0.7905928229521579],[-77.64804884597241,-0.791142963064537],[-77.64847574089633,-0.7916451366357852],[-77.64871262940817,-0.7922666382686385],[-77.64859324296903,-0.7931268145617283],[-77.64802299222616,-0.793771554471837],[-77.64731036576092,-0.7943444870097938],[-77.6467166077321,-0.7947024483210177],[-77.64617061614447,-0.7947020016189085],[-77.64522066053406,-0.7952030486150886],[-77.64481642627605,-0.7960390908478432],[-77.64462558772497,-0.7971859614471354],[-77.64479096382445,-0.7981658494936648],[-77.64507516961943,-0.798978560604496],[-77.645454232383,-0.7999108324037327],[-77.64571493114221,-0.8004367678340871],[-77.64614201541504,-0.800699981189455],[-77.64659287809945,-0.800915420355297],[-77.64701998218398,-0.8011547370804927],[-77.64709094562281,-0.8014654494182875],[-77.64761271278108,-0.8020632916733038],[-77.64796850347693,-0.8024220316817987],[-77.64865673523721,-0.8026615649071857],[-77.64917899074594,-0.8026619961489516],[-77.6495114125258,-0.802566685062841],[-77.65053261326277,-0.8020418037280654],[-77.65171942270929,-0.8022100585154179],[-77.65292942856952,-0.8030474372427349],[-77.65352239629051,-0.8036692382188535],[-77.65371193898254,-0.8041234300187721],[-77.65373507346833,-0.804864244125638],[-77.65349690297043,-0.8058199110373933],[-77.65325888785091,-0.8065844057763639],[-77.65316350227907,-0.8071100514333078],[-77.65304453339925,-0.8074445056399305],[-77.65313884296698,-0.808233170911915],[-77.65332830437777,-0.8087829501830762],[-77.65415885696981,-0.8091659860171548],[-77.65515601417057,-0.8090234350525195],[-77.65634296737939,-0.8090244209027032],[-77.65710220765723,-0.8095268818020857],[-77.6575288061254,-0.8103875176303488],[-77.65774169264623,-0.8113196662708064],[-77.65807343230277,-0.8120607406853396],[-77.65840534768223,-0.812586745618049],[-77.65902189730443,-0.8133997485796411],[-77.65937745383567,-0.8140452570387405],[-77.65966183213438,-0.8146429136577003],[-77.65923401416323,-0.8152638716126631],[-77.6589724089981,-0.815837174382047],[-77.65882922386314,-0.8167451308291782],[-77.65880503048126,-0.8172947355806575],[-77.6591606827064,-0.8178207616253562],[-77.659468956082,-0.818227265343929],[-77.66003824284805,-0.8187773686923968],[-77.66072640344944,-0.8191125009293995],[-77.66122470990494,-0.8193757838269082],[-77.66210298359017,-0.8194721089934249],[-77.6629575983319,-0.819472826516176],[-77.66362247742097,-0.8192583124610354],[-77.66502313813106,-0.8192116944199923],[-77.66594903267931,-0.8191407793614421],[-77.66685128782932,-0.8189503603202495],[-77.66746884813526,-0.8185446301725755],[-77.66834766039678,-0.8179957355989256],[-77.66868020933848,-0.8177570439050046],[-77.66877520693475,-0.8177093291846003],[-77.66965396043848,-0.8172321245489811],[-77.6703427592206,-0.8168025536209997],[-77.67093624646259,-0.816803049072306],[-77.67181425318171,-0.8172339288893099],[-77.67269232067235,-0.8175931173501935],[-77.67366469549367,-0.8187409904153441],[-77.67401982249264,-0.8199122456155228],[-77.67523016689779,-0.8203673039468806],[-77.6757762176604,-0.8203199666107501],[-77.67743801234772,-0.8202974605283979],[-77.67807856866075,-0.8207998376362081],[-77.67862392997071,-0.8215889025413797],[-77.6786471959307,-0.8221624550615613],[-77.67869423959358,-0.8226882338094381],[-77.67871730695835,-0.823500758565383],[-77.6788590912491,-0.8242894862531707],[-77.67890563878694,-0.8254126948456421],[-77.67850128858726,-0.8263443459220224],[-77.67793085957184,-0.8271563700038527],[-77.67736062912655,-0.8277294212198876],[-77.67648156240003,-0.8285650802175767],[-77.67565033504232,-0.828970628431655],[-77.67488990658374,-0.8298780761997154],[-77.67474676935244,-0.8307143538199601],[-77.67488862687132,-0.8314074915264967],[-77.67498318557007,-0.8318855137115668],[-77.67519626128775,-0.8325787122629565],[-77.67571751222533,-0.8337979090594484],[-77.6757405288196,-0.8346582260556679],[-77.67588230452655,-0.8354469530336467],[-77.6764279965271,-0.8358297726775727],[-77.67704500846422,-0.8360931675466695],[-77.67789935824347,-0.8364284574483205],[-77.6789676079057,-0.8364771631752089],[-77.68053433473689,-0.8365979844041258],[-77.68136512922781,-0.8367181790477332],[-77.68229066234485,-0.837101325520302],[-77.68238479746603,-0.8380811947085893],[-77.68219411219471,-0.8389891298220707],[-77.68216964679847,-0.8398494119503271],[-77.6817886982261,-0.8411634370665203],[-77.68176416927466,-0.842095410460732],[-77.68164484322092,-0.8428361241518382],[-77.68162041400632,-0.8436486109331162],[-77.68176218403886,-0.8444373436921317],[-77.6825214360534,-0.8449398401521365],[-77.6833520292133,-0.845299014939093],[-77.68406402555104,-0.8455386012555349],[-77.68503695915871,-0.8460173862346015],[-77.68570147653907,-0.8462569313866946],[-77.68662695182206,-0.8467117795214267],[-77.6869592511879,-0.8467837578026464],[-77.68833597173403,-0.8470239178397226],[-77.68911951692573,-0.8468812079076123],[-77.69035426679159,-0.8465716029851055],[-77.69128041617134,-0.8462378335661356],[-77.69220640407673,-0.8460952443575863],[-77.69306115207036,-0.8459764906987857],[-77.69417696192221,-0.8459535506296667],[-77.69574367651275,-0.8461221789923447],[-77.69698110048783,-0.8464948974121113],[-77.69829832284789,-0.8469261863004821],[-77.69936581854725,-0.8478949604897376],[-77.70018431380946,-0.8485409021697617],[-77.7015015110976,-0.8490080410971521],[-77.70260565384827,-0.8487580623803109],[-77.70378144397333,-0.8480062909245423],[-77.70449435529264,-0.8471824272187736],[-77.70556310205409,-0.8466814878338123],[-77.70773623709923,-0.8456437881155231],[-77.70891221020808,-0.8446769255909348],[-77.70916218008429,-0.8438526596427233],[-77.70951895191838,-0.8430643306323173],[-77.70923493793438,-0.8420245282420786],[-77.70841727244166,-0.8403748744786345],[-77.70738576069562,-0.8389401236910186],[-77.70685220008855,-0.838222733774121],[-77.70631914761185,-0.8368959495636212],[-77.7066763313972,-0.835605765134114],[-77.70810347278587,-0.8323449023444679],[-77.70860347898139,-0.8305888242322831],[-77.7087822150901,-0.8297644943452257],[-77.7091033634209,-0.8289761316290618],[-77.7092467533262,-0.8278291491550946],[-77.70942551657664,-0.8269689717947757],[-77.70860715038333,-0.8261438092628156],[-77.70707677825033,-0.8250671259919509],[-77.70643690833226,-0.8237044123594215],[-77.70604654554471,-0.8220551329134016],[-77.70565635749085,-0.8201907744201796],[-77.70512296223376,-0.8192583153939414],[-77.70508834819414,-0.8180394955009614],[-77.70548015094913,-0.8179322790056995],[-77.70601360611994,-0.8187930441508945],[-77.70647528200588,-0.8203348406664],[-77.70746979145657,-0.8234901906617786],[-77.70814524418567,-0.8248887823523066],[-77.70907085596437,-0.8252121760226401],[-77.71035201551241,-0.8262169591495879],[-77.71060070012389,-0.826934106821147],[-77.71077831078591,-0.8274719594581486],[-77.710314691219,-0.8282960532387929],[-77.71002915355474,-0.8290844470586923],[-77.70992116484605,-0.8304823886763516],[-77.71020545764243,-0.8311995670137718],[-77.70967043404636,-0.8322386788956676],[-77.70938423875599,-0.8338157044022915],[-77.70867038219122,-0.8357866838142958],[-77.70849128192,-0.8370411742914401],[-77.70831253949397,-0.8378655016801083],[-77.70898818542669,-0.8390131758521576],[-77.70952168800054,-0.8398022611540299],[-77.71019745339373,-0.8408065494160706],[-77.71094419965996,-0.8420976755976548],[-77.71140666055457,-0.8426716208095418],[-77.71172574302527,-0.8443567024161204],[-77.71111966300124,-0.845180667593046],[-77.71019302392669,-0.84607605070686],[-77.70930217733357,-0.8467563813224129],[-77.70851807180809,-0.8475443428777392],[-77.70769844573329,-0.8482247316819899],[-77.70662984839558,-0.8485464368880188],[-77.70577476428583,-0.8490475585460672],[-77.7048483678804,-0.8496561584411191],[-77.70417130757878,-0.8501932780974605],[-77.7043131718631,-0.8508744885592944],[-77.70570144400799,-0.8515209255506173],[-77.70648460794312,-0.8518442212101484],[-77.7077309874866,-0.8518452944177434],[-77.70854979400308,-0.85213277487716],[-77.7095465350845,-0.8525637963534742],[-77.710008928519,-0.8532094395210412],[-77.71025741234186,-0.8541416749243371],[-77.710292291004,-0.8550020325278608],[-77.71071879801232,-0.8559702698539094],[-77.71171569285679,-0.8562220604613374],[-77.71253477778805,-0.8561869208461726],[-77.71371000533723,-0.8561162420267635],[-77.71438606694963,-0.8567620745905528],[-77.71459909219334,-0.8575150482793689],[-77.71459852277628,-0.8581819697496473],[-77.71459811252011,-0.8586621551575333],[-77.71452603199,-0.8596658130492724],[-77.71424052843888,-0.8603825073457934],[-77.71431085985309,-0.8614221350644314],[-77.71502250035546,-0.8621038490683337],[-77.71559206469317,-0.8623552742826555],[-77.71630392128083,-0.8627860594808384],[-77.71645790458491,-0.8629866898155875],[-77.7165290090586,-0.8631241661859781],[-77.71655855690786,-0.8632735553098437],[-77.71661182986517,-0.8634408879773969],[-77.71663548918009,-0.8635365015234622],[-77.71665913219417,-0.8636500379491595],[-77.71667681998247,-0.8637874678873935],[-77.71667080226801,-0.8638830556082804],[-77.7166172726896,-0.8640144486357969],[-77.7165102793505,-0.8641995655488754],[-77.71645078846637,-0.8643608260225473],[-77.71612376960098,-0.8652235110947031],[-77.71541070976991,-0.8661907627551545],[-77.7148404969068,-0.8666921245704993],[-77.71398539367655,-0.8671932365288104],[-77.71352164210784,-0.8681248551629338],[-77.71312917490874,-0.8689848413597898],[-77.71312849221451,-0.8697734766866957],[-77.71351884844745,-0.8713510916950474],[-77.71373142736581,-0.8726059267558086],[-77.71394412873109,-0.8737173743073738],[-77.71380065418643,-0.8749002020746591],[-77.71330131504719,-0.8757959379735883],[-77.71283793006238,-0.8762973873204926],[-77.71237457711999,-0.8767629896423882],[-77.7123739194891,-0.8775157769350661],[-77.71340595798463,-0.8783053268654525],[-77.71450934541792,-0.8789515522871557],[-77.71579028913264,-0.8801714916787308],[-77.71632367501489,-0.8810681451752977],[-77.71667881534229,-0.8821797230066466],[-77.7172118234394,-0.88350654463088],[-77.71735357599843,-0.884295310074606],[-77.71810009330088,-0.8858015595898477],[-77.71898956223758,-0.886734382620096],[-77.71991457943902,-0.8877389333695594],[-77.72116019700513,-0.8886362311165636],[-77.72148016413499,-0.889245922810729],[-77.72183517279836,-0.8905008988568477],[-77.72226172101827,-0.8913974657209334],[-77.72222433001367,-0.8934048872295741],[-77.72222315249937,-0.894731239660945],[-77.72286244424181,-0.8966675767191639],[-77.72392869143032,-0.8990344706850724],[-77.72538548089452,-0.9027280809354449],[-77.72581134703833,-0.9043774540519911],[-77.72605976253215,-0.9053455637163549],[-77.72687764790268,-0.9066726674073269],[-77.72748211862125,-0.9077127982873328],[-77.72798026880884,-0.9081792718029593],[-77.72833616450367,-0.908430529710774],[-77.72890570061831,-0.9087178298119025],[-77.72915466296668,-0.9090765336513735],[-77.72915398458143,-0.9098293335287942],[-77.72915349967626,-0.9103670481118179],[-77.72900962707698,-0.9119442125172161],[-77.72886672487844,-0.9124459485145641],[-77.72847466586886,-0.9128040657293859],[-77.72783400362357,-0.9124091551192871],[-77.72737172577075,-0.911655932296422],[-77.72712344468634,-0.910544429999014],[-77.7264831064626,-0.9097910457049773],[-77.7256302260707,-0.9077828041125577],[-77.72516855949185,-0.9063484827424977],[-77.72420784176289,-0.9054514200328694],[-77.7238167214181,-0.9047699622103653],[-77.72371088354078,-0.9036585956840909],[-77.72307092887306,-0.9024750479955125],[-77.72271535645906,-0.9018653198380925],[-77.72257371039284,-0.9009690055089168],[-77.72253877217499,-0.9002161783222161],[-77.72232574115237,-0.8994990369042253],[-77.72157859701142,-0.8987097190093475],[-77.72083116530568,-0.8982430269510807],[-77.72058226669452,-0.8978126337463116],[-77.72044071382788,-0.8968087805587335],[-77.72033496447914,-0.8955898754601164],[-77.72015741593061,-0.8950161583765707],[-77.71976676971532,-0.8937969974119923],[-77.72005236377547,-0.8930086130685404],[-77.72005322212637,-0.8920407366672336],[-77.71991147438457,-0.8912519681052221],[-77.71937831443793,-0.890104376508838],[-77.71891602930184,-0.8893511683982416],[-77.71777753451357,-0.8881313428218339],[-77.71717239104471,-0.8878440231859358],[-77.71589072415586,-0.8874485576869146],[-77.71517922269527,-0.8866234360456262],[-77.71493060645001,-0.8858704239829983],[-77.71468252645296,-0.8845080113895164],[-77.71468334649549,-0.8835759867616115],[-77.71471961910002,-0.8828232294437224],[-77.71464912050693,-0.881998682973396],[-77.71393799312752,-0.8807434010474141],[-77.71308360439522,-0.880420018427396],[-77.71219385521377,-0.8798098280926344],[-77.71101918589916,-0.8792352331198569],[-77.71048577049159,-0.8783744319661506],[-77.71020175949485,-0.8773704650870533],[-77.71013147612673,-0.8762949932230469],[-77.71020329384716,-0.8756139643463947],[-77.71063153470726,-0.8745747811202834],[-77.71145193394558,-0.8730340837464867],[-77.71152455789345,-0.8714210319716179],[-77.71141884360081,-0.8701304463056522],[-77.71131343885979,-0.8684813908758288],[-77.71138565288709,-0.8673343502201014],[-77.71213423000265,-0.8664746764969755],[-77.7134887529795,-0.8649702823819121],[-77.71356046900165,-0.8643967917132213],[-77.71299176935689,-0.8631416484490126],[-77.71206668035381,-0.8622088196926601],[-77.71210299868079,-0.8613843687456461],[-77.71228206857123,-0.8602015719580041],[-77.712389577483,-0.8594130308276485],[-77.71253414330711,-0.8591536226807956],[-77.71258474964725,-0.858351740890712],[-77.71208810757584,-0.8583825552293729],[-77.71185139078358,-0.8580059261197092],[-77.71143386518531,-0.8576423142526135],[-77.71084512848662,-0.8576035680741216],[-77.71054110001711,-0.8577753699896067],[-77.71006620532917,-0.8578705509564506],[-77.70957246428672,-0.8577936495214749],[-77.70913584896762,-0.8575447326563796],[-77.70854755490171,-0.8569897903314563],[-77.70816830928638,-0.8562820833304384],[-77.70803573719112,-0.8558422469895525],[-77.70794158978033,-0.8548862479695208],[-77.70782838453914,-0.8540067070901984],[-77.7075200712715,-0.8536372182234169],[-77.70689352784987,-0.8533929185943244],[-77.70649494256519,-0.8530914618759384],[-77.70603935580718,-0.8528186327040671],[-77.70544143523342,-0.8524166327848871],[-77.70524207618728,-0.8523447674731373],[-77.70464393741551,-0.852200864996566],[-77.70390323345208,-0.8522002263892743],[-77.7032337522261,-0.8521996490642124],[-77.7023221174759,-0.8521988627304772],[-77.70180940937516,-0.8520980490203646],[-77.70079838472977,-0.8517243715336946],[-77.700215151866,-0.8508061951705147],[-77.69983113041286,-0.8501319486034932],[-77.69910510115047,-0.8496294713553438],[-77.6981798365664,-0.8489117435406337],[-77.69751063982446,-0.8485813804207144],[-77.69632862810742,-0.8482792527369191],[-77.69498968901789,-0.8482637621141762],[-77.69413500360693,-0.8483060420567118],[-77.69356516529447,-0.8483915825744438],[-77.69218344892006,-0.8484334080206156],[-77.69130031430761,-0.8484326470911463],[-77.69026047146045,-0.8484604278207408],[-77.68950538854216,-0.8486318392635316],[-77.68805238433836,-0.8487596318569288],[-77.68732597415055,-0.8487159896698245],[-77.686585430434,-0.8485432885455818],[-77.68588763239761,-0.8483562869267975],[-77.6848364415269,-0.8477770631681868],[-77.68388741179184,-0.8471071184334803],[-77.68324667609375,-0.8468197984752184],[-77.68236831849094,-0.8467951431933235],[-77.6813950016028,-0.8467704067434092],[-77.68077792675663,-0.8465786963100521],[-77.68042211290103,-0.8462438271804618],[-77.679734144535,-0.8456697002314649],[-77.6793310144573,-0.8451436140252531],[-77.67928385955129,-0.8447612169251911],[-77.67935558649582,-0.8441638484036265],[-77.67987861418466,-0.8432800996206182],[-77.68033078510078,-0.8419661391911449],[-77.68063996963976,-0.8412972808285366],[-77.68073547425207,-0.8406521368208529],[-77.68066473947262,-0.8400785420568033],[-77.6804754261055,-0.8393614617407634],[-77.68009599210396,-0.838883191861828],[-77.6796452581602,-0.8385004507669415],[-77.67886184403389,-0.8384997811352332],[-77.6781497505709,-0.8383796862350116],[-77.67665438739915,-0.8380916420621669],[-77.67610849419829,-0.8379477917210005],[-77.67551516289832,-0.8377561073162642],[-77.6748033945699,-0.837253659192247],[-77.67399658786468,-0.8368467193049801],[-77.67361731730088,-0.8361772763718601],[-77.67345160240592,-0.8356275016528828],[-77.67357094441778,-0.834862896775093],[-77.67366622415457,-0.8344806237033531],[-77.67371424602582,-0.8338354433490843],[-77.67369104865948,-0.8331902014354358],[-77.67343061472793,-0.8323535821138248],[-77.67312264073182,-0.8315886139555151],[-77.67283854569999,-0.8306563867054736],[-77.6728154654972,-0.8298677633562485],[-77.67302966192395,-0.8292227231692685],[-77.67338605579478,-0.8288645693337263],[-77.6743125992844,-0.8280289540753554],[-77.6752151045318,-0.8275517739418209],[-77.67630762606937,-0.8269552681029356],[-77.67690167525177,-0.8262866481648792],[-77.67713937034848,-0.8259283905869922],[-77.67728252307167,-0.8250682123982895],[-77.67742539739602,-0.8245425949091709],[-77.67749703358389,-0.82404081423232],[-77.67749790515201,-0.8229893385280574],[-77.6774747189803,-0.8223201975463739],[-77.67702398199826,-0.8219374647571231],[-77.67650170911499,-0.8219370268253688],[-77.67555198550406,-0.8221035096698217],[-77.67462590298062,-0.8223894983807702],[-77.67374751837657,-0.8224126576193244],[-77.67348650111758,-0.822269056142252],[-77.67327300377055,-0.8220777002387311],[-77.67275126731343,-0.8214320406181631],[-77.67218226997899,-0.820523475430669],[-77.67194546733926,-0.819806364861944],[-77.67163746565379,-0.8190652983382657],[-77.67140056366598,-0.8184676745840871],[-77.67083103289603,-0.8182043302292324],[-77.67009489194878,-0.8184665824066062],[-77.66902634017436,-0.8188002456852422],[-77.66824264210224,-0.8191580441270128],[-77.66781497656946,-0.8195878310406505],[-77.66703102167456,-0.8202562881063734],[-77.66572517699274,-0.8204702636682165],[-77.66472806432435,-0.8205411166632569],[-77.66363577683812,-0.8208747553366508],[-77.66294682085123,-0.8214954937520397],[-77.66228180232937,-0.8218772830081249],[-77.66183053744123,-0.8221397676422109],[-77.66102338200045,-0.822162983975928],[-77.6603828187033,-0.821684509288387],[-77.65971849699893,-0.8212299106234342],[-77.65846083495424,-0.8206075364967074],[-77.65786773187372,-0.8201529999673798],[-77.65748848041996,-0.8194596766220558],[-77.65701450945822,-0.818479513564893],[-77.65687260945816,-0.8178341841853619],[-77.65694465757157,-0.8168305829846932],[-77.65708744789669,-0.8164005621583272],[-77.65706438053054,-0.8155880553966058],[-77.65685120229976,-0.8150143567058771],[-77.65675662006124,-0.814560240876255],[-77.65666209675636,-0.8140344343720177],[-77.65642563181147,-0.8129110931057771],[-77.65621241216981,-0.81238518794952],[-77.65566712060705,-0.8115244542889987],[-77.65459900039619,-0.8113562875365746],[-77.65381574922813,-0.81118835825179],[-77.65248683546864,-0.8106137329822248],[-77.65187001456513,-0.8101352875480313],[-77.65141940624586,-0.8096091885548039],[-77.6511587291525,-0.8090593508791089],[-77.65104056371302,-0.8084140453472823],[-77.65104091641476,-0.8079839077766774],[-77.65108907977907,-0.8071475691138253],[-77.65146915713144,-0.8068372292739466],[-77.65182578903968,-0.8061684210579516],[-77.65189753314934,-0.80552327358859],[-77.65180320143438,-0.8047585048431308],[-77.65173231626937,-0.8043522051510608],[-77.651020480155,-0.8039453748990165],[-77.65049822349414,-0.8039449432048749],[-77.65004691155232,-0.8042791219351847],[-77.64969059375562,-0.8045655847834439],[-77.64900189287904,-0.8048995663035695],[-77.64831328905359,-0.8051140639534172],[-77.6469601746679,-0.8051129428056388],[-77.6466752115554,-0.8052321888913884],[-77.64615364099765,-0.8043953811774593],[-77.64579808681788,-0.8037498838199708],[-77.64551365024876,-0.8032239278317358],[-77.64518154171641,-0.802936895961754],[-77.64480207159318,-0.8025064470361081],[-77.64432788166681,-0.8017891632463658],[-77.64382985410825,-0.8011913432351043],[-77.64342693838378,-0.8004024305451032],[-77.64319017323108,-0.7996375522875148],[-77.64321431954247,-0.7991357479516553],[-77.64319106650422,-0.7985383205628946],[-77.64259827777396,-0.7977014604254417],[-77.64229012078701,-0.7971515913305129],[-77.64231457656048,-0.7962674474090521],[-77.6426473432427,-0.7957420014873522],[-77.64305165491938,-0.7948103754651457],[-77.64338444016641,-0.7942610316846246],[-77.64352733501578,-0.7936876352872878],[-77.64386035174705,-0.79285153513198],[-77.64409831636895,-0.7921348378562334],[-77.64438425680505,-0.790796874304163],[-77.64469372358553,-0.7897217882425833],[-77.64459955535024,-0.7887419595562302],[-77.64441052677145,-0.7876425729971079],[-77.64431622192029,-0.7868300196154304],[-77.64429292309026,-0.7862803838541941],[-77.64426979483332,-0.785515680355626],[-77.64422279511717,-0.784918233421894],[-77.64396252689643,-0.7838426855960267],[-77.64363106188699,-0.7827431857908992],[-77.64341794707003,-0.7820739156541279],[-77.64322885404388,-0.7810462196224766],[-77.6432283093048,-0.7802077834690987],[-77.64330550833432,-0.780123142865241],[-77.64359078880157,-0.7795976526201736],[-77.64404221971914,-0.7790961914344661],[-77.64406643100882,-0.778498801148472],[-77.64406694146511,-0.7778535997818734],[-77.64394890947285,-0.7770171316827578],[-77.64394926805547,-0.7765631011769273],[-77.64425836015133,-0.7759420425876846],[-77.64470990294868,-0.7752972003976983],[-77.64527998712065,-0.7748436242047158],[-77.64611108412404,-0.7745336337952964],[-77.64684739571305,-0.7740084986703231],[-77.64703788702464,-0.7732678604716751],[-77.64689586731402,-0.7727420260578444],[-77.64680138199829,-0.772144539486142],[-77.64684923424507,-0.7716666492691473],[-77.64646997710193,-0.7709494545378993],[-77.64613804841296,-0.7704234701096841],[-77.64582970832052,-0.7700886750928161],[-77.64454803000898,-0.7698247985259148],[-77.6434086918388,-0.7696805170080242],[-77.64215062411323,-0.7695839333002573],[-77.64139110454589,-0.7694399531159446],[-77.64051317285717,-0.7689374345432469],[-77.63939780216671,-0.7685064171096883],[-77.6383776111137,-0.7677887206432439],[-77.6379269731117,-0.7672865429105518],[-77.63704904520306,-0.7667840273618951],[-77.63695485622162,-0.7658042083657246],[-77.63697926596126,-0.7649439642809925],[-77.63686141159482,-0.763868542553378],[-77.63681475244402,-0.7628170730021577],[-77.63667360284163,-0.7611681240317266],[-77.63672185758547,-0.7601645218945353],[-77.6366040721357,-0.7589935158786468],[-77.63632048589757,-0.757344456406627],[-77.6362505790765,-0.755647772954397],[-77.63615637947821,-0.7546679557895077],[-77.63563483582683,-0.7537594945371473],[-77.6345679162057,-0.7520620379421313],[-77.63385670393018,-0.7508427825327127],[-77.63305084845074,-0.7492172221546453],[-77.63298029111871,-0.7483569076388863],[-77.63340761485655,-0.7483094457359661],[-77.63414315141209,-0.7487640416802677],[-77.63461707609854,-0.7498636303347375],[-77.63511495739083,-0.750676485274574],[-77.63547059222655,-0.751250269694064],[-77.6358262086408,-0.7518479494136254],[-77.63608698135134,-0.7523021799440611],[-77.63653740348877,-0.7530911035426919],[-77.63682143759596,-0.7541666539474403],[-77.63720080949054,-0.7547404581042597],[-77.63748500781882,-0.755600943391758],[-77.63765064273898,-0.7562940627789132],[-77.63774485876542,-0.7572499857149725],[-77.63810041782467,-0.7579193582484964],[-77.63817107909863,-0.7586362999701182],[-77.63824172139647,-0.7593771385672969],[-77.6384547014989,-0.7602375701843334],[-77.6385490807156,-0.7609784277470587],[-77.63892774645917,-0.7624602927033869],[-77.63897461002588,-0.7632489061208471],[-77.63930642806383,-0.7639182619749367],[-77.6397806008376,-0.7646833169418684],[-77.64039772575245,-0.7647793883531403],[-77.64096737485124,-0.7648754232541671],[-77.64179794181723,-0.7652345232820275],[-77.6425810704042,-0.7655457934410377],[-77.64345920907317,-0.7657854499929106],[-77.64445628414252,-0.76571454673658],[-77.64554853618282,-0.7653569626539185],[-77.64685445648884,-0.7649756478461137],[-77.64797050541162,-0.7645463908774163],[-77.64861154095007,-0.7644274126565824],[-77.6492760008068,-0.7647146926807918],[-77.64996414379304,-0.765073681952918],[-77.65110341600676,-0.7653135438357969],[-77.65207683265302,-0.7651470333238455],[-77.65267044976012,-0.764956327474671],[-77.6533592439928,-0.7644789364926532],[-77.65426161376261,-0.7640972992460281],[-77.65514042961536,-0.7634766760082315],[-77.65582935455693,-0.7628320064375252],[-77.65692178270746,-0.7622593405250749],[-77.65770575469422,-0.7614952592744308],[-77.65829963156338,-0.7609699956978203],[-77.65889308427248,-0.7609943553304344],[-77.65972385368345,-0.7611144875708592],[-77.66076803440761,-0.7615454446147212],[-77.66171744417865,-0.7617373600866053],[-77.66207367589263,-0.7615464636842635],[-77.6625728192556,-0.7607343610014947],[-77.66276304326506,-0.7603282626458903],[-77.6627396902772,-0.7598264109979774],[-77.66247951582008,-0.7585835733881823],[-77.66214746326477,-0.7582009663095659],[-77.66174424992798,-0.7577466130054564],[-77.66141212420237,-0.7574595940108758],[-77.66105658934016,-0.7567424137597111],[-77.66100931340446,-0.7564795125797822],[-77.6608672815561,-0.7559536725984679],[-77.66180473220882,-0.7551523897610294],[-77.66219675329967,-0.7547225502576996],[-77.66251761141658,-0.7542209650269562],[-77.66276755304068,-0.7533250263015033],[-77.66262566463593,-0.752608012309678],[-77.66198509617031,-0.7521056852550007],[-77.66159370453543,-0.7517110856800634],[-77.66145181537576,-0.7509940727423235],[-77.66138111594786,-0.7503129594325619],[-77.6613813607161,-0.749990352063441],[-77.66177389500173,-0.7488794519298946],[-77.66259388971861,-0.747553807302312],[-77.66277244601649,-0.7468728841857327],[-77.66302232651338,-0.7460486345557376],[-77.66320069263705,-0.7456186275572523],[-77.66345038311837,-0.745045293091557],[-77.66384231758431,-0.744722984702186],[-77.66419875204222,-0.7442572680059619],[-77.66434137393223,-0.7440064595523121],[-77.66434183188966,-0.7433970894153576],[-77.66412861282629,-0.7428234024305485],[-77.66391547329768,-0.7421421796111034],[-77.66395143141925,-0.7416762176112025],[-77.66466448464172,-0.740493863493721],[-77.66598266421468,-0.7395987278949089],[-77.66612630112932,-0.7379857945574856],[-77.66623424749041,-0.7364803702274844],[-77.66623541935896,-0.7349031746145327],[-77.66655690450688,-0.7335412913292708],[-77.66741243421225,-0.7322873428080032],[-77.6680896823505,-0.7313558684070847],[-77.66887359677177,-0.7306395456520515],[-77.66923023603127,-0.7298870559515217],[-77.66940864778832,-0.7293853521724956],[-77.66972991437399,-0.7283102266793412],[-77.66916107455543,-0.7270910560497191],[-77.66805810795658,-0.7258714911200966],[-77.66688381938474,-0.7247952562306301],[-77.66606527467,-0.72418527749806],[-77.6649971058561,-0.7240769502942954],[-77.66371531482662,-0.723932618100364],[-77.66289674660304,-0.723358487113929],[-77.66254420771035,-0.7227756521593808],[-77.66317100902559,-0.7227866320814117],[-77.66393065072744,-0.7227871944617983],[-77.66497517569782,-0.7227640709944575],[-77.66552134325313,-0.7225255059239064],[-77.6667324246551,-0.7219767718550932],[-77.66714604851984,-0.7216414872826057],[-77.66746876483752,-0.7213798925240494],[-77.66749276525064,-0.7210214557237269],[-77.66746925191535,-0.7207107779892584],[-77.66739841784644,-0.720184992344152],[-77.66725658407799,-0.7193604433766356],[-77.66716793201653,-0.7188525677341013],[-77.66690151987734,-0.7179562369374212],[-77.66666471576576,-0.7171495409870561],[-77.6656858575602,-0.7166410129062587],[-77.6650630597149,-0.7161626187390642],[-77.66446989333515,-0.7157439881426204],[-77.66393603007697,-0.7153851436244202],[-77.66221583534873,-0.7141890419432384],[-77.66206781340205,-0.7137109969102315],[-77.66159377178396,-0.7126950360863346],[-77.66120853455149,-0.7119778502543104],[-77.66067475930592,-0.711499524664294],[-77.65981451241694,-0.7111105753476799],[-77.65856853610876,-0.7106914735111972],[-77.65800489461739,-0.7104819661268708],[-77.65767874673315,-0.7101232774541141],[-77.65750113762658,-0.7095257308480839],[-77.65747170041833,-0.7091971294741515],[-77.65717554712381,-0.7083903997854998],[-77.65705719704549,-0.7079123803911868],[-77.65685012672623,-0.7070161034018332],[-77.65640543523745,-0.7064482341432448],[-77.65607945772953,-0.7058505814262798],[-77.65548599558798,-0.7058501513641329],[-77.654684778322,-0.7059093122651586],[-77.65394286602591,-0.7060282575282574],[-77.65329005811097,-0.7060277840339478],[-77.65272042982495,-0.7058959387366938],[-77.65155724715042,-0.7058950948425953],[-77.6499430370938,-0.7058939232409271],[-77.64913612049806,-0.7056304760213914],[-77.64849520287382,-0.7056061146034562],[-77.64723703835891,-0.70565299413176],[-77.6464771897362,-0.7059630958884648],[-77.64567005429343,-0.7060103013332225],[-77.6454327230008,-0.7059384396786169],[-77.64531440869358,-0.705412633041407],[-77.64533850712597,-0.7049108259782627],[-77.6456001922545,-0.7041224338771205],[-77.64581412669312,-0.7037163493845077],[-77.6463129716651,-0.7032387827531558],[-77.64659810429309,-0.7028566453453848],[-77.6472869063949,-0.7023075258929504],[-77.64769071328973,-0.7019493705230263],[-77.64830855584356,-0.7010417500512179],[-77.64873661019662,-0.6999667167948292],[-77.64911703393321,-0.6991067164307084],[-77.64961601308151,-0.69843797257374],[-77.64987745616507,-0.6979841267142979],[-77.65002047884104,-0.6971478504492906],[-77.64997342448848,-0.6965504032165358],[-77.64961807548733,-0.6955225988871023],[-77.6494523455232,-0.6949011709790032],[-77.6494058967312,-0.6934434500489872],[-77.64973882079498,-0.6926073097109562],[-77.65011922095046,-0.6917712016473142],[-77.65049978792139,-0.6906961283867331],[-77.65021549803011,-0.6898834444360938],[-77.64971732862756,-0.6894051602985601],[-77.64936173903345,-0.6887119094537055],[-77.64883984760078,-0.6882097132965445],[-77.64824664250395,-0.687850845782966],[-77.64748715223372,-0.6876591365116179],[-77.64637177397394,-0.687204314024465],[-77.64544640224179,-0.6866062493912913],[-77.64506680864503,-0.6862953276888247],[-77.64456857438526,-0.6859126333213187],[-77.64397568712126,-0.6850997366429227],[-77.64328794760571,-0.6841433970028913],[-77.64290891912623,-0.6830200012428342],[-77.64274320030434,-0.6823746826046017],[-77.64276728707495,-0.6818728762715686],[-77.64279150514896,-0.6811798992720055],[-77.64279191885063,-0.6805824904563915],[-77.64274477321935,-0.6801045310266602],[-77.64263406595708,-0.6795452781918174],[-77.6423788724651,-0.6778389013424484],[-77.64235057466334,-0.6775664629228434],[-77.64225142816603,-0.6767634764917824],[-77.6421664449657,-0.6760752031803741],[-77.64209563514106,-0.6754873033580979],[-77.64209607827856,-0.6748421030073293],[-77.64191134427425,-0.6742254494897855],[-77.64189760277655,-0.6734942118886289],[-77.64185506106084,-0.6732217638387293],[-77.64189670371748,-0.6719237843063538],[-77.64239540908612,-0.671629953781794],[-77.64327384714744,-0.671439391018344],[-77.64419969608232,-0.6713444455928842],[-77.64474562269896,-0.6714165122052953],[-77.64562355625175,-0.6719667371200407],[-77.64666791873154,-0.6721347350948794],[-77.64723781295143,-0.6718722676378583],[-77.64768919674366,-0.6713468578188581],[-77.6479746074723,-0.6705345748069986],[-77.64825985588503,-0.6699612561825082],[-77.64911446218794,-0.6699140520330995],[-77.6493753705645,-0.6702248865011685],[-77.64930368446848,-0.6709178357649463],[-77.64897100757435,-0.6714194326509432],[-77.6486384454662,-0.6717537544112324],[-77.64828203043567,-0.6722553342005013],[-77.64797314069338,-0.6726852572014084],[-77.64742693456589,-0.6730194292262965],[-77.64659588794326,-0.6733295072693473],[-77.64583626770155,-0.6733289806497252],[-77.64491067830087,-0.6730415816247171],[-77.64400873033709,-0.6728975782662647],[-77.64341519698428,-0.673016648645829],[-77.64286878017026,-0.6736614708374843],[-77.6426547287992,-0.6742587312490981],[-77.64267807301437,-0.6748322596149022],[-77.64289119071071,-0.6755970917703824],[-77.64329403056453,-0.6766249153716143],[-77.64350734465172,-0.6771029917463507],[-77.64367304962006,-0.6777722059903976],[-77.64381523160918,-0.6781307511284913],[-77.64405165512851,-0.6795169061631933],[-77.64414571561662,-0.6808073769425503],[-77.64395528131904,-0.6815719272175046],[-77.64402596529943,-0.6823366616595073],[-77.64421558819406,-0.6827430330240766],[-77.64473741246498,-0.6833408103351084],[-77.64509323471422,-0.6836995070901998],[-77.64585240754202,-0.6843452447632961],[-77.64654038207651,-0.6849670370191626],[-77.64725227864238,-0.6853259860861246],[-77.64805897832005,-0.6859000703649288],[-77.64879459715503,-0.6862829333454972],[-77.64960148111946,-0.6865941577106056],[-77.65026610289917,-0.6866663173901858],[-77.65119189615177,-0.6866669710401251],[-77.65180912543,-0.6866196133784709],[-77.65294901377854,-0.6859752089883194],[-77.65359026534604,-0.6855216255233384],[-77.6542786776798,-0.6855221102964729],[-77.65423090176635,-0.6859522160879403],[-77.65368442048224,-0.6866687299726795],[-77.65287701703515,-0.6870982982737447],[-77.65211717409308,-0.6874084181722437],[-77.65095341300452,-0.6882439746731233],[-77.65085802533339,-0.6888652174281469],[-77.65099992104435,-0.6896300073028094],[-77.65123673464433,-0.690442658991724],[-77.65163946580219,-0.6916138758714219],[-77.65149646571857,-0.692426258204295],[-77.65149607950818,-0.692975879031729],[-77.65135327914568,-0.6935015012084729],[-77.65113907940162,-0.6942899350783964],[-77.65087752008037,-0.6949110586280338],[-77.65087719985563,-0.6953650925383148],[-77.65099546995582,-0.6959625912201256],[-77.65142249024699,-0.6963452415982538],[-77.652015999344,-0.6962739768312074],[-77.65225361937509,-0.6959395941726654],[-77.65265737452428,-0.6956531243934404],[-77.65310904365701,-0.694745375991893],[-77.65356049342566,-0.694148282530507],[-77.654462973306,-0.6935515106750673],[-77.65569782475903,-0.6929071795699073],[-77.65681333075636,-0.6931947336840979],[-77.65657535836104,-0.6940309489451331],[-77.65548285206013,-0.6947948634406355],[-77.654509138395,-0.6954154812824457],[-77.65412888567248,-0.6960365220094255],[-77.6536769776262,-0.697278822976404],[-77.65320190591093,-0.6977086216117847],[-77.6522756847957,-0.6983053724536884],[-77.65127821602367,-0.6989498632035827],[-77.65068418113596,-0.6997619187212512],[-77.6501137469018,-0.7007651623363171],[-77.6498759212773,-0.7013863005414999],[-77.64987563201423,-0.7017925416444696],[-77.65089585396827,-0.702534070970405],[-77.65165534563243,-0.7027257919689865],[-77.65265235933623,-0.7027265120565175],[-77.65343584590627,-0.7025598012229635],[-77.65436186642984,-0.7022498132954733],[-77.6553115926486,-0.7019876352000214],[-77.65602373063047,-0.7020120456868401],[-77.65687804412111,-0.7023950082724278],[-77.65775589424841,-0.703064749288602],[-77.65839678371455,-0.7031369016271578],[-77.65889561651656,-0.7026832226459623],[-77.65941813744799,-0.7023012512416446],[-77.65994019906503,-0.7025644914835617],[-77.66055701185816,-0.7031145619895891],[-77.66093638746015,-0.7037361520929936],[-77.66124459822686,-0.7042860010036232],[-77.66164784901268,-0.7047164347652003],[-77.66212216230966,-0.7053619920911576],[-77.66250215119669,-0.7051232982619813],[-77.66278742427784,-0.70454997950558],[-77.66335723744334,-0.7044309073347037],[-77.66364186289645,-0.7047656684033776],[-77.66378376774196,-0.7055065736893122],[-77.66380687524544,-0.7063907741655934],[-77.66368775493991,-0.7069881098698827],[-77.66309403177594,-0.7073461328215617],[-77.66271388719426,-0.7077998969870581],[-77.66245241973574,-0.708277644277174],[-77.662167076701,-0.7089465484801866],[-77.6621668539506,-0.7092572070327064],[-77.662237778427,-0.7096635041317815],[-77.66275989202771,-0.7098550584077123],[-77.66354306386059,-0.7101423905461443],[-77.66385135843575,-0.7105727584272615],[-77.66387463325077,-0.7112179903961738],[-77.66380302196298,-0.7117675662459739],[-77.66401630995985,-0.7122695559091541],[-77.66427714344806,-0.7126759934689465],[-77.66479927519237,-0.7128436520892328],[-77.66515535690714,-0.7128439119676709],[-77.66586753793169,-0.7128205350871409],[-77.66641366796492,-0.7126297581627452],[-77.6670072751591,-0.712439015569028],[-77.6674346942846,-0.7122720481766078],[-77.6680519382635,-0.712224703779072],[-77.6685028394853,-0.7124162089128362],[-77.66831260218534,-0.7128701125316366],[-77.66800385962222,-0.7130610630738256],[-77.66745767700657,-0.7133235309411667],[-77.6670775460425,-0.7137533985770375],[-77.66702993039681,-0.7139445392763025],[-77.667100733134,-0.7145181183609056],[-77.66740906204946,-0.7149006948556642],[-77.66774133648818,-0.7149965252228573],[-77.66816851513059,-0.7151641167232657],[-77.66883323804119,-0.7151168087382256],[-77.66914186067595,-0.7150931377784979],[-77.66959289922168,-0.71509346756199],[-77.66978241452104,-0.7156432374840731],[-77.67001952666611,-0.7160257630704486],[-77.67039910830759,-0.7163605989010394],[-77.67068394026674,-0.7164086017277298],[-77.67123010842495,-0.7161700310180845],[-77.67165754746908,-0.7159791674451343],[-77.67206111003965,-0.7159794626598358],[-77.67241695221821,-0.7163142816285171],[-77.67234540748944,-0.716768274278129],[-77.67203645548669,-0.7172459896227346],[-77.67191731112126,-0.7178672259259213],[-77.67194061806227,-0.7184646690263532],[-77.67224898228167,-0.7187994549037858],[-77.67262847672554,-0.7192537777839499],[-77.67322214241089,-0.7189913460867496],[-77.67353102640514,-0.7186092194076478],[-77.6739114383953,-0.7177969959592874],[-77.67460073306805,-0.7166026449437524],[-77.67509942500752,-0.716364038200724],[-77.67566959253325,-0.7157670267873962],[-77.67583616213734,-0.7152175136915229],[-77.67567040151242,-0.7146438603214617],[-77.67536218955024,-0.714094001927156],[-77.6751251256604,-0.7136397828482696],[-77.67522049423025,-0.7130663210953808],[-77.67555318329224,-0.7125886199194875],[-77.67636063688497,-0.7121351611017323],[-77.67702556931823,-0.7118010830259285],[-77.67740587419237,-0.7111322383577372],[-77.67738297205835,-0.7099612590146852],[-77.67709849667,-0.7094114175149042],[-77.67719410042312,-0.7085033930841869],[-77.67743166139537,-0.7082645926587507],[-77.67793053899906,-0.7077631117089949],[-77.67831063606374,-0.7073810306918517],[-77.67959303937039,-0.70668893544861],[-77.67999685911626,-0.7063307672183944],[-77.68073311084926,-0.7058533513539785],[-77.68158816013876,-0.7052326365082501],[-77.68206373778668,-0.7041098046469082],[-77.68275247713535,-0.7036801465952071],[-77.683250915782,-0.7037999905141793],[-77.68427142950878,-0.7041830793991299],[-77.68507841014038,-0.7043987346961498],[-77.68567175571917,-0.7045903390980421],[-77.6864312926603,-0.7047581657350732],[-77.68752323124433,-0.7048545377013717],[-77.68823542699506,-0.7048311510074748],[-77.68901892460511,-0.7046883268808959],[-77.68930406684845,-0.7043061714703912],[-77.68942338765434,-0.7034220499921139],[-77.68966125272044,-0.7027530899673378],[-77.6902552232637,-0.7020604864864947],[-77.69054065030664,-0.7012720717626932],[-77.69054120444582,-0.7004834538366926],[-77.69032812128759,-0.6996707868719197],[-77.68992503859593,-0.698977472901104],[-77.68971178717703,-0.6984037817237078],[-77.68923743618649,-0.6977821104280202],[-77.68876333577738,-0.696801977548006],[-77.688502538116,-0.696323843193022],[-77.68786174486759,-0.6960844148900701],[-77.6869833436202,-0.6961554861557483],[-77.68617612717036,-0.6962744007712153],[-77.68541647343734,-0.6962738626273505],[-77.68484686629088,-0.6960822800750178],[-77.68489472890425,-0.695532674111276],[-77.68525108358686,-0.6951505682677811],[-77.68529891231205,-0.694648756990538],[-77.68472947176703,-0.694218201609534],[-77.68397003608408,-0.693906999329748],[-77.68347166443226,-0.6936915715697687],[-77.68285459744271,-0.6934760592520918],[-77.68197651769098,-0.6930930822787709],[-77.68116962246464,-0.692757950852083],[-77.68024404839846,-0.692398838267417],[-77.67946097734253,-0.6919442382031039],[-77.6789388684139,-0.6917287943033378],[-77.67822703175075,-0.691250347601836],[-77.67836988073957,-0.6906530183224372],[-77.67908225002905,-0.6903667527573722],[-77.68007937118588,-0.6902479680662587],[-77.68069665222984,-0.6901528136525444],[-77.6810055083968,-0.689794571360377],[-77.68076871422798,-0.6889341027211884],[-77.68012824091358,-0.6882406325413162],[-77.67951132452903,-0.6878100492204838],[-77.67879956781589,-0.6872121189921548],[-77.67827762393553,-0.6867577063681497],[-77.6776844314165,-0.6863510380122559],[-77.67716243843432,-0.6859683176415474],[-77.67673533575687,-0.6856812522320426],[-77.6762845771257,-0.6852746854705057],[-77.67565023009878,-0.6848213902338771],[-77.6753286016254,-0.6843148527780437],[-77.6751114117207,-0.6842067292570365],[-77.67450625192525,-0.6839483508807936],[-77.67443379978677,-0.6839174172862105],[-77.67459015268918,-0.6838709774947546],[-77.67476227149231,-0.6838531746147521],[-77.6749997096319,-0.6837816490834829],[-77.67533208314532,-0.6837400612069401],[-77.67560507983744,-0.6837402517121264],[-77.67593146498788,-0.683776325578231],[-77.67612727409829,-0.6838302304994025],[-77.67660792071013,-0.6839261540905017],[-77.6769757833298,-0.6840578460942529],[-77.6772783965714,-0.6841416971290596],[-77.67769964792791,-0.6843092717988708],[-77.67820403805771,-0.6843992384243541],[-77.67863133923512,-0.6843995366298524],[-77.67924853170906,-0.6844298388603783],[-77.6798299932142,-0.6846393447505055],[-77.68019783240429,-0.6848068825653164],[-77.68074962391688,-0.6850103942730852],[-77.68118869361689,-0.685160058879452],[-77.68144381348077,-0.6852677750416423],[-77.68193627542897,-0.685447348734703],[-77.68257718823718,-0.6855075395263045],[-77.68325965794152,-0.685549836122073],[-77.68381156646488,-0.6855860677533708],[-77.68403708812575,-0.685586225151607],[-77.68452975625209,-0.6854670820354484],[-77.68495121650363,-0.6853359405664161],[-77.68537279518951,-0.6850315422955073],[-77.6856340445076,-0.6848584685174776],[-77.68589524956708,-0.6847511119612613],[-77.68629285142977,-0.6847932092585107],[-77.68651828237087,-0.6849248019984203],[-77.68683270327888,-0.6851042518582406],[-77.68713525807951,-0.6852777197215522],[-77.68742636470665,-0.6854141372990281],[-77.68811941089919,-0.6856153594798081],[-77.68886944474116,-0.68579750332443],[-77.6893441438531,-0.6859221006118214],[-77.6897904350846,-0.6859319712961331],[-77.69036976403845,-0.6857985489621339],[-77.69083525764675,-0.6855025439556208],[-77.69132925062695,-0.685187440164911],[-77.69162376199361,-0.6849773465448254],[-77.69203226761442,-0.6847004193325231],[-77.69286785208381,-0.6847583543241862],[-77.69318096762754,-0.6851122561166603],[-77.69346557070605,-0.6855043749437714],[-77.69426277254155,-0.6861453848456456],[-77.69456658332858,-0.6862220689054359],[-77.69492744827268,-0.6861840843497726],[-77.69530737642266,-0.6860409633258422],[-77.69563035654068,-0.6858595657847602],[-77.6963617064113,-0.6856019794397991],[-77.69679106781071,-0.6853795518198612],[-77.69736569586696,-0.6851839899321938],[-77.6979212963449,-0.6850409899670665],[-77.6984341072433,-0.68498399165771],[-77.69893263546585,-0.6849843377391162],[-77.69942171102683,-0.6849225429217575],[-77.69963068394424,-0.6848270965735676],[-77.70035244908307,-0.6847033295279343],[-77.70062775490321,-0.6848086707139618],[-77.70073682844664,-0.6849951485710628],[-77.70082197057495,-0.6854636044650126],[-77.70077430797461,-0.6857312255292084],[-77.70056975515189,-0.6863046304056754],[-77.70033683606304,-0.6867011710510257],[-77.70005618480056,-0.6874657034814018],[-77.69956666148256,-0.6881775151987407],[-77.69847855762774,-0.6893907600969815],[-77.69788951912344,-0.6898252869078262],[-77.69730992991863,-0.6903267328153553],[-77.69711983951922,-0.6905799152491723],[-77.69705796487546,-0.6907997304101576],[-77.69703409692985,-0.6909861151923992],[-77.69717627544699,-0.6913590187635765],[-77.69732805606282,-0.6915789837035128],[-77.69775043610743,-0.6918421551532122],[-77.69892748376726,-0.6924643212623616],[-77.70003828766839,-0.6927614327130597],[-77.70076936544694,-0.6929053320365767],[-77.70111063950046,-0.6930499143983141],[-77.70163742979001,-0.6933800729084474],[-77.70199517554872,-0.6937359234583723],[-77.70208033627966,-0.6941709235299789],[-77.70207537015318,-0.6944863712440239],[-77.70202772164687,-0.6947300947804387],[-77.7019848312379,-0.6949594838951244],[-77.7018992029906,-0.6951984008021592],[-77.70180409156033,-0.6954181942992786],[-77.70171847981203,-0.6956332136905519],[-77.70147617632139,-0.6958624621824114],[-77.7013873463255,-0.6959635983231933],[-77.70240679353067,-0.6967473363813503],[-77.703827648337,-0.6978396727526958],[-77.70402577942579,-0.6979919941266888],[-77.7068563575852,-0.7002084487713788],[-77.7072942729186,-0.7005513544711303],[-77.70744305038342,-0.7006678532576628],[-77.70755706091516,-0.7004471789880815],[-77.70774719570737,-0.7001366404625097],[-77.7080915465414,-0.6999576494501917],[-77.70875639318011,-0.6997669360932183],[-77.70930249124807,-0.6996478322387033],[-77.70978911510129,-0.6997079211392913],[-77.71039441325232,-0.6998039412898868],[-77.71098779205725,-0.699971646950607],[-77.71181862710735,-0.7000558768600561],[-77.71231718864674,-0.7000203816940083],[-77.71267328658725,-0.7000206332655231],[-77.71329051463297,-0.7000330190153696],[-77.7136466129242,-0.7000332705170224],[-77.71427566972214,-0.7001054088674229],[-77.71479787303247,-0.7002133184062637],[-77.7156288029389,-0.7001661095547654],[-77.7159730655776,-0.7001185560991143],[-77.71637676883942,-0.6999396048590194],[-77.71716038707034,-0.699653379406253],[-77.71744526696138,-0.6996535802642309],[-77.7179200823889,-0.6996300171688453],[-77.71839491555633,-0.6995825552690712],[-77.71898854869606,-0.699391788034001],[-77.71917870116171,-0.699057347405718],[-77.71925016172732,-0.6987108732838048],[-77.71921484996557,-0.6982806805921595],[-77.71913203385911,-0.697886302235648],[-77.71887121728528,-0.6974201035240466],[-77.71846790217064,-0.6970374492588618],[-77.71823072580669,-0.696714657375132],[-77.7180306432258,-0.6965352804688252],[-77.71771266708771,-0.6963343121411851],[-77.71698170439319,-0.6960040053047313],[-77.71615091658319,-0.6958456941764178],[-77.71481688906329,-0.695620116763093],[-77.71446998361851,-0.6953727668036017],[-77.71437756653131,-0.6951289410024387],[-77.71437775994617,-0.6948493335357542],[-77.7143779285005,-0.6946055735736075],[-77.71467020130164,-0.6942114590828008],[-77.71519752848538,-0.6937744931810854],[-77.7154041051231,-0.6937172823225936],[-77.71565354709485,-0.6934665265276652],[-77.71599567378566,-0.6930724459469114],[-77.71628795611295,-0.6926639923125915],[-77.71656592123671,-0.6923630694270753],[-77.71677258101911,-0.6921839774062577],[-77.71692234988181,-0.6918829657220628],[-77.71704387730306,-0.6912234607787036],[-77.7170442221717,-0.6907215997726921],[-77.71714452513228,-0.6898541667000126],[-77.71708786415088,-0.6893952826403449],[-77.7173303261046,-0.6889366063098845],[-77.71751556090105,-0.6888435317755351],[-77.7178575485062,-0.6886501938303173],[-77.7182066576803,-0.6884568606663538],[-77.71835638129293,-0.6882203724400401],[-77.71853469567748,-0.6878333451703135],[-77.71843545364,-0.6871521779092984],[-77.71817919428236,-0.6869584251338942],[-77.71776625186574,-0.6867645640258322],[-77.71712527487321,-0.6867641204405672],[-77.71684751824525,-0.6867639281934627],[-77.7160569796097,-0.6867633809393237],[-77.7155798088508,-0.6867630505518938],[-77.7148035159983,-0.6867625129533768],[-77.7139845353736,-0.6866974214037617],[-77.71315871327116,-0.6862236676124912],[-77.71290965608766,-0.6859152094440402],[-77.7127888335349,-0.6855494858202357],[-77.71285342443967,-0.6848254194164145],[-77.71293209346632,-0.6843451223662321],[-77.71321742044358,-0.6836857331419418],[-77.7136738583678,-0.6827540229748741],[-77.71400190523501,-0.6821090000659707],[-77.7144084012168,-0.6813063044101434],[-77.71473618973043,-0.6810412607694425],[-77.71495732941776,-0.6805108738709349],[-77.71529255157036,-0.6797869910317238],[-77.71513640621282,-0.6789910770309894],[-77.7148089186495,-0.6788116168996257],[-77.71410382266008,-0.6788469816644618],[-77.71379045244518,-0.6788539360273023],[-77.71320645438469,-0.678853536046994],[-77.71247276917708,-0.6790394387658814],[-77.71215936641559,-0.6790965791673862],[-77.71161810466025,-0.679089038296549],[-77.71104855000479,-0.6787954195242409],[-77.71084933077356,-0.6785085065243923],[-77.71093518112299,-0.677935013272504],[-77.71120614329676,-0.6774476792136256],[-77.71156264450268,-0.676845693023759],[-77.71184797556377,-0.6761719629269298],[-77.71193393063419,-0.6754407413106482],[-77.71200549678744,-0.6749245925894867],[-77.71224800843757,-0.6743798825568877],[-77.71254738915997,-0.6739929377466645],[-77.71280390278025,-0.6738067077367044],[-77.71340619242743,-0.6730801379498224],[-77.71361301637175,-0.6726501129532679],[-77.713798709886,-0.6718687718775552],[-77.71384172895493,-0.6714386354894027],[-77.71390613226478,-0.6709798358933495],[-77.71391353227955,-0.6705640141465732],[-77.7138448850954,-0.6702676314626717],[-77.71358390998655,-0.6700236941876823],[-77.713303899147,-0.6698466592289891],[-77.71288622411677,-0.669631294808329],[-77.71163290191168,-0.6694297037910297],[-77.71137194735053,-0.6691570905067468],[-77.71127720487853,-0.6688320134528136],[-77.71139149251114,-0.6683254523109613],[-77.71151521908556,-0.6679049301398492],[-77.71185728676771,-0.6675801475310358],[-77.71229414110917,-0.6675135277972879],[-77.71294935078625,-0.6675235280782518],[-77.71335767351968,-0.6675238031007751],[-77.71396549226822,-0.6673999420242591],[-77.71481071613363,-0.6672666815651277],[-77.71517157894117,-0.6672382467101017],[-77.7154849630454,-0.6672097798666305],[-77.71606421371585,-0.6672101695213202],[-77.7166909880131,-0.6671436766752974],[-77.71708991177897,-0.6670005553195448],[-77.71794460835697,-0.6669055375390969],[-77.71840995293145,-0.666838934787306],[-77.71942605620382,-0.6667822616630484],[-77.71998265628702,-0.6666673460369833],[-77.73086683910611,-0.6666671215942687],[-77.7320231473543,-0.666667096607057],[-77.73199704112167,-0.667120167989932],[-77.73195383517181,-0.6678370950205393],[-77.73195355067294,-0.6682672682167424],[-77.73202452430189,-0.6686401328806567],[-77.73218100971913,-0.6689413586529795],[-77.7324229414444,-0.6692713209583854],[-77.73277883531048,-0.6695870208546566],[-77.73312055080356,-0.6698023368246958],[-77.73353354480153,-0.6699316661749148],[-77.73384685879346,-0.6700179122028214],[-77.73416008732585,-0.6702332093337638],[-77.73447305819712,-0.6708356635200267],[-77.73451528682689,-0.6715956670574132],[-77.73447218191218,-0.6721548645756541],[-77.7342725545186,-0.6724701915158798],[-77.73391622185227,-0.6728140908395974],[-77.73360260325434,-0.6731866969353285],[-77.73300392870429,-0.6738172139821533],[-77.73204904642114,-0.6746052200233367],[-77.73177814926413,-0.6749921927453448],[-77.73162115759922,-0.6754509378169857],[-77.73157820474059,-0.6757807074805698],[-77.73159217051027,-0.6761965510940888],[-77.73171993509321,-0.6768418981404886],[-77.73183363881701,-0.6772147923542081],[-77.73204705981784,-0.6775734144473634],[-77.73245987021015,-0.6779751904484501],[-77.73354213569885,-0.6784061003907411],[-77.73377002327803,-0.6784349336262615],[-77.73409765829426,-0.678406478261189],[-77.73451090251939,-0.6781629942857537],[-77.73580749604217,-0.677604647379557],[-77.7361209643259,-0.6774614687878278],[-77.73727503203929,-0.6770320763379148],[-77.73784497248491,-0.676774357778779],[-77.7388422300308,-0.6765312665626859],[-77.73936938103941,-0.6763595532959489],[-77.7397968419932,-0.6761590930331973],[-77.7405662319732,-0.6758584902967404],[-77.74103642589978,-0.675658058358266],[-77.74197673772417,-0.6753719093437719],[-77.74280304854418,-0.6751573779440487],[-77.74314494950582,-0.6751002517711449],[-77.7436720640465,-0.6749858935155729],[-77.74418492502286,-0.6748858638222802],[-77.74458384163766,-0.6747714187748058],[-77.74492582898891,-0.6745852388811259],[-77.74533915216908,-0.6742270347031362],[-77.74555302595624,-0.6739117137562989],[-77.74582398240365,-0.6734386989780365],[-77.74599526582988,-0.6729082597889942],[-77.7462662408379,-0.6724065659404573],[-77.74667980088391,-0.6716898771728593],[-77.74695078392408,-0.6711738433190363],[-77.74739280334576,-0.6705001913592536],[-77.7476351466714,-0.6702135665403887],[-77.74804844993525,-0.6698840379662088],[-77.74840475707006,-0.6695831505334412],[-77.74883223759113,-0.6693540061234671],[-77.74928817938704,-0.6691678993817728],[-77.74967288082127,-0.6690104226461354],[-77.75000060504834,-0.668852908641655],[-77.7504566132572,-0.6685664250489459],[-77.75095553371246,-0.6680075220045911],[-77.75112666459258,-0.6677065095067256],[-77.75125503322005,-0.6674484856130234],[-77.7514119469516,-0.6671044444712121],[-77.75148331924548,-0.6668750621461904],[-77.75151068666048,-0.6666667065901022],[-77.75793833268554,-0.6666668656400898],[-77.7586328217464,-0.6666668819682058],[-77.75872253735164,-0.666920047738114],[-77.75874613782257,-0.6671351553979457],[-77.7585796779912,-0.6675532803271121],[-77.7583420506389,-0.6678877111024301],[-77.75816370460362,-0.6683297266148921],[-77.75813975236409,-0.668652348938391],[-77.75825811097367,-0.669178208482066],[-77.7584597032366,-0.6694890316779247],[-77.75889871148078,-0.6697880638057145],[-77.75944460096011,-0.6700154700189642],[-77.76000246315652,-0.6700875392316985],[-77.7604062541937,-0.6697890681985621],[-77.76095267842658,-0.6692039018826139],[-77.76193856693556,-0.6682246890245346],[-77.76234248226484,-0.6677350227164556],[-77.7627939037674,-0.6672095391220886],[-77.7631740643448,-0.6666669882544104]],[[-77.72482155397303,-0.6838565704915753],[-77.72588896474407,-0.6851717154560913],[-77.72705151534886,-0.6862240455367796],[-77.72752596050195,-0.6867501372377021],[-77.72856997404448,-0.6875634041168388],[-77.72961408615846,-0.688233282052795],[-77.73044479753688,-0.6885206380676641],[-77.73113337897077,-0.6883538241154582],[-77.73201215857506,-0.6877808668329796],[-77.73308092555409,-0.6871124447257932],[-77.73400708910103,-0.6866829085963737],[-77.7355742586712,-0.6862299140966963],[-77.73623906944027,-0.6861108780621367],[-77.73704638732423,-0.6858963447279391],[-77.7376161560315,-0.6858967361447267],[-77.73785338176222,-0.6861597850225483],[-77.73766316697642,-0.6865898292397993],[-77.737306979997,-0.6867090776051706],[-77.73635718728929,-0.6869713097841127],[-77.73562104167199,-0.6872575857644857],[-77.73478975592059,-0.6878066807632417],[-77.73400598373821,-0.6883080101515286],[-77.73310328302554,-0.6891438366368843],[-77.73241427590312,-0.689932012074778],[-77.7317247296857,-0.691508836171513],[-77.73141556598519,-0.6922972725488488],[-77.73091620074617,-0.6934918499874732],[-77.73044096847464,-0.694112879696476],[-77.73034546546523,-0.694901463189855],[-77.73027312500143,-0.6965265089266813],[-77.73027253107762,-0.6973868537641911],[-77.73031931708177,-0.6983906223855054],[-77.73017626368494,-0.6992747662977133],[-77.72989103239556,-0.699776433799774],[-77.72977190097635,-0.7003977101534936],[-77.72974782840804,-0.7008756618529832],[-77.73007949538419,-0.7018796317284343],[-77.73062483958525,-0.702859853946688],[-77.7309564885511,-0.7038877225252635],[-77.73135949008918,-0.7047244551957101],[-77.73169120448607,-0.7056567315912563],[-77.7316906699053,-0.7064214832151761],[-77.73154745864419,-0.707520713231394],[-77.73135696552892,-0.7083331269506347],[-77.73100032443838,-0.7090976249230779],[-77.73066725382687,-0.7101011249928819],[-77.73059544435976,-0.7109375202756772],[-77.73047603534724,-0.711941171062964],[-77.73045177267913,-0.7126820066324643],[-77.73042732277302,-0.7136857250790186],[-77.73018741952774,-0.7141979691970467],[-77.73004690267464,-0.714498001333821],[-77.72940559245838,-0.7149516116662049],[-77.72847944905794,-0.7153333215331433],[-77.72750580848066,-0.7157388953137752],[-77.72610467398124,-0.7163831434039197],[-77.72543953903413,-0.7169562248571509],[-77.7252645851773,-0.7172616108131306],[-77.72551043660513,-0.7174103454118188],[-77.72591393629787,-0.7175301282902469],[-77.72648370246806,-0.7175305391539847],[-77.72707717579941,-0.7175787631369851],[-77.72786057185387,-0.7176271249105248],[-77.72828789752008,-0.7176274329237611],[-77.72904758764751,-0.7176279804036649],[-77.72990232512127,-0.7175091038339283],[-77.73142215052644,-0.7168888372251706],[-77.73230079934896,-0.7165309911156329],[-77.73306049235553,-0.7165315370892561],[-77.73339285890093,-0.7165317759134545],[-77.73396249366957,-0.7167233745053242],[-77.73477528935136,-0.7168813004335391],[-77.7366780742325,-0.7179941947598831],[-77.7370327955012,-0.7182024340013426],[-77.73752272016979,-0.7179208636178122],[-77.73802164436293,-0.7173954513203707],[-77.73844921145766,-0.7170611774190767],[-77.73871096650767,-0.716201012855094],[-77.73849779211056,-0.7155077986779514],[-77.73826099439873,-0.714647276940966],[-77.73826128119923,-0.7142409994153329],[-77.73797679911334,-0.7136672283563527],[-77.73769253664477,-0.7127827752858948],[-77.73766933399055,-0.7120180012497578],[-77.73748030051766,-0.7107512385074609],[-77.73726720694015,-0.7099385330563819],[-77.73726794424279,-0.7088869932582326],[-77.73741098929591,-0.7080267434388556],[-77.73738768377788,-0.7074053621399321],[-77.73707964209916,-0.7065686910733469],[-77.73667653764721,-0.7058753456883468],[-77.73636864505123,-0.7048235885722799],[-77.7357043788178,-0.7041539583126759],[-77.73482638304621,-0.7035797728983765],[-77.73420951528186,-0.7030296705939401],[-77.73349776892837,-0.7023600092228618],[-77.73345088557927,-0.7014996282199334],[-77.73371244475175,-0.7009023488200995],[-77.73399785858956,-0.7001377947078044],[-77.73421193601708,-0.6995404812909995],[-77.73402232734315,-0.6990862749506462],[-77.73390382380778,-0.6987994096990678],[-77.73380897763371,-0.6986320530476493],[-77.73335819213466,-0.6982254624065232],[-77.73274162019096,-0.6972451905341451],[-77.73248115268913,-0.6962651685050787],[-77.732481893284,-0.6951897355205847],[-77.7327200349713,-0.694114466909922],[-77.73310037287943,-0.6933977758660884],[-77.73424036670038,-0.6927294082775761],[-77.7350477346832,-0.6924431854770652],[-77.7364490378417,-0.691536009748235],[-77.73706645119684,-0.6912974518368137],[-77.73770796470215,-0.6905331384517923],[-77.7381359764996,-0.6895296906604773],[-77.73884862786123,-0.6888849186030852],[-77.73937124288759,-0.6884073048382854],[-77.73972785217573,-0.6876666907041102],[-77.74017948886352,-0.686830546065858],[-77.7407256813911,-0.686591934034336],[-77.74127182462946,-0.6864250186275139],[-77.74200820022538,-0.6858041565348919],[-77.74293466214756,-0.6849444357083233],[-77.74393239276166,-0.6840130655671746],[-77.74488251305125,-0.6832728513969627],[-77.74559521254946,-0.6825563722407381],[-77.74611792225748,-0.6819353584024648],[-77.74645086859881,-0.6810752259578204],[-77.7468078738204,-0.6797371324423781],[-77.74668961987084,-0.6790678836176844],[-77.74569293185553,-0.6784458375936805],[-77.74519438084519,-0.6784454996656207],[-77.74455329136298,-0.6785884576784593],[-77.743935798364,-0.6789465211493612],[-77.74324710024142,-0.6792806363975415],[-77.74243971513162,-0.6795907720054022],[-77.74189349302002,-0.6798771861705492],[-77.74056369124669,-0.6803781548429144],[-77.73980366098108,-0.6808795101053181],[-77.73906769253585,-0.6809029077785543],[-77.73840288128513,-0.6810219471123389],[-77.73797544200104,-0.6811889465404504],[-77.73728666601811,-0.6816425515294766],[-77.73685874355759,-0.682526508613924],[-77.73590859716609,-0.683314513358741],[-77.73510108721868,-0.6838158307605342],[-77.73407984970198,-0.6844125943673565],[-77.73327245368698,-0.6847466205149727],[-77.7321802242965,-0.6850087539122867],[-77.7312307602878,-0.6847930143940617],[-77.73068484866202,-0.6846253504594133],[-77.72980676945386,-0.6841706755870517],[-77.72935590069544,-0.6838835849998787],[-77.72885776109555,-0.6832857815264574],[-77.72819355523063,-0.6825205763720329],[-77.72731594539223,-0.6813728507300326],[-77.72686548067215,-0.6804883019497476],[-77.72544249342593,-0.6783842728950644],[-77.72484931355615,-0.6779059011416934],[-77.7242320406861,-0.6779532772551701],[-77.72385191104793,-0.6783831879603911],[-77.72387528050646,-0.6789328654734317],[-77.72380359337313,-0.6796258677021444],[-77.72401644741818,-0.6808209292963541],[-77.72406352294867,-0.6814184200602862],[-77.72439505917593,-0.682637462689367],[-77.72482155397303,-0.6838565704915753]],[[-77.67646975845095,-0.7458882608380301],[-77.67648413852692,-0.7454290947330665],[-77.67649862948215,-0.7450993245198412],[-77.67634211140796,-0.7448841314367266],[-77.67611439825102,-0.7446402068768619],[-77.67577286526397,-0.7442241376831407],[-77.6751040222182,-0.7434206855792818],[-77.67469136849482,-0.7428755180721937],[-77.67473458154136,-0.7422303278054584],[-77.67493447229042,-0.7415852569873523],[-77.67523415338314,-0.7408255544043504],[-77.67522038046091,-0.7401946597892556],[-77.67506423658268,-0.7394776272891703],[-77.67499364813757,-0.738631615245184],[-77.67509386505745,-0.737943453658693],[-77.67526498902119,-0.7376711547535177],[-77.67569258133712,-0.7372843426438845],[-77.67606397777014,-0.736932365795759],[-77.67619145479799,-0.7368115541252404],[-77.67643378616117,-0.7365536473637109],[-77.67673320740091,-0.736138061372608],[-77.67716084196223,-0.7356938947606029],[-77.67747469829497,-0.735020228851455],[-77.67774577073014,-0.73441822281747],[-77.67830141606362,-0.7342179018432528],[-77.6794127391561,-0.733774244976078],[-77.67993979231802,-0.733717285872868],[-77.68031029394062,-0.7334881496209463],[-77.68062387437459,-0.7331872780503508],[-77.68125084412158,-0.732843625240027],[-77.68176353924902,-0.7329443773766181],[-77.68267474765629,-0.7334612396875179],[-77.68310172759004,-0.7339060490372038],[-77.68344320296625,-0.734408148312058],[-77.68364213756587,-0.7350535250635104],[-77.68375547169512,-0.7358852378197559],[-77.68378366196652,-0.7362867345403795],[-77.68376879227633,-0.7371326897297773],[-77.6836826507871,-0.738050283247468],[-77.68361087973543,-0.7387958268580619],[-77.68353880882873,-0.7399428447251082],[-77.68366588169299,-0.7414484730799609],[-77.68387888376634,-0.7423232770415011],[-77.68408576575794,-0.7428450588973984],[-77.684191655566,-0.7431121265206481],[-77.68450458762773,-0.743685899811647],[-77.68480337147129,-0.7441306171585587],[-77.68517346005171,-0.7444606815655983],[-77.68594254291067,-0.744561633020795],[-77.68615181153382,-0.7444565010443538],[-77.68637001374245,-0.7443468805135623],[-77.68661231636746,-0.7441319867241745],[-77.6869686547093,-0.7438024725737893],[-77.68735363007768,-0.7432722399263366],[-77.68762468802849,-0.7426989063833516],[-77.687895883538,-0.7419391719636556],[-77.68803866246667,-0.7414804485625547],[-77.68821021533633,-0.7406346086467502],[-77.68869539480954,-0.7394305411431752],[-77.68913743823163,-0.7387713024135858],[-77.68947943585344,-0.7385708206876261],[-77.69006365030879,-0.7382701503092016],[-77.69080461001967,-0.7378835661016094],[-77.6911702398573,-0.7377407460981231],[-77.69157399290992,-0.7375830343531843],[-77.6918589525591,-0.7374685398137453],[-77.69217236788765,-0.73739708110542],[-77.69311264524754,-0.7371396917525025],[-77.6934547917803,-0.7367384682262619],[-77.69358346121697,-0.7360933299247043],[-77.69364077428915,-0.7356345381156971],[-77.693812258574,-0.7348747232535272],[-77.69415469943162,-0.7340720189832456],[-77.6944258051909,-0.7334269858605252],[-77.69565135723599,-0.7326249369184265],[-77.69623551020887,-0.7324102916426505],[-77.69723287945072,-0.7319952127200453],[-77.69798781133859,-0.7319814343523156],[-77.6983297143958,-0.7319099950549665],[-77.69904227242822,-0.7314086715385012],[-77.69949839950304,-0.7309645117335423],[-77.69995423321659,-0.7309218334531975],[-77.70053822993849,-0.7309222658451003],[-77.70096547174883,-0.7310229525538915],[-77.70126445654066,-0.7312095770755921],[-77.70180524050748,-0.7318695560270025],[-77.70220376449937,-0.7322856730822124],[-77.70302955228068,-0.7327738006174223],[-77.70351385457315,-0.7327598211041071],[-77.70434013656676,-0.7325740308798675],[-77.70461088537243,-0.7324165050967145],[-77.70508132174487,-0.7318863211229552],[-77.7055943230061,-0.731585588172544],[-77.70671997902492,-0.7310558865755542],[-77.70862912597705,-0.7304263915612438],[-77.70949801770391,-0.730412693975998],[-77.71003940388061,-0.7302553669774023],[-77.71109368723285,-0.7299406903670821],[-77.71164956727618,-0.7294392415405525],[-77.71246191244792,-0.7288376082605238],[-77.71350207823627,-0.7283508526495108],[-77.71455656225704,-0.7277637344779924],[-77.7157535482348,-0.7270906862023409],[-77.71676531161499,-0.7264891937771872],[-77.71772030529745,-0.7256008808686819],[-77.7181053501586,-0.7249702507024318],[-77.71923143689409,-0.7238526363572241],[-77.71957335697124,-0.7237668521959822],[-77.7199298613523,-0.7232078937339148],[-77.72034354757241,-0.7223621972757893],[-77.72055772278654,-0.7216454054070174],[-77.72107179329416,-0.7198534106558235],[-77.72134296429458,-0.7191079810789857],[-77.72195612539258,-0.7181763921318333],[-77.7223981423411,-0.7175457962504549],[-77.72274028708469,-0.7171445527076344],[-77.72346718527928,-0.7165141611115591],[-77.72436497275386,-0.7159412482847207],[-77.72507750563682,-0.7154829128710891],[-77.72569038997369,-0.714938471127309],[-77.72631730589356,-0.7146951576977584],[-77.72685865480311,-0.7145951734283117],[-77.7274428582588,-0.7143231506511186],[-77.72791307829546,-0.714094063699055],[-77.72836913545612,-0.7137502531897432],[-77.72864382711631,-0.7131898385983269],[-77.7288398724921,-0.7127898733783292],[-77.72901103614363,-0.7124601970966973],[-77.72908279314156,-0.7117002775211663],[-77.72912608144237,-0.7109116603336297],[-77.7291410422141,-0.7098935964209343],[-77.7291703367339,-0.70874649221037],[-77.72925635512635,-0.7079579042880987],[-77.72939908908256,-0.7075421725533679],[-77.72967007956935,-0.7070404974556439],[-77.73012652561614,-0.7061374591574267],[-77.7302124917493,-0.7054205663765091],[-77.72984268466077,-0.7046459939561383],[-77.7295010545382,-0.704315953321638],[-77.72870424124139,-0.703082230129291],[-77.72841987719231,-0.7023363988543131],[-77.72833496114292,-0.7015476905365812],[-77.72837818175577,-0.7008451067129003],[-77.72859242163915,-0.7000135926822333],[-77.72883501896966,-0.69936850476516],[-77.72900647561684,-0.6986086542944128],[-77.72903531112901,-0.6981068072339534],[-77.7289079961202,-0.6968305418178268],[-77.7284813054235,-0.6959125424930186],[-77.72819713415765,-0.6948799320815885],[-77.72797000740422,-0.6937469888248368],[-77.72772878400575,-0.6923989500442382],[-77.72753009381277,-0.6913377217906895],[-77.7274026238575,-0.6902765442419019],[-77.72714683872286,-0.6893873462601222],[-77.72699055484802,-0.6887993376764793],[-77.72660601347745,-0.6887273765052372],[-77.72654883158079,-0.6890284560175429],[-77.72639168632011,-0.6897022821024039],[-77.72626300905569,-0.6904048048161786],[-77.72612017477653,-0.690978267432474],[-77.72592051236049,-0.6913366036485015],[-77.72562102253818,-0.6918669400000974],[-77.72532138560288,-0.6926123598016338],[-77.72506468642429,-0.6930566904295383],[-77.72472225637296,-0.6938881143352571],[-77.72436579901301,-0.6944040695448876],[-77.72432256274237,-0.6951353287241752],[-77.72474951878274,-0.6956661702383518],[-77.72501977045287,-0.6962255804530042],[-77.72541815898835,-0.6968711155363848],[-77.72573101264612,-0.69761696317448],[-77.72573055602457,-0.698276558292465],[-77.72550227342835,-0.6988212805365673],[-77.72520299808511,-0.6990361550630854],[-77.72460463738878,-0.699193464168312],[-77.72426270963216,-0.6992935965665554],[-77.72426249067907,-0.6996090546728158],[-77.72434753671469,-0.700211352229921],[-77.72446126084328,-0.7005412295984329],[-77.72458932775974,-0.7007277264893991],[-77.72481691359576,-0.7011867350564492],[-77.72483071854374,-0.7018176616658582],[-77.72480172094467,-0.7025489300078515],[-77.7241744512281,-0.7033084540707848],[-77.72381799848503,-0.7038100666032153],[-77.72276348606654,-0.7044545736647404],[-77.72179453863582,-0.7049557513852962],[-77.72099675096865,-0.7051272524232938],[-77.7202987924757,-0.7051267569767454],[-77.71944407010452,-0.7052408613158919],[-77.71801963853882,-0.7052828660683628],[-77.71709333594943,-0.7059131197219565],[-77.716950463244,-0.7065295901747134],[-77.71708249038244,-0.7068205604055858],[-77.71733445653949,-0.7073758587522586],[-77.71790361109292,-0.708236598957178],[-77.71874364478988,-0.7087533992816936],[-77.71965499012796,-0.709141201124399],[-77.72048083171839,-0.7095862980836538],[-77.72146338872837,-0.7099884908359678],[-77.72247432357067,-0.710548432844491],[-77.72291558680628,-0.7109789177157119],[-77.72327108184506,-0.7118395111332454],[-77.72311405244744,-0.7123269240210134],[-77.72255815666306,-0.7128570675484184],[-77.72197397667756,-0.7131004113658163],[-77.72133299339329,-0.7130999513607659],[-77.72020778262116,-0.7129987703447404],[-77.71955260726412,-0.7129266054555042],[-77.7191820891063,-0.7131701015808625],[-77.71913890966303,-0.7138009829052847],[-77.71915275680219,-0.7143602107246645],[-77.71872498717121,-0.7149908159131446],[-77.71788425224705,-0.7154633942165777],[-77.71748522539373,-0.7157355451291252],[-77.71684416297782,-0.7158497945413579],[-77.71610335130156,-0.7160213262272696],[-77.71556198727548,-0.7161499850296325],[-77.71492083305814,-0.7163932831305369],[-77.71486350950315,-0.7168807629882725],[-77.71517646841804,-0.7174545436912007],[-77.71558925795632,-0.7178563308697606],[-77.71571710548095,-0.7183439450905351],[-77.71573100092016,-0.718831476849411],[-77.71564497267103,-0.7196200528130278],[-77.71449023114187,-0.7209814062950847],[-77.71295129328823,-0.7217976007350293],[-77.711982517434,-0.7220549932984718],[-77.71072895579238,-0.7221831293835768],[-77.70883441916348,-0.722310796170926],[-77.7081079685399,-0.722324604705819],[-77.70716784998783,-0.722352595816699],[-77.70658385044801,-0.722352169351689],[-77.70561524562561,-0.7223801392630088],[-77.70498851457438,-0.7223796813566762],[-77.70430488187012,-0.722278811008648],[-77.70380637799951,-0.7222354306794876],[-77.703122662511,-0.722249269623811],[-77.70186919455382,-0.7222626918373379],[-77.7008721274801,-0.7222619626011902],[-77.69984665669901,-0.7221465034291775],[-77.69880706659977,-0.7218589698107063],[-77.69809507506139,-0.7215860147684818],[-77.69719764556432,-0.7216857292277941],[-77.69654220464186,-0.7220006980860318],[-77.6958437744952,-0.7226741006983151],[-77.69515949352677,-0.7234765595653105],[-77.69403347041172,-0.7245367861024663],[-77.69381952275197,-0.7249381084874004],[-77.69292157504574,-0.7257547449131109],[-77.69198102143015,-0.7263992853043838],[-77.69091229603907,-0.7270150526313722],[-77.69001440066869,-0.727759991834917],[-77.68958678701642,-0.7281754920461373],[-77.6891309688673,-0.7282038316347228],[-77.6884329979572,-0.7282463303356499],[-77.68790548007262,-0.7289341868103536],[-77.687577246413,-0.7297942515947584],[-77.68726334060854,-0.730539618057197],[-77.68696367695466,-0.731284995515897],[-77.68625130632955,-0.7315425571572074],[-77.68533971364906,-0.7315418786752576],[-77.68488405499959,-0.7313551402884323],[-77.68410083657307,-0.7311108037918438],[-77.68368793025199,-0.7308954207642],[-77.68320396421008,-0.7304649085008759],[-77.6828767404203,-0.7299484829192753],[-77.6828486423364,-0.7294179414878277],[-77.68293455532914,-0.7288014535856154],[-77.68309148626611,-0.7284574491116343],[-77.68331975108833,-0.7279557743702502],[-77.68323475106952,-0.727324821086844],[-77.68313528723127,-0.726994963943984],[-77.68282204370153,-0.7268370100011757],[-77.6825801226273,-0.7265357243676321],[-77.68246665576609,-0.7258760747969005],[-77.68238171736401,-0.725159092094319],[-77.68262465084855,-0.7240695539100768],[-77.6826397492254,-0.7228938163278968],[-77.68261197003831,-0.7219187852122829],[-77.68222779034211,-0.7213736441642083],[-77.68192864458898,-0.7214164394297435],[-77.6815295551735,-0.7217889441429769],[-77.68098804117172,-0.7221470053807191],[-77.68061754286946,-0.7223761461384715],[-77.6799477846663,-0.7228058037762884],[-77.67967685615797,-0.723221416436914],[-77.67959118663089,-0.7235081206135612],[-77.67941987775257,-0.7240385129734893],[-77.67939104605783,-0.7245116571053658],[-77.67916261716674,-0.7252427442669256],[-77.67892004806063,-0.7258304365907969],[-77.67823579472969,-0.7266042002722024],[-77.67749502798738,-0.7267470342468684],[-77.67658355020257,-0.7266029757389609],[-77.67595703724726,-0.7263300832524692],[-77.67553579565555,-0.7258307985966949],[-77.67532936511024,-0.7256944317637293],[-77.67461739153462,-0.7254214767432475],[-77.67426138922822,-0.7253065071442939],[-77.67372021762183,-0.7251985691495223],[-77.67321468578776,-0.7250476438197561],[-77.67288720310981,-0.7248896799534458],[-77.67216097751218,-0.7246310543739454],[-77.67186906650296,-0.7245233012506487],[-77.67146319296101,-0.7244369715710417],[-77.67132069035574,-0.7245300639320675],[-77.67123902656932,-0.7246966616644398],[-77.67108532339557,-0.7250102206166451],[-77.67108514514747,-0.7252539707347063],[-77.67114198748979,-0.7254332398837567],[-77.67139104223033,-0.7257130207917083],[-77.671771557016,-0.7259864758262541],[-77.67286907065947,-0.7265548458763178],[-77.67378869653123,-0.7269139841451563],[-77.67420393247372,-0.7271831350624239],[-77.67426301748844,-0.7275416359153177],[-77.67396595043584,-0.7279894863420392],[-77.67384719021237,-0.7280790122721855],[-77.67331295156494,-0.728227972000487],[-77.67271934359465,-0.7284067587004477],[-77.67233345249329,-0.7285856988080218],[-77.67188808309218,-0.7289438234161241],[-77.6712941022063,-0.7296304214744166],[-77.67072977278605,-0.7303469111553679],[-77.67034346438996,-0.7310934051689411],[-77.66980297420123,-0.7316725038605295],[-77.6693038026132,-0.7325563191297719],[-77.6691846482123,-0.7331775517258797],[-77.66894646214578,-0.7342527382508366],[-77.66892181973138,-0.7354714655594834],[-77.66930127081821,-0.735973587790682],[-77.669941531977,-0.7369060539430776],[-77.67039209324898,-0.737551612625383],[-77.67065258203576,-0.738412102203812],[-77.67060424879008,-0.7395591226719499],[-77.67046111915238,-0.7404909984469733],[-77.6700091665223,-0.7417094043971588],[-77.66967612161307,-0.7426411350754377],[-77.66962812474009,-0.743334111618088],[-77.66960363191825,-0.7443377679198676],[-77.66972193227608,-0.7448635916703847],[-77.66962641956692,-0.7456043261303212],[-77.66960208641854,-0.74639290897178],[-77.66943526541502,-0.7472530737793794],[-77.66936347062823,-0.7480177225668705],[-77.66922051325122,-0.7487106259123205],[-77.66902993245183,-0.7495946693019131],[-77.66860185151958,-0.7506219107488892],[-77.66831645729293,-0.7513147036924123],[-77.66786447249255,-0.7525569991987674],[-77.66767397895957,-0.7533215548585521],[-77.66753043528077,-0.7547791579043572],[-77.66774375850375,-0.7552094679206415],[-77.6681231824638,-0.7557354947795532],[-77.66809886010996,-0.7565001786109097],[-77.667623749883,-0.7569299561970589],[-77.66712497398689,-0.7572641276919763],[-77.66674485688651,-0.757646183947216],[-77.66634085375671,-0.7582193966544996],[-77.66622160925226,-0.7589362121377963],[-77.66614998915398,-0.7594618882897335],[-77.66624423046083,-0.7603939414330876],[-77.66657626483352,-0.7608004480103828],[-77.66726433043972,-0.761278921921636],[-77.66795258107196,-0.7615184276830729],[-77.6688544094701,-0.7618536884027133],[-77.6698036629929,-0.7622606764824411],[-77.67103729051937,-0.7633131073523313],[-77.67191521729404,-0.7638634245888704],[-77.67286403171528,-0.7648439455164314],[-77.67336213189246,-0.7653939678992182],[-77.673907581766,-0.7661113078404701],[-77.67440564513552,-0.7667091248433832],[-77.67473738540018,-0.7674979899726184],[-77.67478440212133,-0.7680954553634501],[-77.67502136988237,-0.7686452744737602],[-77.67554337533454,-0.7689802446017713],[-77.67646854289356,-0.7698412687937344],[-77.67706169371138,-0.7702718840166378],[-77.677630993653,-0.7708458638353036],[-77.67853294267465,-0.7710377505347942],[-77.6793162880575,-0.7711100578882522],[-77.67957747717173,-0.7710385715965387],[-77.68043200455938,-0.7711587295082339],[-77.68088268327546,-0.771637029461168],[-77.68119105532126,-0.7719479365951454],[-77.68190286928046,-0.772426441761854],[-77.68240141729315,-0.7724029370205546],[-77.6829477044128,-0.7720449066117617],[-77.68328053917519,-0.7714238375501191],[-77.68351843444881,-0.7707787965432917],[-77.68406475829205,-0.7703729697891973],[-77.68468230067556,-0.769967199225158],[-77.68518151453415,-0.7690833865903085],[-77.68556195604029,-0.7682950710453011],[-77.68629887721858,-0.7670051867727682],[-77.68746320128758,-0.7655961459965819],[-77.68746455834881,-0.7638277362145087],[-77.68756066992557,-0.7623222723766833],[-77.6875850851499,-0.7614380862189302],[-77.68791829634779,-0.7603151641920926],[-77.68822753031458,-0.7595028897977201],[-77.68858424297,-0.7586906505830661],[-77.68887000878458,-0.7575198947111002],[-77.68882307391851,-0.7568029349353653],[-77.68877626541293,-0.7559186927572492],[-77.68865809277233,-0.7552255746505031],[-77.68865921415735,-0.7537439324205378],[-77.68868380287415,-0.7526207703498657],[-77.68816268611022,-0.7510909350656838],[-77.68768881405103,-0.7498718032064459],[-77.6867405090892,-0.7481743625316399],[-77.68569676177542,-0.7471220826626439],[-77.68484258993882,-0.7465239994648417],[-77.68427341724322,-0.7457588508276307],[-77.6835146870834,-0.744515613000269],[-77.68280327373972,-0.7434874891856447],[-77.68204447136078,-0.7423398433957354],[-77.68111963564981,-0.7410008965600227],[-77.68098456831362,-0.7404416155440416],[-77.68088297201645,-0.7400209292366977],[-77.68074098001948,-0.7394233899341078],[-77.68107359709155,-0.7390651810685523],[-77.68128762311007,-0.738563499229876],[-77.68131177092822,-0.7380138796024787],[-77.68128836787277,-0.7375598137937218],[-77.68152634537262,-0.7367713816035374],[-77.68157442563226,-0.7359589096954636],[-77.6813137532175,-0.7353373847207682],[-77.68086272404297,-0.7353131498750782],[-77.68053023329291,-0.7355040788452549],[-77.68007902857065,-0.7357188155630021],[-77.679556640861,-0.7358857048396676],[-77.67891559344588,-0.736004710161551],[-77.67851174303811,-0.7363867625066172],[-77.67825054104304,-0.7364821556499402],[-77.67813134877879,-0.7371511873783371],[-77.67789360185232,-0.7376289530556733],[-77.67762553309736,-0.7380544672469858],[-77.67718083954384,-0.7384170243224648],[-77.6769194420939,-0.7387752853675252],[-77.67694286183473,-0.7392054523819365],[-77.67701372351414,-0.739683448886685],[-77.67706059589439,-0.7404959885029831],[-77.67710768247935,-0.7410217626695791],[-77.67720176559429,-0.7421927961939375],[-77.67739117918183,-0.742862061222833],[-77.67748536673999,-0.7438897115283394],[-77.67736624179794,-0.7444631544676271],[-77.67700959769225,-0.7452036964141979],[-77.67679565724936,-0.7455858884977739],[-77.67646975845095,-0.7458882608380301]],[[-77.73322377252983,-0.720059079996983],[-77.73272499336917,-0.7203813498198968],[-77.73243974984352,-0.7208830135878604],[-77.73215432775767,-0.7216356104300355],[-77.7314412431188,-0.7228539171911019],[-77.73090669847535,-0.723391245768046],[-77.73026534827964,-0.7238926480047193],[-77.72930375948674,-0.7240353405420044],[-77.72841349625982,-0.7240346932737818],[-77.72780811728958,-0.7240342530308935],[-77.72702460896807,-0.7241412252481361],[-77.7260271298543,-0.7246782130771923],[-77.72567043224403,-0.7255024465488193],[-77.72481513638908,-0.7263980111133391],[-77.72417383924021,-0.726827712663707],[-77.72360352989172,-0.7275800925464988],[-77.72274841461548,-0.7282247202535037],[-77.72217833721034,-0.7286544716508192],[-77.72121644371126,-0.7292273251292191],[-77.72061073072419,-0.7296928957557827],[-77.72000491372683,-0.7303018556387606],[-77.71971938045013,-0.7311978285169962],[-77.71964771706043,-0.7318071804766093],[-77.7195400250069,-0.7329900627255284],[-77.7194683082216,-0.7336711089009792],[-77.71893368395554,-0.7343159658295461],[-77.71825708902992,-0.7343154653572925],[-77.71686831616687,-0.7342785901612761],[-77.71572886865094,-0.7341702058779221],[-77.71458942338525,-0.7340618206477147],[-77.71291580205857,-0.7339888872536414],[-77.71209658709326,-0.7342392097694408],[-77.71084984370452,-0.7347759901877825],[-77.70928248064519,-0.7354917665207403],[-77.70839204816399,-0.7357420332538579],[-77.70817786292282,-0.736458812660597],[-77.70792827765892,-0.7368887898068232],[-77.70725129448348,-0.7374259881798657],[-77.70628943218131,-0.7379629740597055],[-77.70611114525413,-0.7382854623789568],[-77.70614627992856,-0.7389307322397217],[-77.70628842824613,-0.7393251534030582],[-77.7068222856127,-0.7397198676177642],[-77.70728497557535,-0.7400428362374255],[-77.70746260165389,-0.7406165190571196],[-77.7071420332564,-0.7407238199394253],[-77.70586018357609,-0.7405794720265176],[-77.70500546791833,-0.7406863724759953],[-77.70358062530786,-0.7412946995723051],[-77.70301039137392,-0.741939512453272],[-77.70322341167328,-0.7427999940984852],[-77.70382835258886,-0.7433739966615591],[-77.70450430018786,-0.7442348278507225],[-77.70471699919146,-0.7455254724595994],[-77.70478744545767,-0.7465650826678836],[-77.70507160210985,-0.7475331611737255],[-77.70524763996393,-0.74832657584807],[-77.70567603360723,-0.7487882566591547],[-77.7062456849629,-0.7489320750693121],[-77.70727853437681,-0.7487177762326036],[-77.70756370887523,-0.7483236756876204],[-77.70774207981275,-0.7478936477914148],[-77.70838340666425,-0.7474281230228219],[-77.70945250837943,-0.7463535219125298],[-77.7100231213581,-0.7452068483126658],[-77.71016667826395,-0.7437013832971496],[-77.71055931737399,-0.7424470325596424],[-77.71145044338844,-0.7412647486306189],[-77.71191345407158,-0.7411575546083786],[-77.71301731320779,-0.7412300743073572],[-77.71315925138107,-0.7419112752304513],[-77.71315866849143,-0.7426999101709891],[-77.71319388032721,-0.7432376432536552],[-77.71330010051565,-0.7440622058725388],[-77.71322805647989,-0.7451734117824764],[-77.71315651705706,-0.745603523151027],[-77.71251502800202,-0.7462841348206487],[-77.71208717324025,-0.7470007540168268],[-77.71197967632317,-0.7478968487797653],[-77.71226415616633,-0.7484347697050414],[-77.7127979078687,-0.7489728793237972],[-77.71383030939346,-0.7493679774270958],[-77.7145422726253,-0.7496911396660714],[-77.71493307582983,-0.7509102387324046],[-77.71454063865347,-0.7518778147027542],[-77.71418354335891,-0.7532038872807084],[-77.71457485264912,-0.7537418919825852],[-77.71553598115649,-0.7542086353470221],[-77.71706709126336,-0.7543890356468238],[-77.71756558262692,-0.754461108961495],[-77.71813524113311,-0.7546049316929297],[-77.71934615722002,-0.7543907677354433],[-77.7202367407044,-0.7539612760377418],[-77.72094919242512,-0.7536391906323935],[-77.72166164355144,-0.7533171046463172],[-77.72237420307334,-0.7528516278464727],[-77.72333595545918,-0.7524938823739658],[-77.72419077030595,-0.7522794438855014],[-77.72472533099497,-0.7517421353168994],[-77.7259012565798,-0.7507034456635278],[-77.72682745403021,-0.7502739733194062],[-77.72807484142439,-0.7489127035529607],[-77.72896572080494,-0.748088876736331],[-77.72914430579844,-0.7473720580264954],[-77.72886000333853,-0.7465831959419117],[-77.72903864018515,-0.7457946809868448],[-77.7293239235433,-0.7452571800978326],[-77.72886146004197,-0.7446115756488213],[-77.7283987858834,-0.7442527530639738],[-77.72765135839343,-0.7437144807159153],[-77.72697507322557,-0.7432838042777636],[-77.7261920356477,-0.7427455056969419],[-77.72597876757517,-0.7422076328807541],[-77.72661973247604,-0.7422439589236081],[-77.7273315749815,-0.7427463561539254],[-77.72836386187181,-0.7433206883348683],[-77.72936093484475,-0.7433572806214376],[-77.73042925748878,-0.7433580778192268],[-77.73156874905789,-0.7434306232081186],[-77.73192390663073,-0.7447214079443698],[-77.7319587773077,-0.7457251713781305],[-77.73220755006591,-0.7464064652881898],[-77.73281245783551,-0.747052179106706],[-77.73384506688991,-0.7471963437355282],[-77.73544782381082,-0.746839065014847],[-77.73566162243611,-0.7466599854118652],[-77.73623158307103,-0.7464094764024934],[-77.73719345063884,-0.7459083242804287],[-77.73765686894633,-0.7452634073045585],[-77.73829881766463,-0.7439733582959968],[-77.73897611224322,-0.7430418142253973],[-77.74011729467448,-0.7408200828657926],[-77.74122262651925,-0.738920952374946],[-77.74161515923467,-0.7378099508116884],[-77.74158017395163,-0.7369495700970607],[-77.74083343558317,-0.7354434000908856],[-77.74012199467097,-0.7343674340471004],[-77.73973055967757,-0.7339728181465116],[-77.73951795847975,-0.7325028919612293],[-77.73948283966266,-0.7318217534146491],[-77.73948338353021,-0.7310689450704746],[-77.73927002774776,-0.730638612485423],[-77.73877196579814,-0.7299571358857555],[-77.73880796474705,-0.7294194416357511],[-77.73944914231623,-0.7291689735534923],[-77.73977018360314,-0.7284163988832847],[-77.73952157702603,-0.7274841685468897],[-77.73895221330228,-0.7269101858013965],[-77.73905997219197,-0.7256197350809865],[-77.73970137951359,-0.7250466323594857],[-77.73995134866422,-0.7240789157984782],[-77.73945312887292,-0.7236125306790262],[-77.73881238907744,-0.7232535861853814],[-77.73863459060877,-0.7228949771301703],[-77.73895539555444,-0.7224650329588175],[-77.73916957282061,-0.721748226835371],[-77.73902774167226,-0.7208877725275448],[-77.738921317987,-0.7203141266909994],[-77.73881466366274,-0.720063113694666],[-77.73831611169201,-0.7200627542813289],[-77.73781748343917,-0.720169938946566],[-77.73703399408039,-0.7202410696045043],[-77.73617933494639,-0.7202404529452833],[-77.73532480419937,-0.7200605966518934],[-77.73461287083921,-0.7196657566222198],[-77.73414995671416,-0.7196295744237479],[-77.73322377252983,-0.720059079996983]],[[-77.70772609614002,-0.7142469407728063],[-77.70911250213285,-0.7142479413668031],[-77.71065115753728,-0.7138093283584422],[-77.71131603758244,-0.713580387014938],[-77.71213319313706,-0.7128735929655085],[-77.71243763344134,-0.7120708383321511],[-77.71243812129467,-0.7113825745006009],[-77.71251452238704,-0.7107708390195928],[-77.7129897933182,-0.7101020349581507],[-77.71333190509702,-0.709739028958318],[-77.71376915241122,-0.7091275509368514],[-77.71388358946103,-0.7084393685127944],[-77.71356102313075,-0.7080185315062886],[-77.71276360463521,-0.7076738305324652],[-77.71192818988793,-0.7073482206337673],[-77.7113206645411,-0.7070418915776366],[-77.71075111035842,-0.706754709484929],[-77.70991581844953,-0.7062570346807504],[-77.70946014860066,-0.7060655258970092],[-77.7088336729665,-0.7057018304632718],[-77.70878305518046,-0.7056767397272267],[-77.70782713375729,-0.7056628754730845],[-77.70697238129219,-0.7058343313573003],[-77.70609852967182,-0.7061587190679407],[-77.70594633909748,-0.7065218579058462],[-77.70583217293026,-0.7068276689920842],[-77.70562269645649,-0.7076304883176295],[-77.70535646032948,-0.7081273741178482],[-77.70482424534178,-0.7087578961478093],[-77.70474785862783,-0.7093505083649393],[-77.70459547722422,-0.7099813021039469],[-77.70431026149758,-0.7104590545056405],[-77.70391110969794,-0.7109176061178735],[-77.70358759798458,-0.7118350501602622],[-77.7037960307763,-0.7125043399360387],[-77.70434628904299,-0.7132121128171519],[-77.70489675071158,-0.7136331127614389],[-77.70614997832926,-0.7139590285824582],[-77.7068715314334,-0.7141507326509688],[-77.70772609614002,-0.7142469407728063]]]},"properties":{"OBJECTID":4889,"SHAPE.AREA":58083105.218844,"SHAPE.LEN":235574.2191032,"LIT":"Asociaciones litológicas de tobas volcánicas, tobas riolíticas, brecha volcánica de composición andesítica a dacítica","TXT_12__15":" ","COD_OK":"12.9","ENT_GEOL":"Formación Misahuallí","INT_ECO":"Arcillas, Caolines, Materiales de construcción","LITOLOGIA":"Consiste en basaltos, andesitas y traquitas no deformadas verdes a grises oscuras o púrpuras con tobas verdosas, brechas tobáceas violetas a rosadas, aglomerados, lutitas rojas, areniscas y conglomerados (Litherland et al., 1994)."}},{"type":"Feature","id":7279,"geometry":{"type":"Polygon","coordinates":[[[-77.68351843444881,-0.7707787965432917],[-77.68328053917519,-0.7714238375501191],[-77.6829477044128,-0.7720449066117617],[-77.68240141729315,-0.7724029370205546],[-77.68190286928046,-0.772426441761854],[-77.68119105532126,-0.7719479365951454],[-77.68088268327546,-0.771637029461168],[-77.68043200455938,-0.7711587295082339],[-77.67957747717173,-0.7710385715965387],[-77.6793162880575,-0.7711100578882522],[-77.67853294267465,-0.7710377505347942],[-77.677630993653,-0.7708458638353036],[-77.67706169371138,-0.7702718840166378],[-77.67646854289356,-0.7698412687937344],[-77.67554337533454,-0.7689802446017713],[-77.67502136988237,-0.7686452744737602],[-77.67478440212133,-0.7680954553634501],[-77.67473738540018,-0.7674979899726184],[-77.67440564513552,-0.7667091248433832],[-77.673907581766,-0.7661113078404701],[-77.67336213189246,-0.7653939678992182],[-77.67286403171528,-0.7648439455164314],[-77.67191521729404,-0.7638634245888704],[-77.67103729051937,-0.7633131073523313],[-77.6698036629929,-0.7622606764824411],[-77.6688544094701,-0.7618536884027133],[-77.66795258107196,-0.7615184276830729],[-77.66726433043972,-0.761278921921636],[-77.66657626483352,-0.7608004480103828],[-77.66624423046083,-0.7603939414330876],[-77.66614998915398,-0.7594618882897335],[-77.66622160925226,-0.7589362121377963],[-77.66634085375671,-0.7582193966544996],[-77.66674485688651,-0.757646183947216],[-77.66712497398689,-0.7572641276919763],[-77.667623749883,-0.7569299561970589],[-77.66809886010996,-0.7565001786109097],[-77.6681231824638,-0.7557354947795532],[-77.66774375850375,-0.7552094679206415],[-77.66753043528077,-0.7547791579043572],[-77.66767397895957,-0.7533215548585521],[-77.66786447249255,-0.7525569991987674],[-77.66831645729293,-0.7513147036924123],[-77.66860185151958,-0.7506219107488892],[-77.66902993245183,-0.7495946693019131],[-77.66922051325122,-0.7487106259123205],[-77.66936347062823,-0.7480177225668705],[-77.66943526541502,-0.7472530737793794],[-77.66960208641854,-0.74639290897178],[-77.66962641956692,-0.7456043261303212],[-77.66972193227608,-0.7448635916703847],[-77.66960363191825,-0.7443377679198676],[-77.66962812474009,-0.743334111618088],[-77.66967612161307,-0.7426411350754377],[-77.6700091665223,-0.7417094043971588],[-77.67046111915238,-0.7404909984469733],[-77.67060424879008,-0.7395591226719499],[-77.67065258203576,-0.738412102203812],[-77.67039209324898,-0.737551612625383],[-77.669941531977,-0.7369060539430776],[-77.66930127081821,-0.735973587790682],[-77.66892181973138,-0.7354714655594834],[-77.66894646214578,-0.7342527382508366],[-77.6691846482123,-0.7331775517258797],[-77.6693038026132,-0.7325563191297719],[-77.66980297420123,-0.7316725038605295],[-77.67034346438996,-0.7310934051689411],[-77.67072977278605,-0.7303469111553679],[-77.6712941022063,-0.7296304214744166],[-77.67188808309218,-0.7289438234161241],[-77.67233345249329,-0.7285856988080218],[-77.67271934359465,-0.7284067587004477],[-77.67331295156494,-0.728227972000487],[-77.67384719021237,-0.7280790122721855],[-77.67396595043584,-0.7279894863420392],[-77.67426301748844,-0.7275416359153177],[-77.67420393247372,-0.7271831350624239],[-77.67378869653123,-0.7269139841451563],[-77.67286907065947,-0.7265548458763178],[-77.671771557016,-0.7259864758262541],[-77.67139104223033,-0.7257130207917083],[-77.67114198748979,-0.7254332398837567],[-77.67108514514747,-0.7252539707347063],[-77.67108532339557,-0.7250102206166451],[-77.67123902656932,-0.7246966616644398],[-77.67132069035574,-0.7245300639320675],[-77.67146319296101,-0.7244369715710417],[-77.67186906650296,-0.7245233012506487],[-77.67216097751218,-0.7246310543739454],[-77.67288720310981,-0.7248896799534458],[-77.67321468578776,-0.7250476438197561],[-77.67372021762183,-0.7251985691495223],[-77.67426138922822,-0.7253065071442939],[-77.67461739153462,-0.7254214767432475],[-77.67532936511024,-0.7256944317637293],[-77.67553579565555,-0.7258307985966949],[-77.67595703724726,-0.7263300832524692],[-77.67658355020257,-0.7266029757389609],[-77.67749502798738,-0.7267470342468684],[-77.67823579472969,-0.7266042002722024],[-77.67892004806063,-0.7258304365907969],[-77.67916261716674,-0.7252427442669256],[-77.67939104605783,-0.7245116571053658],[-77.67941987775257,-0.7240385129734893],[-77.67959118663089,-0.7235081206135612],[-77.67967685615797,-0.723221416436914],[-77.6799477846663,-0.7228058037762884],[-77.68061754286946,-0.7223761461384715],[-77.68098804117172,-0.7221470053807191],[-77.6815295551735,-0.7217889441429769],[-77.68192864458898,-0.7214164394297435],[-77.68222779034211,-0.7213736441642083],[-77.68261197003831,-0.7219187852122829],[-77.6826397492254,-0.7228938163278968],[-77.68262465084855,-0.7240695539100768],[-77.68238171736401,-0.725159092094319],[-77.68246665576609,-0.7258760747969005],[-77.6825801226273,-0.7265357243676321],[-77.68282204370153,-0.7268370100011757],[-77.68313528723127,-0.726994963943984],[-77.68323475106952,-0.727324821086844],[-77.68331975108833,-0.7279557743702502],[-77.68309148626611,-0.7284574491116343],[-77.68293455532914,-0.7288014535856154],[-77.6828486423364,-0.7294179414878277],[-77.6828767404203,-0.7299484829192753],[-77.68320396421008,-0.7304649085008759],[-77.68368793025199,-0.7308954207642],[-77.68410083657307,-0.7311108037918438],[-77.68488405499959,-0.7313551402884323],[-77.68533971364906,-0.7315418786752576],[-77.68625130632955,-0.7315425571572074],[-77.68696367695466,-0.731284995515897],[-77.68726334060854,-0.730539618057197],[-77.687577246413,-0.7297942515947584],[-77.68790548007262,-0.7289341868103536],[-77.6884329979572,-0.7282463303356499],[-77.6891309688673,-0.7282038316347228],[-77.68958678701642,-0.7281754920461373],[-77.69001440066869,-0.727759991834917],[-77.69091229603907,-0.7270150526313722],[-77.69198102143015,-0.7263992853043838],[-77.69292157504574,-0.7257547449131109],[-77.69381952275197,-0.7249381084874004],[-77.69403347041172,-0.7245367861024663],[-77.69515949352677,-0.7234765595653105],[-77.6958437744952,-0.7226741006983151],[-77.69654220464186,-0.7220006980860318],[-77.69719764556432,-0.7216857292277941],[-77.69809507506139,-0.7215860147684818],[-77.69880706659977,-0.7218589698107063],[-77.69984665669901,-0.7221465034291775],[-77.7008721274801,-0.7222619626011902],[-77.70186919455382,-0.7222626918373379],[-77.703122662511,-0.722249269623811],[-77.70380637799951,-0.7222354306794876],[-77.70430488187012,-0.722278811008648],[-77.70498851457438,-0.7223796813566762],[-77.70561524562561,-0.7223801392630088],[-77.70658385044801,-0.722352169351689],[-77.70716784998783,-0.722352595816699],[-77.7081079685399,-0.722324604705819],[-77.70883441916348,-0.722310796170926],[-77.71072895579238,-0.7221831293835768],[-77.711982517434,-0.7220549932984718],[-77.71295129328823,-0.7217976007350293],[-77.71449023114187,-0.7209814062950847],[-77.71564497267103,-0.7196200528130278],[-77.71573100092016,-0.718831476849411],[-77.71571710548095,-0.7183439450905351],[-77.71558925795632,-0.7178563308697606],[-77.71517646841804,-0.7174545436912007],[-77.71486350950315,-0.7168807629882725],[-77.71492083305814,-0.7163932831305369],[-77.71556198727548,-0.7161499850296325],[-77.71610335130156,-0.7160213262272696],[-77.71684416297782,-0.7158497945413579],[-77.71748522539373,-0.7157355451291252],[-77.71788425224705,-0.7154633942165777],[-77.71872498717121,-0.7149908159131446],[-77.71915275680219,-0.7143602107246645],[-77.71913890966303,-0.7138009829052847],[-77.7191820891063,-0.7131701015808625],[-77.71955260726412,-0.7129266054555042],[-77.72020778262116,-0.7129987703447404],[-77.72133299339329,-0.7130999513607659],[-77.72197397667756,-0.7131004113658163],[-77.72255815666306,-0.7128570675484184],[-77.72311405244744,-0.7123269240210134],[-77.72327108184506,-0.7118395111332454],[-77.72291558680628,-0.7109789177157119],[-77.72247432357067,-0.710548432844491],[-77.72146338872837,-0.7099884908359678],[-77.72048083171839,-0.7095862980836538],[-77.71965499012796,-0.709141201124399],[-77.71874364478988,-0.7087533992816936],[-77.71790361109292,-0.708236598957178],[-77.71733445653949,-0.7073758587522586],[-77.71708249038244,-0.7068205604055858],[-77.716950463244,-0.7065295901747134],[-77.71709333594943,-0.7059131197219565],[-77.71801963853882,-0.7052828660683628],[-77.71944407010452,-0.7052408613158919],[-77.7202987924757,-0.7051267569767454],[-77.72099675096865,-0.7051272524232938],[-77.72179453863582,-0.7049557513852962],[-77.72276348606654,-0.7044545736647404],[-77.72381799848503,-0.7038100666032153],[-77.7241744512281,-0.7033084540707848],[-77.72480172094467,-0.7025489300078515],[-77.72483071854374,-0.7018176616658582],[-77.72481691359576,-0.7011867350564492],[-77.72458932775974,-0.7007277264893991],[-77.72446126084328,-0.7005412295984329],[-77.72434753671469,-0.700211352229921],[-77.72426249067907,-0.6996090546728158],[-77.72426270963216,-0.6992935965665554],[-77.72460463738878,-0.699193464168312],[-77.72520299808511,-0.6990361550630854],[-77.72550227342835,-0.6988212805365673],[-77.72573055602457,-0.698276558292465],[-77.72573101264612,-0.69761696317448],[-77.72541815898835,-0.6968711155363848],[-77.72501977045287,-0.6962255804530042],[-77.72474951878274,-0.6956661702383518],[-77.72432256274237,-0.6951353287241752],[-77.72436579901301,-0.6944040695448876],[-77.72472225637296,-0.6938881143352571],[-77.72506468642429,-0.6930566904295383],[-77.72532138560288,-0.6926123598016338],[-77.72562102253818,-0.6918669400000974],[-77.72592051236049,-0.6913366036485015],[-77.72612017477653,-0.690978267432474],[-77.72626300905569,-0.6904048048161786],[-77.72639168632011,-0.6897022821024039],[-77.72654883158079,-0.6890284560175429],[-77.72660601347745,-0.6887273765052372],[-77.72699055484802,-0.6887993376764793],[-77.72714683872286,-0.6893873462601222],[-77.7274026238575,-0.6902765442419019],[-77.72753009381277,-0.6913377217906895],[-77.72772878400575,-0.6923989500442382],[-77.72797000740422,-0.6937469888248368],[-77.72819713415765,-0.6948799320815885],[-77.7284813054235,-0.6959125424930186],[-77.7289079961202,-0.6968305418178268],[-77.72903531112901,-0.6981068072339534],[-77.72900647561684,-0.6986086542944128],[-77.72883501896966,-0.69936850476516],[-77.72859242163915,-0.7000135926822333],[-77.72837818175577,-0.7008451067129003],[-77.72833496114292,-0.7015476905365812],[-77.72841987719231,-0.7023363988543131],[-77.72870424124139,-0.703082230129291],[-77.7295010545382,-0.704315953321638],[-77.72984268466077,-0.7046459939561383],[-77.7302124917493,-0.7054205663765091],[-77.73012652561614,-0.7061374591574267],[-77.72967007956935,-0.7070404974556439],[-77.72939908908256,-0.7075421725533679],[-77.72925635512635,-0.7079579042880987],[-77.7291703367339,-0.70874649221037],[-77.7291410422141,-0.7098935964209343],[-77.72912608144237,-0.7109116603336297],[-77.72908279314156,-0.7117002775211663],[-77.72901103614363,-0.7124601970966973],[-77.7288398724921,-0.7127898733783292],[-77.72864382711631,-0.7131898385983269],[-77.72836913545612,-0.7137502531897432],[-77.72791307829546,-0.714094063699055],[-77.7274428582588,-0.7143231506511186],[-77.72685865480311,-0.7145951734283117],[-77.72631730589356,-0.7146951576977584],[-77.72569038997369,-0.714938471127309],[-77.72507750563682,-0.7154829128710891],[-77.72436497275386,-0.7159412482847207],[-77.72346718527928,-0.7165141611115591],[-77.72274028708469,-0.7171445527076344],[-77.7223981423411,-0.7175457962504549],[-77.72195612539258,-0.7181763921318333],[-77.72134296429458,-0.7191079810789857],[-77.72107179329416,-0.7198534106558235],[-77.72055772278654,-0.7216454054070174],[-77.72034354757241,-0.7223621972757893],[-77.7199298613523,-0.7232078937339148],[-77.71957335697124,-0.7237668521959822],[-77.71923143689409,-0.7238526363572241],[-77.7181053501586,-0.7249702507024318],[-77.71772030529745,-0.7256008808686819],[-77.71676531161499,-0.7264891937771872],[-77.7157535482348,-0.7270906862023409],[-77.71455656225704,-0.7277637344779924],[-77.71350207823627,-0.7283508526495108],[-77.71246191244792,-0.7288376082605238],[-77.71164956727618,-0.7294392415405525],[-77.71109368723285,-0.7299406903670821],[-77.71003940388061,-0.7302553669774023],[-77.70949801770391,-0.730412693975998],[-77.70862912597705,-0.7304263915612438],[-77.70671997902492,-0.7310558865755542],[-77.7055943230061,-0.731585588172544],[-77.70508132174487,-0.7318863211229552],[-77.70461088537243,-0.7324165050967145],[-77.70434013656676,-0.7325740308798675],[-77.70351385457315,-0.7327598211041071],[-77.70302955228068,-0.7327738006174223],[-77.70220376449937,-0.7322856730822124],[-77.70180524050748,-0.7318695560270025],[-77.70126445654066,-0.7312095770755921],[-77.70096547174883,-0.7310229525538915],[-77.70053822993849,-0.7309222658451003],[-77.69995423321659,-0.7309218334531975],[-77.69949839950304,-0.7309645117335423],[-77.69904227242822,-0.7314086715385012],[-77.6983297143958,-0.7319099950549665],[-77.69798781133859,-0.7319814343523156],[-77.69723287945072,-0.7319952127200453],[-77.69623551020887,-0.7324102916426505],[-77.69565135723599,-0.7326249369184265],[-77.6944258051909,-0.7334269858605252],[-77.69415469943162,-0.7340720189832456],[-77.693812258574,-0.7348747232535272],[-77.69364077428915,-0.7356345381156971],[-77.69358346121697,-0.7360933299247043],[-77.6934547917803,-0.7367384682262619],[-77.69311264524754,-0.7371396917525025],[-77.69217236788765,-0.73739708110542],[-77.6918589525591,-0.7374685398137453],[-77.69157399290992,-0.7375830343531843],[-77.6911702398573,-0.7377407460981231],[-77.69080461001967,-0.7378835661016094],[-77.69006365030879,-0.7382701503092016],[-77.68947943585344,-0.7385708206876261],[-77.68913743823163,-0.7387713024135858],[-77.68869539480954,-0.7394305411431752],[-77.68821021533633,-0.7406346086467502],[-77.68803866246667,-0.7414804485625547],[-77.687895883538,-0.7419391719636556],[-77.68762468802849,-0.7426989063833516],[-77.68735363007768,-0.7432722399263366],[-77.6869686547093,-0.7438024725737893],[-77.68661231636746,-0.7441319867241745],[-77.68637001374245,-0.7443468805135623],[-77.68615181153382,-0.7444565010443538],[-77.68594254291067,-0.744561633020795],[-77.68517346005171,-0.7444606815655983],[-77.68480337147129,-0.7441306171585587],[-77.68450458762773,-0.743685899811647],[-77.684191655566,-0.7431121265206481],[-77.68408576575794,-0.7428450588973984],[-77.68387888376634,-0.7423232770415011],[-77.68366588169299,-0.7414484730799609],[-77.68353880882873,-0.7399428447251082],[-77.68361087973543,-0.7387958268580619],[-77.6836826507871,-0.738050283247468],[-77.68376879227633,-0.7371326897297773],[-77.68378366196652,-0.7362867345403795],[-77.68375547169512,-0.7358852378197559],[-77.68364213756587,-0.7350535250635104],[-77.68344320296625,-0.734408148312058],[-77.68310172759004,-0.7339060490372038],[-77.68267474765629,-0.7334612396875179],[-77.68176353924902,-0.7329443773766181],[-77.68125084412158,-0.732843625240027],[-77.68062387437459,-0.7331872780503508],[-77.68031029394062,-0.7334881496209463],[-77.67993979231802,-0.733717285872868],[-77.6794127391561,-0.733774244976078],[-77.67830141606362,-0.7342179018432528],[-77.67774577073014,-0.73441822281747],[-77.67747469829497,-0.735020228851455],[-77.67716084196223,-0.7356938947606029],[-77.67673320740091,-0.736138061372608],[-77.67643378616117,-0.7365536473637109],[-77.67619145479799,-0.7368115541252404],[-77.67606397777014,-0.736932365795759],[-77.67569258133712,-0.7372843426438845],[-77.67526498902119,-0.7376711547535177],[-77.67509386505745,-0.737943453658693],[-77.67499364813757,-0.738631615245184],[-77.67506423658268,-0.7394776272891703],[-77.67522038046091,-0.7401946597892556],[-77.67523415338314,-0.7408255544043504],[-77.67493447229042,-0.7415852569873523],[-77.67473458154136,-0.7422303278054584],[-77.67469136849482,-0.7428755180721937],[-77.6751040222182,-0.7434206855792818],[-77.67577286526397,-0.7442241376831407],[-77.67611439825102,-0.7446402068768619],[-77.67634211140796,-0.7448841314367266],[-77.67649862948215,-0.7450993245198412],[-77.67648413852692,-0.7454290947330665],[-77.67646975845095,-0.7458882608380301],[-77.67600397367214,-0.7462705073323742],[-77.67550512706978,-0.746700276149855],[-77.67507738996034,-0.7472734812445563],[-77.6746259137552,-0.7478466676724187],[-77.67398434374238,-0.7486586795052814],[-77.67374639275332,-0.7493993079106372],[-77.67343704313757,-0.750378852353197],[-77.67331778672867,-0.7511195709426122],[-77.67329370319857,-0.7515735978637175],[-77.67345947936661,-0.7520994608224629],[-77.67355398352835,-0.7526969612380793],[-77.67324461229106,-0.7537004011508183],[-77.67303052334036,-0.754273766222988],[-77.67264998762288,-0.7552054590649231],[-77.67279176717672,-0.756065863472448],[-77.67331339221165,-0.7569026650171887],[-77.674238638078,-0.7576680875457603],[-77.6749503950829,-0.7582182722669447],[-77.67528245310827,-0.7586008833685864],[-77.67573322494758,-0.758959689849301],[-77.67592295640362,-0.759198808502029],[-77.67604150669777,-0.7593900775508734],[-77.67608856502713,-0.7599397488507496],[-77.67596930135069,-0.7606804683274224],[-77.67594510459637,-0.7612778779173498],[-77.67606325129053,-0.7619948849114973],[-77.67701164889992,-0.7635250422810624],[-77.67874324280736,-0.7653186826474297],[-77.68035639880253,-0.7667776737865026],[-77.6810916393126,-0.7676624483738386],[-77.681874506718,-0.7683560821992153],[-77.68253862156804,-0.7691213157902252],[-77.68287060465967,-0.769599522593075],[-77.68324980891354,-0.7704123290508547],[-77.68351843444881,-0.7707787965432917]]]},"properties":{"OBJECTID":7279,"SHAPE.AREA":10569028.0008247,"SHAPE.LEN":35839.4623297442,"LIT":" ","TXT_12__15":"Flujos piroclásticos de corriente de densidad concentrada, localmente depósitos lahariticos y lavas alcalinas tipo tefritas","COD_OK":"No se encuentra en el catálogo","ENT_GEOL":"No se encuentra en el catálogo","INT_ECO":" ","LITOLOGIA":" "}},{"type":"Feature","id":4850,"geometry":{"type":"Polygon","coordinates":[[[-77.82264837367367,-1.000001982976033],[-77.82244072623351,-0.9999325719080632],[-77.82210244518151,-0.9998545647489601],[-77.82150891897503,-0.9997703340487554],[-77.8212477554955,-0.9997461781565283],[-77.82096287605961,-0.9996921242645274],[-77.8205414162699,-0.9996917131293498],[-77.82025054884559,-0.999691429355627],[-77.81964498009918,-0.9997864411437619],[-77.81917011310071,-0.9997680520641862],[-77.81886146165317,-0.9997438496849408],[-77.81865375748689,-0.9996838964483945],[-77.81855882640433,-0.9996360024959215],[-77.81845222576338,-0.9993789673486977],[-77.8184525767612,-0.999014484849357],[-77.81847667145615,-0.9986500246004585],[-77.81851262157979,-0.9983035023880422],[-77.81851325374144,-0.9976462378435029],[-77.81856108601389,-0.9972877761540592],[-77.81856131570156,-0.9970487708526989],[-77.81870402239629,-0.9967979541324702],[-77.81892387393658,-0.996571113501393],[-77.81917343435508,-0.9963144250445632],[-77.8196486163155,-0.9960041798829092],[-77.81980900983329,-0.9958788583085002],[-77.8200586102884,-0.9955803435840477],[-77.82021922147423,-0.9952279653823604],[-77.82040354201759,-0.994911462239788],[-77.8206056316264,-0.9946368011855832],[-77.8210927711169,-0.9942369389079788],[-77.82138397483791,-0.9938846876217564],[-77.82195427578435,-0.9934251535770114],[-77.82239989714462,-0.9929893993629185],[-77.82271360692434,-0.99268974993732],[-77.82311281145884,-0.9923746475643495],[-77.82344065333933,-0.9921957097819921],[-77.82390383764931,-0.9920169036419014],[-77.82458779494462,-0.9918885006720068],[-77.82495108197793,-0.9918888518491592],[-77.82551372586778,-0.9919897784087903],[-77.8259694999899,-0.9921121127451666],[-77.82648945268362,-0.9921628071217449],[-77.82698094581761,-0.9921776224812563],[-77.82755081035731,-0.9921781730762435],[-77.82797118048033,-0.992078196178189],[-77.82839870864855,-0.9919423745217696],[-77.82876210635077,-0.9918280018965118],[-77.82911121063675,-0.9917638064536125],[-77.82948875268488,-0.9917570001671213],[-77.82991603550407,-0.9918793068227382],[-77.83017948206101,-0.9920014554056866],[-77.83037160683283,-0.9922167477347106],[-77.8305851634785,-0.9923675291887989],[-77.8309483023963,-0.9925256257865692],[-77.83134708579827,-0.9926550750161761],[-77.83185284847026,-0.9926483925503309],[-77.83250118114191,-0.9925342943624053],[-77.83282890949567,-0.9924772486027992],[-77.83332749537355,-0.9925279217983225],[-77.83359799841078,-0.9927217800125407],[-77.83410335935335,-0.9931381433066488],[-77.83511482814545,-0.9931893106423401],[-77.83558520171732,-0.992945975346601],[-77.83627657011266,-0.9925235946534814],[-77.83683245817369,-0.9922444891657858],[-77.83703916532492,-0.9921084525761903],[-77.83746679910264,-0.9918650749059149],[-77.83787298749922,-0.9917005489952233],[-77.8383789652009,-0.9914715858934738],[-77.83869963942361,-0.9913428292111245],[-77.8390701708959,-0.9912212902019605],[-77.83937651687023,-0.9911785630286907],[-77.8396757332027,-0.9911429996937904],[-77.839839200387,-0.9910846201282901],[-77.84016029328805,-0.9909642075972115],[-77.84043107662744,-0.9908640827199142],[-77.84068056601794,-0.99068506534152],[-77.84085869751883,-0.9906350438824639],[-77.84132881409484,-0.9906641766424118],[-77.84163505279585,-0.990736173836005],[-77.84227144953934,-0.9909050983072429],[-77.84262037450222,-0.9910344999715321],[-77.84282680960298,-0.9911852744301156],[-77.84303325243584,-0.9913288799798391],[-77.8434577939895,-0.9916342163357167],[-77.84366411454694,-0.9919068868131307],[-77.84384905766014,-0.9921867076155847],[-77.84411961172441,-0.9923303750662357],[-77.84440440497067,-0.9924812261332869],[-77.84468928763212,-0.992538862603723],[-77.84499558776734,-0.9925463268911197],[-77.84540874639782,-0.9925467239651184],[-77.84568664149745,-0.9924609469699843],[-77.8469480320968,-0.9918885301674775],[-77.8477746700577,-0.9915523156837934],[-77.84864411682841,-0.9911444388247167],[-77.84916445422618,-0.9908007593791563],[-77.84974221279334,-0.9899982311319659],[-77.85016325428444,-0.9891955511131042],[-77.85032746590947,-0.988801336489326],[-77.85038318133084,-0.9886362747676007],[-77.85043682607929,-0.988316348221895],[-77.8504559889661,-0.9881394971005338],[-77.85047990018029,-0.9879626505071721],[-77.85051335492282,-0.9877380102470306],[-77.85052300207585,-0.9875802713062594],[-77.85058491805377,-0.9873891202197771],[-77.85066579950406,-0.9872314483382859],[-77.85079408887759,-0.9871598670336316],[-77.8509176388988,-0.9870787209880011],[-77.851036435165,-0.9870023500307888],[-77.85126964661687,-0.9868016980840533],[-77.852124866154,-0.9863722897648444],[-77.85277338423577,-0.9860717515153095],[-77.85348600729733,-0.9857784437290605],[-77.8542128901251,-0.9854708072570386],[-77.85493978759524,-0.9851488303072595],[-77.85531754009403,-0.9849269065427929],[-77.85547434373154,-0.9848338407892612],[-77.85570989100296,-0.9846355245788468],[-77.85613017501365,-0.9843325336191204],[-77.85677871441816,-0.9840104804659933],[-77.85714218657064,-0.9838243946633646],[-77.85739872653349,-0.9837242522580935],[-77.85766236270842,-0.9836527972920891],[-77.8579759107137,-0.9835311980111571],[-77.85850334435514,-0.9832161985865108],[-77.8587029427083,-0.983065808378473],[-77.8591235581404,-0.9827148554845963],[-77.8593944650636,-0.9824856573863383],[-77.85960120073577,-0.9823209336484534],[-77.85981506703952,-0.9821490447917003],[-77.85998622499405,-0.9819412637031291],[-77.86021439850684,-0.9817048547271504],[-77.86037850607545,-0.98141819241986],[-77.86047132603379,-0.9811888252310436],[-77.86057453686054,-0.9806791860370303],[-77.86057796927882,-0.9808604254902633],[-77.86059375713835,-0.9812452547993928],[-77.86065951985212,-0.982019725490445],[-77.86067808747752,-0.982478652183401],[-77.86058265127934,-0.9829661535829953],[-77.86058237418686,-0.9832625321202785],[-77.8604395197817,-0.9836735025591149],[-77.86028730976813,-0.9839314940554594],[-77.86015412282096,-0.9841608226656889],[-77.85985945177268,-0.9844091185678493],[-77.85962201934977,-0.9843897718367254],[-77.85928960742768,-0.984370335876916],[-77.85894767912714,-0.9843700114067799],[-77.85852017957296,-0.9844652110633987],[-77.85813063682369,-0.9845986894830797],[-77.8578074542147,-0.9848660789389652],[-77.85756019199623,-0.9852004639453226],[-77.85736992736938,-0.9855253436024458],[-77.85713192121008,-0.9861178729704259],[-77.8570366096443,-0.9864715234142634],[-77.85699827678995,-0.9868347882839927],[-77.85701695769319,-0.9871694266622009],[-77.85700367241422,-0.987504926216669],[-77.857186982033,-0.9879709227170663],[-77.85722397431208,-0.9880649597647857],[-77.85704446268414,-0.9882211159280738],[-77.8567496739882,-0.9885936964057959],[-77.85652151562391,-0.9888133717326003],[-77.85636943944613,-0.9889279541253063],[-77.85617924560981,-0.9891763471449061],[-77.85601762670551,-0.989338722442024],[-77.85556155219636,-0.989519937879815],[-77.85519092341089,-0.9897394765668978],[-77.85501032630822,-0.9898827120662977],[-77.8547155733056,-0.9902170502628409],[-77.85462984809796,-0.9904751026757258],[-77.85435400989915,-0.9908955034034993],[-77.8542207312086,-0.9912204344515765],[-77.853963680194,-0.9918607451594781],[-77.85372577054939,-0.9923481048961165],[-77.8535449379694,-0.9927399132969147],[-77.85328794931517,-0.9933132989749347],[-77.85316402346585,-0.9937912072000301],[-77.85302088276535,-0.9944985492565946],[-77.8529539712706,-0.9949478304495573],[-77.85285834703706,-0.9956265363427532],[-77.85282951734418,-0.9959802482750539],[-77.85270569007139,-0.9963529900880334],[-77.8523441577755,-0.9969931978194273],[-77.85203969556228,-0.9975474145996293],[-77.8518019004144,-0.9979104858131083],[-77.85144057653542,-0.998330800688987],[-77.85119331080139,-0.9986651799237926],[-77.85098413668406,-0.9988944299811566],[-77.85057555118397,-0.9990756854818225],[-77.85018598018654,-0.999237837874427],[-77.84995801042903,-0.999256738922341],[-77.84971106367148,-0.9992565003371772],[-77.84939763993286,-0.9992466373169645],[-77.84915078448812,-0.9991507933686214],[-77.8487994971523,-0.9990070467540844],[-77.84848470256527,-0.9988756354977432],[-77.84623731828471,-0.9968381896152412],[-77.84450577730907,-0.9952684011780458],[-77.84435208983595,-0.9951290714424511],[-77.84390239415922,-0.9949869216579783],[-77.84351318028638,-0.9947762164605388],[-77.84319034310892,-0.9946803004505309],[-77.84281050976985,-0.9945938905622772],[-77.8424877001144,-0.994469294276384],[-77.84210778520882,-0.9944689281074403],[-77.84192730717325,-0.99448787437029],[-77.84154739247194,-0.9944875081295851],[-77.84122455596719,-0.994391593101687],[-77.8408732078475,-0.9943147708210442],[-77.84059777010559,-0.9943145052587318],[-77.84036974824468,-0.9943907688945839],[-77.84004669373725,-0.9945243032036871],[-77.83985660927881,-0.9946579656823596],[-77.83968546616073,-0.994849008738574],[-77.83935275846622,-0.9951450603676792],[-77.8391340529392,-0.995412540703509],[-77.83900082782814,-0.995680103486197],[-77.83879161058768,-0.9959571528458323],[-77.83847781742942,-0.9963392654930548],[-77.83819263537558,-0.9965971209180874],[-77.83796430329902,-0.9969984368371303],[-77.83792592875824,-0.9973999364458245],[-77.8380110529211,-0.9977728735804844],[-77.83815308258939,-0.9982319102116051],[-77.8383807380137,-0.9985380641456486],[-77.83858949895817,-0.9987390344670174],[-77.8389122065608,-0.9989687973558437],[-77.83934881521041,-0.9992751532823801],[-77.84001332759968,-0.9996295326464844],[-77.8406398487972,-1.0000022233337167],[-77.84029320333423,-1.0000022196080267],[-77.82264837367367,-1.000001982976033]]]},"properties":{"OBJECTID":4850,"SHAPE.AREA":3194657.08187778,"SHAPE.LEN":13199.8226026059,"LIT":"Limolitas a arcillolitas roja intercalada con arenisca, aleatorios conglomerados","TXT_12__15":" ","COD_OK":"12.108","ENT_GEOL":"Formación Tena","INT_ECO":"Limolitas, Arcillas, Calizas, Materiales de construcción","LITOLOGIA":"Consiste en lutitas rojizas a verdes y limolitas, también incluye lutitas nodulares, paleosuelos y areniscas de grano grueso con estratificación cruzada. La parte basal de la formación se caracteriza por una secuencia de areniscas, calizas y lutitas."}},{"type":"Feature","id":4841,"geometry":{"type":"Polygon","coordinates":[[[-77.94804633335359,-0.6666677241994282],[-77.9483551269697,-0.6666677191810848],[-77.95333656085498,-0.6666676417411529],[-77.95345517018103,-0.6669380484751881],[-77.95345505247879,-0.6671292775134147],[-77.95345493474281,-0.6673205065514709],[-77.9536208867701,-0.6677508758976266],[-77.95378692709049,-0.6680378237743586],[-77.95400042774554,-0.6683726080140018],[-77.9542851502062,-0.668731341123476],[-77.95454618583717,-0.6689944444876408],[-77.95487836868998,-0.6694010151722319],[-77.95525798419186,-0.6699032300417964],[-77.95556643685313,-0.6702858821146055],[-77.95587496341592,-0.6705490158574285],[-77.95606482246463,-0.6707164610239508],[-77.95634970672265,-0.6708122548027404],[-77.95665824824498,-0.6710514845739013],[-77.9567531117214,-0.6712427737356574],[-77.95680032152073,-0.6716969746802556],[-77.95680009947034,-0.6720555305796678],[-77.95679986248618,-0.6724379898436664],[-77.95694215649755,-0.6727249233626461],[-77.95708434666602,-0.6731791841675202],[-77.95713168926177,-0.6734182513654954],[-77.9572739979468,-0.6736812817172556],[-77.9573451012209,-0.6738964596419753],[-77.95743984463198,-0.6742789798107615],[-77.95753454424376,-0.6747332101895258],[-77.95762933201787,-0.6750440185379288],[-77.9578427881128,-0.6754505162678932],[-77.95808010824348,-0.6756658001793429],[-77.95829359313821,-0.6760244913865046],[-77.95860211960354,-0.676287627273534],[-77.95891072060084,-0.67643124442567],[-77.95929055781909,-0.6765749075266199],[-77.95945668670785,-0.6767184348334115],[-77.95948028279626,-0.6769574876891163],[-77.9594800144715,-0.6773877556550257],[-77.95947982057538,-0.6776985046907812],[-77.9594794922411,-0.6782243872563535],[-77.9595504446555,-0.6786786046660158],[-77.9596451428954,-0.6791328362799556],[-77.95985859820824,-0.6795393363973888],[-77.96002459135724,-0.6798979978562705],[-77.96007187293138,-0.6802326815293361],[-77.96014276470189,-0.680782513970329],[-77.96015503756061,-0.6810201116388275],[-77.9601896861081,-0.6816908875036228],[-77.96023690712195,-0.6821211859707565],[-77.96028408201198,-0.6826231957033696],[-77.9603075575443,-0.6830534791148478],[-77.96035473292048,-0.6835554889197769],[-77.96042563816303,-0.684081418269943],[-77.96044905198437,-0.6846073164517972],[-77.96049634727474,-0.6849180961053901],[-77.96061466767962,-0.6855635750307691],[-77.96070933227958,-0.6860656154767133],[-77.96085098997929,-0.6873565121566091],[-77.96087435687738,-0.6879541218775217],[-77.96092160585486,-0.6883366139677274],[-77.96106383631437,-0.6887191662048414],[-77.9611348757171,-0.6890299614679258],[-77.96165682296238,-0.6897474112707543],[-77.96198904780316,-0.6900822792253546],[-77.96251123801403,-0.6904172687411515],[-77.96296220614866,-0.6907283091548344],[-77.96343693577417,-0.6910154615691984],[-77.96395923207196,-0.6911831253611903],[-77.96471892504317,-0.6914465572693633],[-77.96528868306723,-0.6916620590284727],[-77.9661196889144,-0.6918060185271218],[-77.9669032503711,-0.6918782349371547],[-77.96775809491083,-0.6918787854726545],[-77.96868417711363,-0.6918793817115493],[-77.96970534968995,-0.6917127106269958],[-77.97027539884542,-0.6914740369921354],[-77.97051326592472,-0.6912332757679622],[-77.97059384198872,-0.6913524375958717],[-77.97179910111043,-0.6932792811129918],[-77.97337912943757,-0.6955464067783034],[-77.97447525357205,-0.6970100465302718],[-77.97478804844732,-0.6980285652518384],[-77.97518609792749,-0.6994057011154786],[-77.97519986729235,-0.7001515183550157],[-77.97541273280423,-0.7014711650760487],[-77.9752408584537,-0.7028766159923384],[-77.97555189228714,-0.7038310660307041],[-77.97558212518524,-0.703923840584665],[-77.97662116013949,-0.7055308786113027],[-77.97793076906689,-0.7073388926809827],[-77.97961068559894,-0.709347950235031],[-77.98148991997644,-0.7115866253085616],[-77.98349759887847,-0.7134955125008338],[-77.98503561184616,-0.7146295938627097],[-77.98654481159187,-0.7162513090565794],[-77.98762669205078,-0.7177006323876435],[-77.98822451595699,-0.7185902734237177],[-77.98865058401837,-0.720670241955439],[-77.98961763911036,-0.7233959930908674],[-77.99064197479396,-0.7256771641105859],[-77.99138145619558,-0.7278003784229511],[-77.99243404340494,-0.7304401428588082],[-77.9943685479847,-0.7352462621827032],[-77.99581946912403,-0.7387755628395031],[-77.99739851681552,-0.7424483874921458],[-77.9988358356873,-0.7450023876293279],[-78.00000315118373,-0.7469681814554674],[-78.00000260649657,-0.7847484742760329],[-78.00000260191824,-0.7848920800060444],[-77.99945088135827,-0.7837633820314868],[-77.99907173482093,-0.7826348086235814],[-77.9987303646234,-0.7818122432032357],[-77.99836972469171,-0.781372137526931],[-77.99774328413628,-0.7807023578342442],[-77.9971736731149,-0.7802621025717484],[-77.99631927693062,-0.7795730363140749],[-77.99571188804339,-0.7788267765927992],[-77.99451629836886,-0.7770665429971592],[-77.99371963837157,-0.775325721316791],[-77.9927518529218,-0.7737951406558022],[-77.99195539210659,-0.7717674697173176],[-77.99100733918947,-0.7691851114161574],[-77.98996445673774,-0.7663732061475861],[-77.98979397597513,-0.7656655139653235],[-77.98968057981085,-0.7648239974096899],[-77.98913044588733,-0.7636953191687109],[-77.98810516889424,-0.762872284147873],[-77.98704196424502,-0.7619536057449475],[-77.98461187582566,-0.7595370381949609],[-77.98423232429364,-0.7591595993498746],[-77.98218201582073,-0.757169321700867],[-77.98030278722013,-0.755026183831332],[-77.97937343731992,-0.7528454684330657],[-77.97878620060706,-0.7504163911747247],[-77.97863528704163,-0.7488672941684239],[-77.97837028517908,-0.7474711047701782],[-77.97763046305477,-0.7459216012885972],[-77.97639697897306,-0.7439892916009848],[-77.97514443359586,-0.7421525897602745],[-77.97364534287475,-0.7397037772144671],[-77.97231685925524,-0.7377905390140874],[-77.97121681440876,-0.7351699020314675],[-77.97000682191965,-0.7320341759548371],[-77.96998417387331,-0.731975483718295],[-77.96877006236988,-0.7294695192373972],[-77.96723263460747,-0.7275179124689325],[-77.96694761377236,-0.7271500396996177],[-77.9652017397102,-0.7248966686068617],[-77.96320930822112,-0.7215679054835122],[-77.96189974889298,-0.7197503334944034],[-77.96087556606277,-0.7172827722061907],[-77.96036380773059,-0.7155422336144259],[-77.95977569644236,-0.7143562131079803],[-77.95844777657229,-0.7115633684384408],[-77.95749919297278,-0.709669562472108],[-77.95626557469187,-0.7079094319936702],[-77.95434873411664,-0.7051544616350442],[-77.9532628940974,-0.703242761553435],[-77.95307743155594,-0.7029162428708772],[-77.95233781354514,-0.7010034667864281],[-77.95207338472241,-0.6986511777654191],[-77.95207427187923,-0.697274330104521],[-77.95207494838915,-0.6962225714308204],[-77.95182879509831,-0.6949794225135227],[-77.95175633710006,-0.6946208310135715],[-77.95163943324475,-0.6940422786751775],[-77.95122260526901,-0.6923400719366729],[-77.95112879571971,-0.6905042150915196],[-77.95079678075518,-0.6898466515257852],[-77.94949289431668,-0.6865351661323086],[-77.94897121141153,-0.6854113641663606],[-77.94918635402274,-0.6831406654004374],[-77.94947263039559,-0.6810253828130417],[-77.9499608490699,-0.6787309514493319],[-77.95005692965842,-0.676974100281156],[-77.95008274074844,-0.6736634713046474],[-77.94972833656394,-0.6708067718647351],[-77.9484540958362,-0.6676711357850522],[-77.94804633335359,-0.6666677241994282]]]},"properties":{"OBJECTID":4841,"SHAPE.AREA":24028142.2620965,"SHAPE.LEN":30628.4885296921,"LIT":"Limolitas a arcillolitas roja intercalada con arenisca, aleatorios conglomerados","TXT_12__15":" ","COD_OK":"12.108","ENT_GEOL":"Formación Tena","INT_ECO":"Limolitas, Arcillas, Calizas, Materiales de construcción","LITOLOGIA":"Consiste en lutitas rojizas a verdes y limolitas, también incluye lutitas nodulares, paleosuelos y areniscas de grano grueso con estratificación cruzada. La parte basal de la formación se caracteriza por una secuencia de areniscas, calizas y lutitas."}},{"type":"Feature","id":2920,"geometry":{"type":"Polygon","coordinates":[[[-77.8834178298109,-0.8708062500606193],[-77.88379363401287,-0.8707438294531871],[-77.88411354766322,-0.8707642241588374],[-77.88451352580341,-0.8706840449606252],[-77.88483360502669,-0.870503159464162],[-77.8850538058425,-0.8702014209066203],[-77.88537917784873,-0.8696622590579219],[-77.88621557649232,-0.8689554519651003],[-77.88674775916932,-0.8685925820013415],[-77.88739394837391,-0.868191562207601],[-77.88786909662515,-0.8678860081455022],[-77.88847724675311,-0.8675423217635431],[-77.88895244202024,-0.8671794018822792],[-77.88965561926967,-0.8667784271458623],[-77.89043474941775,-0.8664157586062968],[-77.89123275132904,-0.8662060786161805],[-77.89204956285877,-0.8662258756934477],[-77.89290438133324,-0.8662265819449388],[-77.89311325950112,-0.8663223630843635],[-77.89417672433333,-0.8667056780553576],[-77.89427131495326,-0.867183802410384],[-77.894460775775,-0.867795858236069],[-77.89465029881539,-0.8683314267948261],[-77.89482112222368,-0.8685036644584615],[-77.89531456676876,-0.8690586071263785],[-77.89580799486815,-0.8696326714615225],[-77.8963395408455,-0.8700537925662057],[-77.89709916477547,-0.8703221285985075],[-77.89749795767621,-0.870475434594836],[-77.89812428109832,-0.8711452206594066],[-77.89833278451817,-0.8716999285200717],[-77.89865477838248,-0.8728475111903548],[-77.89873040234468,-0.8732873778822756],[-77.89871093519064,-0.8738610199184111],[-77.89867262928065,-0.8742434262504993],[-77.89867234654895,-0.8745876207518187],[-77.89870978838366,-0.8752569183338048],[-77.89876635297752,-0.875773257156465],[-77.89880398298953,-0.8762130933144425],[-77.89895552742885,-0.8767295114904475],[-77.89920209925806,-0.8771886434799528],[-77.8993727492373,-0.8775712243865544],[-77.89942940658322,-0.8779728323634951],[-77.89946717866975,-0.8782405710384664],[-77.89942883873486,-0.8786612218475619],[-77.89940322164966,-0.8791614734036923],[-77.89940318168256,-0.8795195743220944],[-77.89940288546038,-0.8798781104625042],[-77.89928380365325,-0.880308254184182],[-77.89914046249963,-0.8813598400223689],[-77.89925873257242,-0.881909694763618],[-77.89925813836972,-0.8826267669358365],[-77.89925738502029,-0.8835350572653468],[-77.89925690882039,-0.8841087153589877],[-77.89906635123005,-0.8848256266481],[-77.89885216750508,-0.8853991045391165],[-77.89856646839206,-0.8863071541119149],[-77.89825724267907,-0.8869522581681412],[-77.89804323709889,-0.8873106124695462],[-77.89742534269874,-0.8879315519529337],[-77.89687884329774,-0.8883613322603467],[-77.896403838955,-0.8884804421111109],[-77.89554847229266,-0.8891250813640509],[-77.89512067898701,-0.889578862596716],[-77.89490639255628,-0.8902718477448263],[-77.89483451638665,-0.8910366612103257],[-77.89497636602634,-0.8917777533533141],[-77.89471438676036,-0.8927097205553437],[-77.8942864109741,-0.8933786208419426],[-77.8938108235602,-0.8941908933712062],[-77.8935966948732,-0.8946926585995019],[-77.89321634849638,-0.8951942817268105],[-77.89290731879268,-0.8956003558998717],[-77.89212336612306,-0.8960299267252146],[-77.89155319938934,-0.8963640711508325],[-77.89105418819264,-0.8967938844023541],[-77.89048382048222,-0.8973670490384488],[-77.8902698511441,-0.8976775944104771],[-77.8895809192781,-0.8980594389165999],[-77.88882093453704,-0.8982261027248066],[-77.88808469498986,-0.8983927865065174],[-77.88677865562101,-0.8984633718084906],[-77.88561508770889,-0.8985340788333783],[-77.8845465613753,-0.8985331609169764],[-77.88274242940622,-0.8979579618436335],[-77.88186433261302,-0.8974074609472351],[-77.88101036580535,-0.8964028439281301],[-77.88020427336218,-0.8949441312871471],[-77.87987239017417,-0.8942984941505672],[-77.87939832146428,-0.8933181077747953],[-77.87901916978824,-0.8924095090573069],[-77.87861643523472,-0.8913096753909815],[-77.87845092591995,-0.8904729668206861],[-77.87806247700699,-0.889325342546504],[-77.87756958133377,-0.8881393874905054],[-77.87726614631909,-0.8875463618780691],[-77.87705773783482,-0.8868960529216929],[-77.87684956950292,-0.8859589213078409],[-77.87662251739839,-0.8848879242998142],[-77.87635720042131,-0.8841419600287718],[-77.87624400939492,-0.8832049099718091],[-77.87607376566376,-0.8823442980147602],[-77.87578953106288,-0.8815027117386464],[-77.8755430489168,-0.8809479805348873],[-77.8754870973359,-0.8797050362331393],[-77.87558261754042,-0.8790549851526273],[-77.87581118611523,-0.8783094399154278],[-77.87600160420804,-0.8777550762848207],[-77.87632518265724,-0.876971366778082],[-77.87649657317698,-0.8764552301647613],[-77.87689580101785,-0.8760731353598513],[-77.87695277230907,-0.876092304987226],[-77.87739032377824,-0.8753086897785443],[-77.87767568775483,-0.8747926469608815],[-77.87773338647033,-0.8739322261454994],[-77.87824699837233,-0.873053065748334],[-77.87891257598123,-0.8721740304807745],[-77.87948276412902,-0.871792075642269],[-77.88012891987559,-0.8714293055334159],[-77.88039508138667,-0.8711618253776985],[-77.88123094348909,-0.8711051578286588],[-77.88172480356009,-0.8711438124490968],[-77.88244664477563,-0.8711444142291644],[-77.88295962645297,-0.8710301122445516],[-77.8834178298109,-0.8708062500606193]]]},"properties":{"OBJECTID":2920,"SHAPE.AREA":6908532.24934945,"SHAPE.LEN":10025.9297680587,"LIT":" ","TXT_12__15":" ","COD_OK":"15.10","ENT_GEOL":"Pórfido Dacítico","INT_ECO":"Materiales de construcción","LITOLOGIA":"Son rocas ígneas cristalizadas a profundidades intermedia, cuya principal característica es la textura porfidítica, que contiene fenocristales en una matriz finogranular y cuya composición es equivalente a una dacita (Ministerio de Minas y Energía d"}},{"type":"Feature","id":1581,"geometry":{"type":"Polygon","coordinates":[[[-77.86166114626177,-0.9731786377572631],[-77.86138023132125,-0.9736340109829853],[-77.8611425490422,-0.9738847540538701],[-77.86075033574049,-0.9743385155233472],[-77.86054826009705,-0.9746012422563328],[-77.86032237239452,-0.9749356508921501],[-77.8601320913285,-0.9752820443141756],[-77.85993005982168,-0.9754969675022491],[-77.85951421227064,-0.9758311979342403],[-77.85924105695707,-0.9759265464429748],[-77.8586945457489,-0.9763323576830961],[-77.8584687353471,-0.9765831104714728],[-77.85820736357107,-0.9767740759538664],[-77.85806461648565,-0.9770727098778839],[-77.85796948075608,-0.9772399297916886],[-77.85814723432613,-0.9775986193886181],[-77.85846739048883,-0.9780291476392007],[-77.85860958269053,-0.9783280502626728],[-77.85873969018122,-0.9788540058548876],[-77.85882235187975,-0.979332112714436],[-77.8588931856441,-0.9797624062185957],[-77.85890469022993,-0.9801567920226828],[-77.85877372511955,-0.9805510422485169],[-77.85863086522349,-0.9809691831441278],[-77.85820305404859,-0.981399004823927],[-77.85806038361154,-0.9816139824905018],[-77.85769200169898,-0.9819721556775811],[-77.85738313856982,-0.9821630746034264],[-77.85722861715836,-0.9823541396397298],[-77.85678906752537,-0.9826405405724479],[-77.85631403437436,-0.9827834984323401],[-77.85568478292984,-0.9827948522050296],[-77.85531634511239,-0.9832127773480481],[-77.8550073142576,-0.9835829555787348],[-77.85450815610098,-0.984132213363671],[-77.85428228786107,-0.9844427165480604],[-77.85402092607562,-0.9846217284426657],[-77.85362888902075,-0.9848842703782318],[-77.85318940602143,-0.9850989649326013],[-77.85273818644892,-0.98517023945277],[-77.85253644516317,-0.9850744417305644],[-77.8525603580209,-0.9848952044163375],[-77.85269111173064,-0.9847280201201548],[-77.85309522345521,-0.9842503773989998],[-77.85329724517455,-0.9840474082482258],[-77.85349937892946,-0.9837249313865701],[-77.8537015470838,-0.9833666038105207],[-77.85385642576105,-0.982793117574172],[-77.85402319962718,-0.9821957423272314],[-77.85422605928588,-0.9810964715257826],[-77.85432134078586,-0.9807738934625239],[-77.85441662128055,-0.9804513144324327],[-77.85455944831034,-0.9800690277602718],[-77.85479729880815,-0.9796390278736699],[-77.85503513707708,-0.9792209791831163],[-77.85527295378762,-0.9788268304036477],[-77.8555818711925,-0.9785761575857429],[-77.85583145973688,-0.9782895760876218],[-77.85604533121808,-0.9781105182161461],[-77.85650863445171,-0.9778121875351192],[-77.85674621710994,-0.9776690024822978],[-77.85698388875548,-0.9774302130942918],[-77.85710285798986,-0.9771674087956268],[-77.85711523043109,-0.9766296387695528],[-77.8571274693191,-0.9762352760322283],[-77.85711601901326,-0.9757811382675081],[-77.85715208070563,-0.9753031432208397],[-77.8571999700812,-0.9748729623434379],[-77.85740251097704,-0.9741083069502019],[-77.85754527921745,-0.9737857717560995],[-77.8577594975957,-0.9732314588796994],[-77.85821611668685,-0.9724574798156591],[-77.85861578731829,-0.9716404249938511],[-77.85890128232414,-0.971038374597919],[-77.85924153735829,-0.9707627288434779],[-77.85938884447657,-0.9709855959020004],[-77.85966151410031,-0.9714160780585672],[-77.85993413860083,-0.9718943635846009],[-77.86000517439393,-0.9721095432196187],[-77.86034918912574,-0.9724205860242957],[-77.86062212306618,-0.9725642505854851],[-77.860942548114,-0.9727079597067964],[-77.86116795890632,-0.9728874325118769],[-77.86146375007601,-0.9730932628382902],[-77.86166114626177,-0.9731786377572631]]]},"properties":{"OBJECTID":1581,"SHAPE.AREA":455936.320110025,"SHAPE.LEN":4136.6269693677905,"LIT":" ","TXT_12__15":" ","COD_OK":"13.3","ENT_GEOL":"Terraza aluvial","INT_ECO":"Materiales de construcción","LITOLOGIA":"Son depósitos que forman una serie de superficies niveladas en un arroyo o valle de un río, producido como los restos disecados de llanuras aluviales abandonadas anteriormente (McMillan y Powell, 1999). Corresponde a antiguas llanuras de inundación (D"}},{"type":"Feature","id":2919,"geometry":{"type":"Polygon","coordinates":[[[-77.84652743021113,-0.8786240850469461],[-77.84693561858231,-0.8783605561018204],[-77.84741069171993,-0.8781315086518771],[-77.84791424082965,-0.8779216054626978],[-77.84851283166718,-0.8776352985554143],[-77.84899721030456,-0.87763570973513],[-77.84964302481927,-0.8776649393267361],[-77.84995630279393,-0.8778372949602048],[-77.85064002004826,-0.8779717224947398],[-77.8510958748235,-0.878010351062215],[-77.85151384366085,-0.8779246611653265],[-77.85191286509442,-0.8777815920139017],[-77.85229289106286,-0.8776385056988897],[-77.85284383463667,-0.8775433679233466],[-77.85341369499169,-0.8775438509434962],[-77.85367013144617,-0.877544068273457],[-77.8541829974486,-0.8775540631053503],[-77.85469584062392,-0.8775927394668831],[-77.85530364350328,-0.877650618527148],[-77.85583533812483,-0.8778614006411005],[-77.8564429507742,-0.8781487328424905],[-77.85674672480835,-0.8783306413776831],[-77.85705049093346,-0.8785221102449604],[-77.85724028583496,-0.8787134825956113],[-77.85746806230354,-0.8789144474667637],[-77.85757236116301,-0.879124868879418],[-77.85777171661174,-0.879239764695727],[-77.85799177313324,-0.8792889622255524],[-77.85809287539026,-0.8796226807656132],[-77.8584002008895,-0.8806371069294174],[-77.85955409749428,-0.8849702332419443],[-77.86079674469661,-0.8896320919058349],[-77.86224774839208,-0.8935770925392987],[-77.86240283927192,-0.8939614774983792],[-77.86393598400235,-0.8977613255468585],[-77.86550594694954,-0.9014076815649111],[-77.86624691717495,-0.9026332835475257],[-77.86701146749341,-0.9043949628251634],[-77.86160875253293,-0.9053463216160424],[-77.86103798320364,-0.9054459851071089],[-77.85582016454453,-0.9063570793457844],[-77.85356487128266,-0.9068090680181894],[-77.85287476272768,-0.90694737356426],[-77.85196103477654,-0.9071304942911348],[-77.8514455460844,-0.9061495220799652],[-77.85085711723518,-0.9056518601263692],[-77.8504962037353,-0.9056515441701272],[-77.85013529125884,-0.9056512281786082],[-77.84969838061522,-0.9056699668799469],[-77.84943239533791,-0.9057270968629819],[-77.8490336902524,-0.9054972951271233],[-77.84855918538813,-0.9050570969116011],[-77.84819845536927,-0.9048464500236916],[-77.8477235709152,-0.9048460343040209],[-77.84721069634487,-0.9048455852570579],[-77.84677390180997,-0.9047304772133196],[-77.84603319985523,-0.9045959818744153],[-77.84557722937123,-0.9046911876666808],[-77.84495031720786,-0.9047671214472738],[-77.84422849553266,-0.9047664889339444],[-77.84341209533082,-0.904306871755135],[-77.84301340932306,-0.9040579509979731],[-77.84253874226195,-0.9038089638362565],[-77.84191218012214,-0.9034833601643434],[-77.8414753558536,-0.9034064939683235],[-77.84069678271199,-0.9031381200121683],[-77.8403173401865,-0.9026024039193105],[-77.83969139027067,-0.9015693312373562],[-77.83948285541086,-0.901091127895835],[-77.83933127379758,-0.9006512166732417],[-77.83921766467114,-0.9002304589196697],[-77.83910422102983,-0.8996184941663705],[-77.83902873413341,-0.8990448030099293],[-77.83887729992523,-0.8984328053735811],[-77.83872574945129,-0.8979546526419372],[-77.83849831664476,-0.8973617093242627],[-77.83849882586892,-0.896768964617167],[-77.83844231660198,-0.8962144124675919],[-77.83832924806964,-0.8951626697062701],[-77.83823482912511,-0.8945124794732039],[-77.83821676779017,-0.8934225782430825],[-77.83814181721971,-0.8922179022802541],[-77.8383323726704,-0.8915105975910109],[-77.8384280829745,-0.890650243866409],[-77.83873270553887,-0.8898283125093985],[-77.83886599720029,-0.889446011394492],[-77.8393414615442,-0.8887580714938542],[-77.83958867454594,-0.8884332305467603],[-77.83977898345647,-0.8880127358202013],[-77.83996953583294,-0.8873054291311107],[-77.84021731632502,-0.8863113583986348],[-77.84052172546461,-0.8857379948290393],[-77.8410352096371,-0.8850118431767211],[-77.84137747762848,-0.8845914774738516],[-77.84196660226408,-0.8842669278259234],[-77.84247965013802,-0.8840570385258189],[-77.84287864477916,-0.8839426543305183],[-77.84310670038408,-0.8838090033578293],[-77.84354383146095,-0.8835225646807744],[-77.84388639068678,-0.8827580208518132],[-77.84470381222297,-0.8820130042294498],[-77.84504608043424,-0.8815926356917279],[-77.8458824326704,-0.8809241162324615],[-77.84639578672807,-0.8803509255038121],[-77.84673988210042,-0.8801061405247391],[-77.84652743021113,-0.8786240850469461]]]},"properties":{"OBJECTID":2919,"SHAPE.AREA":7172168.20729752,"SHAPE.LEN":10626.8900259036,"LIT":" ","TXT_12__15":" ","COD_OK":"15.10","ENT_GEOL":"Pórfido Dacítico","INT_ECO":"Materiales de construcción","LITOLOGIA":"Son rocas ígneas cristalizadas a profundidades intermedia, cuya principal característica es la textura porfidítica, que contiene fenocristales en una matriz finogranular y cuya composición es equivalente a una dacita (Ministerio de Minas y Energía d"}},{"type":"Feature","id":1584,"geometry":{"type":"Polygon","coordinates":[[[-77.8168589568136,-0.9223015105925148],[-77.81636951136262,-0.9216878904466861],[-77.81606581378306,-0.921439051112003],[-77.81576208319235,-0.9212284540691912],[-77.8151356432437,-0.9207881207522874],[-77.81464198160272,-0.9205582324412362],[-77.81401540736324,-0.9202708628165746],[-77.81314205315913,-0.9198111886752425],[-77.8125914073661,-0.9195812497371104],[-77.81221168153273,-0.9193897049768361],[-77.81179430607952,-0.9188157194773433],[-77.81137679403432,-0.9183946979040571],[-77.81116830934026,-0.9178782625300124],[-77.81097892116273,-0.9172471220479497],[-77.81092286833643,-0.9161954554619293],[-77.8109238661864,-0.915067358761519],[-77.8109814585271,-0.9143790801369446],[-77.8108685537154,-0.9131744002123073],[-77.81103996119417,-0.9126583055096702],[-77.81104073625039,-0.9117787721418922],[-77.81090816043597,-0.9113388872968582],[-77.81050980991252,-0.910726682409875],[-77.81013028610636,-0.9103056983645932],[-77.80976972368198,-0.9099229716563839],[-77.80904885012684,-0.9088707149179275],[-77.8088022555554,-0.9084880895257821],[-77.8084421790169,-0.9075508775157647],[-77.80813878489718,-0.9069578801808045],[-77.80785476995672,-0.9059251342607708],[-77.80772239354664,-0.9052558092175419],[-77.80774934442485,-0.9044663715582986],[-77.80783336801001,-0.9046050482035238],[-77.80816541817875,-0.9050116480927061],[-77.80852112853553,-0.9055138699651537],[-77.80878205358214,-0.9058009055813018],[-77.8093279616405,-0.9060164924651524],[-77.80987393279928,-0.9061603795611102],[-77.81039618129958,-0.9062803447660751],[-77.81163077348339,-0.9063531409889566],[-77.81269914306283,-0.9064496896268949],[-77.81381485357895,-0.9067135834523415],[-77.81495443489706,-0.9068340961703248],[-77.81607008532403,-0.9071696924707734],[-77.81663971987066,-0.9074092026024743],[-77.81737541325168,-0.9078161631627553],[-77.81765972910101,-0.908509530408478],[-77.8175403831364,-0.9092264406113493],[-77.81727878445896,-0.9097042188816314],[-77.81692225477747,-0.9101341112445434],[-77.8165892153585,-0.9108508296266163],[-77.81620776399987,-0.9126191269985339],[-77.81642088719931,-0.9132646301298801],[-77.81656263306043,-0.9140773735538459],[-77.81656187426545,-0.9149377910120244],[-77.81665617292171,-0.9157026920052791],[-77.81665530717127,-0.9166826120186906],[-77.81682075151103,-0.9175431776425599],[-77.81681996873508,-0.9184274963435737],[-77.81698530584073,-0.9194075657975285],[-77.8170559430127,-0.9200768428591245],[-77.81696024698854,-0.9208893749661524],[-77.8169595888387,-0.9216302902092957],[-77.8168589568136,-0.9223015105925148]]]},"properties":{"OBJECTID":1584,"SHAPE.AREA":1098164.563902,"SHAPE.LEN":5255.75327113615,"LIT":" ","TXT_12__15":" ","COD_OK":"13.3","ENT_GEOL":"Terraza aluvial","INT_ECO":"Materiales de construcción","LITOLOGIA":"Son depósitos que forman una serie de superficies niveladas en un arroyo o valle de un río, producido como los restos disecados de llanuras aluviales abandonadas anteriormente (McMillan y Powell, 1999). Corresponde a antiguas llanuras de inundación (D"}},{"type":"Feature","id":4840,"geometry":{"type":"Polygon","coordinates":[[[-77.97733655500275,-0.6666671970185236],[-78.00000000012079,-0.6666666691881235],[-78.00000315041727,-0.7466823043940178],[-78.00000315118373,-0.7469681814554674],[-77.9988358356873,-0.7450023876293279],[-77.99739851681552,-0.7424483874921458],[-77.99581946912403,-0.7387755628395031],[-77.9943685479847,-0.7352462621827032],[-77.99243404340494,-0.7304401428588082],[-77.99138145619558,-0.7278003784229511],[-77.99064197479396,-0.7256771641105859],[-77.98961763911036,-0.7233959930908674],[-77.98865058401837,-0.720670241955439],[-77.98822451595699,-0.7185902734237177],[-77.98762669205078,-0.7177006323876435],[-77.98654481159187,-0.7162513090565794],[-77.98503561184616,-0.7146295938627097],[-77.98349759887847,-0.7134955125008338],[-77.98148991997644,-0.7115866253085616],[-77.97961068559894,-0.709347950235031],[-77.97793076906689,-0.7073388926809827],[-77.97662116013949,-0.7055308786113027],[-77.97558212518524,-0.703923840584665],[-77.97555189228714,-0.7038310660307041],[-77.9752408584537,-0.7028766159923384],[-77.97541273280423,-0.7014711650760487],[-77.97519986729235,-0.7001515183550157],[-77.97518609792749,-0.6994057011154786],[-77.97478804844732,-0.6980285652518384],[-77.97447525357205,-0.6970100465302718],[-77.97337912943757,-0.6955464067783034],[-77.97179910111043,-0.6932792811129918],[-77.97059384198872,-0.6913524375958717],[-77.97051326592472,-0.6912332757679622],[-77.97054161563464,-0.6912045803023327],[-77.97128603684826,-0.6901720735487933],[-77.97166340140257,-0.6896486693104168],[-77.97204659948424,-0.6887514813058623],[-77.97245711506568,-0.6877903307271919],[-77.97258610145711,-0.6874883325288831],[-77.97264598063175,-0.6871914533979201],[-77.9728523939181,-0.6861680686006779],[-77.97291005531595,-0.6858821848143563],[-77.97300681488557,-0.6830520029355454],[-77.97294716061072,-0.681028222867855],[-77.97293713452704,-0.6806880965221591],[-77.9729219405199,-0.6801726632376531],[-77.97291380291234,-0.6798966051267509],[-77.97271639054378,-0.676597718006386],[-77.9726663172732,-0.6763047371216829],[-77.9726172311652,-0.6760175299885421],[-77.97244216619087,-0.6749932099215482],[-77.97243919120636,-0.6745825135889089],[-77.97243842964188,-0.6744774119000936],[-77.97241985042626,-0.6738033058941668],[-77.97242963482189,-0.6733395727585594],[-77.97246881609252,-0.6729378642063094],[-77.97248698730922,-0.6727515687284688],[-77.97257279712085,-0.6722238205558455],[-77.97284436387187,-0.6708184294301924],[-77.97315397353663,-0.6695168561138838],[-77.97330146154007,-0.6688968256219803],[-77.97341154211517,-0.6675092616841365],[-77.97342770283772,-0.6666860705617833],[-77.97342807151699,-0.6666672779183399],[-77.97465666765055,-0.6666672526290659],[-77.97733655500275,-0.6666671970185236]]]},"properties":{"OBJECTID":4840,"SHAPE.AREA":17954457.855719,"SHAPE.LEN":21787.172717937603,"LIT":"Secuencia de esquistos verdes de composición andesitica y rocas metasedimentarias, facies metamorficas de grado bajo a medio","TXT_12__15":" ","COD_OK":"12.236","ENT_GEOL":"Formación Upano","INT_ECO":"Materiales de construcción","LITOLOGIA":"En su litología se registran metandesitas verdosas, esquistos cuarzo sericítico, esquistos verdes masivos de grano fino a medio, filitas grafitosas y metagrauvacas intercaladas con esquistos pelíticos y grafíticos, localmente se encuentran vetas de c"}},{"type":"Feature","id":4880,"geometry":{"type":"Polygon","coordinates":[[[-77.67368293118889,-1.000002040338328],[-77.67281945315493,-0.9989752509441363],[-77.67315686060694,-0.9985661219852449],[-77.67334228317651,-0.9983225604834131],[-77.67352783638056,-0.9979499550405578],[-77.67353051367834,-0.9976476602414891],[-77.67375914559673,-0.9969309802101639],[-77.67438633258003,-0.9965014707038397],[-77.67499916099199,-0.9961866518538472],[-77.67589720889026,-0.9955423424956946],[-77.67688111119072,-0.9945109846927598],[-77.67823578515839,-0.9930641879685039],[-77.67947633030754,-0.9917893328101873],[-77.68046015864323,-0.990829657011905],[-77.68160094692705,-0.989597709746801],[-77.68242838367506,-0.9883367662368504],[-77.68272847277944,-0.9873763967285817],[-77.68281473618195,-0.9865735337504433],[-77.6833001864689,-0.9854269496724719],[-77.68387103144458,-0.9843521427018832],[-77.68434203623409,-0.9834062798661017],[-77.68465589766059,-0.9829190880832432],[-77.68479912093304,-0.9821306183870184],[-77.68505620154284,-0.9814426317705551],[-77.6853558315653,-0.9809410863381754],[-77.68596882649162,-0.9804541906274178],[-77.68629676171157,-0.9801390727462852],[-77.68681004488072,-0.9796520774535845],[-77.6873239617735,-0.9785198514244708],[-77.68775212884049,-0.9776743083776883],[-77.68859296592863,-0.9772593284174204],[-77.69051706533679,-0.9761571753088067],[-77.69184250031674,-0.9754559017202841],[-77.69272621275472,-0.9748975745373839],[-77.6936097574387,-0.9745113081114721],[-77.6939660833033,-0.9742965827399771],[-77.69479244034218,-0.9741253364120588],[-77.69546192441521,-0.9741403365426525],[-77.69628822665538,-0.9740264445107344],[-77.69738526170019,-0.973826787982834],[-77.69782698657977,-0.9736838373870728],[-77.69829722974781,-0.9735122384828601],[-77.69915191083278,-0.9735130816343601],[-77.69955076273776,-0.9735134750311603],[-77.70064769024272,-0.9734285250168487],[-77.7015878285529,-0.9734437903486347],[-77.70244251336705,-0.9734446326022861],[-77.70314035258382,-0.9736030453005176],[-77.70453615898046,-0.9737908239089625],[-77.70509160880015,-0.9738917417702161],[-77.70645895642923,-0.9740508140094106],[-77.70711407825014,-0.9741948470659624],[-77.70815364400752,-0.9745113224898079],[-77.7088372297147,-0.974684061258964],[-77.70925017721966,-0.9748421939918993],[-77.71016170904659,-0.9749864789884994],[-77.71125859204912,-0.9749588812305676],[-77.7122700775306,-0.974859505109119],[-77.71316779882922,-0.9745592725366773],[-77.71413673125664,-0.974273448868253],[-77.71460711964488,-0.9739584561711457],[-77.71516268571162,-0.9739446629776188],[-77.7155756500721,-0.9740884568111476],[-77.71541851117361,-0.9745471459403408],[-77.71471985492364,-0.9752203857218094],[-77.71386479704373,-0.9755923546005848],[-77.71325197323114,-0.9758928662432931],[-77.71215465463008,-0.9763649664066425],[-77.71138537497343,-0.9764215633812156],[-77.71031704988158,-0.9763774939449928],[-77.70977575882837,-0.9763626214782545],[-77.70859364440479,-0.9761463746514538],[-77.70765394531308,-0.9756722692052728],[-77.7068565285642,-0.9753703691219161],[-77.70585962797279,-0.9751256283270832],[-77.70526137443024,-0.9750963610284421],[-77.70382266490357,-0.9750806032691487],[-77.70289681065807,-0.9750223342256774],[-77.70162902724624,-0.9750210829522413],[-77.70021879847528,-0.9750196905239323],[-77.69821005589587,-0.9752614628766972],[-77.6970415580043,-0.9757048040501576],[-77.69543155953713,-0.9760616753922335],[-77.69412102345298,-0.9760890546398444],[-77.69322324676904,-0.9764609673715243],[-77.69202594109282,-0.977234059822119],[-77.69088551471303,-0.9781075766823516],[-77.69017279206507,-0.978608715612367],[-77.6894600281242,-0.9791528698826931],[-77.68920294902158,-0.9798408605278706],[-77.6886606820595,-0.9808296747344573],[-77.68830397455514,-0.9814315352007096],[-77.68753406178102,-0.9821476891145511],[-77.68679242473516,-0.9830789470975645],[-77.68644994635153,-0.9836951580432174],[-77.68616410559729,-0.9846555469365865],[-77.68599227777305,-0.9855586959507989],[-77.68540688784039,-0.9869345974628189],[-77.68512101523841,-0.9879236610386012],[-77.68457817014084,-0.9894860015420178],[-77.68385062785585,-0.9905606493122102],[-77.68340841861185,-0.9911910923087426],[-77.6825530027809,-0.9919358250812039],[-77.68114156363696,-0.9931674982174652],[-77.68011512742297,-0.9939980827239738],[-77.67934494816274,-0.9949723098796511],[-77.67846088416724,-0.9958747273192048],[-77.67759094903784,-0.9968918634799334],[-77.67676386260294,-0.9977943350873796],[-77.67580871798667,-0.9985532919385316],[-77.67521020541865,-0.9987964321914318],[-77.67498181828748,-0.9992693622085518],[-77.67482437808856,-1.0000020242284269],[-77.67453727998668,-1.0000020283275373],[-77.67376275834809,-1.0000020396538247],[-77.67368293118889,-1.000002040338328]]]},"properties":{"OBJECTID":4880,"SHAPE.AREA":1273184.2358525,"SHAPE.LEN":12553.0758755017,"LIT":"Asociaciones litológicas de tobas volcánicas, tobas riolíticas, brecha volcánica de composición andesítica a dacítica","TXT_12__15":" ","COD_OK":"12.9","ENT_GEOL":"Formación Misahuallí","INT_ECO":"Arcillas, Caolines, Materiales de construcción","LITOLOGIA":"Consiste en basaltos, andesitas y traquitas no deformadas verdes a grises oscuras o púrpuras con tobas verdosas, brechas tobáceas violetas a rosadas, aglomerados, lutitas rojas, areniscas y conglomerados (Litherland et al., 1994)."}},{"type":"Feature","id":4849,"geometry":{"type":"Polygon","coordinates":[[[-77.87548241666615,-0.9310647940828832],[-77.87570829993685,-0.930718419222869],[-77.87593406645301,-0.9305035033796928],[-77.87630239837925,-0.9301811567869759],[-77.87649276861538,-0.9297152393570399],[-77.87648125362645,-0.9293088975484647],[-77.87645797117638,-0.9287830348772451],[-77.87630399563122,-0.9283646146232095],[-77.87631620472621,-0.9279821955400898],[-77.8764590626712,-0.9275401378898184],[-77.87679183851759,-0.9271460528909401],[-77.87718403011604,-0.9266922646965409],[-77.87769495634795,-0.9262266316318263],[-77.87827705469584,-0.9258327668048775],[-77.8787879294357,-0.9254268866001502],[-77.87918004655128,-0.9250567540026922],[-77.87941773758833,-0.9247820925426827],[-77.87951307335355,-0.9243758433480724],[-77.8796085750303,-0.9237783786415685],[-77.87954972352011,-0.9231927290570727],[-77.87941944908447,-0.9228221335753946],[-77.87915854568543,-0.9224872751591313],[-77.87912309448534,-0.9222960283399422],[-77.8791237298485,-0.9215670202255913],[-77.87927857259155,-0.9209935094378584],[-77.87927891587225,-0.9205991278932996],[-77.87921988601319,-0.9202166448159169],[-77.8789589707568,-0.9198937387864262],[-77.87857940404209,-0.9194870710125245],[-77.87814037100308,-0.9191998608098231],[-77.8778673871067,-0.919104013184075],[-77.87747566704383,-0.9190200108873446],[-77.87697702272096,-0.9190195716574141],[-77.87607462143689,-0.9191263352854694],[-77.8755759664759,-0.9191378465563904],[-77.87506546115375,-0.9191254457934231],[-77.87469753966053,-0.918981710641359],[-77.87418756495151,-0.9183598133988758],[-77.87365429136668,-0.9172240063696274],[-77.8732986162292,-0.9166500500190086],[-77.87291920687609,-0.9160641224268022],[-77.87255176298399,-0.9153706474111941],[-77.87246949537155,-0.9144025520997293],[-77.8724461846857,-0.9139005940512481],[-77.87250593987898,-0.9134465117505768],[-77.87275578776826,-0.9128372356372447],[-77.8727561597067,-0.912407003485956],[-77.87278021489743,-0.9120484973289057],[-77.87292309644955,-0.9115705860422404],[-77.8732083751496,-0.9111764560587329],[-77.87367165671272,-0.9108780882062133],[-77.87392118362571,-0.9106392878826485],[-77.874218241615,-0.9103527250657654],[-77.87466585132736,-0.9098385255424908],[-77.87481209262548,-0.9101016473684065],[-77.87620188287177,-0.9126022091832531],[-77.87642025071472,-0.9129951052618496],[-77.8778296849552,-0.914985014618812],[-77.87831753118704,-0.9156737812841714],[-77.88064137110848,-0.9193328224799295],[-77.88069639616467,-0.9194333529915486],[-77.88305320527644,-0.9237392934929691],[-77.884529530232,-0.9262678430574952],[-77.8863784141795,-0.9299743076565217],[-77.88855890486452,-0.9346132642389303],[-77.88985557540113,-0.9375114613197769],[-77.89043109780181,-0.9387978207641798],[-77.89246865068189,-0.9439386294572849],[-77.89264131640381,-0.9443562606023238],[-77.89319886091643,-0.9457048162015335],[-77.89396140552508,-0.9475492175622857],[-77.89545466628834,-0.9505861603316493],[-77.8968023144654,-0.9537593163092573],[-77.89701858218177,-0.9542685392437525],[-77.89844048920578,-0.9574249459444759],[-77.89905678383,-0.9590448510863667],[-77.89957759374083,-0.9604137830962841],[-77.90121240255642,-0.9644547900139805],[-77.9024200814345,-0.9681607811163065],[-77.90488458566671,-0.9737323379430737],[-77.9049226242832,-0.9738448085968505],[-77.90587922958214,-0.9766732720966314],[-77.90715877724857,-0.9796622808716043],[-77.90886495848356,-0.9835121884759845],[-77.91042953868711,-0.9864058692927021],[-77.90995477780564,-0.9865253865611624],[-77.90986923877303,-0.9865826727531838],[-77.90952681674513,-0.9870986490822388],[-77.90941239791306,-0.9875718139906272],[-77.9094261416004,-0.9881168066556694],[-77.90951130922112,-0.988461084601661],[-77.90965345510693,-0.9888197575907156],[-77.90978136561768,-0.9891640757602556],[-77.90989510806654,-0.9894223304728671],[-77.9104075476776,-0.9899391084534724],[-77.91057825520177,-0.9902261008983697],[-77.91086289028087,-0.990570566694269],[-77.91101921709726,-0.9910009615430871],[-77.91114707408569,-0.9914026457039109],[-77.91131744785984,-0.9920481785141669],[-77.9114026421909,-0.9923637742123386],[-77.91144506574581,-0.9927080119630872],[-77.91147320150151,-0.9930952619260065],[-77.91147262836915,-0.9937119510103617],[-77.91147218828243,-0.9941852235435819],[-77.91154297330422,-0.9946729048066757],[-77.91169928460307,-0.995117642065884],[-77.91194105641907,-0.9955911432529753],[-77.91194072245924,-0.9959496834251402],[-77.91198277068102,-0.9966954863808993],[-77.9120962979745,-0.997183208425413],[-77.91212455266844,-0.9974413845742204],[-77.91215272700181,-0.9977856101769998],[-77.91203839689491,-0.9981583832631357],[-77.91195260233926,-0.9984881594223789],[-77.91186686126845,-0.9987605692472712],[-77.91179536697967,-0.9990329916120259],[-77.9116098378422,-0.9993626731438697],[-77.91159497313849,-1.0000021986027743],[-77.91071174821036,-1.0000022086979778],[-77.90336534992205,-1.000002281535534],[-77.90309488730026,-0.9998352352982011],[-77.90281010848476,-0.9996485256887797],[-77.90252535754131,-0.9994331323683283],[-77.90226911447097,-0.9992034256734331],[-77.90222661359756,-0.9989452382776884],[-77.90215573837399,-0.9985579509098865],[-77.90195649921006,-0.9983139571423284],[-77.90172881945759,-0.9980125697825113],[-77.90133007348419,-0.9978114112009665],[-77.90108789013475,-0.9977824985032288],[-77.90047525583059,-0.9977675756361043],[-77.9001333126667,-0.9977672510588639],[-77.89984845492175,-0.9976665898068859],[-77.89937833748266,-0.9976087778615019],[-77.89882268016802,-0.9976082503025511],[-77.89845214922362,-0.9977082882530534],[-77.8982809758361,-0.9979232475425155],[-77.89803867307683,-0.9980234071073678],[-77.8977533576995,-0.9984103544350729],[-77.89751081179679,-0.9987686594298714],[-77.89723987928826,-0.9990122052654061],[-77.89689778889863,-0.9991696358678078],[-77.89637046695411,-0.9993412304814017],[-77.8958005373447,-0.9993693706310043],[-77.89513095528935,-0.9993113676223394],[-77.89457530083446,-0.9993108384408207],[-77.89396265661236,-0.9993102548750308],[-77.89354923508758,-0.9995680058994988],[-77.8932210822773,-1.00000235418662],[-77.89231550845274,-1.0000023587380564],[-77.89061551686376,-1.000002367465893],[-77.89045181236045,-0.9998506335103835],[-77.89033787988203,-0.9998003307329575],[-77.88991768727443,-0.9996851985873073],[-77.88945465703549,-0.9996704154402034],[-77.889055849048,-0.9995409633704894],[-77.88876403932802,-0.9992610297072522],[-77.88868582649437,-0.9991032011511989],[-77.88857211701178,-0.9988162664718102],[-77.88852254164473,-0.9985078815624936],[-77.88850171649706,-0.9979270391767183],[-77.88850221545123,-0.9973964119965861],[-77.88866640508883,-0.9970308647457475],[-77.88878774451804,-0.9967800076351222],[-77.8890019543469,-0.9962495836027898],[-77.88918026985773,-0.9960131217622247],[-77.88922327459609,-0.9957335073714246],[-77.88929484810807,-0.9953750426464205],[-77.88913127789112,-0.9950808906655176],[-77.88871854619468,-0.9946072358072887],[-77.88841943683065,-0.9945137330549549],[-77.8879635186236,-0.9945133000127571],[-77.88747909907835,-0.9945200109064162],[-77.8872083840486,-0.9945340949489176],[-77.88688069294194,-0.9945337835785965],[-77.88653165819882,-0.9945047694180816],[-77.88609016307537,-0.9943179129221201],[-77.88580543731088,-0.9940810116457629],[-77.88517894091656,-0.993664520092407],[-77.88480883782809,-0.993312808321854],[-77.88426057611697,-0.9930326336220211],[-77.88386892040984,-0.9928745084738547],[-77.88325652558574,-0.9926157845397902],[-77.88295735073966,-0.9925939891237756],[-77.88215237519667,-0.9925932246288153],[-77.88171785068441,-0.9925712996656575],[-77.88138304500636,-0.992563811469749],[-77.88079893126368,-0.9925345741690815],[-77.8803218201008,-0.992347684911213],[-77.8797166247556,-0.9920100925009271],[-77.87936059721527,-0.9918448307029114],[-77.878961941353,-0.9915576284014825],[-77.87847066448614,-0.9912846803400539],[-77.87811462977928,-0.9911265889525745],[-77.8777299537206,-0.9911262236177073],[-77.87681066072211,-0.9914910498608941],[-77.87642582947325,-0.9916556071734232],[-77.87588421811458,-0.9918845496810538],[-77.87549223695626,-0.9920777819618578],[-77.875029025566,-0.9922637752700272],[-77.87458016257274,-0.9923422244120914],[-77.87415965356324,-0.9925712820772663],[-77.87362513906622,-0.9928289121156246],[-77.87320458299689,-0.9931081624434377],[-77.87297649192098,-0.9932513564621581],[-77.8727199141019,-0.9933873513620168],[-77.87225662237043,-0.9936593902713458],[-77.87201433906958,-0.9937452053785945],[-77.87167936083934,-0.9939241491433499],[-77.87125881757828,-0.994189057240902],[-77.87093087470926,-0.9944612244719981],[-77.87075969900069,-0.9946833472500587],[-77.87055273577508,-0.9950846989156843],[-77.87040275432881,-0.9954932749503003],[-77.870373813238,-0.9959665016681282],[-77.87057958506307,-0.9968271613791273],[-77.8708142371612,-0.9972791295437411],[-77.87114823298215,-0.9981399118494265],[-77.8713399396013,-0.9988069547517373],[-77.87136115473095,-0.9989718973750074],[-77.87136770746798,-0.9995742286543955],[-77.87130318792022,-1.0000024019980522],[-77.87043985149741,-1.000002401249167],[-77.8406398487972,-1.0000022233337167],[-77.84001332759968,-0.9996295326464844],[-77.83934881521041,-0.9992751532823801],[-77.8389122065608,-0.9989687973558437],[-77.83858949895817,-0.9987390344670174],[-77.8383807380137,-0.9985380641456486],[-77.83815308258939,-0.9982319102116051],[-77.8380110529211,-0.9977728735804844],[-77.83792592875824,-0.9973999364458245],[-77.83796430329902,-0.9969984368371303],[-77.83819263537558,-0.9965971209180874],[-77.83847781742942,-0.9963392654930548],[-77.83879161058768,-0.9959571528458323],[-77.83900082782814,-0.995680103486197],[-77.8391340529392,-0.995412540703509],[-77.83935275846622,-0.9951450603676792],[-77.83968546616073,-0.994849008738574],[-77.83985660927881,-0.9946579656823596],[-77.84004669373725,-0.9945243032036871],[-77.84036974824468,-0.9943907688945839],[-77.84059777010559,-0.9943145052587318],[-77.8408732078475,-0.9943147708210442],[-77.84122455596719,-0.994391593101687],[-77.84154739247194,-0.9944875081295851],[-77.84192730717325,-0.99448787437029],[-77.84210778520882,-0.9944689281074403],[-77.8424877001144,-0.994469294276384],[-77.84281050976985,-0.9945938905622772],[-77.84319034310892,-0.9946803004505309],[-77.84351318028638,-0.9947762164605388],[-77.84390239415922,-0.9949869216579783],[-77.84435208983595,-0.9951290714424511],[-77.84450577730907,-0.9952684011780458],[-77.84623731828471,-0.9968381896152412],[-77.84848470256527,-0.9988756354977432],[-77.8487994971523,-0.9990070467540844],[-77.84915078448812,-0.9991507933686214],[-77.84939763993286,-0.9992466373169645],[-77.84971106367148,-0.9992565003371772],[-77.84995801042903,-0.999256738922341],[-77.85018598018654,-0.999237837874427],[-77.85057555118397,-0.9990756854818225],[-77.85098413668406,-0.9988944299811566],[-77.85119331080139,-0.9986651799237926],[-77.85144057653542,-0.998330800688987],[-77.8518019004144,-0.9979104858131083],[-77.85203969556228,-0.9975474145996293],[-77.8523441577755,-0.9969931978194273],[-77.85270569007139,-0.9963529900880334],[-77.85282951734418,-0.9959802482750539],[-77.85285834703706,-0.9956265363427532],[-77.8529539712706,-0.9949478304495573],[-77.85302088276535,-0.9944985492565946],[-77.85316402346585,-0.9937912072000301],[-77.85328794931517,-0.9933132989749347],[-77.8535449379694,-0.9927399132969147],[-77.85372577054939,-0.9923481048961165],[-77.853963680194,-0.9918607451594781],[-77.8542207312086,-0.9912204344515765],[-77.85435400989915,-0.9908955034034993],[-77.85462984809796,-0.9904751026757258],[-77.8547155733056,-0.9902170502628409],[-77.85501032630822,-0.9898827120662977],[-77.85519092341089,-0.9897394765668978],[-77.85556155219636,-0.989519937879815],[-77.85601762670551,-0.989338722442024],[-77.85617924560981,-0.9891763471449061],[-77.85636943944613,-0.9889279541253063],[-77.85652151562391,-0.9888133717326003],[-77.8567496739882,-0.9885936964057959],[-77.85704446268414,-0.9882211159280738],[-77.85722397431208,-0.9880649597647857],[-77.857186982033,-0.9879709227170663],[-77.85700367241422,-0.987504926216669],[-77.85701695769319,-0.9871694266622009],[-77.85699827678995,-0.9868347882839927],[-77.8570366096443,-0.9864715234142634],[-77.85713192121008,-0.9861178729704259],[-77.85736992736938,-0.9855253436024458],[-77.85756019199623,-0.9852004639453226],[-77.8578074542147,-0.9848660789389652],[-77.85813063682369,-0.9845986894830797],[-77.85852017957296,-0.9844652110633987],[-77.85894767912714,-0.9843700114067799],[-77.85928960742768,-0.984370335876916],[-77.85962201934977,-0.9843897718367254],[-77.85985945177268,-0.9844091185678493],[-77.86015412282096,-0.9841608226656889],[-77.86028730976813,-0.9839314940554594],[-77.8604395197817,-0.9836735025591149],[-77.86058237418686,-0.9832625321202785],[-77.86058265127934,-0.9829661535829953],[-77.86067808747752,-0.982478652183401],[-77.86065951985212,-0.982019725490445],[-77.86059375713835,-0.9812452547993928],[-77.86057796927882,-0.9808604254902633],[-77.86057453686054,-0.9806791860370303],[-77.86056665415134,-0.9802628766046487],[-77.86061453331605,-0.979844645074254],[-77.86081663375242,-0.9795580181979713],[-77.8609474871952,-0.9792832736624767],[-77.86099535570001,-0.9788769934077738],[-77.86094815464469,-0.9785662290974544],[-77.86082966305558,-0.9783151514561028],[-77.86072315490853,-0.9779445775030012],[-77.86086604682667,-0.9774905826191601],[-77.86104445647672,-0.977144179045793],[-77.86125842839068,-0.9768575617641883],[-77.86151991174219,-0.9765470878562721],[-77.86182886306345,-0.9762605596008321],[-77.8620074607565,-0.9757109918051959],[-77.86229291092603,-0.9751615250616789],[-77.86262586120577,-0.9746001501551308],[-77.86276858557723,-0.9743254164796794],[-77.8632557347415,-0.9739195462586469],[-77.86356461914423,-0.9737047220305542],[-77.86389723809317,-0.9735018705077303],[-77.86427726912507,-0.9733827185210783],[-77.86469280774246,-0.9733831077759802],[-77.86502502830389,-0.9736104837169351],[-77.86521480091524,-0.9738138259333355],[-77.86535685104877,-0.9742680896128681],[-77.86551074112826,-0.9747582173365684],[-77.86560537894195,-0.9751287813864004],[-77.86585432611473,-0.97553534313976],[-77.8667680139366,-0.9760739871152372],[-77.86766994180867,-0.9764931131893003],[-77.86840577589649,-0.9767806245772329],[-77.8689042582878,-0.9769603554324189],[-77.86948583861728,-0.9771521150888742],[-77.87018628845281,-0.9771886247290016],[-77.87061381302996,-0.977069517222332],[-77.87131449599562,-0.9768550592733272],[-77.87215798309728,-0.9762822078642306],[-77.87275182472204,-0.9760556970220741],[-77.87360706312134,-0.9756143146805084],[-77.87407025016616,-0.9754474352151284],[-77.87468778220689,-0.975280699932165],[-77.87532895007867,-0.9752334966799375],[-77.87578012182864,-0.975221966957981],[-77.8763142817043,-0.9753419758729523],[-77.8770978773868,-0.9753427085090053],[-77.87797651156666,-0.9752837749648161],[-77.87914016774849,-0.9751414508678823],[-77.87995965931971,-0.9748434415427988],[-77.88075536220175,-0.9745932135171259],[-77.88176486211756,-0.9742475767743447],[-77.8829523997854,-0.9739618591438007],[-77.88417550134199,-0.973735928729771],[-77.88510187271125,-0.9734141133630498],[-77.88560068231314,-0.9732472626234764],[-77.88620655563888,-0.9728534418343513],[-77.88658683503667,-0.9724713617349304],[-77.88649237841089,-0.971897622648007],[-77.88610090598536,-0.9715387282420793],[-77.88521105080946,-0.9708805943026456],[-77.88424957782021,-0.9706406810538114],[-77.88351346809316,-0.9706399977088918],[-77.88299104561601,-0.9706634152212298],[-77.882385569438,-0.9706269995119177],[-77.8815072079072,-0.9703871635245943],[-77.88104423856174,-0.9703150276782623],[-77.88058134523213,-0.9701592344022487],[-77.8800591552656,-0.9699316812786892],[-77.87920437654867,-0.9698711323755861],[-77.87851576054292,-0.9698704925952283],[-77.87796936634813,-0.9701448564829721],[-77.87743478902146,-0.9704789866772323],[-77.87725640273045,-0.9708014962060548],[-77.87679301727233,-0.9711834950744282],[-77.8761871281538,-0.9716012139913572],[-77.87577132139481,-0.9718876484362358],[-77.87483300883346,-0.9722931055938603],[-77.87396617361848,-0.9724357077233202],[-77.87341983540564,-0.9726503147198359],[-77.8726717494189,-0.9727691254280221],[-77.87203024306534,-0.9731868077442452],[-77.87168539684065,-0.9737720785188817],[-77.87126935982587,-0.9743094794340544],[-77.87090065768261,-0.9750142358210407],[-77.87042551030483,-0.9752767098040308],[-77.86996234595847,-0.9754196868922165],[-77.86933307669324,-0.9754429985357457],[-77.86851392400122,-0.9753824763866278],[-77.86792043868282,-0.9752265594732129],[-77.86758808450934,-0.9751425914218191],[-77.86713709232919,-0.9749629059868682],[-77.86680482688587,-0.9747833319428917],[-77.86647269421034,-0.9744603484815064],[-77.86617630028431,-0.9740059397443298],[-77.86610544077077,-0.9735995450313785],[-77.86607044110018,-0.9729302660961875],[-77.86607071700732,-0.9726314965697895],[-77.86604746869621,-0.972093687592486],[-77.86601201611768,-0.9719143920394733],[-77.86594099052176,-0.971687259762271],[-77.86586997591222,-0.9714481777834023],[-77.86559710553615,-0.9712328076223511],[-77.86487282698468,-0.9712918848856857],[-77.86449258580492,-0.9716381031375492],[-77.86420744738038,-0.9718529504706157],[-77.86385106207644,-0.9720796825230116],[-77.8635421780866,-0.9722945073217287],[-77.862912515706,-0.9727480483373152],[-77.8623304310815,-0.973106025733765],[-77.8620691257865,-0.9732252886623975],[-77.86179604771822,-0.9732369832875989],[-77.86166114626177,-0.9731786377572631],[-77.86146375007601,-0.9730932628382902],[-77.86116795890632,-0.9728874325118769],[-77.860942548114,-0.9727079597067964],[-77.86062212306618,-0.9725642505854851],[-77.86034918912574,-0.9724205860242957],[-77.86000517439393,-0.9721095432196187],[-77.85993413860083,-0.9718943635846009],[-77.85966151410031,-0.9714160780585672],[-77.85938884447657,-0.9709855959020004],[-77.85924153735829,-0.9707627288434779],[-77.85910430343374,-0.9705551028413218],[-77.85876065288583,-0.9698496881459725],[-77.85851194900143,-0.9691802142850136],[-77.85835815866916,-0.9685825345210959],[-77.85838247582915,-0.9679611182470784],[-77.85854919644828,-0.9674115408385002],[-77.85890586379153,-0.9668740899662382],[-77.85915558067288,-0.9664440959722804],[-77.85958348294753,-0.9659067107081099],[-77.85996369835068,-0.9655843945772705],[-77.86030842674114,-0.9651186363797423],[-77.86035617996798,-0.9648318623186971],[-77.86057034406349,-0.964330129675752],[-77.8607250369778,-0.9639478492472857],[-77.86093909112938,-0.9635656229026172],[-77.86110556846083,-0.9632789596700142],[-77.86225749255846,-0.9629573576823355],[-77.86337377795275,-0.9626596227919311],[-77.86368273555158,-0.9623611390933191],[-77.86389662636843,-0.9621581739407996],[-77.86419366700623,-0.961907482268892],[-77.86441986663968,-0.9612264959185209],[-77.86455109642742,-0.960533469934578],[-77.86468210780859,-0.9600794607140499],[-77.86495587249665,-0.9593148621721381],[-77.86499202273725,-0.9587293053864434],[-77.864992686202,-0.9580003064129147],[-77.86499319705156,-0.9574386188988983],[-77.8649462183984,-0.9568768876582172],[-77.86498233469926,-0.9563271835650166],[-77.86503028050882,-0.955825293757326],[-77.86505017735638,-0.9555419476535124],[-77.86548586371964,-0.9549405703299769],[-77.86566650758083,-0.9547399620483497],[-77.8662269839201,-0.9546353103424855],[-77.86677785890353,-0.9546453764561645],[-77.86717671311581,-0.9547126668411524],[-77.86767989053932,-0.9549521456571055],[-77.86817360518911,-0.9551533736108424],[-77.86860093752803,-0.9552398118864714],[-77.86909479902151,-0.9552785076220702],[-77.86958878200087,-0.9551833546431115],[-77.8701587590521,-0.9550787099475304],[-77.87060533001934,-0.9548974661073621],[-77.8709378566696,-0.9547926032559334],[-77.87133706811372,-0.954467905336502],[-77.871612804756,-0.9541430940019623],[-77.87187913000766,-0.953722667235067],[-77.87224987312779,-0.9533692594552428],[-77.87265847848218,-0.9531592983127349],[-77.87354188283355,-0.9530644987471955],[-77.87400720062297,-0.9531605319883715],[-77.87437735734463,-0.953457253243393],[-77.87451014027833,-0.9536677101489045],[-77.87475692559224,-0.9538495901615641],[-77.87529828135158,-0.9538883289243638],[-77.87568770162179,-0.9538886851523368],[-77.87602012508881,-0.9538985496354049],[-77.8765520260121,-0.953889475647428],[-77.87677052480106,-0.9538418714623315],[-77.87773940764163,-0.9537567105069222],[-77.87795794976317,-0.9536613021632582],[-77.8786895094693,-0.9534325124950458],[-77.87900308479256,-0.9532798261778417],[-77.87933568156548,-0.9530984748236738],[-77.87982031720567,-0.9528407765537922],[-77.88022910562984,-0.9524300349911189],[-77.88078021999708,-0.9521819571360799],[-77.881074816273,-0.9520101316975405],[-77.88140737887053,-0.9518670221614375],[-77.88206294718626,-0.9516477210189921],[-77.88248101099452,-0.9514855680037554],[-77.88283260472706,-0.951304232423747],[-77.8834312613039,-0.9509988313980753],[-77.88360238182209,-0.9508268926664966],[-77.88403008959553,-0.9505022137037737],[-77.88424876099013,-0.9502633917361499],[-77.88438188927097,-0.9500914172881738],[-77.88464812862114,-0.9497665910520678],[-77.88490474157528,-0.9495851689663349],[-77.88513295347107,-0.9492985508404872],[-77.88538975472947,-0.9489067901376795],[-77.88575098330892,-0.9485724879122981],[-77.88604557129426,-0.9484102207218191],[-77.88624516974987,-0.9482574278568453],[-77.88654920431574,-0.9481525339759802],[-77.8867399689058,-0.9481354404072861],[-77.8867122963439,-0.948003175985958],[-77.88627437906007,-0.945477239258232],[-77.88623982146133,-0.9452779077671767],[-77.88597243882518,-0.9452168340882756],[-77.88571603135145,-0.9451687980424825],[-77.88533611465724,-0.945158894277388],[-77.88495618957673,-0.9451585509807939],[-77.88415855148614,-0.9449283698877912],[-77.88402570565792,-0.9447848377840635],[-77.8831426366647,-0.9444972149969841],[-77.88256341371601,-0.9443150359801866],[-77.88209800699278,-0.9443146154380194],[-77.88173706258141,-0.9443334111114995],[-77.88154708276791,-0.9443523612671603],[-77.88102468805647,-0.9443518890534099],[-77.88045486269007,-0.944284447876024],[-77.88008482962756,-0.9438443173914276],[-77.8799140938596,-0.9435860214890759],[-77.87982907162412,-0.9430696624328921],[-77.87977280733114,-0.942256945105173],[-77.87958328861168,-0.9417596138006321],[-77.87956469211497,-0.9413102399651534],[-77.87974535131364,-0.941090504942924],[-77.87984052800194,-0.9408706928139949],[-77.879992751555,-0.9405840060584849],[-77.88006907615747,-0.940201643497995],[-77.88007893912436,-0.9397905387645866],[-77.88006053781581,-0.9391212669706575],[-77.88031726513456,-0.9388059915226068],[-77.88067837889065,-0.9385959785004425],[-77.8809160088854,-0.9383954157448248],[-77.88123933320583,-0.9379559097794286],[-77.88131561441601,-0.937621349793501],[-77.88127784174597,-0.9373727353436699],[-77.88111684851661,-0.9368371861528059],[-77.88104136291545,-0.9362730314305668],[-77.881098731696,-0.9358428469721156],[-77.88118446859285,-0.935556100439295],[-77.8812038020334,-0.9351736851209896],[-77.88111864895829,-0.9348007385737536],[-77.88101446562489,-0.9344660169630578],[-77.88085324332296,-0.9341886099603588],[-77.8806256025038,-0.9338346571640387],[-77.88044539221515,-0.9335476719972562],[-77.88013225971272,-0.9332032035245821],[-77.87982855844291,-0.9329352300817599],[-77.87939196885239,-0.932571530745138],[-77.87918331508381,-0.9322271561111563],[-77.87910772651813,-0.9317777326346894],[-77.87887060382535,-0.9314046505621071],[-77.87844346160908,-0.9310983241187579],[-77.87808252003364,-0.9311171239148077],[-77.87733194021249,-0.9313841555746808],[-77.87677126203187,-0.9317182811540711],[-77.87650519947476,-0.931851894106581],[-77.87608735390924,-0.9317750355500746],[-77.87566956843189,-0.9316312504595379],[-77.87555570124964,-0.9315068595866939],[-77.87548241666615,-0.9310647940828832]]]},"properties":{"OBJECTID":4849,"SHAPE.AREA":28504707.1405264,"SHAPE.LEN":44109.638372819594,"LIT":"Conglomerados con clastos subredondeados a subangulosos de cuarzo lechoso, chert, intrusivo, volcánico, metamórfico, soportado en matriz arenosa","TXT_12__15":" ","COD_OK":"12.109","ENT_GEOL":"Formación Tiyuyacu","INT_ECO":"Cuarzos, Materiales de construcción","LITOLOGIA":"Esta formación ha sido dividida en dos miembros informales (superior e inferior), con base en estudios estructurales y sedimentológicos. Los dos miembros están separados por una discordancia erosiva. La base del miembro inferior es una discordancia er"}},{"type":"Feature","id":4843,"geometry":{"type":"Polygon","coordinates":[[[-77.93435063247662,-0.6666679097535108],[-77.9344211390101,-0.6666679088116267],[-77.93602437774959,-0.6666678888742266],[-77.93657886070791,-0.6666678823452609],[-77.94804633335359,-0.6666677241994282],[-77.9484540958362,-0.6676711357850522],[-77.94972833656394,-0.6708067718647351],[-77.95008274074844,-0.6736634713046474],[-77.95005692965842,-0.676974100281156],[-77.9499608490699,-0.6787309514493319],[-77.94947263039559,-0.6810253828130417],[-77.94918635402274,-0.6831406654004374],[-77.94897121141153,-0.6854113641663606],[-77.94949289431668,-0.6865351661323086],[-77.95079678075518,-0.6898466515257852],[-77.95112879571971,-0.6905042150915196],[-77.95122260526901,-0.6923400719366729],[-77.95163943324475,-0.6940422786751775],[-77.95175633710006,-0.6946208310135715],[-77.95182879509831,-0.6949794225135227],[-77.95207494838915,-0.6962225714308204],[-77.95207427187923,-0.697274330104521],[-77.95207338472241,-0.6986511777654191],[-77.95233781354514,-0.7010034667864281],[-77.95307743155594,-0.7029162428708772],[-77.9532628940974,-0.703242761553435],[-77.95434873411664,-0.7051544616350442],[-77.95626557469187,-0.7079094319936702],[-77.95749919297278,-0.709669562472108],[-77.95844777657229,-0.7115633684384408],[-77.95977569644236,-0.7143562131079803],[-77.96036380773059,-0.7155422336144259],[-77.96087556606277,-0.7172827722061907],[-77.96189974889298,-0.7197503334944034],[-77.96320930822112,-0.7215679054835122],[-77.9652017397102,-0.7248966686068617],[-77.96694761377236,-0.7271500396996177],[-77.96723263460747,-0.7275179124689325],[-77.96877006236988,-0.7294695192373972],[-77.96998417387331,-0.731975483718295],[-77.97000682191965,-0.7320341759548371],[-77.97121681440876,-0.7351699020314675],[-77.97231685925524,-0.7377905390140874],[-77.97364534287475,-0.7397037772144671],[-77.97514443359586,-0.7421525897602745],[-77.97639697897306,-0.7439892916009848],[-77.97763046305477,-0.7459216012885972],[-77.97837028517908,-0.7474711047701782],[-77.97863528704163,-0.7488672941684239],[-77.97878620060706,-0.7504163911747247],[-77.97937343731992,-0.7528454684330657],[-77.98030278722013,-0.755026183831332],[-77.98218201582073,-0.757169321700867],[-77.98423232429364,-0.7591595993498746],[-77.98461187582566,-0.7595370381949609],[-77.98704196424502,-0.7619536057449475],[-77.98810516889424,-0.762872284147873],[-77.98913044588733,-0.7636953191687109],[-77.98968057981085,-0.7648239974096899],[-77.98979397597513,-0.7656655139653235],[-77.98996445673774,-0.7663732061475861],[-77.99100733918947,-0.7691851114161574],[-77.99195539210659,-0.7717674697173176],[-77.9927518529218,-0.7737951406558022],[-77.99371963837157,-0.775325721316791],[-77.99451629836886,-0.7770665429971592],[-77.99571188804339,-0.7788267765927992],[-77.99631927693062,-0.7795730363140749],[-77.9971736731149,-0.7802621025717484],[-77.99774328413628,-0.7807023578342442],[-77.99836972469171,-0.781372137526931],[-77.9987303646234,-0.7818122432032357],[-77.99907173482093,-0.7826348086235814],[-77.99945088135827,-0.7837633820314868],[-78.00000260191824,-0.7848920800060444],[-78.00000105177884,-0.8180400796446337],[-77.99955651751597,-0.8175732457276492],[-77.99881566376361,-0.8158993628655756],[-77.99816332882214,-0.8149426868931735],[-77.99757071597948,-0.8135079650842408],[-77.99706697575196,-0.8123123574421414],[-77.99671149903499,-0.8113260261284836],[-77.99611890532545,-0.8098614272471573],[-77.99546667832685,-0.8087553541604097],[-77.99448815140276,-0.8073502321922352],[-77.99324260252902,-0.805765629921041],[-77.99155206422628,-0.8038221330461193],[-77.99048450841936,-0.8023870730540059],[-77.98882417786524,-0.7997264744575482],[-77.9870151461165,-0.797454220174179],[-77.98541357225598,-0.7956303320963168],[-77.98419775143448,-0.7939860147488074],[-77.98304142580153,-0.792162462056622],[-77.98161827552657,-0.7898905132571978],[-77.98028389338579,-0.7880070778816407],[-77.97963265017647,-0.7855265387381796],[-77.9784471516401,-0.7829858549137636],[-77.97761778073578,-0.7805350739657128],[-77.97655134767568,-0.7775164023705686],[-77.97575220230102,-0.7742887672946028],[-77.97507163369303,-0.77127038198328],[-77.97444966502107,-0.7693277285182258],[-77.97355525146585,-0.7673393486219618],[-77.97310467798312,-0.7664784805001953],[-77.97191948219088,-0.7634657253838112],[-77.97149428995152,-0.7602622815552269],[-77.97099776791696,-0.7571783111106253],[-77.96994946753188,-0.7535566463097831],[-77.96976592011161,-0.7529225304893329],[-77.96865223059224,-0.7494795767727034],[-77.96696862945518,-0.7460362349997957],[-77.96530881808248,-0.7425212072980225],[-77.9622490196286,-0.737499283754061],[-77.96092522998478,-0.7356912451916827],[-77.95987637069688,-0.7346531008886646],[-77.95721843561698,-0.732308712547121],[-77.9541337268211,-0.7290078970264998],[-77.95187995502256,-0.7259466979230066],[-77.94834463034807,-0.7218328885531885],[-77.94374091292705,-0.7175032530675239],[-77.94198503292264,-0.7155897997088541],[-77.93773772692252,-0.7109258030037493],[-77.93780691261522,-0.7101437888778682],[-77.93778384436008,-0.7091159314448305],[-77.93773660541692,-0.7087334474194471],[-77.93768961755987,-0.7079685110700125],[-77.93788061306181,-0.70639102008344],[-77.93811842421633,-0.7058414028013473],[-77.93854611767864,-0.7054114268282905],[-77.93871264629901,-0.7049334706389685],[-77.9385473356314,-0.703546968475176],[-77.93831032100981,-0.7028775199113192],[-77.93826329870751,-0.7021603892920175],[-77.93838263080275,-0.7012282390411722],[-77.93850179038395,-0.7005590246664359],[-77.9387159932104,-0.6997942598679564],[-77.93895369226775,-0.6994119631707266],[-77.93916783141546,-0.6987428105663291],[-77.9390495547638,-0.6980495367015676],[-77.93810123541866,-0.6957541976511707],[-77.93667810474608,-0.6933151326729685],[-77.9354924514421,-0.6908284223087341],[-77.93442515374745,-0.6889154708910074],[-77.93371389014315,-0.6872178825996816],[-77.93340564864066,-0.6865244897548122],[-77.93328756382512,-0.6855204794337596],[-77.93343064216414,-0.6845644442086648],[-77.93352635013916,-0.683417151808694],[-77.93362181533564,-0.6826523110347836],[-77.9338124254926,-0.6816245952166033],[-77.93388420438086,-0.6807641256400616],[-77.93400369884807,-0.6795451390097236],[-77.93428937617672,-0.6783740639144475],[-77.93433728662265,-0.6777048041771474],[-77.93379171168762,-0.6768200378149917],[-77.93355484860685,-0.6758876620996203],[-77.93327067477358,-0.674668418045834],[-77.93293892108613,-0.6735925633030312],[-77.93274956049262,-0.6726363162519987],[-77.9327497994184,-0.672253865614809],[-77.9330116186655,-0.6712500975190837],[-77.93315440015735,-0.6707482198717969],[-77.93355844949087,-0.6701269917392187],[-77.93384386258799,-0.6693622693803375],[-77.93410541280299,-0.6687887572184025],[-77.93434312744031,-0.6683586488085845],[-77.9343788563071,-0.6681793970251712],[-77.93437896307098,-0.66800729424248],[-77.93439332557064,-0.6678208576102894],[-77.93439347672947,-0.6675770453310723],[-77.9343865048484,-0.6673332276753954],[-77.93435063247662,-0.6666679097535108]]]},"properties":{"OBJECTID":4843,"SHAPE.AREA":26022862.4971804,"SHAPE.LEN":39170.9339101801,"LIT":"Lutitas marínas, calizas, y areniscas reservorio de petróleo","TXT_12__15":" ","COD_OK":"12.67","ENT_GEOL":"Formación Napo","INT_ECO":"Calizas, Fosfatos, Arcillas, Materiales de construcción","LITOLOGIA":"Corresponde a una secuencia de lutitas y calizas negras con intercalaciones de areniscas. Se identifican 11 subdivisiones que incluyen ciclos que varían entre lutitas, calizas y areniscas (Vallejo, 2021)."}},{"type":"Feature","id":4898,"geometry":{"type":"Polygon","coordinates":[[[-77.80355192215382,-0.8153101111098207],[-77.80409839891698,-0.8148086437390036],[-77.80469243644397,-0.8142116133032653],[-77.80561858841935,-0.8139733501433275],[-77.80609332833603,-0.8141171303206699],[-77.80659156695343,-0.8145716329122519],[-77.80701840815127,-0.8152411819079501],[-77.80765929243191,-0.815456797122046],[-77.80868022961667,-0.8154576127860749],[-77.81048462428271,-0.8155307547061297],[-77.81150552665812,-0.8155793706819858],[-77.81250276376488,-0.8155323655357025],[-77.81345319191922,-0.8146249068771824],[-77.81395248678872,-0.8137409883260817],[-77.81414310495352,-0.8128807235975398],[-77.81459498816521,-0.8119011635966991],[-77.8153786708412,-0.8116866817317326],[-77.816304325524,-0.8120937241416043],[-77.8169694827852,-0.8116401423910135],[-77.81725484689063,-0.811066756281645],[-77.81737395391144,-0.8105649396403694],[-77.81749302334417,-0.8101109232147937],[-77.81806307732806,-0.8098245683292081],[-77.81877540329394,-0.8097773303542184],[-77.81944027999157,-0.8096822533165745],[-77.82001050332975,-0.8091807917118743],[-77.82088944039398,-0.808607871404073],[-77.82157819189614,-0.8083455081350401],[-77.82250418815487,-0.8083223370999002],[-77.8229078015239,-0.8083465564950958],[-77.82364448628839,-0.8075106130729257],[-77.8244761794648,-0.8066269423249408],[-77.82514146753802,-0.806006046904164],[-77.82559286358688,-0.8056478904307497],[-77.8258780956335,-0.8052418015622327],[-77.82623474158936,-0.8045967618557537],[-77.82682850423068,-0.8043582195933251],[-77.8272321181303,-0.8043824361948094],[-77.82758813577337,-0.8045500207167549],[-77.82799169455633,-0.8046459403840801],[-77.8285378423286,-0.8045746659952493],[-77.82908417503039,-0.8042643834497881],[-77.82939318678368,-0.8038105093457595],[-77.82963115115456,-0.8034368606877663],[-77.82930624060539,-0.8120066600123913],[-77.82940952659379,-0.8134801745959092],[-77.82977140095306,-0.8186430192518462],[-77.82983012440904,-0.8194808516677696],[-77.83021543194481,-0.8249784650162865],[-77.83025217803907,-0.8255027883527275],[-77.82951161352976,-0.8253021443233894],[-77.82897054724896,-0.8251460587004759],[-77.82838449592938,-0.8249769949584219],[-77.82697967687574,-0.8245717348281334],[-77.82702674804938,-0.8249759042755287],[-77.82750855810079,-0.8291129557010206],[-77.82755072813966,-0.8296102996115707],[-77.82760386043748,-0.8302369267787916],[-77.828081235839,-0.8358671516619818],[-77.82847879164669,-0.8405562408161134],[-77.82859107263826,-0.842681597364137],[-77.82894723986803,-0.8494239908458607],[-77.8283938194813,-0.8491209793024973],[-77.82761050157487,-0.8488574226205597],[-77.82701685911844,-0.8489286348976335],[-77.82644676400109,-0.8492388730714088],[-77.82556779158791,-0.8498117628084277],[-77.82497389514971,-0.8501936820836531],[-77.82423728486359,-0.850886191397749],[-77.82371456046612,-0.8513398711979516],[-77.82288287827072,-0.8521518029323862],[-77.82257401938631,-0.8523905528477191],[-77.82190861948291,-0.8531070180379802],[-77.82145686811334,-0.8538714616080868],[-77.82110016837095,-0.854540381756323],[-77.8207669954527,-0.8554722274663952],[-77.82043392020988,-0.8562845695731461],[-77.81993460082519,-0.8571445734168203],[-77.81962548440839,-0.8576940281758814],[-77.81917396776676,-0.8581716616983373],[-77.81888881126042,-0.8584582298223565],[-77.8184376108999,-0.8585534532971991],[-77.81784405055016,-0.8585290554012498],[-77.81755932938509,-0.8582898112112415],[-77.81720347766219,-0.8579310048374166],[-77.8169426979961,-0.8574527756994402],[-77.81663466863888,-0.8566877016958115],[-77.8163499870775,-0.8564006570321271],[-77.81551933210775,-0.8559697530563072],[-77.81461723060899,-0.8558016955850316],[-77.81388137146688,-0.8555859753108699],[-77.81274178130037,-0.8554894204251734],[-77.8117207507296,-0.8555841668257741],[-77.81091346732535,-0.8556073917273259],[-77.81043856681758,-0.8556547939789995],[-77.80970227609563,-0.8559648815917742],[-77.80875214084087,-0.8564659926695236],[-77.80796818640968,-0.8569911411655297],[-77.80711294387079,-0.8575879303974998],[-77.80640015886625,-0.8581848373767317],[-77.80609102411184,-0.8587581842397456],[-77.80518742114634,-0.8604065393820365],[-77.80499699991232,-0.8609799850255353],[-77.80496646432822,-0.8620076687942021],[-77.80496551656697,-0.8631429297364634],[-77.80496461753759,-0.864218439192259],[-77.80496381746026,-0.8651744474911238],[-77.80496304154076,-0.8661005814004181],[-77.80466557777513,-0.8669069609169133],[-77.80427885128674,-0.867982142459912],[-77.80407047237517,-0.8687288461874686],[-77.80365414062125,-0.8697143752694653],[-77.80317867803102,-0.8704309747710988],[-77.80276249586703,-0.8712372508568078],[-77.80237599176426,-0.8720435507338252],[-77.80190002135153,-0.873357652910436],[-77.80178064906,-0.8741343052403744],[-77.80133481140152,-0.8749106778637638],[-77.80085906538089,-0.8759558998156236],[-77.80068071425544,-0.876284373402326],[-77.80053173705673,-0.8769713742833299],[-77.80041259051804,-0.8774791487213912],[-77.80011511732589,-0.8782855218140263],[-77.7996099954681,-0.8789722135900436],[-77.79928322454272,-0.8793304331097453],[-77.79857070750516,-0.8795986935749707],[-77.79782853856209,-0.8798370527852624],[-77.79678958308715,-0.8800751546986637],[-77.79631449684376,-0.8803436190533082],[-77.79595832834052,-0.8803731857442971],[-77.79569147644081,-0.8800742043368991],[-77.79560318050905,-0.8792077519626714],[-77.79536649117023,-0.8783411724303076],[-77.79504063841935,-0.8776238904945599],[-77.7949524932585,-0.8765781898150004],[-77.79516125915583,-0.8753833690427152],[-77.79554781573789,-0.8745173268910651],[-77.79569663933019,-0.8740095792927992],[-77.79593497929706,-0.8729342835276755],[-77.79608413082646,-0.8720381601499876],[-77.79611459274471,-0.8711120606750281],[-77.79617470708881,-0.870215860663493],[-77.79629450520719,-0.8689313367655364],[-77.79629488300495,-0.8684832112773824],[-77.79682962361973,-0.8678562923687849],[-77.79757229039126,-0.8670204234345787],[-77.79792916093261,-0.8661543505035477],[-77.79828618022765,-0.8651090254740846],[-77.79855393836885,-0.8643325008739504],[-77.79855446406006,-0.8637051237812765],[-77.79858451783856,-0.8632570224614159],[-77.79834761478403,-0.8626294449784696],[-77.79796246977115,-0.861822490653093],[-77.79763668048322,-0.8610155880360605],[-77.79769663604522,-0.8602986364725458],[-77.79793471171962,-0.8595220860094921],[-77.79838036100622,-0.8589548352586364],[-77.7990931671015,-0.8583280590071357],[-77.79983537830293,-0.8580299332670358],[-77.80069607954903,-0.8580007834136216],[-77.80134918147328,-0.8577922081254636],[-77.80215159338618,-0.8564783738376951],[-77.80259793589404,-0.8550746136563575],[-77.80259897431468,-0.8538198553270488],[-77.80245156910861,-0.8526247232504404],[-77.80200725409357,-0.8515787185822611],[-77.80197851149104,-0.8504434369940751],[-77.80254336260298,-0.84927877506893],[-77.8035235147467,-0.8483534586167037],[-77.80450349586688,-0.8476372670684292],[-77.80554280887966,-0.8469509993935851],[-77.80631481976803,-0.8465035101925292],[-77.80705705354139,-0.8461754969551928],[-77.80892705266491,-0.8458782930491503],[-77.81005533160015,-0.8452817194101755],[-77.81130254451918,-0.8444163620797194],[-77.8117483102789,-0.8436997191493055],[-77.8121940989958,-0.8429531991332514],[-77.81234312476529,-0.8421765592510124],[-77.81281854347819,-0.841489813536217],[-77.813382949623,-0.8408628914231259],[-77.81388797281544,-0.8402657962135102],[-77.8142743056776,-0.8396387264080456],[-77.81486882499522,-0.8384740669468064],[-77.81540381643498,-0.8375184857295839],[-77.81574591640344,-0.8369033285921387],[-77.81597431202584,-0.8363299037859173],[-77.81606021466274,-0.8357993822294083],[-77.81631704437136,-0.8352976815527784],[-77.81644564920047,-0.834810216283522],[-77.81640320036593,-0.8344516738976443],[-77.81604714693864,-0.8343366613921727],[-77.81584780973566,-0.8342074364486376],[-77.81600511312257,-0.8334618689249308],[-77.81624740769384,-0.8333186635611679],[-77.81637614972546,-0.8326591139971758],[-77.81643351277356,-0.8321859307038563],[-77.81704671532012,-0.8313977128304106],[-77.81733197688963,-0.830967735008595],[-77.81758860890793,-0.8307098171901625],[-77.81766025119087,-0.8301936239105597],[-77.81797404975804,-0.8297063073911883],[-77.81818789733296,-0.829505715590468],[-77.81818818389746,-0.8291472083369925],[-77.81830255129174,-0.8286453895089264],[-77.81854499419718,-0.8283157577975269],[-77.81894408369071,-0.8280579541113511],[-77.81917225688892,-0.8277569920118529],[-77.81911549092436,-0.8274844792935069],[-77.81864559566398,-0.8272116329066592],[-77.8184607317123,-0.8267956138714568],[-77.81846099447206,-0.8264657871058806],[-77.8183045753277,-0.8261071524229318],[-77.81783456612884,-0.8259777105433181],[-77.81762099353222,-0.825834134410378],[-77.81743544345339,-0.8262785345866743],[-77.81732095151132,-0.8269380971971693],[-77.81713526453834,-0.8275545803339096],[-77.81679290704506,-0.8281279156235645],[-77.81642218374891,-0.828543484505986],[-77.81607984869295,-0.8290881393828596],[-77.8159795317229,-0.8298337529621546],[-77.81580822652857,-0.8302781631766967],[-77.81528107471999,-0.830349436649644],[-77.81486795817332,-0.8303347610456188],[-77.813955998241,-0.8306208263173883],[-77.81355686346973,-0.8309359881371806],[-77.8127588816844,-0.8312078037616841],[-77.81204635165884,-0.8315083696558722],[-77.81183247000614,-0.8317519791956145],[-77.81139044843891,-0.8322535283299847],[-77.81073453241979,-0.833013025216221],[-77.81037810106399,-0.8333712401861568],[-77.81000733061099,-0.8338441646432287],[-77.80952257125335,-0.8343456759418909],[-77.80878346309645,-0.8348647605198966],[-77.80821328733511,-0.8352944998763272],[-77.8074056830347,-0.835724044225484],[-77.8064318403309,-0.8362012522198717],[-77.805814411186,-0.8363441473182139],[-77.8051257541139,-0.836486984619584],[-77.80419976635449,-0.836510124775682],[-77.80384372145112,-0.8363903314807343],[-77.80336919507084,-0.8359836382921088],[-77.80301322874867,-0.8357682449935234],[-77.80232480493402,-0.83562427955339],[-77.80149382983855,-0.835599697195808],[-77.80090045566077,-0.8353602088153462],[-77.80073452743055,-0.8350254711380788],[-77.80080641349113,-0.834212925455734],[-77.80154284232813,-0.8337116254697535],[-77.80277773309363,-0.8333780329129068],[-77.80346656121678,-0.8330200939095246],[-77.80368057303056,-0.8326139649102041],[-77.80370470155215,-0.8321359802154289],[-77.8039425909861,-0.8315625695459028],[-77.80439416431581,-0.8309893327758672],[-77.80472729248731,-0.8300813951938555],[-77.8047278107541,-0.8294360897382466],[-77.80498940356588,-0.8289104968424731],[-77.8050846999208,-0.8285042707333667],[-77.80482435360688,-0.8274763487584678],[-77.80446876745701,-0.8267829537853694],[-77.80378072627279,-0.8261609903195312],[-77.80359156817907,-0.8251809284123449],[-77.80316450533513,-0.8247981796595618],[-77.80271371847907,-0.824391511245996],[-77.80235809439436,-0.8237459191145284],[-77.80235893294207,-0.8226943119982366],[-77.80250213086777,-0.8217623206462122],[-77.80212310440105,-0.8206865066420257],[-77.80195758945347,-0.8198259671730451],[-77.8019821672759,-0.8187743795330624],[-77.80226774120929,-0.8179381033841872],[-77.80257734125672,-0.8167433430849974],[-77.80291036200985,-0.8159549035040476],[-77.80355192215382,-0.8153101111098207]]]},"properties":{"OBJECTID":4898,"SHAPE.AREA":13965082.3188625,"SHAPE.LEN":28109.660103518,"LIT":"Conglomerados con clastos subredondeados a subangulosos de cuarzo lechoso, chert, intrusivo, volcánico, metamórfico, soportado en matriz arenosa","TXT_12__15":" ","COD_OK":"12.109","ENT_GEOL":"Formación Tiyuyacu","INT_ECO":"Cuarzos, Materiales de construcción","LITOLOGIA":"Esta formación ha sido dividida en dos miembros informales (superior e inferior), con base en estudios estructurales y sedimentológicos. Los dos miembros están separados por una discordancia erosiva. La base del miembro inferior es una discordancia er"}},{"type":"Feature","id":2446,"geometry":{"type":"Polygon","coordinates":[[[-77.77557515845753,-0.8831982306412265],[-77.77539287812724,-0.8829891932263229],[-77.7750940371379,-0.882625658701149],[-77.77468141432067,-0.8820517099290974],[-77.77426881617957,-0.8814490822446553],[-77.77392745719136,-0.8808321765684474],[-77.77377120237058,-0.8803158112291237],[-77.77360068966159,-0.8798137732870934],[-77.77334475302439,-0.8792543024529308],[-77.77330258364377,-0.8785946393795345],[-77.7732601430798,-0.8782504496222036],[-77.77324618080706,-0.877920625222349],[-77.77323239062535,-0.8773900447944228],[-77.77321846496191,-0.8770172005541934],[-77.7731333984463,-0.8765439169197943],[-77.77276335034477,-0.8761564239922662],[-77.77246444301714,-0.8758693706013165],[-77.7722225793348,-0.8755106685979258],[-77.7721515113672,-0.8753241915284811],[-77.7720805669753,-0.8749943172192185],[-77.77203817445941,-0.8745927694677943],[-77.77223780606893,-0.8743635080728882],[-77.77245155950654,-0.8742776553276423],[-77.77310672400144,-0.8744216193577785],[-77.7736479865692,-0.8744937864625166],[-77.77424629212635,-0.8744943045745873],[-77.77477337123207,-0.8744947609274669],[-77.77530043836308,-0.8745095568880724],[-77.77589867230938,-0.8745961128879592],[-77.77618355539263,-0.8746250388654602],[-77.77646839046463,-0.874711324535682],[-77.77702361857317,-0.8751133171217744],[-77.77716568128284,-0.8755723120211756],[-77.77723652819923,-0.8760169056083763],[-77.7773359025602,-0.8764185048251318],[-77.77764888517599,-0.8769063277343477],[-77.77804748758508,-0.8772221484371906],[-77.77833207671348,-0.877595229348833],[-77.77850280160554,-0.8778534936930894],[-77.77857347573995,-0.8784988441916308],[-77.77860142550176,-0.8791298178978131],[-77.77855814771218,-0.8797607305780895],[-77.77857209762348,-0.8801048973455734],[-77.77877128739823,-0.8803918655187896],[-77.7788992261996,-0.8807074521429566],[-77.77894165439295,-0.8810659835885627],[-77.77895556691259,-0.8814531697009949],[-77.7789836383621,-0.8819407463792573],[-77.7792682141447,-0.8823281677182395],[-77.7794389629767,-0.8825577535714472],[-77.77966647043478,-0.8830455045962112],[-77.77966613683557,-0.8834326785670855],[-77.77962304196802,-0.8838484946856265],[-77.77938059701856,-0.8841637582596997],[-77.7791868965277,-0.8843309453153227],[-77.77557515845753,-0.8831982306412265]]]},"properties":{"OBJECTID":2446,"SHAPE.AREA":545680.251475105,"SHAPE.LEN":3201.79751147949,"LIT":" ","TXT_12__15":" ","COD_OK":"14.4","ENT_GEOL":"Granodiorita","INT_ECO":"Cuarzos, Feldespatos, Arcillas, Materiales de construcción","LITOLOGIA":"Roca intrusiva ácida de grano grueso de composición intermedia, ricas en sílice y álcalis, textura fanerítica o granular; componentes esenciales cuarzo (20-40 %), plagioclasa (oligoclasa o andesina), feldespato potásico en un porcentaje subordinado"}},{"type":"Feature","id":7276,"geometry":{"type":"Polygon","coordinates":[[[-77.6894157162334,-0.774567680560217],[-77.68990906716023,-0.7745809017064692],[-77.69044325727816,-0.7745215783158237],[-77.69115544934988,-0.7745221386736298],[-77.69192696725858,-0.7745526175218566],[-77.69254995074614,-0.774792083233662],[-77.69323184331715,-0.7755991623683312],[-77.69346877612062,-0.7761967888035829],[-77.69394303807623,-0.7768842186479458],[-77.69489191077261,-0.7778109989583868],[-77.69560340754708,-0.7787077221723173],[-77.69699731008367,-0.7797543456463164],[-77.69759038852182,-0.7802925126627825],[-77.69853961223386,-0.7807712168937337],[-77.6991625063736,-0.7811301757436242],[-77.70058648499372,-0.7816690023721864],[-77.70150641086354,-0.7816697305871437],[-77.7022485195204,-0.7813715952913505],[-77.70334707991552,-0.7806256567827424],[-77.70500962984441,-0.7796710557547529],[-77.70581125285966,-0.7791638576023904],[-77.7063158699267,-0.7789850208709976],[-77.7071765421041,-0.7788662090285634],[-77.7083335736031,-0.7792554615692381],[-77.70910475755983,-0.7797340282169564],[-77.70943069764147,-0.7803616069734665],[-77.70963770381134,-0.7812878162282652],[-77.70999271301744,-0.7826921026866085],[-77.7104664452677,-0.7840666116117974],[-77.7110588533095,-0.7854710893321842],[-77.71150314166269,-0.7865468521518788],[-77.71171021361361,-0.7873834478343856],[-77.71108628028456,-0.7883388718270243],[-77.71058147039072,-0.7887566851650339],[-77.7099579129819,-0.7892341474515979],[-77.70969043525041,-0.7897417664691396],[-77.70921485325961,-0.7907271785858616],[-77.70778992050626,-0.7913832326094424],[-77.70669195952964,-0.7913524819263115],[-77.70559432908149,-0.790903519138581],[-77.70452637597933,-0.7904545798809262],[-77.70402220422258,-0.7900658366198311],[-77.7035773367675,-0.7897368856821954],[-77.70307311828864,-0.7894078875743327],[-77.70250966750902,-0.7889294819946318],[-77.70203521873309,-0.7884810192772685],[-77.70117485374494,-0.7882114823500208],[-77.70037369756679,-0.7881212261854929],[-77.6997505696147,-0.7880609843291837],[-77.69871220288717,-0.7877315615008459],[-77.69802986728403,-0.787492039676209],[-77.69749590606754,-0.7872526373950782],[-77.69663587452408,-0.7865648928342955],[-77.69633966588742,-0.7858775986971254],[-77.69592440510232,-0.7856382920687932],[-77.69485625108241,-0.7854582085473046],[-77.69441112815556,-0.7854578537899611],[-77.69369911987047,-0.7852183102205281],[-77.69280925209965,-0.7847396493411638],[-77.69132605420573,-0.7840514130422009],[-77.69052504751777,-0.7837819288352947],[-77.68975371711008,-0.783512467636278],[-77.68913080675866,-0.7831833811448989],[-77.68821122062894,-0.7827644433599188],[-77.68744010316857,-0.7822261370259016],[-77.68678773058127,-0.7816281831209559],[-77.68607593973293,-0.7811197971022505],[-77.68474093626068,-0.780670660093354],[-77.68393998281897,-0.7803414357984073],[-77.68310921418089,-0.7801914173825124],[-77.68168486463776,-0.780160413983836],[-77.68008249429107,-0.7800993970625035],[-77.67868826883729,-0.7795008574480202],[-77.67779822653335,-0.7792611778276748],[-77.67699744304062,-0.7787228553468002],[-77.67670112166483,-0.7781849332112911],[-77.67652294569406,-0.7773773775671055],[-77.67661816547482,-0.7770428930219289],[-77.67735447939833,-0.7765416357494954],[-77.67799555532874,-0.7763987596171964],[-77.67887389639411,-0.7764233527543433],[-77.67970462756136,-0.7766151881793645],[-77.68091515475786,-0.7768551191482554],[-77.68200720978548,-0.7768081885951594],[-77.68319422371668,-0.7767613327556655],[-77.68445253222492,-0.7766189438616309],[-77.68582955989325,-0.7764527500582944],[-77.68756299978907,-0.7758805807198509],[-77.6882279708349,-0.7755465412811601],[-77.68879805731295,-0.7751168362260089],[-77.6894157162334,-0.774567680560217]]]},"properties":{"OBJECTID":7276,"SHAPE.AREA":2996691.75947643,"SHAPE.LEN":9676.882369545081,"LIT":" ","TXT_12__15":"Flujos piroclásticos de corriente de densidad concentrada, localmente depósitos lahariticos y lavas alcalinas tipo tefritas","COD_OK":"No se encuentra en el catálogo","ENT_GEOL":"No se encuentra en el catálogo","INT_ECO":" ","LITOLOGIA":" "}},{"type":"Feature","id":1580,"geometry":{"type":"Polygon","coordinates":[[[-77.91042953868711,-0.9864058692927021],[-77.91065784575376,-0.9863891457778919],[-77.91112095124414,-0.9863298221624393],[-77.91150094639738,-0.9862704207321219],[-77.91233219584952,-0.986127781857582],[-77.91260541024216,-0.9859846212346792],[-77.91302112294514,-0.9858176903472325],[-77.91336557601443,-0.9856745960135019],[-77.91368635941988,-0.9854478193230959],[-77.91405465756438,-0.9851971844138573],[-77.91445855349534,-0.9849704848877421],[-77.91483849366031,-0.9849708392579217],[-77.91524211389975,-0.985042923810997],[-77.91561018138185,-0.9850432670460606],[-77.91613264438486,-0.9849959493222669],[-77.91667930424543,-0.984458645745163],[-77.91701199399773,-0.9841960250579862],[-77.91714285124198,-0.9839212641473858],[-77.91728554936152,-0.9836823687763151],[-77.917416384516,-0.9834315110653771],[-77.91752341877383,-0.9832403882157799],[-77.91761861201857,-0.9830133997071906],[-77.91785623991105,-0.9828343503267942],[-77.91821250085594,-0.9827629722766213],[-77.91850928638418,-0.9828110540141678],[-77.9186753018349,-0.9830382856019081],[-77.91872237794911,-0.9834924830469125],[-77.91865078790461,-0.9838748617359473],[-77.9185434460375,-0.9844006247319677],[-77.91855489066917,-0.9848667402372528],[-77.91867306206078,-0.9854763728609631],[-77.91891004207568,-0.9860024567609669],[-77.9192064869691,-0.9864210323731917],[-77.91964555298522,-0.9866843740165936],[-77.9199184720181,-0.9868639001895452],[-77.92002491194039,-0.9873181537173689],[-77.91945461309341,-0.9877359216381804],[-77.91871825460225,-0.9879742624348418],[-77.91823133253224,-0.9881052729161555],[-77.91791066853222,-0.9882005840128695],[-77.9175900376862,-0.9882600413518423],[-77.91688950872899,-0.9882713375645178],[-77.9163315691428,-0.9881632538898775],[-77.91592790416873,-0.9881389730212634],[-77.91487118251739,-0.9881499356920429],[-77.9145268498565,-0.988161565604053],[-77.91362445779887,-0.9881965746257714],[-77.91311389129835,-0.9882199999315512],[-77.91259134072827,-0.988362926582938],[-77.91249594739212,-0.988805037061433],[-77.91249529508389,-0.9895101666463947],[-77.91255443952993,-0.9897492483361665],[-77.91267093453966,-0.990112679166825],[-77.91280604273229,-0.9903781258859596],[-77.9131403468335,-0.9909377628752291],[-77.91366669008923,-0.9918274384134208],[-77.91416461747191,-0.9926310383518142],[-77.91448453461588,-0.993341250539752],[-77.91470516909169,-0.9935637536551418],[-77.91492583023427,-0.9937575736254031],[-77.91500397277485,-0.9939942844167036],[-77.91518894832728,-0.9942597790597207],[-77.91545212631193,-0.9946974469865725],[-77.91549459639272,-0.9949914917830842],[-77.91547932291621,-0.9952307093602333],[-77.91538918211202,-0.9954222945607102],[-77.91521780839227,-0.9958523827987878],[-77.91511786032461,-0.9960817554908791],[-77.9150179522603,-0.9962681023952621],[-77.9148325565482,-0.9964543695069659],[-77.91464713499664,-0.9966693188549114],[-77.91458998354112,-0.9968413652510718],[-77.91458955588122,-0.9973002975667506],[-77.91457500059265,-0.9976301410584737],[-77.91450349327961,-0.9979169067684941],[-77.91434650005866,-0.9982035916274918],[-77.91420378131299,-0.9984616057605419],[-77.9139898896259,-0.9986478453428022],[-77.91379025999662,-0.9988197558168771],[-77.91359054908911,-0.9990777157700123],[-77.9135191896208,-0.9992067235809059],[-77.91331951972909,-0.9994216586108109],[-77.91304861003066,-0.9996365269817843],[-77.91297725049914,-0.9997655337729947],[-77.91294845916917,-1.0000021830498853],[-77.91230746148246,-1.000002190893374],[-77.91159497313849,-1.0000021986027743],[-77.9116098378422,-0.9993626731438697],[-77.91179536697967,-0.9990329916120259],[-77.91186686126845,-0.9987605692472712],[-77.91195260233926,-0.9984881594223789],[-77.91203839689491,-0.9981583832631357],[-77.91215272700181,-0.9977856101769998],[-77.91212455266844,-0.9974413845742204],[-77.9120962979745,-0.997183208425413],[-77.91198277068102,-0.9966954863808993],[-77.91194072245924,-0.9959496834251402],[-77.91194105641907,-0.9955911432529753],[-77.91169928460307,-0.995117642065884],[-77.91154297330422,-0.9946729048066757],[-77.91147218828243,-0.9941852235435819],[-77.91147262836915,-0.9937119510103617],[-77.91147320150151,-0.9930952619260065],[-77.91144506574581,-0.9927080119630872],[-77.9114026421909,-0.9923637742123386],[-77.91131744785984,-0.9920481785141669],[-77.91114707408569,-0.9914026457039109],[-77.91101921709726,-0.9910009615430871],[-77.91086289028087,-0.990570566694269],[-77.91057825520177,-0.9902261008983697],[-77.9104075476776,-0.9899391084534724],[-77.90989510806654,-0.9894223304728671],[-77.90978136561768,-0.9891640757602556],[-77.90965345510693,-0.9888197575907156],[-77.90951130922112,-0.988461084601661],[-77.9094261416004,-0.9881168066556694],[-77.90941239791306,-0.9875718139906272],[-77.90952681674513,-0.9870986490822388],[-77.90986923877303,-0.9865826727531838],[-77.90995477780564,-0.9865253865611624],[-77.91042953868711,-0.9864058692927021]]]},"properties":{"OBJECTID":1580,"SHAPE.AREA":749008.3088002551,"SHAPE.LEN":5760.6073014161,"LIT":" ","TXT_12__15":" ","COD_OK":"13.1","ENT_GEOL":"Aluvial","INT_ECO":"Materiales de construcción","LITOLOGIA":"Son depósitos producto de la erosión de arroyos y ríos derivados del lecho rocoso y otros depósitos superficiales. Se divide en depósitos fluviales, depósitos de llanura aluvial, depósitos de terraza aluvial y depósitos de abanico aluvial (McMill"}},{"type":"Feature","id":4857,"geometry":{"type":"Polygon","coordinates":[[[-77.80739755458923,-1.000001701777698],[-77.80718453137322,-0.9992130457184055],[-77.80671057659596,-0.9982565705702219],[-77.80621248578264,-0.9977063782102855],[-77.80588055629359,-0.9972041476379608],[-77.80564360171144,-0.9967020110733028],[-77.80519313713663,-0.9960084644202631],[-77.80493248399455,-0.9954585046342883],[-77.80460071536339,-0.9947889745832967],[-77.804363714262,-0.9943346396882611],[-77.8043167094364,-0.993832689591034],[-77.80419867994914,-0.9931155680208215],[-77.80403311721076,-0.9924462018478127],[-77.80367753421766,-0.9918483505304608],[-77.8035355996361,-0.9912985079579109],[-77.80306122872076,-0.9907722421924695],[-77.8024680245139,-0.990365363147179],[-77.80178726696465,-0.9899863261450589],[-77.80231901567613,-0.990101563404115],[-77.80296484626234,-0.9901021909342631],[-77.8034397207141,-0.9901026522717541],[-77.80383867105647,-0.9900456794395844],[-77.80444612712337,-0.9904477930126426],[-77.80497796988524,-0.9904674291682565],[-77.8054149289112,-0.990391372667081],[-77.80577559621045,-0.9906402861151895],[-77.80621187826034,-0.9912716761149678],[-77.80670545633377,-0.9915780787618034],[-77.8074079991646,-0.9918655651582785],[-77.80786355131825,-0.9922101722957664],[-77.80831926878034,-0.992382697109423],[-77.80871779938121,-0.9927654893302299],[-77.80923006291391,-0.9933969564846117],[-77.8095716258702,-0.9937605733646895],[-77.81006511457024,-0.9941625794032978],[-77.81050192948746,-0.9942394858348822],[-77.81091976843676,-0.994297253252655],[-77.81183153705733,-0.994298140502648],[-77.81234429699848,-0.9944133610299191],[-77.81270516870089,-0.9944519532829005],[-77.81323681444229,-0.9946819139879022],[-77.81376824012499,-0.9951413191879387],[-77.81405259949312,-0.9957343267215526],[-77.81412808346874,-0.9962506495226889],[-77.81454553799895,-0.996709944726809],[-77.81492511193326,-0.9970544813687495],[-77.81522835600775,-0.9977622304044256],[-77.81536073382838,-0.9983742117051427],[-77.8152460798525,-0.9990815532962701],[-77.81511265200581,-0.9995594324237927],[-77.81492222120218,-1.0000018499685255],[-77.8142469301179,-1.0000018374170714],[-77.80739755458923,-1.000001701777698]]]},"properties":{"OBJECTID":4857,"SHAPE.AREA":810800.808617825,"SHAPE.LEN":4291.91905058899,"LIT":"Limolitas a arcillolitas roja intercalada con arenisca, aleatorios conglomerados","TXT_12__15":" ","COD_OK":"12.108","ENT_GEOL":"Formación Tena","INT_ECO":"Limolitas, Arcillas, Calizas, Materiales de construcción","LITOLOGIA":"Consiste en lutitas rojizas a verdes y limolitas, también incluye lutitas nodulares, paleosuelos y areniscas de grano grueso con estratificación cruzada. La parte basal de la formación se caracteriza por una secuencia de areniscas, calizas y lutitas."}},{"type":"Feature","id":4891,"geometry":{"type":"Polygon","coordinates":[[[-77.86656235489,-0.9365380798310686],[-77.8662543728727,-0.9357490477238661],[-77.86596981758026,-0.9353185619690185],[-77.86554277154951,-0.9349118504594175],[-77.8647359778658,-0.9343135840064181],[-77.86419039998206,-0.9336916517958507],[-77.86352594914287,-0.9332369247597624],[-77.86276681592174,-0.9324474906134903],[-77.86252970823266,-0.9320648528363417],[-77.86231642863895,-0.931586629944846],[-77.86222206378729,-0.9308934002785181],[-77.8623174015647,-0.9304871588308573],[-77.8625554192869,-0.9298420302182347],[-77.86272186482904,-0.9295792613052973],[-77.86319751818381,-0.9287192309451356],[-77.86424289749222,-0.9280270182498745],[-77.86476536652766,-0.9279318788964556],[-77.8661426255912,-0.9278614036383286],[-77.86687900862354,-0.9275274369168856],[-77.86754499834765,-0.9262373399842404],[-77.86771198905154,-0.9253531266113367],[-77.86771257642762,-0.9246838797874523],[-77.86761816286341,-0.9240384508042374],[-77.86754753616103,-0.9233452394835178],[-77.86754839428059,-0.9223652711596695],[-77.86757270330962,-0.9217199467856068],[-77.86781084064128,-0.9209314027921689],[-77.86807234700223,-0.9205731087153215],[-77.8685950864465,-0.9201672418751615],[-77.86935519056023,-0.9198571916402536],[-77.86987784766805,-0.9195469310280935],[-77.87023435336191,-0.9191648182265063],[-77.87049592091512,-0.9187348176384159],[-77.87075761311726,-0.9181614066778029],[-77.87094784197268,-0.9178508515667791],[-77.87094019566668,-0.917765351527048],[-77.87102617421483,-0.9177765713045946],[-77.87110330352978,-0.9178244421152292],[-77.87115073620565,-0.9178902141716729],[-77.8711922063188,-0.9179858581996948],[-77.87123883081318,-0.9180707503281376],[-77.87133358591639,-0.9183289724519534],[-77.87136172439153,-0.9187371200271325],[-77.87127190039487,-0.9196333575174523],[-77.87109318877545,-0.9203502520502781],[-77.87100357199945,-0.9210074716080549],[-77.87103260078618,-0.9217544277206834],[-77.87120992999661,-0.9226210232398807],[-77.87174350942662,-0.9233983041329841],[-77.87221754427934,-0.9243846727648767],[-77.87272154788408,-0.9250424198287327],[-77.8733440657273,-0.9259392901014234],[-77.87411548844503,-0.9262686258485027],[-77.8742160374325,-0.9266869975165337],[-77.87426298210167,-0.9273084869266345],[-77.87407228764411,-0.9281448808773927],[-77.87388176066018,-0.9287900610335333],[-77.87362008176034,-0.9293395697935457],[-77.87335848765345,-0.9297934706651281],[-77.8728116587035,-0.9305817423790984],[-77.87200380383327,-0.9311785646987859],[-77.87157588870978,-0.9317518253320073],[-77.87098163276214,-0.9324683458707251],[-77.87067242053365,-0.9330656130653828],[-77.87031540052067,-0.9340213624412128],[-77.87007750667146,-0.9345230853989985],[-77.86983969732664,-0.934929201746981],[-77.86953078043483,-0.935191843018214],[-77.86910318137876,-0.9354065746866774],[-77.86824808959742,-0.9357165279844595],[-77.86765423491725,-0.9359789120874111],[-77.86715540093331,-0.9361935777845541],[-77.86691784697113,-0.9363128723201403],[-77.86656235489,-0.9365380798310686]]]},"properties":{"OBJECTID":4891,"SHAPE.AREA":1290061.62203989,"SHAPE.LEN":5412.55287768266,"LIT":"Limolitas a arcillolitas roja intercalada con arenisca, aleatorios conglomerados","TXT_12__15":" ","COD_OK":"12.108","ENT_GEOL":"Formación Tena","INT_ECO":"Limolitas, Arcillas, Calizas, Materiales de construcción","LITOLOGIA":"Consiste en lutitas rojizas a verdes y limolitas, también incluye lutitas nodulares, paleosuelos y areniscas de grano grueso con estratificación cruzada. La parte basal de la formación se caracteriza por una secuencia de areniscas, calizas y lutitas."}},{"type":"Feature","id":2445,"geometry":{"type":"Polygon","coordinates":[[[-77.72845346952231,-0.8567427895048989],[-77.72894597634672,-0.8565620997394197],[-77.72957300217007,-0.8562567391527361],[-77.73010507852568,-0.8559321774710911],[-77.73042829836785,-0.8555309607761382],[-77.7308465640642,-0.8550342319341331],[-77.73122676230909,-0.8546330634464462],[-77.73154519845117,-0.8542751054738145],[-77.73447557888674,-0.8572401954367095],[-77.73285710842892,-0.8577590986949977],[-77.73246652204661,-0.8578843260622852],[-77.73208477023461,-0.8580364316461265],[-77.7317047284803,-0.8582511905759228],[-77.73145506003846,-0.8587050475549526],[-77.73126472406871,-0.8591828535777413],[-77.73107435734435,-0.8596965065832708],[-77.73080103811279,-0.8600427981679404],[-77.73047999269095,-0.8606758311954444],[-77.73020659252543,-0.8611177164525834],[-77.72976702411124,-0.8615355596330768],[-77.7293157679855,-0.8617383058340096],[-77.72848501188032,-0.8615225007323222],[-77.7282360666389,-0.8611279618259877],[-77.72811769742314,-0.8607335359822773],[-77.72817741716489,-0.8603034161119628],[-77.72837966463518,-0.8597778251834333],[-77.72868871660235,-0.8592881742059729],[-77.72898600980237,-0.8586670714862624],[-77.72909317040589,-0.8582847890589569],[-77.72909332414017,-0.8580142976715651],[-77.72834488718894,-0.8580004356348545],[-77.72840548977113,-0.8573282599947165],[-77.72842942431478,-0.8571012453094446],[-77.72845346952231,-0.8567427895048989]]]},"properties":{"OBJECTID":2445,"SHAPE.AREA":261922.39693797502,"SHAPE.LEN":2465.6032399710302,"LIT":" ","TXT_12__15":" ","COD_OK":"14.4","ENT_GEOL":"Granodiorita","INT_ECO":"Cuarzos, Feldespatos, Arcillas, Materiales de construcción","LITOLOGIA":"Roca intrusiva ácida de grano grueso de composición intermedia, ricas en sílice y álcalis, textura fanerítica o granular; componentes esenciales cuarzo (20-40 %), plagioclasa (oligoclasa o andesina), feldespato potásico en un porcentaje subordinado"}},{"type":"Feature","id":4882,"geometry":{"type":"Polygon","coordinates":[[[-77.79477230837206,-0.7603153110258732],[-77.79422668168344,-0.7597174027426734],[-77.79394212879285,-0.7592391900648532],[-77.79334912259282,-0.7584978478227937],[-77.79306478160619,-0.7577328370036173],[-77.79294702047994,-0.7564421511274527],[-77.79275808444443,-0.7550797129004159],[-77.79242611610415,-0.7545058675747824],[-77.79169095407816,-0.7533581242217319],[-77.79112160124772,-0.7527363039202812],[-77.79043366093764,-0.7519470976869337],[-77.7901017969096,-0.7512298546062055],[-77.78969910885714,-0.7499628630237579],[-77.78915415890887,-0.748432868150976],[-77.78875134581119,-0.7473331770765713],[-77.7881587019,-0.7460899483657691],[-77.7879457007383,-0.7451576978085281],[-77.78794608182417,-0.744631901057612],[-77.7879940849879,-0.7439149414641376],[-77.78816079702553,-0.7431980678808494],[-77.78849377003115,-0.7423857168141723],[-77.78854190947476,-0.7414775571244199],[-77.78861389291197,-0.7404260158765043],[-77.78859046117037,-0.7399958021552149],[-77.78856711432427,-0.739446088252396],[-77.78833015968627,-0.7388006189489595],[-77.78814084310387,-0.7379400863872174],[-77.7879515601883,-0.7370317551682222],[-77.78790450463994,-0.7364342245612334],[-77.78792857229735,-0.7359801452950919],[-77.78802386417549,-0.7355261167558116],[-77.78821412354378,-0.7350721578568215],[-77.78823819056811,-0.7346180784157265],[-77.7880252306981,-0.7336141298934719],[-77.78777050987942,-0.7329089006852751],[-77.7875097924077,-0.7322873165901123],[-77.78753416451987,-0.7314030405331323],[-77.78755860291976,-0.7304231647225051],[-77.7875115436689,-0.7298256346346078],[-77.78772577998421,-0.7290370938536638],[-77.7879636385432,-0.7284158688791337],[-77.78839138017254,-0.7278664801724853],[-77.78874794616453,-0.7272453386749798],[-77.78900944463531,-0.7267675293688881],[-77.78938978612028,-0.726098605008569],[-77.78958020967687,-0.725405644809096],[-77.78955678846503,-0.7249515296762741],[-77.78950964154585,-0.724473498993063],[-77.78941494330549,-0.724091032550805],[-77.78939142060909,-0.7237803173437748],[-77.78939172334049,-0.7233501205796209],[-77.78948694215025,-0.7229916900388026],[-77.78970085395659,-0.7226572434919486],[-77.7899247473103,-0.722195339062441],[-77.79049486909474,-0.7217416459333746],[-77.79090359916593,-0.7214188326149369],[-77.79129578304251,-0.7217095519475932],[-77.79135253525781,-0.7220346312398135],[-77.79129525969249,-0.722455229549217],[-77.79110497502911,-0.7229522120934051],[-77.79095270535407,-0.7234109820445771],[-77.79059138522581,-0.7240416826736108],[-77.79057175945441,-0.7249403049137532],[-77.79055225340814,-0.7256668482145873],[-77.79053273333992,-0.7264125116639987],[-77.79053209831063,-0.7273111474073728],[-77.79020881715543,-0.727865393803875],[-77.7892394195352,-0.7288971728740274],[-77.78897317216128,-0.7293749792392134],[-77.78887768968013,-0.7301014666170073],[-77.78885813894814,-0.7308853681208998],[-77.78897148742054,-0.7317458451703324],[-77.78906591051688,-0.7325107088432772],[-77.7894450982322,-0.733466977415831],[-77.78963444617031,-0.7342892707892136],[-77.7895958575928,-0.7351305186061294],[-77.78951940575992,-0.7357996600872442],[-77.7893479984258,-0.736449612378929],[-77.78942321880172,-0.7375012616893454],[-77.78972598879822,-0.7390693141924237],[-77.78983913915482,-0.7401974715308545],[-77.79019917546074,-0.7413640489106756],[-77.79042657426206,-0.7420907721159646],[-77.79082490038422,-0.7428367409052723],[-77.79091485654205,-0.7432000850056925],[-77.79065329824645,-0.7437495915049692],[-77.7904865511994,-0.7445142668407818],[-77.79031996029335,-0.7450638415527902],[-77.79036685539029,-0.7458764734075701],[-77.79074598052274,-0.7469044475876405],[-77.79117253694488,-0.7480041579625045],[-77.79131457125794,-0.7485778605272686],[-77.79157515861819,-0.7493667505574559],[-77.7919782852004,-0.7500362465153884],[-77.79228640833661,-0.7507534719366307],[-77.79285567568827,-0.7514947914860588],[-77.79318787261292,-0.7517579375599184],[-77.79401821502373,-0.7526189506467227],[-77.79437396167866,-0.753145014466369],[-77.79446824737455,-0.7540771841757302],[-77.79463382935045,-0.7549138075058672],[-77.794704634857,-0.7554874599188187],[-77.79489420321671,-0.7559895008744588],[-77.7948223627566,-0.7568259471601533],[-77.79484547281945,-0.7576863646646145],[-77.79534347654891,-0.758475436681942],[-77.79567521445851,-0.7593599848542654],[-77.79574580618373,-0.760220438630556],[-77.79543696444156,-0.7604831085802002],[-77.79477230837206,-0.7603153110258732]]]},"properties":{"OBJECTID":4882,"SHAPE.AREA":856200.651806045,"SHAPE.LEN":9408.05698817814,"LIT":"Asociaciones litológicas de tobas volcánicas, tobas riolíticas, brecha volcánica de composición andesítica a dacítica","TXT_12__15":" ","COD_OK":"12.9","ENT_GEOL":"Formación Misahuallí","INT_ECO":"Arcillas, Caolines, Materiales de construcción","LITOLOGIA":"Consiste en basaltos, andesitas y traquitas no deformadas verdes a grises oscuras o púrpuras con tobas verdosas, brechas tobáceas violetas a rosadas, aglomerados, lutitas rojas, areniscas y conglomerados (Litherland et al., 1994)."}},{"type":"Feature","id":4886,"geometry":{"type":"Polygon","coordinates":[[[-77.6608672815561,-0.7559536725984679],[-77.6603922667554,-0.756263962584379],[-77.65977485474906,-0.7565263489158307],[-77.65913381339222,-0.7566453353810567],[-77.65870655060917,-0.7565972101133449],[-77.65816070359288,-0.7564056127491674],[-77.65711674441324,-0.7556879011749318],[-77.65661848578439,-0.755352961499096],[-77.65609641583069,-0.7551135898548165],[-77.65564543345381,-0.7550415504039354],[-77.65540791863081,-0.7552086422402498],[-77.65502798808551,-0.7553517281203388],[-77.65445813040425,-0.7555185627735792],[-77.6536983266729,-0.7557330422361133],[-77.65341357158971,-0.7555894417964657],[-77.6531051880445,-0.7553024428636693],[-77.65270190515518,-0.7549436808362291],[-77.65215604336088,-0.7547759819336856],[-77.65134894707916,-0.7547514586601836],[-77.6509456640154,-0.7543926973426822],[-77.65049490448003,-0.7540339003769013],[-77.65082790282021,-0.7531738828679725],[-77.65120821370783,-0.7525289698896992],[-77.65156487703207,-0.7517645561230432],[-77.65187408046754,-0.7509762080054124],[-77.65225422629462,-0.7505463629413827],[-77.65272939978001,-0.7500210048831488],[-77.6532043369834,-0.7498063009948538],[-77.65389319440511,-0.7492333129849974],[-77.65420221464618,-0.7486839282650012],[-77.65422633368485,-0.7481821177191476],[-77.65451170550958,-0.7475132310550613],[-77.65477344613785,-0.7467009462902088],[-77.65465524064729,-0.7460556467810013],[-77.65437077435666,-0.745529702457619],[-77.65475126081299,-0.7446458183180911],[-77.65539261970594,-0.7440966855133645],[-77.65574895259154,-0.7437624038834023],[-77.65598689769402,-0.743021789621939],[-77.65586854577349,-0.7425676620370465],[-77.6558690489089,-0.7418985555210295],[-77.65598880112644,-0.7404887437911036],[-77.65603676251116,-0.7398435695553497],[-77.65584735436687,-0.7391743188056086],[-77.65587180804293,-0.7382184709953323],[-77.65582545527828,-0.7367129460650615],[-77.65546994561267,-0.7359479834795535],[-77.65525677908036,-0.7353026131158792],[-77.65525727738154,-0.7346335069982535],[-77.65551882901264,-0.7340601846667881],[-77.65592291938148,-0.733343588703036],[-77.65592364679264,-0.7323638255908917],[-77.6558053257029,-0.7318619066985869],[-77.65542586192448,-0.7313836881419572],[-77.65549750251628,-0.7308102223274938],[-77.65568787133805,-0.7301890519046281],[-77.65592554057592,-0.7298068834940448],[-77.65647175906363,-0.7294966358190579],[-77.65675715173231,-0.7287799483829299],[-77.65690013076048,-0.7280392577492321],[-77.65678200101667,-0.7272744756492772],[-77.65656872231628,-0.7267724861140612],[-77.65564356666242,-0.7258876195565185],[-77.65540665481493,-0.7252422326833335],[-77.65564430428321,-0.7248839594868881],[-77.65576343592946,-0.7242866320480896],[-77.65595378286807,-0.723689356465002],[-77.65628650828354,-0.7231638771239802],[-77.65676163079263,-0.7226862957008785],[-77.65747405225383,-0.7223283732362079],[-77.65866124646843,-0.7219708017639435],[-77.65904106497318,-0.7219710830315746],[-77.66044129856412,-0.7224500555712996],[-77.66174670112902,-0.7227616808229141],[-77.66254420771035,-0.7227756521593808],[-77.66289674660304,-0.723358487113929],[-77.66371531482662,-0.723932618100364],[-77.6649971058561,-0.7240769502942954],[-77.66606527467,-0.72418527749806],[-77.66688381938474,-0.7247952562306301],[-77.66805810795658,-0.7258714911200966],[-77.66916107455543,-0.7270910560497191],[-77.66972991437399,-0.7283102266793412],[-77.66940864778832,-0.7293853521724956],[-77.66923023603127,-0.7298870559515217],[-77.66887359677177,-0.7306395456520515],[-77.6680896823505,-0.7313558684070847],[-77.66741243421225,-0.7322873428080032],[-77.66655690450688,-0.7335412913292708],[-77.66623541935896,-0.7349031746145327],[-77.66623424749041,-0.7364803702274844],[-77.66612630112932,-0.7379857945574856],[-77.66598266421468,-0.7395987278949089],[-77.66466448464172,-0.740493863493721],[-77.66395143141925,-0.7416762176112025],[-77.66391547329768,-0.7421421796111034],[-77.66412861282629,-0.7428234024305485],[-77.66434183188966,-0.7433970894153576],[-77.66434137393223,-0.7440064595523121],[-77.66419875204222,-0.7442572680059619],[-77.66384231758431,-0.744722984702186],[-77.66345038311837,-0.745045293091557],[-77.66320069263705,-0.7456186275572523],[-77.66302232651338,-0.7460486345557376],[-77.66277244601649,-0.7468728841857327],[-77.66259388971861,-0.747553807302312],[-77.66177389500173,-0.7488794519298946],[-77.6613813607161,-0.749990352063441],[-77.66138111594786,-0.7503129594325619],[-77.66145181537576,-0.7509940727423235],[-77.66159370453543,-0.7517110856800634],[-77.66198509617031,-0.7521056852550007],[-77.66262566463593,-0.752608012309678],[-77.66276755304068,-0.7533250263015033],[-77.66251761141658,-0.7542209650269562],[-77.66219675329967,-0.7547225502576996],[-77.66180473220882,-0.7551523897610294],[-77.6608672815561,-0.7559536725984679]]]},"properties":{"OBJECTID":4886,"SHAPE.AREA":4181969.88779184,"SHAPE.LEN":10464.1690978259,"LIT":"Cuarzoarenita de grano medio color blanco, intercalado con arenisca oscura impregnada de bitumen","TXT_12__15":" ","COD_OK":"12.50","ENT_GEOL":"Formación Hollín","INT_ECO":"Arenas silíceas, Arcillas, Materiales de construcción","LITOLOGIA":"Constituida por areniscas cuarzosas blancas porosa de grano medio a grueso, con estratificaciones cruzadas y ripples. A esta formación se la ha dividido en tres miembros informales. Relleno de valle aluvial.- Incluye lutitas laminadas verdosas a rojizas"}},{"type":"Feature","id":4847,"geometry":{"type":"Polygon","coordinates":[[[-77.87130318792022,-1.0000024019980522],[-77.87136770746798,-0.9995742286543955],[-77.87136115473095,-0.9989718973750074],[-77.8713399396013,-0.9988069547517373],[-77.87114823298215,-0.9981399118494265],[-77.8708142371612,-0.9972791295437411],[-77.87057958506307,-0.9968271613791273],[-77.870373813238,-0.9959665016681282],[-77.87040275432881,-0.9954932749503003],[-77.87055273577508,-0.9950846989156843],[-77.87075969900069,-0.9946833472500587],[-77.87093087470926,-0.9944612244719981],[-77.87125881757828,-0.994189057240902],[-77.87167936083934,-0.9939241491433499],[-77.87201433906958,-0.9937452053785945],[-77.87225662237043,-0.9936593902713458],[-77.8727199141019,-0.9933873513620168],[-77.87297649192098,-0.9932513564621581],[-77.87320458299689,-0.9931081624434377],[-77.87362513906622,-0.9928289121156246],[-77.87415965356324,-0.9925712820772663],[-77.87458016257274,-0.9923422244120914],[-77.875029025566,-0.9922637752700272],[-77.87549223695626,-0.9920777819618578],[-77.87588421811458,-0.9918845496810538],[-77.87642582947325,-0.9916556071734232],[-77.87681066072211,-0.9914910498608941],[-77.8777299537206,-0.9911262236177073],[-77.87811462977928,-0.9911265889525745],[-77.87847066448614,-0.9912846803400539],[-77.878961941353,-0.9915576284014825],[-77.87936059721527,-0.9918448307029114],[-77.8797166247556,-0.9920100925009271],[-77.8803218201008,-0.992347684911213],[-77.88079893126368,-0.9925345741690815],[-77.88138304500636,-0.992563811469749],[-77.88171785068441,-0.9925712996656575],[-77.88215237519667,-0.9925932246288153],[-77.88295735073966,-0.9925939891237756],[-77.88325652558574,-0.9926157845397902],[-77.88386892040984,-0.9928745084738547],[-77.88426057611697,-0.9930326336220211],[-77.88480883782809,-0.993312808321854],[-77.88517894091656,-0.993664520092407],[-77.88580543731088,-0.9940810116457629],[-77.88609016307537,-0.9943179129221201],[-77.88653165819882,-0.9945047694180816],[-77.88688069294194,-0.9945337835785965],[-77.8872083840486,-0.9945340949489176],[-77.88747909907835,-0.9945200109064162],[-77.8879635186236,-0.9945133000127571],[-77.88841943683065,-0.9945137330549549],[-77.88871854619468,-0.9946072358072887],[-77.88913127789112,-0.9950808906655176],[-77.88929484810807,-0.9953750426464205],[-77.88922327459609,-0.9957335073714246],[-77.88918026985773,-0.9960131217622247],[-77.8890019543469,-0.9962495836027898],[-77.88878774451804,-0.9967800076351222],[-77.88866640508883,-0.9970308647457475],[-77.88850221545123,-0.9973964119965861],[-77.88850171649706,-0.9979270391767183],[-77.88852254164473,-0.9985078815624936],[-77.88857211701178,-0.9988162664718102],[-77.88868582649437,-0.9991032011511989],[-77.88876403932802,-0.9992610297072522],[-77.889055849048,-0.9995409633704894],[-77.88945465703549,-0.9996704154402034],[-77.88991768727443,-0.9996851985873073],[-77.89033787988203,-0.9998003307329575],[-77.89045181236045,-0.9998506335103835],[-77.89061551686376,-1.000002367465893],[-77.89028649379014,-1.0000023687388457],[-77.87130318792022,-1.0000024019980522]]]},"properties":{"OBJECTID":4847,"SHAPE.AREA":1583454.30517831,"SHAPE.LEN":5765.76062165666,"LIT":"Limolitas a arcillolitas roja intercalada con arenisca, aleatorios conglomerados","TXT_12__15":" ","COD_OK":"12.108","ENT_GEOL":"Formación Tena","INT_ECO":"Limolitas, Arcillas, Calizas, Materiales de construcción","LITOLOGIA":"Consiste en lutitas rojizas a verdes y limolitas, también incluye lutitas nodulares, paleosuelos y areniscas de grano grueso con estratificación cruzada. La parte basal de la formación se caracteriza por una secuencia de areniscas, calizas y lutitas."}},{"type":"Feature","id":1582,"geometry":{"type":"Polygon","coordinates":[[[-77.8124973034784,-0.9883376967358416],[-77.81230712377815,-0.9885765169118323],[-77.81192669574668,-0.9891258579115054],[-77.8115701252638,-0.9895557196137834],[-77.81059648668455,-0.9896981784301309],[-77.81007423520917,-0.9895781706323888],[-77.80955230305106,-0.9891235589258517],[-77.80905379570738,-0.9890035743772412],[-77.80824677831902,-0.9887159886440879],[-77.80791470735115,-0.9883571624148927],[-77.80758279537841,-0.9878310351834216],[-77.80744085764236,-0.9872811912221784],[-77.80756026121749,-0.9865642978425454],[-77.80775073609693,-0.9860147752278329],[-77.80803618639938,-0.9854653449973888],[-77.80806068112865,-0.9846766586520078],[-77.80806099965551,-0.9843420542803589],[-77.80787182229359,-0.9835292620424738],[-77.80754031814668,-0.9825729316263107],[-77.80739855852873,-0.9818318864120283],[-77.80785037180928,-0.9811153119642674],[-77.80903801542415,-0.9806384476765004],[-77.8097978630503,-0.980591376506558],[-77.81039155013936,-0.9804963446828678],[-77.8111513534413,-0.9804970739340361],[-77.81207759109567,-0.980258958664748],[-77.81260061309368,-0.979566348792947],[-77.81274377668719,-0.9788255733768642],[-77.81274456690606,-0.9779890603876853],[-77.81265026864689,-0.977271957674615],[-77.81234229713623,-0.9765307508915136],[-77.81203412259987,-0.9760046483112723],[-77.81151216280666,-0.9755739429518617],[-77.81077644165596,-0.9752147348484945],[-77.81001695509224,-0.9748794044088107],[-77.80928132513225,-0.9744245962763763],[-77.80852188386662,-0.9740414666977355],[-77.80792883058811,-0.9734672939744444],[-77.80769200029286,-0.9728217597817911],[-77.80740783936697,-0.9720088794430396],[-77.80726620826587,-0.971124434490994],[-77.80726715059754,-0.9701206238807647],[-77.80755272550515,-0.9694277863576749],[-77.80807593775351,-0.9685200726193047],[-77.80883625117114,-0.9679710866079366],[-77.80938267021692,-0.9676369994936611],[-77.8100004098116,-0.96720737860153],[-77.81068962702086,-0.9665149209947959],[-77.81097526546965,-0.9657503798488374],[-77.81104747717686,-0.9646988319245837],[-77.81109536572185,-0.9642686704592449],[-77.81090601669241,-0.9636231822878751],[-77.81059765949331,-0.9632882858806455],[-77.81021809353354,-0.9629294225132028],[-77.80950651529669,-0.9621400413078095],[-77.80922194699522,-0.9617573672286751],[-77.80853384586698,-0.9612548126338953],[-77.8075132464409,-0.960847547119605],[-77.80703863980072,-0.9605602966099458],[-77.80646956989276,-0.9597232521786925],[-77.80604280599505,-0.9590536434810933],[-77.80525979937153,-0.9584793018607467],[-77.80473788450968,-0.9580008066256671],[-77.80419238080825,-0.9573549879194405],[-77.80364701002775,-0.9565657699575238],[-77.80312589100983,-0.9552268702720516],[-77.80296054896773,-0.9542946083524454],[-77.80293762182659,-0.9534102805243593],[-77.80305697908628,-0.95271728619643],[-77.80319999084598,-0.95211991585236],[-77.8032721030797,-0.9511639752447794],[-77.80362884881936,-0.950519003280631],[-77.80417560885884,-0.9498025064926782],[-77.80467442005015,-0.9495878696394188],[-77.80529175138312,-0.9495884445203789],[-77.80588529598042,-0.949636797848014],[-77.80636010117514,-0.949708940503476],[-77.8068825028103,-0.949661626045438],[-77.80742882439786,-0.9494231315223345],[-77.80778519759683,-0.9491844600054093],[-77.80816575252497,-0.948467805382364],[-77.80842750136027,-0.9478466406197384],[-77.80890274556745,-0.9474407760433969],[-77.80963890658785,-0.9473219573688239],[-77.81025615300906,-0.9474181317215606],[-77.8109447618528,-0.947370969447162],[-77.81151480678221,-0.9471563941201216],[-77.81187122318559,-0.9468699203899902],[-77.8124889734707,-0.9464163844615099],[-77.81294051866405,-0.9459626949795112],[-77.81381971094571,-0.9452225949511537],[-77.8143425521969,-0.944697268840978],[-77.81455107345923,-0.9445270460758571],[-77.81467466249833,-0.944680446801972],[-77.81484538244422,-0.9449387289113449],[-77.81484519066302,-0.9451490529500369],[-77.81481648027747,-0.9453880311227366],[-77.81473997242155,-0.945705836890901],[-77.81440725541974,-0.9460401351532434],[-77.81395579705234,-0.9463982242674362],[-77.81348063990208,-0.9467084900025915],[-77.81312400370528,-0.9472339685085989],[-77.81312328216968,-0.9480226818621005],[-77.81381145558292,-0.9484535278099727],[-77.81416748023864,-0.9485972603883172],[-77.81487966033198,-0.948741324291696],[-77.81540180439148,-0.9489808124814504],[-77.81587586996787,-0.9498655706692771],[-77.8160653601199,-0.9503676566875067],[-77.81599364681989,-0.9508934002969032],[-77.81587448933611,-0.9513712994487609],[-77.81573158728236,-0.9518491763946507],[-77.81489947959354,-0.9530195247371791],[-77.81411542957368,-0.9535685043926534],[-77.81328398087975,-0.9540218366951502],[-77.81259490549132,-0.9545709030370871],[-77.81219077792413,-0.9550963338554972],[-77.81157282388489,-0.9557649671448148],[-77.81119239502081,-0.9563382199726477],[-77.81102515045322,-0.9574613814848747],[-77.81121467996897,-0.9579156658710748],[-77.81119049417883,-0.958393650879122],[-77.81100010185787,-0.9588714789691389],[-77.81099965896927,-0.9593494861462003],[-77.81118916559265,-0.9598276717736667],[-77.81140232679253,-0.960401480812366],[-77.8113543955679,-0.9608794435152506],[-77.81116377997472,-0.961596274845653],[-77.8111631359221,-0.9622893857132021],[-77.81137643015896,-0.9627197934047498],[-77.81166086562483,-0.9632458693535596],[-77.81208785322802,-0.96367647892794],[-77.81229640268812,-0.9641021023905141],[-77.81273770340762,-0.9644610249350434],[-77.8131506319743,-0.9646908589615457],[-77.81357795388402,-0.9647629633003414],[-77.81441836535575,-0.9648928183287573],[-77.81514456602332,-0.9652806910142102],[-77.81565727401905,-0.9654532578467135],[-77.81605587651987,-0.9657691206227206],[-77.81622641888501,-0.9662138306814227],[-77.81614051332114,-0.9666726388977697],[-77.81599779529597,-0.9669449699414274],[-77.81572671417847,-0.9673749223928109],[-77.81561246179899,-0.9676759597406225],[-77.8152984271536,-0.9683353160823375],[-77.81501418147637,-0.96880455530127],[-77.81461387926682,-0.9691090420190517],[-77.81431434493572,-0.9694959455134888],[-77.81410024705687,-0.9699259504873705],[-77.81408554425126,-0.970413505411332],[-77.81394258425061,-0.9709439592452299],[-77.81377133214069,-0.9712592825972535],[-77.81361421952776,-0.9716893410907576],[-77.81354251719091,-0.9721911817828199],[-77.81351363426012,-0.9726070217810254],[-77.81365534300642,-0.9734102111577233],[-77.81386853979923,-0.97394100356414],[-77.8140248581818,-0.9743570201114956],[-77.81438026147151,-0.9751604138659389],[-77.81472145861855,-0.975920772950956],[-77.81480623412558,-0.9766665483322481],[-77.81477714666298,-0.9772974930824707],[-77.81450593791917,-0.9778565041968612],[-77.81414929150681,-0.978372412547108],[-77.8136927308754,-0.9790889880437641],[-77.81319087086428,-0.9800015039499138],[-77.81288165713899,-0.9805748171064269],[-77.81259632338697,-0.9810047506802669],[-77.81257217133823,-0.9814349347762661],[-77.8126429271978,-0.9819369110842299],[-77.81273751799164,-0.9823433092368727],[-77.81276096683123,-0.9826540370313677],[-77.81261775495003,-0.9834426119739977],[-77.81318733678478,-0.9837299652487139],[-77.81375712413012,-0.9838022146061286],[-77.81420828178057,-0.9837787485525057],[-77.81484936868681,-0.9837793651910659],[-77.8152767604801,-0.9837797762150667],[-77.81591805304396,-0.983565288053949],[-77.81625080880943,-0.9832071012976918],[-77.81693974760977,-0.9828253543486174],[-77.81750958232806,-0.9828498025282714],[-77.81784177205768,-0.9830891268033727],[-77.81803131660436,-0.9835195183631468],[-77.81831572437476,-0.9840695039650075],[-77.81824367588021,-0.9849298531297951],[-77.81791094071487,-0.9852641409680906],[-77.81757818367164,-0.9856223287034102],[-77.81726932927589,-0.985813235349468],[-77.81686549831525,-0.9860040503587842],[-77.81665157509218,-0.9862428493636051],[-77.81629489135275,-0.986792216968746],[-77.81584350479781,-0.987054686707773],[-77.81527743678664,-0.9872310039766597],[-77.81467929750649,-0.9870105427061097],[-77.8141286549904,-0.9867805666573103],[-77.81355885436939,-0.9867226558929882],[-77.81320739821406,-0.9867701177443831],[-77.81299836009033,-0.9868655171291637],[-77.81273205415431,-0.9872572271033889],[-77.81241824173325,-0.9876680106244013],[-77.81238954843948,-0.9878783065720664],[-77.81244642437596,-0.9879930832253228],[-77.81253170267924,-0.9882034893588242],[-77.8124973034784,-0.9883376967358416]]]},"properties":{"OBJECTID":1582,"SHAPE.AREA":3127527.96374982,"SHAPE.LEN":14704.7333470119,"LIT":" ","TXT_12__15":" ","COD_OK":"13.3","ENT_GEOL":"Terraza aluvial","INT_ECO":"Materiales de construcción","LITOLOGIA":"Son depósitos que forman una serie de superficies niveladas en un arroyo o valle de un río, producido como los restos disecados de llanuras aluviales abandonadas anteriormente (McMillan y Powell, 1999). Corresponde a antiguas llanuras de inundación (D"}},{"type":"Feature","id":4856,"geometry":{"type":"Polygon","coordinates":[[[-77.78599455205203,-0.8499387817615216],[-77.78556708951622,-0.8500579222691488],[-77.78459371009282,-0.8499854066090672],[-77.78371555876144,-0.8496022741917179],[-77.78326477062198,-0.8492194997050356],[-77.782505647604,-0.8484540727708216],[-77.78214998757085,-0.8478801821832126],[-77.7815097540744,-0.8468997587360089],[-77.78120872822147,-0.8461165269932396],[-77.78089342090196,-0.8457281591166834],[-77.78051380085168,-0.8454171462811928],[-77.78034780174258,-0.8451780108934414],[-77.77980214335223,-0.8446756626461442],[-77.7797549548769,-0.8443171284114139],[-77.77975574180682,-0.8433611437402941],[-77.77973262792331,-0.8425963353211408],[-77.77997065908944,-0.841855644437929],[-77.78008966465022,-0.841497249405646],[-77.78035143686351,-0.8407565777044509],[-77.78070806040402,-0.8401593820466065],[-77.78108842551543,-0.8395622056284084],[-77.78139750503766,-0.83903666944434],[-77.78182553005219,-0.8382244347975865],[-77.78227718018306,-0.8375556168888248],[-77.78287077539123,-0.837508308256073],[-77.78386781573542,-0.8376764311871837],[-77.78479380489043,-0.837629397103343],[-77.78550611331316,-0.8375821861221239],[-77.78612329736445,-0.837726095523882],[-77.78676402979518,-0.8381090217756829],[-77.78728601070311,-0.8385396500610329],[-77.78804545500735,-0.8389226752619128],[-77.78875766934505,-0.838994963703439],[-77.78939891052109,-0.8387564951214482],[-77.79006420489287,-0.8381356479765198],[-77.79034989326063,-0.8371798885519132],[-77.79044548480101,-0.8364151701448774],[-77.79056501288369,-0.835411473084989],[-77.7908036204669,-0.8339537757791893],[-77.79118435136616,-0.8329024923283218],[-77.79125612101217,-0.832233353406596],[-77.79082941419321,-0.8314204069470803],[-77.7902126134477,-0.8307985046073124],[-77.78976185464299,-0.830367937721477],[-77.78966711710578,-0.830081061333675],[-77.78966761853466,-0.8294596649472348],[-77.78966810032385,-0.8288621680722559],[-77.78954981204416,-0.8283362746409239],[-77.78909907209945,-0.8278818095487381],[-77.7889096527174,-0.8272363582327209],[-77.78879151758399,-0.8265192667008836],[-77.78910097465415,-0.8255157237606158],[-77.789291566414,-0.8247032833738184],[-77.78955326859936,-0.8240342993761846],[-77.7897911517709,-0.8234608956272639],[-77.78998164530282,-0.822767953676687],[-77.7902906973483,-0.822266306549459],[-77.79048115184463,-0.8216211630735726],[-77.79060032173885,-0.8210476621549296],[-77.79086196424302,-0.8204503757869807],[-77.79136053483982,-0.8204746791714033],[-77.79193023741817,-0.8206185388103735],[-77.79223911716254,-0.8203319887969689],[-77.79264306209448,-0.819926016432327],[-77.79314233750787,-0.819066020753218],[-77.79330910485868,-0.8183491558883493],[-77.79354721263536,-0.8174889495575666],[-77.79452125881926,-0.8167249327894238],[-77.79518608416461,-0.8166776667686425],[-77.79587482430281,-0.8164153199843458],[-77.79665857111011,-0.8161052486765887],[-77.79718120881962,-0.815723267303593],[-77.79760902739,-0.8151500090267532],[-77.79796541060152,-0.8148395936242389],[-77.79855955780714,-0.8140991666559085],[-77.79870229642754,-0.8137407792798294],[-77.79953366104759,-0.8132634414942554],[-77.80038876902132,-0.8127861217085077],[-77.80107769794337,-0.8122847685930278],[-77.80164755677751,-0.8122374234480081],[-77.80212220159079,-0.812500703579085],[-77.80238301229754,-0.8129550146656268],[-77.8027626686665,-0.8132421201657274],[-77.80307083290516,-0.8138637711251329],[-77.8033790346558,-0.8144376218563621],[-77.80347377843691,-0.8147245003450119],[-77.80355192215382,-0.8153101111098207],[-77.80291036200985,-0.8159549035040476],[-77.80257734125672,-0.8167433430849974],[-77.80226774120929,-0.8179381033841872],[-77.8019821672759,-0.8187743795330624],[-77.80195758945347,-0.8198259671730451],[-77.80212310440105,-0.8206865066420257],[-77.80250213086777,-0.8217623206462122],[-77.80235893294207,-0.8226943119982366],[-77.80235809439436,-0.8237459191145284],[-77.80271371847907,-0.824391511245996],[-77.80316450533513,-0.8247981796595618],[-77.80359156817907,-0.8251809284123449],[-77.80378072627279,-0.8261609903195312],[-77.80446876745701,-0.8267829537853694],[-77.80482435360688,-0.8274763487584678],[-77.8050846999208,-0.8285042707333667],[-77.80498940356588,-0.8289104968424731],[-77.8047278107541,-0.8294360897382466],[-77.80472729248731,-0.8300813951938555],[-77.80439416431581,-0.8309893327758672],[-77.8039425909861,-0.8315625695459028],[-77.80370470155215,-0.8321359802154289],[-77.80368057303056,-0.8326139649102041],[-77.80346656121678,-0.8330200939095246],[-77.80277773309363,-0.8333780329129068],[-77.80154284232813,-0.8337116254697535],[-77.80080641349113,-0.834212925455734],[-77.80073452743055,-0.8350254711380788],[-77.80090045566077,-0.8353602088153462],[-77.80149382983855,-0.835599697195808],[-77.80232480493402,-0.83562427955339],[-77.80301322874867,-0.8357682449935234],[-77.80336919507084,-0.8359836382921088],[-77.80384372145112,-0.8363903314807343],[-77.80419976635449,-0.836510124775682],[-77.8051257541139,-0.836486984619584],[-77.805814411186,-0.8363441473182139],[-77.8064318403309,-0.8362012522198717],[-77.8074056830347,-0.835724044225484],[-77.80821328733511,-0.8352944998763272],[-77.80878346309645,-0.8348647605198966],[-77.80952257125335,-0.8343456759418909],[-77.81000733061099,-0.8338441646432287],[-77.81037810106399,-0.8333712401861568],[-77.81073453241979,-0.833013025216221],[-77.81139044843891,-0.8322535283299847],[-77.81183247000614,-0.8317519791956145],[-77.81204635165884,-0.8315083696558722],[-77.8127588816844,-0.8312078037616841],[-77.81355686346973,-0.8309359881371806],[-77.813955998241,-0.8306208263173883],[-77.81486795817332,-0.8303347610456188],[-77.81528107471999,-0.830349436649644],[-77.81580822652857,-0.8302781631766967],[-77.8159795317229,-0.8298337529621546],[-77.81607984869295,-0.8290881393828596],[-77.81642218374891,-0.828543484505986],[-77.81679290704506,-0.8281279156235645],[-77.81713526453834,-0.8275545803339096],[-77.81732095151132,-0.8269380971971693],[-77.81743544345339,-0.8262785345866743],[-77.81762099353222,-0.825834134410378],[-77.81783456612884,-0.8259777105433181],[-77.8183045753277,-0.8261071524229318],[-77.81846099447206,-0.8264657871058806],[-77.8184607317123,-0.8267956138714568],[-77.81864559566398,-0.8272116329066592],[-77.81911549092436,-0.8274844792935069],[-77.81917225688892,-0.8277569920118529],[-77.81894408369071,-0.8280579541113511],[-77.81854499419718,-0.8283157577975269],[-77.81830255129174,-0.8286453895089264],[-77.81818818389746,-0.8291472083369925],[-77.81818789733296,-0.829505715590468],[-77.81797404975804,-0.8297063073911883],[-77.81766025119087,-0.8301936239105597],[-77.81758860890793,-0.8307098171901625],[-77.81733197688963,-0.830967735008595],[-77.81704671532012,-0.8313977128304106],[-77.81643351277356,-0.8321859307038563],[-77.81637614972546,-0.8326591139971758],[-77.81624740769384,-0.8333186635611679],[-77.81600511312257,-0.8334618689249308],[-77.81584780973566,-0.8342074364486376],[-77.81604714693864,-0.8343366613921727],[-77.81640320036593,-0.8344516738976443],[-77.81644564920047,-0.834810216283522],[-77.81631704437136,-0.8352976815527784],[-77.81606021466274,-0.8357993822294083],[-77.81597431202584,-0.8363299037859173],[-77.81574591640344,-0.8369033285921387],[-77.81540381643498,-0.8375184857295839],[-77.81486882499522,-0.8384740669468064],[-77.8142743056776,-0.8396387264080456],[-77.81388797281544,-0.8402657962135102],[-77.813382949623,-0.8408628914231259],[-77.81281854347819,-0.841489813536217],[-77.81234312476529,-0.8421765592510124],[-77.8121940989958,-0.8429531991332514],[-77.8117483102789,-0.8436997191493055],[-77.81130254451918,-0.8444163620797194],[-77.81005533160015,-0.8452817194101755],[-77.80892705266491,-0.8458782930491503],[-77.80705705354139,-0.8461754969551928],[-77.80631481976803,-0.8465035101925292],[-77.80554280887966,-0.8469509993935851],[-77.80450349586688,-0.8476372670684292],[-77.8035235147467,-0.8483534586167037],[-77.80254336260298,-0.84927877506893],[-77.80197851149104,-0.8504434369940751],[-77.80200725409357,-0.8515787185822611],[-77.80245156910861,-0.8526247232504404],[-77.80259897431468,-0.8538198553270488],[-77.80259793589404,-0.8550746136563575],[-77.80215159338618,-0.8564783738376951],[-77.80134918147328,-0.8577922081254636],[-77.80069607954903,-0.8580007834136216],[-77.79983537830293,-0.8580299332670358],[-77.7990931671015,-0.8583280590071357],[-77.79838036100622,-0.8589548352586364],[-77.79793471171962,-0.8595220860094921],[-77.79769663604522,-0.8602986364725458],[-77.79763668048322,-0.8610155880360605],[-77.79796246977115,-0.861822490653093],[-77.79834761478403,-0.8626294449784696],[-77.79858451783856,-0.8632570224614159],[-77.79855446406006,-0.8637051237812765],[-77.79855393836885,-0.8643325008739504],[-77.79828618022765,-0.8651090254740846],[-77.79792916093261,-0.8661543505035477],[-77.79757229039126,-0.8670204234345787],[-77.79682962361973,-0.8678562923687849],[-77.79629488300495,-0.8684832112773824],[-77.79631144934056,-0.8678355176570515],[-77.79629769870745,-0.8672475645288871],[-77.79634093027894,-0.8666596608815466],[-77.7963555858651,-0.8661721127812722],[-77.79629914557341,-0.8655267633495682],[-77.79612864269498,-0.8649960377777733],[-77.79577325933992,-0.8640923147346694],[-77.79527535932374,-0.8632601711554132],[-77.79513323969151,-0.8628585312028868],[-77.79499119199465,-0.862370849780508],[-77.79484908322203,-0.8619548700918895],[-77.79479264068968,-0.8613095218157967],[-77.79500674507811,-0.8608078033146306],[-77.7952350220463,-0.8603921364350445],[-77.79562009708599,-0.8598618821408622],[-77.7960335554496,-0.8594607112716991],[-77.79629045551425,-0.8588873278929148],[-77.79646185682724,-0.8583425520309812],[-77.79651926912044,-0.8578263589145206],[-77.7965197703081,-0.8572240787040342],[-77.79642062347178,-0.8565356746010181],[-77.79625039026992,-0.8556751300181443],[-77.79630769498428,-0.8552879975858269],[-77.796493363616,-0.8547145522018564],[-77.79663620003872,-0.854255791492002],[-77.79665088531578,-0.8537252230866341],[-77.79620972254261,-0.8531799322292204],[-77.79569703516383,-0.852993082269725],[-77.79509888653449,-0.8527918198557356],[-77.79468595427342,-0.8525620339236109],[-77.79450114180625,-0.8521029991004383],[-77.79434486685125,-0.8515866284961815],[-77.79427413698969,-0.8509842890077727],[-77.79436003674822,-0.8504681213487724],[-77.79465964401248,-0.8499234523841244],[-77.79475984787561,-0.8493355965371197],[-77.7949882267661,-0.8487908666106632],[-77.79534479080492,-0.8482749242426643],[-77.79570135551302,-0.8477589814791768],[-77.7960008787979,-0.8473146907248039],[-77.79630050797272,-0.8467413398534956],[-77.79671400623695,-0.8462828033354788],[-77.79721294427401,-0.8458673574578399],[-77.79768319027227,-0.8456956683461633],[-77.79809645409264,-0.8455239307625928],[-77.79869492240857,-0.845338007723732],[-77.79935022060081,-0.8453385520028349],[-77.80004810416168,-0.845525552100884],[-77.80090276056502,-0.8456266421894401],[-77.80164336950884,-0.8458280189346912],[-77.80251235521568,-0.8458287404264243],[-77.80338134166394,-0.8458294617229177],[-77.80412212958917,-0.8458157363532098],[-77.80466359508553,-0.8456584434819723],[-77.8054045129768,-0.8454869765188749],[-77.8059887629898,-0.8452723589458414],[-77.80677250080299,-0.8450005448198483],[-77.80745650645689,-0.8447429877079028],[-77.80808353044208,-0.844485383886219],[-77.8085967050044,-0.8440842829479391],[-77.80905311881202,-0.8434106704882584],[-77.8093675186377,-0.8421920135093525],[-77.80965281826374,-0.8417190220031415],[-77.8099380836084,-0.8412890507320084],[-77.8101092771602,-0.8409880469538342],[-77.81035194476424,-0.8403859579275473],[-77.8104805288688,-0.8399271767131729],[-77.81045249110718,-0.8393678844227995],[-77.81045287477532,-0.8388946575484897],[-77.8104533511522,-0.8383067092248306],[-77.80982664297974,-0.8381771331817304],[-77.809270767823,-0.8385351821522017],[-77.80870062467726,-0.8389218983562686],[-77.80820162862456,-0.8394090554667487],[-77.80800169982537,-0.8400111784998106],[-77.8078015365857,-0.8409001050592614],[-77.8078008949575,-0.841688814760252],[-77.80780031113758,-0.8424058228370547],[-77.80740110336932,-0.8428070183317444],[-77.80668852531862,-0.8431649340700266],[-77.80606150263965,-0.84342253812534],[-77.80550569777577,-0.8436945417026737],[-77.80462228863878,-0.8439089132988847],[-77.8037961205368,-0.8438078477904425],[-77.80324056269728,-0.8437787076596499],[-77.80230038381514,-0.843734908891812],[-77.8016450010341,-0.8438347465418414],[-77.80121744475551,-0.8440638341902879],[-77.8006474306284,-0.8442928025814035],[-77.79950781570051,-0.8442488374114222],[-77.79892389722532,-0.8440619327076372],[-77.79785552390271,-0.8440036864476235],[-77.79734269427837,-0.8439889209773939],[-77.79633095243048,-0.8443609220944547],[-77.79611296534696,-0.8449760471867209],[-77.79606524463742,-0.845262807287287],[-77.79580368364664,-0.8457405905228326],[-77.79547107047429,-0.8460032137589836],[-77.79428370457893,-0.8462890256537985],[-77.79383243844539,-0.8464798495532424],[-77.79311992478351,-0.8467660557510829],[-77.79266858029457,-0.8470524783148233],[-77.79240707785311,-0.847458559626839],[-77.79193153724275,-0.8482946598939355],[-77.79157502429975,-0.8487484611766134],[-77.79121849147127,-0.8492261607510075],[-77.79074281213569,-0.850229559426605],[-77.78995903172111,-0.8505635008889084],[-77.78955540851837,-0.8505631625966276],[-77.78941323046504,-0.8502284456020217],[-77.78943752576507,-0.8495592693993618],[-77.78950912822648,-0.8491052320676711],[-77.78889213912372,-0.848722317266722],[-77.78822758721887,-0.848434963737899],[-77.78772936947955,-0.8479804495879837],[-77.78742117110528,-0.8474304958301289],[-77.78735018040116,-0.8471436392122664],[-77.78708944718831,-0.8466176249793425],[-77.78663849893516,-0.8464260500724126],[-77.78618735306856,-0.8464734731907677],[-77.78621068230856,-0.8469753882746653],[-77.78621011057638,-0.8476684816802299],[-77.78644696274625,-0.848361774678334],[-77.78673155550094,-0.8487444095825873],[-77.78689745661632,-0.8491030458184119],[-77.78682599236308,-0.8493897831129903],[-77.7864935186388,-0.84948510418757],[-77.78623237187102,-0.8494609850060173],[-77.78611344221808,-0.8497237837444542],[-77.78599455205203,-0.8499387817615216]]]},"properties":{"OBJECTID":4856,"SHAPE.AREA":8871185.89791683,"SHAPE.LEN":27267.247258743602,"LIT":"Limolitas a arcillolitas roja intercalada con arenisca, aleatorios conglomerados","TXT_12__15":" ","COD_OK":"12.108","ENT_GEOL":"Formación Tena","INT_ECO":"Limolitas, Arcillas, Calizas, Materiales de construcción","LITOLOGIA":"Consiste en lutitas rojizas a verdes y limolitas, también incluye lutitas nodulares, paleosuelos y areniscas de grano grueso con estratificación cruzada. La parte basal de la formación se caracteriza por una secuencia de areniscas, calizas y lutitas."}},{"type":"Feature","id":4839,"geometry":{"type":"Polygon","coordinates":[[[-77.76421202997275,-0.6666670118020651],[-77.77556629386528,-0.6666672568456488],[-77.7798724716104,-0.6666673432625013],[-77.7808416658588,-0.667916775776753],[-77.78119717747168,-0.6688490982893244],[-77.78169490300746,-0.6701400112533293],[-77.78197919019348,-0.6710722880489652],[-77.78240559579001,-0.6725065536779685],[-77.78347306420977,-0.6738695480117225],[-77.78411370612895,-0.6744435682044004],[-77.78503915074675,-0.6751611780747319],[-77.78639208410436,-0.6756639753321243],[-77.78795902260318,-0.6756650194896076],[-77.78931233709962,-0.6755942213843537],[-77.79020528353982,-0.676365739524219],[-77.79080720795783,-0.6768858112449395],[-77.7913052149483,-0.6777465408035044],[-77.7922299085774,-0.6796113539868578],[-77.79287003224394,-0.6809740803036275],[-77.79372402050525,-0.6820501526314815],[-77.7951476669939,-0.6833417092187329],[-77.79585930067638,-0.6842742888769712],[-77.79698867343849,-0.6855211409061625],[-77.79735393531185,-0.6859243988190048],[-77.79813645981866,-0.6873589324825815],[-77.7989196533441,-0.6877896634910867],[-77.80055750677356,-0.6882926730788214],[-77.80176791192682,-0.6889387954361376],[-77.80179454876945,-0.6889824343818137],[-77.80233709603128,-0.6898712876012565],[-77.80279223887858,-0.6905850619926988],[-77.80281517753657,-0.6906210348072174],[-77.80297745664976,-0.690875529451865],[-77.80326188040566,-0.6915927289052284],[-77.80356629785346,-0.6921042551463974],[-77.80390219227742,-0.6926686731102323],[-77.8048988264011,-0.693458058651869],[-77.8060375767733,-0.694749447891838],[-77.80615528902489,-0.6950687490008547],[-77.80643956482406,-0.6958398668717835],[-77.80661032107315,-0.6963030557024373],[-77.80846289116094,-0.6977225358986207],[-77.80793451113432,-0.698421408204946],[-77.80755423410378,-0.6990186550629373],[-77.80658035600375,-0.6996871960010317],[-77.80577241355873,-0.7007382535097207],[-77.80467933817162,-0.7021237159489474],[-77.8039901529132,-0.7031031506253538],[-77.80318225676609,-0.7040825018531768],[-77.80201824619341,-0.7050377050888882],[-77.80099694956984,-0.7056106015799125],[-77.80033178199794,-0.7061837437199469],[-77.79919172619809,-0.7068282563643891],[-77.79838425504386,-0.7071861961912951],[-77.79726810682585,-0.7075917218420508],[-77.79653164865019,-0.708260411006178],[-77.79581873449938,-0.7092159153126347],[-77.79491575396598,-0.7103624862792524],[-77.7946542301509,-0.7108881031512614],[-77.79401273858521,-0.7115568542834844],[-77.79299126115102,-0.7123926380972043],[-77.79206498315077,-0.7128938871146265],[-77.79134990166916,-0.7135482423565015],[-77.79060123939244,-0.7146949121868653],[-77.79013752654161,-0.7157700807370614],[-77.78960246333878,-0.7170244479873967],[-77.7888891590851,-0.7185296353207836],[-77.78810480334258,-0.7197838216040432],[-77.78732037077333,-0.7211455552297851],[-77.78621532269686,-0.7226504575409989],[-77.78575102123887,-0.7245501595149513],[-77.78525102706007,-0.7265573842624672],[-77.78478697140008,-0.7280985868430747],[-77.784429675691,-0.7297474131121355],[-77.78471286566644,-0.7321495440597688],[-77.78535284403775,-0.7336198434227722],[-77.78581455155486,-0.7353768122170351],[-77.7859206705867,-0.7363806814015887],[-77.78581311218002,-0.7373843944347761],[-77.7854918513793,-0.7384238016119072],[-77.78509941592532,-0.7393914560713402],[-77.78483486971292,-0.7399723266613083],[-77.7841516256657,-0.7408979427238808],[-77.78361694058783,-0.7415846695912873],[-77.78331945572916,-0.7425703154691109],[-77.78290293627347,-0.7440039934282658],[-77.78204158327792,-0.744989223833433],[-77.78156579292433,-0.7463033566168402],[-77.78097120502858,-0.7477368988090329],[-77.78064388415224,-0.7489316411694419],[-77.78049436249317,-0.7504850088462155],[-77.78001876279585,-0.7515302657069702],[-77.77918633290761,-0.7535312420258596],[-77.77814631412699,-0.7553229380519694],[-77.77675014498924,-0.7571442378404089],[-77.77606679805601,-0.7581893313900037],[-77.77544258275866,-0.7595332123595239],[-77.77496695180965,-0.7606083344693315],[-77.7744616639837,-0.7616535578193006],[-77.77419374710382,-0.7627587090670256],[-77.77407443728478,-0.763565227116557],[-77.77360486184645,-0.7644730534932334],[-77.77289164723761,-0.7657630858875687],[-77.77186948614009,-0.7674591718778974],[-77.77068129281608,-0.7689400331053325],[-77.76892690715589,-0.7719321740602745],[-77.76788137471931,-0.7731263415719907],[-77.76702609973664,-0.7738904651490396],[-77.76588549059053,-0.7752279503747476],[-77.76455509477582,-0.7763740925574247],[-77.7632722173945,-0.7774724692704235],[-77.76099458599175,-0.7785533432997563],[-77.75994954106332,-0.7791069946677729],[-77.75924656117546,-0.7794123588486802],[-77.75799291421644,-0.7795452218092477],[-77.75656839011097,-0.7796014750558684],[-77.75521982560825,-0.7796769043531967],[-77.7540992371551,-0.7796760339654437],[-77.7528267946186,-0.7795603302470356],[-77.75185813733675,-0.7795786968942713],[-77.75012999921356,-0.7792905655811542],[-77.74957929188578,-0.779175422764379],[-77.74885757566841,-0.7791557422141298],[-77.74792701223001,-0.7790403040507347],[-77.74688262385841,-0.7787527049471693],[-77.74551519686537,-0.778675165802276],[-77.74492628671271,-0.7788467788086334],[-77.74374865822078,-0.7789414568590676],[-77.74310275596736,-0.7791321449514544],[-77.74211508660339,-0.7791887323839022],[-77.74122246975631,-0.7791306798768104],[-77.7403110380898,-0.7788431845418361],[-77.73900086291941,-0.7784215461449718],[-77.73839319962397,-0.7782872400351882],[-77.73767140342565,-0.7783822725279487],[-77.73729118194652,-0.7788599491567425],[-77.73656895925238,-0.7795094281242144],[-77.7359037585753,-0.7801015940610092],[-77.73542866143129,-0.780464480883884],[-77.73483974149703,-0.7806552087933326],[-77.73387111694753,-0.7806544507724069],[-77.73233271534373,-0.7806532463968258],[-77.73176293677695,-0.7806528001878693],[-77.73098440344704,-0.7804418834971129],[-77.7301867449404,-0.7804030215459102],[-77.7291043325549,-0.7801918670490678],[-77.72843960853244,-0.780172228169634],[-77.72815452903015,-0.7804205481689929],[-77.72794519688242,-0.7809557087116387],[-77.72783060525174,-0.7817777237602818],[-77.72746925775739,-0.7824083583842891],[-77.72691785214386,-0.7832109101541344],[-77.72644253415847,-0.7838605718894327],[-77.72587216457006,-0.784624870827722],[-77.7253206969957,-0.7855038946873736],[-77.72457961718287,-0.785981276374785],[-77.72374354584123,-0.7864968190078965],[-77.72304078031344,-0.7865536188601805],[-77.72243288736982,-0.7867252060260622],[-77.72199567313841,-0.7872219435849299],[-77.72163436788853,-0.7877952154252379],[-77.72106410147833,-0.7884256775907555],[-77.7205509767952,-0.7888458787755647],[-77.71999998669943,-0.7891131013478803],[-77.7192783063951,-0.7890742911313526],[-77.71893651816725,-0.7889784263052206],[-77.71846169343182,-0.7889971677660743],[-77.71808171117122,-0.7891689331764195],[-77.71773954826678,-0.7895510316637319],[-77.71751118990977,-0.7901244056709961],[-77.7170355839738,-0.7911373090092151],[-77.71701601947086,-0.7918637963618819],[-77.7171864693168,-0.7924757254439956],[-77.71743288761353,-0.7930877154398961],[-77.71754644950346,-0.793584887612458],[-77.71762192111645,-0.7942158600832145],[-77.71767811255509,-0.7952100689200565],[-77.71779131038201,-0.7961660860000789],[-77.71815136386404,-0.7971796579537873],[-77.71866373450516,-0.7977153881113221],[-77.71889097574778,-0.798556787924345],[-77.71885227762894,-0.799455328639162],[-77.71871864653829,-0.8003155560210855],[-77.71856606765753,-0.8011184123368313],[-77.7183375953232,-0.8018256139484049],[-77.71807135061071,-0.8022651250429368],[-77.71744383705747,-0.803220544734959],[-77.71700618650328,-0.8042525903208076],[-77.71639787820288,-0.8049403630595796],[-77.71588454733778,-0.8056090941435824],[-77.71550402488143,-0.8064499985100818],[-77.71538945677327,-0.8072146454833059],[-77.71527504174726,-0.8077881067120914],[-77.71523625681489,-0.8087822365004073],[-77.71506492533793,-0.8092791769232335],[-77.71451346747209,-0.8101199403433254],[-77.71434193474947,-0.8108654198681396],[-77.71470200259665,-0.8118407564268686],[-77.7153660264621,-0.8127207508306973],[-77.71654312466848,-0.8132570336734813],[-77.71791058198617,-0.8132581543517777],[-77.71988614154768,-0.8128391635537843],[-77.72070331330592,-0.8122280379996146],[-77.72178661275416,-0.8113303482302374],[-77.7227560945213,-0.8102604969863316],[-77.72315533805318,-0.809763737302799],[-77.72355473495243,-0.8090757918308105],[-77.72380209853075,-0.8085024329367999],[-77.72380249727846,-0.808005348736146],[-77.72378410211869,-0.8072597061097208],[-77.7236137053525,-0.8065904149514823],[-77.72310161043397,-0.8057105427293331],[-77.72285588408691,-0.804238208484502],[-77.72293276866063,-0.8030911531222029],[-77.72319904503526,-0.802613402000321],[-77.72357862130164,-0.8029578442836685],[-77.72380596823483,-0.8036654177577665],[-77.72409026182183,-0.8044112754431109],[-77.72435569968016,-0.8049850497547307],[-77.72481083373323,-0.805845758375686],[-77.72515202657002,-0.8066872563896207],[-77.72606233886303,-0.8083513211781297],[-77.72678316890965,-0.8094607916586573],[-77.7273332955999,-0.8102833435058325],[-77.72737075812103,-0.810933410352922],[-77.72697175878523,-0.811124272315839],[-77.72664879173875,-0.8112387220045096],[-77.72636384131182,-0.8113149646642046],[-77.72583184767545,-0.8115630736631344],[-77.7253945250664,-0.8121745140956327],[-77.72425396610662,-0.8134162964425434],[-77.72360750765519,-0.8142952248154398],[-77.72317021466618,-0.8148684255556761],[-77.72286589956984,-0.8154034979424113],[-77.72277044170691,-0.8160152160914004],[-77.72263690475306,-0.8167416143717461],[-77.72218060204133,-0.8173339166136263],[-77.7217054304526,-0.8177732535529635],[-77.72132554822436,-0.817811178638686],[-77.7207557872695,-0.8177915907788058],[-77.71993929380727,-0.8175614951928275],[-77.71952178387546,-0.8171596614591924],[-77.71883837968838,-0.8167576101915803],[-77.71832578394167,-0.8165086466799542],[-77.71802190340593,-0.8165083967164485],[-77.71718589258312,-0.8169283167829625],[-77.71661604091628,-0.8170234405860288],[-77.71534339039742,-0.8172135771700205],[-77.71418514752466,-0.8168493713056116],[-77.71333104835132,-0.816160403833839],[-77.71266726243132,-0.8149936319322363],[-77.71223096450359,-0.8143432466489894],[-77.71187028047893,-0.8141326473869456],[-77.71131948615121,-0.8141513134023242],[-77.71086351465486,-0.8143421225361169],[-77.71040715520644,-0.8150108911766364],[-77.70998888935415,-0.8155458618063384],[-77.70964676290292,-0.8158705923665701],[-77.70905762750021,-0.8163289476061404],[-77.7085445549192,-0.8166726550779708],[-77.70808841246806,-0.8170737640569612],[-77.70793608415259,-0.8175515962339773],[-77.70806846895195,-0.8182399665247959],[-77.70822008007218,-0.8186415773281767],[-77.7084665585147,-0.8191579766561975],[-77.70875108359773,-0.819597934145214],[-77.70930133042576,-0.8202484142467942],[-77.70990861684362,-0.8208224695103232],[-77.71068645884795,-0.8218555074579372],[-77.71100904742954,-0.8221999066205936],[-77.71167290387227,-0.8232710883105749],[-77.71210894467289,-0.8242273723699883],[-77.71214631674401,-0.8249730214517513],[-77.71225926583504,-0.8261966954029095],[-77.71212583091561,-0.8267892553207778],[-77.7120306164062,-0.8270950703200238],[-77.71189700751607,-0.8278979326282787],[-77.71166851519295,-0.8286051228542499],[-77.71155422846495,-0.8290065140444441],[-77.711401831591,-0.8295608208090531],[-77.71149644556517,-0.8299815045718595],[-77.71191380518943,-0.8305554065977282],[-77.71276837070725,-0.8306708341971131],[-77.71341411446959,-0.8306713754171018],[-77.71402203212939,-0.8304807003086381],[-77.71449703328571,-0.8302516761048377],[-77.71516202355137,-0.8299463374632664],[-77.71558017473704,-0.8295643177232704],[-77.71609363482955,-0.8287617698983804],[-77.71681561856003,-0.8284373583028825],[-77.71734718905198,-0.8287054615108829],[-77.71763168263392,-0.8291836616816093],[-77.71799216317174,-0.8296428077234317],[-77.7183147211701,-0.8300254489334408],[-77.71856115092226,-0.8305992111858832],[-77.71894122318827,-0.830331869313528],[-77.71930255583602,-0.8297586148417184],[-77.71926490116586,-0.8293570934740161],[-77.71922735749182,-0.8288217422658756],[-77.71907596761689,-0.8281524661850446],[-77.71900090933673,-0.827043527382231],[-77.71917273814304,-0.8259539129359526],[-77.71926848470832,-0.8249980639663747],[-77.71959184392347,-0.8244056569684656],[-77.7200476968,-0.8243677985983181],[-77.7205604335494,-0.8244446986398261],[-77.72109260171332,-0.8239862939559741],[-77.72151051731855,-0.8238910470987801],[-77.72200405856712,-0.8242164727013341],[-77.72244027876361,-0.8249624610906708],[-77.72283868535405,-0.8254981135518926],[-77.72329428916215,-0.8257661529011221],[-77.7243006169297,-0.8261111237986],[-77.72502233829162,-0.8261117232562244],[-77.72553507779361,-0.8261886239338676],[-77.72540178417785,-0.8266091245658898],[-77.72524954538736,-0.8269722525094768],[-77.72492630902262,-0.8274117138463148],[-77.72454570096569,-0.8283290930527181],[-77.7240131827539,-0.8292081070083339],[-77.72348127878703,-0.8293414939676884],[-77.72293033401215,-0.8295322206067888],[-77.72241731225058,-0.8297994532535626],[-77.72199914296787,-0.8302005951189722],[-77.72169477233903,-0.8307930177290612],[-77.72140947228714,-0.8312898624816006],[-77.72112420448859,-0.8317484701364594],[-77.7206295264288,-0.8327995783269093],[-77.72030609808222,-0.8334684576976432],[-77.71977413059028,-0.8336783157528554],[-77.71880572992718,-0.8334098428981702],[-77.71808423350288,-0.8331415775715418],[-77.71757167181079,-0.8328543699571184],[-77.71666002925141,-0.8328536048110359],[-77.71574837168825,-0.8328719572937643],[-77.7145897808458,-0.832928339584898],[-77.71365914826116,-0.832927557717663],[-77.71293743392543,-0.8329269512199662],[-77.7119497145977,-0.8330599499465643],[-77.71103775971322,-0.8334415518400206],[-77.7106763637826,-0.8340912730994855],[-77.71058081299566,-0.8347985730037815],[-77.71046638129974,-0.8353720280604411],[-77.7101046813269,-0.8363849977194593],[-77.71004712927245,-0.8370732104521114],[-77.71025558362652,-0.8376278203125732],[-77.71054018336926,-0.8379721923343723],[-77.71103400283023,-0.8379534914859619],[-77.71150876685708,-0.8380112482335055],[-77.71166013213492,-0.838699639642808],[-77.71162176319329,-0.8391584490832086],[-77.71170193808072,-0.839808543031344],[-77.71210043250133,-0.8402247065960837],[-77.71309719071864,-0.8406413770378135],[-77.71399461142775,-0.8406134604847442],[-77.71455013091807,-0.8406282703104743],[-77.71547570582347,-0.8410018655822424],[-77.71563192606793,-0.8415612146016029],[-77.71541773162804,-0.8421919425755469],[-77.71521774508696,-0.8428656988394337],[-77.71504640241798,-0.8433530743788925],[-77.71473262760618,-0.8438259906121535],[-77.71523052074811,-0.8446150510393142],[-77.71541515551114,-0.8452604577248272],[-77.7151723722844,-0.8460058710207415],[-77.71477294924777,-0.846693795775312],[-77.71425921794906,-0.8477974480053828],[-77.7135182301027,-0.8481266078192172],[-77.71297684562641,-0.8482408549645776],[-77.71263487056825,-0.8483696123255138],[-77.71242073136322,-0.8489286428228923],[-77.7124061474541,-0.8493301174283084],[-77.71251977584393,-0.8497173631724141],[-77.71274733403251,-0.850133384330345],[-77.71306037154544,-0.8505351393184902],[-77.71381458456842,-0.851410455894479],[-77.7145928135593,-0.8519631702963122],[-77.7152452581878,-0.8524655909132219],[-77.71562452229814,-0.8531589619856553],[-77.7160276189003,-0.8537448131775573],[-77.71649002597987,-0.8543785114440465],[-77.7170476820746,-0.854677718624865],[-77.71765288967383,-0.8548933228720929],[-77.71827013132625,-0.8549177532246587],[-77.71886365315667,-0.8549182643369352],[-77.71943358617779,-0.8547395184220998],[-77.7202169444358,-0.8548477348540211],[-77.72059660591118,-0.8550750941931221],[-77.72086946450547,-0.855266514883985],[-77.72104727782418,-0.8555534472072319],[-77.72141485596595,-0.8560317290144541],[-77.72186564906615,-0.8563666926682033],[-77.7226250850293,-0.856689973630671],[-77.72325421142472,-0.8567024656784642],[-77.72399040479596,-0.8564402178635321],[-77.7245960950283,-0.8560942142492675],[-77.72515411038046,-0.8559752027475477],[-77.72554583792879,-0.8559755398017176],[-77.72647173863322,-0.8559763363144358],[-77.72694654997618,-0.8559886937050438],[-77.72730259435438,-0.8560726439540497],[-77.72790776901826,-0.8563360475306453],[-77.72825182256062,-0.856563377791335],[-77.72845346952231,-0.8567427895048989],[-77.72842942431478,-0.8571012453094446],[-77.72840548977113,-0.8573282599947165],[-77.72834488718894,-0.8580004356348545],[-77.72909332414017,-0.8580142976715651],[-77.72909317040589,-0.8582847890589569],[-77.72898600980237,-0.8586670714862624],[-77.72868871660235,-0.8592881742059729],[-77.72837966463518,-0.8597778251834333],[-77.72817741716489,-0.8603034161119628],[-77.72811769742314,-0.8607335359822773],[-77.7282360666389,-0.8611279618259877],[-77.72848501188032,-0.8615225007323222],[-77.7293157679855,-0.8617383058340096],[-77.72976702411124,-0.8615355596330768],[-77.73020659252543,-0.8611177164525834],[-77.73047999269095,-0.8606758311954444],[-77.73080103811279,-0.8600427981679404],[-77.73107435734435,-0.8596965065832708],[-77.73126472406871,-0.8591828535777413],[-77.73145506003846,-0.8587050475549526],[-77.7317047284803,-0.8582511905759228],[-77.73208477023461,-0.8580364316461265],[-77.73246652204661,-0.8578843260622852],[-77.73285710842892,-0.8577590986949977],[-77.73321723637225,-0.858025457124451],[-77.73386288430551,-0.8581598445105213],[-77.73532502188601,-0.8585434794265937],[-77.73631259494763,-0.8586208046800602],[-77.73747133340233,-0.858430612227496],[-77.73802252201158,-0.8579722319738614],[-77.73880193482941,-0.8571507868094442],[-77.73958118553037,-0.8565205303840809],[-77.74030327921184,-0.8561005317459963],[-77.74146187546899,-0.8560824047948036],[-77.74282915565739,-0.8563512415809518],[-77.74355068598496,-0.8566004073334949],[-77.74493715650877,-0.8566398319900771],[-77.74567790713405,-0.8566213466235874],[-77.74664659363923,-0.8565839376343118],[-77.7472354969733,-0.8564506076465197],[-77.74795770815692,-0.8558967705809356],[-77.74841428740754,-0.8550176817407863],[-77.7488518250199,-0.8541959321746299],[-77.74930812963066,-0.8536418666936163],[-77.75001152302771,-0.852877699217413],[-77.75025909333141,-0.8520940245917142],[-77.75033569178828,-0.8513484432128458],[-77.75043166537127,-0.850550480628279],[-77.75079314609852,-0.8498242589903442],[-77.75126864877048,-0.8490216564993669],[-77.75182012503473,-0.848219117439715],[-77.75220054894754,-0.8475502681875123],[-77.75248589493197,-0.8470151716326622],[-77.7525431773352,-0.8466519547559078],[-77.75252606124678,-0.8461073784696664],[-77.7524872955105,-0.8453326829171539],[-77.7525637765115,-0.8447209336289243],[-77.7529628898275,-0.8444153617874031],[-77.75332408041481,-0.8440332816612239],[-77.75360943941763,-0.8434790648497213],[-77.75380038746212,-0.8422555945482826],[-77.75383903845098,-0.8414526194124231],[-77.7540866468035,-0.8406115811614905],[-77.75465702994308,-0.839904647221594],[-77.75511332690155,-0.8393505704051046],[-77.75549350925725,-0.8389685032987073],[-77.75596875128205,-0.8384717998922074],[-77.7561971912387,-0.8378410542202042],[-77.75644474928082,-0.8370573706048171],[-77.75661631843174,-0.8362927428578396],[-77.75659807850953,-0.8353750024466589],[-77.75644664937418,-0.8347439408407455],[-77.75621923177958,-0.8341319349357452],[-77.75570708556262,-0.8333093809221025],[-77.75538488840178,-0.8324678665625304],[-77.7551195454374,-0.8317793540912726],[-77.75504402629588,-0.8312248329688747],[-77.75506348742749,-0.8306512719090726],[-77.75506411159044,-0.8298865028594193],[-77.7547797434048,-0.8292362127501972],[-77.75432452867975,-0.8284710676864441],[-77.75373625218897,-0.8278396481038673],[-77.75343273349897,-0.8273805365326364],[-77.75328150366286,-0.8265009276616616],[-77.75318726728594,-0.8256022473736732],[-77.75292196763384,-0.8248563796853359],[-77.75258061719812,-0.8242060463090876],[-77.75157428932253,-0.823822835920598],[-77.75083391224287,-0.823382486181687],[-77.75056827147904,-0.8230572423152265],[-77.75028377757484,-0.8225599110636752],[-77.75036029190598,-0.8218908031423717],[-77.7504368048794,-0.8212216951148537],[-77.75070355831318,-0.8201703595513609],[-77.75100803529492,-0.8194440800788599],[-77.75117963587401,-0.818622096273089],[-77.75129417951788,-0.8178956610336628],[-77.75152269746009,-0.8171501990536462],[-77.75182717125845,-0.8164239179982224],[-77.75207529403191,-0.814913703867798],[-77.75228487751009,-0.8140917491806728],[-77.75276067010859,-0.8128876251185011],[-77.7533690926602,-0.8120851107829165],[-77.75399600370494,-0.8119135453988358],[-77.7545850816619,-0.8115507567948402],[-77.75481342618394,-0.8110156024435664],[-77.75462395176658,-0.810441871498631],[-77.75418774898534,-0.8096385122590102],[-77.75413146942175,-0.8087589818892462],[-77.75441698997476,-0.8079753233279616],[-77.75451277483029,-0.8069429618227019],[-77.75472297239189,-0.8053371140399741],[-77.75479983754144,-0.8042091401626016],[-77.75491464201126,-0.8031385549844846],[-77.75514317772672,-0.8023548486020609],[-77.7556373465188,-0.8019154999009901],[-77.75596075705546,-0.801246583689713],[-77.75637895279768,-0.8008071743114235],[-77.75700572660563,-0.8008076740184362],[-77.75749932293428,-0.8010948572418956],[-77.75791714310412,-0.8011334286011121],[-77.75869601414931,-0.8009428564120418],[-77.75970266939925,-0.8009245389005364],[-77.76044323910608,-0.8011354418512064],[-77.7607659135457,-0.8014033699771497],[-77.76086066961952,-0.8016711165816217],[-77.7606894750833,-0.8019960091251878],[-77.75981547004952,-0.8023968182721676],[-77.75892275913701,-0.8024343439872725],[-77.75829598298836,-0.8024338435602193],[-77.75738431010419,-0.8024331154949743],[-77.75670028505577,-0.8027767163546903],[-77.75632005901846,-0.8032352749865583],[-77.75607284625848,-0.8036174624658085],[-77.75607243846912,-0.8041336831546013],[-77.75609093312951,-0.804764633465782],[-77.7560902977763,-0.805567642431777],[-77.75607072895546,-0.8062941589717046],[-77.7560699559024,-0.8072692408729935],[-77.75603112000036,-0.8083398879787866],[-77.75606851340966,-0.809085569837203],[-77.75633403796155,-0.809563765820596],[-77.75678920516874,-0.8104053808990295],[-77.75703556843419,-0.8110938743853379],[-77.75701610341801,-0.8116865565433496],[-77.75663570551212,-0.8123554231650847],[-77.756255611702,-0.8126419051326209],[-77.755210665278,-0.813042563846772],[-77.75418472829763,-0.8134241173648066],[-77.75395645894227,-0.8138636743065678],[-77.75382313941977,-0.8143224275675108],[-77.75353724564988,-0.8155649447434458],[-77.75349875344111,-0.8161958482109699],[-77.75349823143713,-0.8168459011148279],[-77.75349778586956,-0.8174003584796816],[-77.75349727847714,-0.8180312919104447],[-77.75328798409821,-0.8184899824122177],[-77.75300253183477,-0.819178041496883],[-77.75281218411106,-0.8196941044852305],[-77.75248882218737,-0.8202865354557967],[-77.75241230913664,-0.820955644062045],[-77.75229771692315,-0.8217394381208134],[-77.75233526996189,-0.82227480559869],[-77.75252481488069,-0.822752941205241],[-77.75292339326752,-0.8230974140264226],[-77.75336002061704,-0.8233654412959309],[-77.75396747739322,-0.8237674435708292],[-77.75436599426573,-0.8241883932745959],[-77.75474542471173,-0.8247240437163027],[-77.75502990491898,-0.8252404969647846],[-77.75514338317541,-0.8258332869844104],[-77.75538968966491,-0.8265791407925012],[-77.75540817039163,-0.8272100910318941],[-77.75563565455892,-0.8277456178109742],[-77.75614777247135,-0.8286064070896673],[-77.75664109911581,-0.829218631248831],[-77.75702071555332,-0.8295248528689948],[-77.75749542370436,-0.8296781994838451],[-77.7579323786296,-0.8295447251495957],[-77.75846451868962,-0.8291436587708733],[-77.75909189023459,-0.8284176419497039],[-77.75952917187028,-0.8278826608655505],[-77.76027040950746,-0.8272714518308089],[-77.76108769731798,-0.8265647079404826],[-77.7617146339436,-0.8263740294402897],[-77.7622464632029,-0.8263553466224046],[-77.76213203808827,-0.8269288347627275],[-77.76177069889043,-0.8275021187746464],[-77.76148545638644,-0.8279225106334575],[-77.76085822501197,-0.8284764552144127],[-77.76057298219855,-0.8288968463475399],[-77.76019288185881,-0.829183322636992],[-77.75988870747916,-0.8295272201167834],[-77.75952746053629,-0.829985786016959],[-77.75872916333893,-0.830692541392025],[-77.75823497831493,-0.8311318776208526],[-77.75779752229556,-0.8318771678773069],[-77.75745522127426,-0.832393105240902],[-77.75741704649609,-0.8326225055599003],[-77.75785369027861,-0.8328714181101059],[-77.75849944793974,-0.8328910728906017],[-77.75906904482447,-0.8331400959029119],[-77.75939168159317,-0.8334462722638882],[-77.75961935207434,-0.833752370942384],[-77.75963790653431,-0.8342877278168368],[-77.75975142799389,-0.8348231626626301],[-77.7598268374074,-0.8355115218596728],[-77.75982631978546,-0.8361424592088934],[-77.75969306787255,-0.8365056162319949],[-77.75935082654566,-0.8369450757392556],[-77.75898955909975,-0.8374227582348911],[-77.75887536325845,-0.837709453213841],[-77.75889396364529,-0.8381874510522784],[-77.75879877604805,-0.8384550421898893],[-77.75828565604901,-0.8388178814439011],[-77.75786728174589,-0.8394484687516306],[-77.75742983548264,-0.8401746364096585],[-77.75722035589438,-0.8408436364591764],[-77.75702980622887,-0.8415891284550039],[-77.75691505548943,-0.8425449969017064],[-77.75676244331218,-0.8433478788036197],[-77.75621112935941,-0.8439592318480463],[-77.75594482586911,-0.8444369898792528],[-77.75560232632228,-0.8451823531817807],[-77.75493638279949,-0.8465966162087499],[-77.7545559431137,-0.8472845883092077],[-77.754251412686,-0.8480491001487636],[-77.75373757082323,-0.8492722957481462],[-77.75316686040684,-0.8503616082180628],[-77.75301430647248,-0.8510880088376556],[-77.75280472316244,-0.8518717183015799],[-77.75270890647417,-0.8528849540705973],[-77.7525943208497,-0.8536305057192635],[-77.75249909685581,-0.8539363315291817],[-77.75215696060224,-0.8542419479084288],[-77.752194352083,-0.8549493896089004],[-77.75274485359365,-0.8553131240882108],[-77.75316224005667,-0.8558679364758137],[-77.75316175705476,-0.8564415120996267],[-77.75308542907604,-0.8568620698830246],[-77.75315147915474,-0.8573687855210707],[-77.75315065238073,-0.8583486444235473],[-77.75293631040894,-0.8591371275796489],[-77.75257957939799,-0.8598537923861489],[-77.75222313020967,-0.8602358705089607],[-77.7515342977162,-0.8606176631017235],[-77.75041821584001,-0.8608795942412442],[-77.74953977522424,-0.8608788398055357],[-77.7488275674823,-0.8608304299654868],[-77.74840064384489,-0.8603281864211545],[-77.74804494488693,-0.8598260043879824],[-77.74740410377116,-0.859610363961986],[-77.74676300080729,-0.8597054095271316],[-77.74605053102069,-0.8599676848295701],[-77.74502938208856,-0.8602774921678755],[-77.7443407363501,-0.8604441920576974],[-77.7438422248386,-0.8603720662309157],[-77.74265535385652,-0.860132058562835],[-77.74168136538883,-0.8608242839843299],[-77.74115848522226,-0.8614929982238747],[-77.74035080896323,-0.8620419715232707],[-77.7394960365762,-0.8621368292955741],[-77.73852259860867,-0.8621837867491745],[-77.73795262257924,-0.8623983821201987],[-77.73740604131578,-0.8630192745574632],[-77.73704959452714,-0.863401344321533],[-77.73647959841018,-0.8636398376065357],[-77.73571967105347,-0.8638781661297729],[-77.73505473019695,-0.8640926781687227],[-77.73443743591426,-0.8641160417518383],[-77.73417617975022,-0.8642353082940257],[-77.733938562366,-0.8644740880615577],[-77.73357355874579,-0.8647265002075375],[-77.73444680553048,-0.8650435531641435],[-77.7339854316738,-0.8651910847400534],[-77.73332051183387,-0.8653816970527896],[-77.73246574423057,-0.8654765487959929],[-77.7320146607374,-0.8654761571910122],[-77.73097004640779,-0.8654752501090615],[-77.73035271339626,-0.8655464091711655],[-77.72923650837281,-0.8659756112864542],[-77.72816815511034,-0.8659746822617163],[-77.72752730853483,-0.86578293774238],[-77.72657797141427,-0.8654236361636419],[-77.72536752361063,-0.8650163119922394],[-77.72399091114559,-0.8645849450812985],[-77.72270897718361,-0.8644882367539075],[-77.72147444503916,-0.8644871628952928],[-77.72064326399025,-0.8647732187869013],[-77.71983568112107,-0.8652265814272286],[-77.71888585788629,-0.8654408380135481],[-77.71793622140295,-0.8654400101309055],[-77.71701003834005,-0.8657737761293439],[-77.71660588701994,-0.866418673659877],[-77.71655758165981,-0.8673745564393102],[-77.7164620195046,-0.8680675185367317],[-77.71624787712884,-0.8686169881835543],[-77.71567770275304,-0.8690705527535948],[-77.7150599232362,-0.8696674641786402],[-77.71508306463092,-0.8703605291454776],[-77.71522476410411,-0.8712209852536704],[-77.71539020436713,-0.8720814624746552],[-77.7159113624126,-0.8733963169649849],[-77.71614808615558,-0.8741851637001118],[-77.7164085292221,-0.8749979294941477],[-77.71602775862698,-0.8760491109698265],[-77.71574251297186,-0.876455127380705],[-77.71559944223507,-0.8771719437391026],[-77.71559885800234,-0.8778410904760379],[-77.7161443986631,-0.8784151279749761],[-77.71676114132683,-0.879013127792687],[-77.7171644248159,-0.8793719574439854],[-77.71818486893933,-0.8798508252705228],[-77.71877822737713,-0.8800425365644887],[-77.7191099531035,-0.8807836746428318],[-77.71937028891146,-0.8817159353343449],[-77.71972539823463,-0.882863364176955],[-77.72024694716733,-0.8837241638490041],[-77.72157569255295,-0.8845856830084334],[-77.72207371096364,-0.8852074811763605],[-77.72228689748259,-0.8857573313806552],[-77.7223101546992,-0.8863070124448217],[-77.72283174522161,-0.8871200190482662],[-77.72349563495403,-0.8881004418735303],[-77.72456310356283,-0.8891051246458678],[-77.72503693687544,-0.8902287698539767],[-77.72498863057321,-0.8911607616273304],[-77.72498820786643,-0.8916387281942085],[-77.72503514071158,-0.8922601269589601],[-77.72519982635197,-0.8939570564171876],[-77.72529368807123,-0.8951998553698791],[-77.72548219504577,-0.8968012134048265],[-77.7261936475145,-0.8976860947337568],[-77.72661999077613,-0.8988097027305711],[-77.72664275134669,-0.8999090486948704],[-77.72687941815748,-0.9007457054993679],[-77.72718756468578,-0.9012956473591277],[-77.72792245749032,-0.9025151315971458],[-77.72865666464132,-0.9044993660288791],[-77.72908311014397,-0.9055034872722832],[-77.72981849433752,-0.9061733125322532],[-77.73043557921667,-0.906388959544658],[-77.73100496673645,-0.9068435491322527],[-77.73102812909532,-0.9074888287385557],[-77.73102763496934,-0.9080384933951551],[-77.73088458342372,-0.908707520512077],[-77.73088380880431,-0.9095678649828061],[-77.73088324890097,-0.9101892247750004],[-77.73088279639215,-0.9106910922281809],[-77.7312617763544,-0.911671276520587],[-77.7315226533312,-0.9119821954940969],[-77.73194976366074,-0.9122454695408971],[-77.7326855360099,-0.9124851280874403],[-77.73335021294865,-0.9125813299506365],[-77.7342759416199,-0.9127972644078947],[-77.73463169809398,-0.9132038649953834],[-77.73486857453388,-0.9138015463640033],[-77.735509296685,-0.9141367129434075],[-77.7360073525753,-0.91471073612441],[-77.73629156001385,-0.9154757515708191],[-77.73629095411208,-0.9161449120852724],[-77.73612407000893,-0.9169095137763202],[-77.73576699080027,-0.9179607237457916],[-77.73526737379368,-0.9191073963794144],[-77.73479103977002,-0.9207559581751089],[-77.73464754458247,-0.9219029572271181],[-77.73467069726107,-0.9225482394701957],[-77.7348128198575,-0.9229068495868002],[-77.73514478942012,-0.9233612301765145],[-77.7352154030409,-0.9240304549449184],[-77.7350724506279,-0.9245799898674404],[-77.7345731316521,-0.9253920781405269],[-77.73424035354441,-0.92582194346304],[-77.73414477413382,-0.9264910143611291],[-77.73412039637259,-0.9271840495082979],[-77.73411989200103,-0.9277337158092966],[-77.73409533863551,-0.928617939963543],[-77.73428461328275,-0.9293350722622545],[-77.73480631530411,-0.9300047182766601],[-77.73516208970891,-0.9303874269238656],[-77.73570779812455,-0.9307703129489214],[-77.73622965536778,-0.9312726701229301],[-77.73615774685233,-0.9320134596275202],[-77.73620479003814,-0.9324914758040657],[-77.73684544421909,-0.9328983511009933],[-77.73736758715238,-0.9330900279086042],[-77.73805585731078,-0.9333535558714074],[-77.73850671030358,-0.9336168621619122],[-77.73890988022784,-0.9340952125117153],[-77.73888556512685,-0.934716555003328],[-77.7388375072241,-0.9353378752328059],[-77.73909807109511,-0.9359833828647026],[-77.7398570604065,-0.9367966500000737],[-77.73995176213752,-0.9370835224764126],[-77.73997499574504,-0.9376332142342072],[-77.73997433158779,-0.9383501746764326],[-77.73985489080461,-0.9391387185129547],[-77.7402097545563,-0.9405012776109106],[-77.74084969927377,-0.9416729166588195],[-77.74153728241532,-0.942677311555544],[-77.74250988104755,-0.9435624819241639],[-77.74353038758237,-0.9439936225602503],[-77.7445034545277,-0.9443769212007566],[-77.74585635210141,-0.944808376636436],[-77.74644986037468,-0.9448567345923866],[-77.74716232443245,-0.9446423165867992],[-77.747922561469,-0.9441172586626083],[-77.74875471405888,-0.9428514007015945],[-77.74918236037882,-0.9425411172647469],[-77.75003710060355,-0.942518022466639],[-77.75089199672483,-0.9423276346462057],[-77.75179448885089,-0.9420177960786759],[-77.75231701656821,-0.9418031954830547],[-77.75302930607278,-0.9417799654990211],[-77.75378894708723,-0.9419001735959757],[-77.75450097203287,-0.9421637309508185],[-77.75523698297128,-0.9421644216834834],[-77.75590198891098,-0.9419260548282526],[-77.75640079862086,-0.9416875317131773],[-77.75706587135817,-0.9413774669558701],[-77.75763599661867,-0.9410434139722172],[-77.75811088805948,-0.9409960602570161],[-77.75908417071697,-0.9411642657652778],[-77.75972494981984,-0.9414516558973796],[-77.76053190445013,-0.9417631007202075],[-77.76133916897331,-0.9417399568293913],[-77.76217028750943,-0.9415973397875976],[-77.76311976511502,-0.9418372207127512],[-77.76354671048568,-0.9422917056678007],[-77.76380748023547,-0.9427221364320264],[-77.76404439728266,-0.9432720414284137],[-77.7642574393171,-0.9439653196040944],[-77.76416202642598,-0.9444432157024053],[-77.76432753823403,-0.9451842483241316],[-77.76437475776373,-0.9454710833196179],[-77.76451668099872,-0.9460447998084321],[-77.76491988357617,-0.9464992646811564],[-77.76534702800275,-0.9467386591714739],[-77.76622543657065,-0.9468111825488996],[-77.76681875701219,-0.947074632484688],[-77.76724583579248,-0.9473857252416412],[-77.76774389938987,-0.9479597784790336],[-77.76788535612081,-0.9490353820641512],[-77.7679323306916,-0.9495851115432387],[-77.7680743417977,-0.9500632327214337],[-77.76824002922677,-0.9506130733897569],[-77.76847685438797,-0.9512585801278562],[-77.76930702500384,-0.9521436403785775],[-77.76956761529387,-0.952765270585997],[-77.76966178399189,-0.9536257378478834],[-77.7696374383403,-0.9542709989862234],[-77.76944673750592,-0.9550833976656302],[-77.76925621482421,-0.9557046011950494],[-77.76901829556853,-0.9562301615979156],[-77.76842365387846,-0.9573767675744906],[-77.76766321444335,-0.9580930252282169],[-77.76671285671897,-0.9587852028425853],[-77.76619018065085,-0.9591431944189812],[-77.76576229591855,-0.9596924710717563],[-77.76523959820086,-0.9600743615146197],[-77.76447933894528,-0.960599421132637],[-77.76412268146335,-0.9611487640118895],[-77.76376595609712,-0.9617698040175501],[-77.76331405734142,-0.9626058453085251],[-77.76307613454736,-0.9631314014503323],[-77.76283796299599,-0.9639198484148793],[-77.7625047303242,-0.9648038002604504],[-77.76207623159334,-0.9659983498121776],[-77.76152935828644,-0.9668342971883586],[-77.76081633120718,-0.967622285137501],[-77.7603172600396,-0.9681236874700679],[-77.75977074879556,-0.9685772450049174],[-77.75929521495662,-0.9692937616728977],[-77.7591757967105,-0.9700345200322982],[-77.75922273567747,-0.9706081445737283],[-77.7594356904556,-0.9713731226663193],[-77.75974363754771,-0.9721142941045938],[-77.75990944744312,-0.9725207405524912],[-77.76040765544023,-0.9729275078189951],[-77.76159469611744,-0.9730242532350187],[-77.76199836651062,-0.9729768450113395],[-77.76259216171992,-0.9727384267984408],[-77.76323346551989,-0.9724761552089906],[-77.76375578168447,-0.9725005587140704],[-77.7641118541723,-0.9725726003124063],[-77.76456287442296,-0.9726686334644029],[-77.764776559453,-0.9726688398676667],[-77.76546516704984,-0.972597807179809],[-77.76582142236674,-0.9724786545943828],[-77.76636761980609,-0.9723596852066528],[-77.76679498884378,-0.9723600976368113],[-77.76714840221159,-0.9724787990581468],[-77.76747760546755,-0.9717126336358419],[-77.76795879511239,-0.9719310320950069],[-77.76888437812738,-0.9723382141809592],[-77.76964376274437,-0.9727452355571948],[-77.77049802791852,-0.9732479469628358],[-77.77163682102308,-0.9741572244203202],[-77.772419358011,-0.9751856567713925],[-77.77310726486776,-0.9758555058279403],[-77.77467284168873,-0.9773865876433202],[-77.77528942928298,-0.9781519686912542],[-77.77590622259113,-0.9787022553242132],[-77.776570456787,-0.9793003877941875],[-77.77723448461272,-0.9801136164277074],[-77.77794620577092,-0.9807117963982872],[-77.77908518918007,-0.9814298888255457],[-77.77979718528712,-0.9817412747703644],[-77.78084151819434,-0.9821246832290932],[-77.78188610405019,-0.9822451943199769],[-77.78276435090363,-0.9825089437007888],[-77.78364255371538,-0.98282049200909],[-77.78454461381196,-0.9830125649914566],[-77.78573177856622,-0.9830137165439955],[-77.78665756165421,-0.983229711971904],[-77.78751223013666,-0.9833261403473702],[-77.788438106457,-0.9834465371803153],[-77.78934017114643,-0.9836386103191639],[-77.79066929898649,-0.9841656955234978],[-77.79131007388656,-0.9844770153886602],[-77.79183213278478,-0.98478822040167],[-77.79230686494867,-0.9849320809017932],[-77.79304291262656,-0.984932794582547],[-77.79382649286822,-0.9848857540420831],[-77.79456254163703,-0.9848864673514921],[-77.79509448808682,-0.9847913823838952],[-77.79581616371034,-0.9849259215042436],[-77.7963668317463,-0.9851176549576786],[-77.79682386878122,-0.9853130754527439],[-77.79631497175492,-0.9854964034053916],[-77.79526989054276,-0.9858777902614987],[-77.79391644012269,-0.9859481772173824],[-77.79256333573682,-0.9856600654980286],[-77.79151896674172,-0.9853005531155135],[-77.79073568571603,-0.9850368944283565],[-77.7900472869485,-0.9848689270223557],[-77.78923973575225,-0.9851549418989987],[-77.78819498113528,-0.9852017263722744],[-77.78715004420046,-0.985439709501048],[-77.78567848501547,-0.9848885843139251],[-77.78487148803057,-0.9846010036249896],[-77.7840168674899,-0.9844567741203065],[-77.7831859915193,-0.9843125686170684],[-77.78254496942012,-0.9842641459633841],[-77.781429244725,-0.984047964666868],[-77.78074082985458,-0.9839038968163081],[-77.7797673824918,-0.9838790509944252],[-77.77905511132587,-0.9838544589819869],[-77.77843783565041,-0.9838060591126461],[-77.77809828231324,-0.983789454200655],[-77.77761407884961,-0.9836264659643547],[-77.77732938242859,-0.983396752627426],[-77.77705424633055,-0.9831001303411672],[-77.77685513505764,-0.9827557827829111],[-77.77671299785644,-0.9824210511310927],[-77.7765401989415,-0.9819161472635459],[-77.77618469421381,-0.981246615301391],[-77.77573419473102,-0.9806008898687536],[-77.77537862109222,-0.9800030562817165],[-77.77526070634018,-0.9791664590061285],[-77.77443040901132,-0.9784247695066616],[-77.77407447044294,-0.9782093296487493],[-77.77326759676536,-0.9778022565045336],[-77.77260320579603,-0.9773714226593416],[-77.77201008866757,-0.9768928591361892],[-77.77136973772696,-0.9761513568250122],[-77.77089547252866,-0.9755295130722582],[-77.76997020701891,-0.9747877368858763],[-77.7688785597759,-0.9742369959874357],[-77.76833272522529,-0.9739735757977039],[-77.76785793697535,-0.9739014191544016],[-77.7671218188431,-0.9739963055840107],[-77.76633207948235,-0.9743786419435048],[-77.76579160772887,-0.9746403004040588],[-77.76510290803996,-0.9748069292465633],[-77.7642717288503,-0.9749973186703722],[-77.76372550889306,-0.9751401849166543],[-77.76279952028912,-0.975163186701923],[-77.76199226885609,-0.9751624044100776],[-77.7613274737809,-0.9751617600236437],[-77.76049675564232,-0.9748741650918742],[-77.759286292787,-0.9744428068127072],[-77.75857454005661,-0.9738924367480901],[-77.75769661324705,-0.9733180075839377],[-77.75717482558822,-0.9727439231342315],[-77.75646330240707,-0.9719545651772942],[-77.75591770352713,-0.9714521568725933],[-77.75589462280625,-0.9707590609018165],[-77.75589526099422,-0.9700898883963933],[-77.75618039830715,-0.9698511729654142],[-77.75656050697046,-0.9696125490523029],[-77.75701179668003,-0.9694217919926437],[-77.75758189025473,-0.9691355524662795],[-77.7579144683244,-0.9689446803959781],[-77.7586511239197,-0.9682762147625008],[-77.75917393682147,-0.9677748364411441],[-77.75969677318287,-0.967249558730236],[-77.75986394573815,-0.966222055270032],[-77.75974575401926,-0.9656722609443942],[-77.75974641074694,-0.964979186162632],[-77.75974690864004,-0.964453404699705],[-77.75991369484693,-0.9638321864947008],[-77.7602228001284,-0.9633545000335886],[-77.76086452654658,-0.9626381388143288],[-77.76124490491864,-0.9621127210249594],[-77.76153031142638,-0.9615872111134113],[-77.7618397085975,-0.9607988327258461],[-77.76188759931587,-0.9603686926418439],[-77.76193564735796,-0.9597712588246424],[-77.76207909195784,-0.9587198302186718],[-77.76253069484157,-0.9581944770855213],[-77.76326700690905,-0.9578844879749112],[-77.76407445813044,-0.9576701633712164],[-77.76459699712905,-0.9574555664330273],[-77.76509592850678,-0.9570975513223454],[-77.76547612424064,-0.9567633228510025],[-77.76592806354567,-0.9558794780567714],[-77.76618997064347,-0.9550910490312118],[-77.76649967528581,-0.9539680747362034],[-77.76647673661058,-0.9531076774367002],[-77.7659553796749,-0.952055614692655],[-77.76524419381299,-0.9508838771989728],[-77.76469838147749,-0.9505965701798645],[-77.76412891538307,-0.9502136444946473],[-77.7635353075899,-0.9502608829073909],[-77.76301330521798,-0.9499019013438528],[-77.76282372118814,-0.9495193348426775],[-77.76265774577887,-0.9492801858288614],[-77.76270596493573,-0.9484915564850194],[-77.76284890956593,-0.9479659085140056],[-77.7630632580209,-0.9472491328699832],[-77.7632538637596,-0.9465323354812675],[-77.76344424729771,-0.9460545293014516],[-77.7633262659366,-0.9452657430893013],[-77.762994513438,-0.9445723538153524],[-77.76280514896692,-0.9439507960668174],[-77.7625207475677,-0.9434008469876147],[-77.76199852423456,-0.9432808612356582],[-77.76126233114557,-0.9434713644488505],[-77.7607873714242,-0.9435904149265371],[-77.76014639171069,-0.9435181161437072],[-77.75971918399615,-0.9433504208826037],[-77.75931576188846,-0.9431349504237859],[-77.75850865354757,-0.9429907986344476],[-77.75800999740444,-0.9430620279493155],[-77.75753508349372,-0.9431332794074048],[-77.7569888764497,-0.9432761609374369],[-77.75639533983644,-0.9432517048392488],[-77.75565923919358,-0.9433466092339153],[-77.75473295689382,-0.9437042247380931],[-77.75425786779199,-0.9439666672003378],[-77.7538776799216,-0.9443008964574426],[-77.7533547508753,-0.944945677233903],[-77.75259459883931,-0.9453751431882719],[-77.7516206774209,-0.9459000030126492],[-77.75100306796016,-0.9462340054239916],[-77.75048056061645,-0.9464247037520949],[-77.74998177393012,-0.9466393236841948],[-77.74974401761253,-0.9469975822634338],[-77.74993348707542,-0.9474996395283589],[-77.75040817552016,-0.9476673801163606],[-77.75088295338742,-0.9477395255771692],[-77.75161887368455,-0.9478358173647303],[-77.75244998598671,-0.9476932090968384],[-77.75297260604002,-0.9473830158045797],[-77.75354282135537,-0.9469533719025084],[-77.75385184939256,-0.9465473797670947],[-77.75411328131402,-0.9462608376799514],[-77.75503978687749,-0.9456642354312116],[-77.75575236787162,-0.9453303190998019],[-77.75634614857411,-0.945091888004538],[-77.75708229460659,-0.9449491854168133],[-77.75767585316295,-0.9449497436736884],[-77.75834052909444,-0.9450698643938793],[-77.75910010810038,-0.9452617716707912],[-77.7595511036695,-0.9453816915690204],[-77.76021569222235,-0.9455974094495744],[-77.76059528277865,-0.9459084557013491],[-77.76047617105813,-0.9463385289089091],[-77.76002424322036,-0.9472223725204897],[-77.75954861608503,-0.9480583944097466],[-77.75926319478027,-0.9486078057714016],[-77.75900144933618,-0.949228936435254],[-77.75866840946534,-0.9499216975426396],[-77.75862032231161,-0.9505669283016313],[-77.75885727825562,-0.9510690342065358],[-77.7593792099388,-0.9514997127704495],[-77.75985625225356,-0.9518213692399625],[-77.7603830269623,-0.9521516767201659],[-77.76093837329199,-0.9523959737132366],[-77.76136322557649,-0.9525445510085596],[-77.76195658785319,-0.9527602062028189],[-77.7625261962476,-0.9529877875878449],[-77.76321439587382,-0.9533469280688474],[-77.76329698055076,-0.9538966890032194],[-77.7630472364733,-0.9543744373199212],[-77.7627856098681,-0.954864123547702],[-77.76265466774656,-0.9552463868000618],[-77.76232183468005,-0.9557121051719834],[-77.76191795411931,-0.9559865629797749],[-77.76130043511311,-0.9562130179341349],[-77.76083743293479,-0.9562364775223655],[-77.76033863826373,-0.95645109539279],[-77.75997039373895,-0.9567016863140698],[-77.75972087302873,-0.9569404406075459],[-77.75925732118655,-0.957549427782121],[-77.75910259091968,-0.9579794650288604],[-77.7587936462557,-0.9582898593511524],[-77.75878151654219,-0.9585646874535124],[-77.75913745082832,-0.9587801196489358],[-77.75949343113399,-0.9589477534915544],[-77.75976632431886,-0.9591033578495874],[-77.75995605064848,-0.9593305811814228],[-77.76003878905287,-0.9597130466111278],[-77.76016896757115,-0.9601433559393281],[-77.75985926672926,-0.9612543712646677],[-77.75949091913225,-0.9616125065762233],[-77.7591700454343,-0.9619826364123009],[-77.75888451387114,-0.9626395889026265],[-77.75861078601855,-0.9633682504615462],[-77.75836078846275,-0.9641088837518792],[-77.75832458580994,-0.9647302262269218],[-77.75832380433643,-0.9655547449824313],[-77.75834704874036,-0.9660805485208617],[-77.7578713017681,-0.9670241059305912],[-77.75713482942302,-0.9675013792835943],[-77.75636279988694,-0.967918869781155],[-77.75540071796492,-0.9684556706133318],[-77.75497305753036,-0.9687659456675384],[-77.75455684682049,-0.9695183634649401],[-77.75416473190371,-0.9699003698778659],[-77.75379678079253,-0.9698402667309897],[-77.75334593583085,-0.9695649919521577],[-77.75304946286738,-0.969242069191806],[-77.7529190846666,-0.9690268527149546],[-77.75269393084685,-0.9686084027032952],[-77.7523498704411,-0.9683929791963217],[-77.75194618177423,-0.9684642871494784],[-77.75174408602372,-0.9687628283606038],[-77.75164877512148,-0.9691212209664758],[-77.7516128420085,-0.9694557722835128],[-77.75158870087398,-0.969873980130832],[-77.75158826738709,-0.9703280606226445],[-77.75174223879593,-0.970698643595289],[-77.75190813914622,-0.9710094907634462],[-77.7522876180716,-0.9714280895824712],[-77.75278587786806,-0.9717751078044791],[-77.75307059334432,-0.9719785248003331],[-77.75360459326137,-0.972194133625081],[-77.75451809507008,-0.9728044439534876],[-77.75498079985573,-0.9730916802855887],[-77.75571642910278,-0.9734986776514849],[-77.75623830694624,-0.9739771652665019],[-77.75671264336427,-0.9745153540183935],[-77.7572819153257,-0.9750894843747151],[-77.7577445754934,-0.9754245214474376],[-77.75820723585655,-0.9757595578605812],[-77.75904965122942,-0.9762264093506894],[-77.7598092327409,-0.9764183401155758],[-77.7603790560307,-0.9764188934251741],[-77.76083022349641,-0.9763595834598762],[-77.7615422865433,-0.9765873173106895],[-77.76199343164986,-0.9765519060343625],[-77.7625632790884,-0.9765285601938194],[-77.763323046549,-0.9765292973760248],[-77.76390452566544,-0.9767569037810323],[-77.76458118252003,-0.976769510577312],[-77.76499679542256,-0.9766504172323873],[-77.76544024384707,-0.976385880425309],[-77.76597674463254,-0.9760658339572773],[-77.7663092584384,-0.9759466594862853],[-77.76733019840088,-0.9759476482991593],[-77.76785251806899,-0.9759720539659377],[-77.76858804353446,-0.9764985516832407],[-77.76889638072642,-0.9768334411822336],[-77.76960800430453,-0.9775272135855753],[-77.76996384961943,-0.977838250649424],[-77.7704383876281,-0.9781733020457912],[-77.7709128114572,-0.9786278507502261],[-77.7712922861893,-0.979058408603831],[-77.7717667560517,-0.9794651598429911],[-77.77276361663861,-0.9798246193501507],[-77.7731195095954,-0.980087858746618],[-77.77383118042182,-0.9807338353849955],[-77.77399708388175,-0.9810446899134104],[-77.7744237247251,-0.9818098890668628],[-77.77477909051376,-0.9826228178088269],[-77.77508733696327,-0.9830533090503808],[-77.77556155456753,-0.9837229575187189],[-77.77622571761167,-0.9843927915693365],[-77.77693755120691,-0.9848714754866719],[-77.77734097670358,-0.9850869651615246],[-77.77788676979824,-0.9853981915458778],[-77.77874113214274,-0.9858053168550988],[-77.77916830210597,-0.9860208302102053],[-77.77978534861889,-0.9863082266361989],[-77.78026009762155,-0.9864281876971055],[-77.78109085632559,-0.9866918944175176],[-77.782277903394,-0.9868125499195327],[-77.78275276770636,-0.9868130126967898],[-77.78367875586505,-0.9868139149188715],[-77.78415362083453,-0.986814377495488],[-77.78469960181157,-0.9869344071570169],[-77.78512682053287,-0.987102121808459],[-77.78586277159181,-0.9871984380798804],[-77.78662248918903,-0.9872708771227945],[-77.78708774464047,-0.9873908292111412],[-77.78790449772573,-0.9874107445264826],[-77.78870218392942,-0.9875071198499991],[-77.78919575335561,-0.9878135180352472],[-77.78965135139164,-0.9881007602221732],[-77.79039198058648,-0.9882735600502461],[-77.79113286842689,-0.9881786821899236],[-77.79172168805324,-0.9881983754136097],[-77.79208247832051,-0.9883134458743928],[-77.79257614140546,-0.9885242458161072],[-77.7934685296977,-0.9889075132359684],[-77.79392424007168,-0.9890800361354141],[-77.79346395274605,-0.9892664490760037],[-77.7932550095944,-0.9892662456346177],[-77.79289405349219,-0.9893232538922662],[-77.79247596526058,-0.989533166267715],[-77.79201983272152,-0.989800401032179],[-77.79152569264795,-0.9900867186239332],[-77.79112663649317,-0.990258408427824],[-77.79061368566317,-0.990353507145611],[-77.79008181368582,-0.9903721083834227],[-77.78932202297437,-0.9903713669262123],[-77.7891511442842,-0.9902947204737341],[-77.7885625652613,-0.9900264677417668],[-77.78770780268052,-0.9900256334875475],[-77.78736567657981,-0.9902547381231459],[-77.78713722443999,-0.990789870783411],[-77.78654796441513,-0.9912290508466515],[-77.78611086525652,-0.9914580618063028],[-77.7857687391186,-0.9916871645263176],[-77.78557831217978,-0.9921840938818224],[-77.78548258064957,-0.9929679123919313],[-77.78548195186409,-0.9936179852814762],[-77.7855575052075,-0.9940578147758309],[-77.78553795486128,-0.9946313897408046],[-77.78523361396415,-0.9950708472517505],[-77.78453053262167,-0.9953569531764068],[-77.78363774512637,-0.9953943160920311],[-77.7825364074463,-0.995029957807557],[-77.78206206120605,-0.9944941386018826],[-77.78149292592381,-0.9937670294710298],[-77.78126547255337,-0.9932696935209845],[-77.7811332506909,-0.9925047749028406],[-77.7807163309571,-0.991510140388393],[-77.78012838594101,-0.9905918182108163],[-77.77957815346855,-0.989960328820082],[-77.77902766178639,-0.9895965164023084],[-77.77792658791594,-0.9889644893386136],[-77.77701546021157,-0.9883326499018924],[-77.77625595743679,-0.9880451123349825],[-77.77549645438475,-0.9877575759269],[-77.77468009871934,-0.9873361460032221],[-77.77412948064605,-0.9871061730446964],[-77.77361688916577,-0.9868379977062279],[-77.77304764666526,-0.9862256145933448],[-77.77247893849733,-0.9850587656637131],[-77.77232742487953,-0.9845997482854686],[-77.7719294625778,-0.9836433817521923],[-77.77160707305225,-0.9831077199847306],[-77.77103795906791,-0.9823615040538544],[-77.77014630768538,-0.9812325838044599],[-77.7691403431686,-0.9804668252505813],[-77.76828580129776,-0.9802556797104037],[-77.76750740259668,-0.9798725334361984],[-77.76667182006867,-0.9796996452892005],[-77.76579826762955,-0.9795076014961165],[-77.76501965085043,-0.9793538895007816],[-77.76443079325283,-0.9793915552636888],[-77.76411341401047,-0.9793277199517177],[-77.76377679080272,-0.9800740738179818],[-77.7634616113592,-0.9798877163395112],[-77.7628729382528,-0.9797341887685891],[-77.76245530462691,-0.9794852295755562],[-77.76153431271985,-0.9792501210064287],[-77.76089346613894,-0.9790344049154756],[-77.76030006052363,-0.9788665327944792],[-77.75963554137032,-0.9785790957075478],[-77.75861502079651,-0.978147918788472],[-77.75806912413081,-0.9779561937253718],[-77.75730968259283,-0.977620867560659],[-77.75633664989458,-0.9771897371927019],[-77.7556725923687,-0.9764243214450621],[-77.75474741337267,-0.975610854525858],[-77.75396457602221,-0.9749170213557073],[-77.75356136572326,-0.9744864474364596],[-77.75261226290465,-0.9738641520223554],[-77.75201899912196,-0.9735528894356925],[-77.75140192495776,-0.9733133007379337],[-77.75076108535843,-0.9730975886545714],[-77.74981139008482,-0.9730966668293461],[-77.74883795280279,-0.9730957216795656],[-77.7476983207704,-0.9730946148052924],[-77.74662991590857,-0.9730935767588799],[-77.74568001818723,-0.9733077425405251],[-77.74539490405952,-0.9735225551443467],[-77.74489539826861,-0.9744780210665435],[-77.74515550618018,-0.9755776197807567],[-77.74543944803793,-0.9765816466178089],[-77.7454151306293,-0.9771790936055941],[-77.74484506145977,-0.9774414236638398],[-77.74422780813813,-0.9773930239063818],[-77.74334959794422,-0.9771292788791501],[-77.7421386281236,-0.9772475895845437],[-77.74123600937794,-0.9776768843202661],[-77.74047602764645,-0.9779151281197044],[-77.7395500133523,-0.9779859178546424],[-77.73731818269745,-0.9780554284090086],[-77.73636856722656,-0.9779828024702575],[-77.73560925982697,-0.9775279857368426],[-77.73482614110674,-0.9771448417482577],[-77.73394773199588,-0.9770961840850255],[-77.73314015664154,-0.9774538709490433],[-77.73164371697916,-0.9781693579403135],[-77.73086013895576,-0.978264183188828],[-77.7297675223658,-0.9787649776128523],[-77.72910226112334,-0.9792661907745824],[-77.72862691286227,-0.9797914889487431],[-77.72789042590829,-0.9802926304929773],[-77.7268692683819,-0.9805545067884268],[-77.72542047907982,-0.9811027410501975],[-77.72380549897821,-0.9816508090231258],[-77.72323543944881,-0.9819131271274861],[-77.72128821628888,-0.982317472977557],[-77.71976869746932,-0.982363767025747],[-77.7189382043012,-0.9818849825009035],[-77.71772782090486,-0.9814297198650856],[-77.71582837192084,-0.9815473317558572],[-77.71490237877516,-0.9816181094799855],[-77.71364395793255,-0.9817363539430929],[-77.71286069613254,-0.9815204962769004],[-77.71200618717388,-0.9813284658691137],[-77.71029677439651,-0.9813506700215113],[-77.70927582096364,-0.9814213518465847],[-77.70872986067195,-0.9813252193234964],[-77.70799424983464,-0.9809421225353756],[-77.70725889665984,-0.9802961506380411],[-77.70647585065,-0.9798652127991302],[-77.70528892213544,-0.9797206499796265],[-77.70419681973269,-0.9797195677236703],[-77.70281928534742,-0.980267851431539],[-77.70165547009408,-0.9807685495367788],[-77.70072965416388,-0.9806720387165908],[-77.69992273281477,-0.9803844651233715],[-77.69880696465744,-0.9803116630101502],[-77.69766680143515,-0.9809079722138788],[-77.6970254370841,-0.9812657994001012],[-77.6960520030986,-0.981312626273615],[-77.69510240385121,-0.9812638856630378],[-77.69441367660995,-0.981502176007971],[-77.69417563089469,-0.9821471732852392],[-77.69405631388824,-0.9827683914137247],[-77.69362847969174,-0.9832698135721681],[-77.69310579913866,-0.983651653582531],[-77.69241695338447,-0.9840094280989357],[-77.69184676700654,-0.9844151167445807],[-77.69144248526582,-0.9851077403831379],[-77.69118074271671,-0.9857049165730964],[-77.69051535589165,-0.986349482304423],[-77.68985027538702,-0.9866833810475932],[-77.68920860449904,-0.9873518658844358],[-77.68913669496932,-0.9880448207985965],[-77.6891357945863,-0.9889529227704689],[-77.68913451367007,-0.990243384455645],[-77.6890626020592,-0.9909363381914308],[-77.6886582195706,-0.9917245469354379],[-77.68735177292965,-0.9924162546377299],[-77.68633045754703,-0.9928692748773686],[-77.68552288176754,-0.9932508169943529],[-77.68497633933184,-0.9937521090789174],[-77.68412090081246,-0.994515958420672],[-77.6834555807167,-0.9950888212579587],[-77.68324124246064,-0.9957577282383381],[-77.68312177220051,-0.9965223217236674],[-77.6829313898977,-0.9969761771143779],[-77.68264587637465,-0.997597217075567],[-77.6826210561222,-0.9986725700611276],[-77.68279247569993,-0.9993729356740668],[-77.68324775620022,-1.000001883394062],[-77.6829343056475,-1.000001889407147],[-77.67482437808856,-1.0000020242284269],[-77.67498181828748,-0.9992693622085518],[-77.67521020541865,-0.9987964321914318],[-77.67580871798667,-0.9985532919385316],[-77.67676386260294,-0.9977943350873796],[-77.67759094903784,-0.9968918634799334],[-77.67846088416724,-0.9958747273192048],[-77.67934494816274,-0.9949723098796511],[-77.68011512742297,-0.9939980827239738],[-77.68114156363696,-0.9931674982174652],[-77.6825530027809,-0.9919358250812039],[-77.68340841861185,-0.9911910923087426],[-77.68385062785585,-0.9905606493122102],[-77.68457817014084,-0.9894860015420178],[-77.68512101523841,-0.9879236610386012],[-77.68540688784039,-0.9869345974628189],[-77.68599227777305,-0.9855586959507989],[-77.68616410559729,-0.9846555469365865],[-77.68644994635153,-0.9836951580432174],[-77.68679242473516,-0.9830789470975645],[-77.68753406178102,-0.9821476891145511],[-77.68830397455514,-0.9814315352007096],[-77.6886606820595,-0.9808296747344573],[-77.68920294902158,-0.9798408605278706],[-77.6894600281242,-0.9791528698826931],[-77.69017279206507,-0.978608715612367],[-77.69088551471303,-0.9781075766823516],[-77.69202594109282,-0.977234059822119],[-77.69322324676904,-0.9764609673715243],[-77.69412102345298,-0.9760890546398444],[-77.69543155953713,-0.9760616753922335],[-77.6970415580043,-0.9757048040501576],[-77.69821005589587,-0.9752614628766972],[-77.70021879847528,-0.9750196905239323],[-77.70162902724624,-0.9750210829522413],[-77.70289681065807,-0.9750223342256774],[-77.70382266490357,-0.9750806032691487],[-77.70526137443024,-0.9750963610284421],[-77.70585962797279,-0.9751256283270832],[-77.7068565285642,-0.9753703691219161],[-77.70765394531308,-0.9756722692052728],[-77.70859364440479,-0.9761463746514538],[-77.70977575882837,-0.9763626214782545],[-77.71031704988158,-0.9763774939449928],[-77.71138537497343,-0.9764215633812156],[-77.71215465463008,-0.9763649664066425],[-77.71325197323114,-0.9758928662432931],[-77.71386479704373,-0.9755923546005848],[-77.71471985492364,-0.9752203857218094],[-77.71541851117361,-0.9745471459403408],[-77.7155756500721,-0.9740884568111476],[-77.71516268571162,-0.9739446629776188],[-77.71460711964488,-0.9739584561711457],[-77.71413673125664,-0.974273448868253],[-77.71316779882922,-0.9745592725366773],[-77.7122700775306,-0.974859505109119],[-77.71125859204912,-0.9749588812305676],[-77.71016170904659,-0.9749864789884994],[-77.70925017721966,-0.9748421939918993],[-77.7088372297147,-0.974684061258964],[-77.70815364400752,-0.9745113224898079],[-77.70711407825014,-0.9741948470659624],[-77.70645895642923,-0.9740508140094106],[-77.70509160880015,-0.9738917417702161],[-77.70453615898046,-0.9737908239089625],[-77.70314035258382,-0.9736030453005176],[-77.70244251336705,-0.9734446326022861],[-77.7015878285529,-0.9734437903486347],[-77.70064769024272,-0.9734285250168487],[-77.69955076273776,-0.9735134750311603],[-77.69915191083278,-0.9735130816343601],[-77.69829722974781,-0.9735122384828601],[-77.69782698657977,-0.9736838373870728],[-77.69738526170019,-0.973826787982834],[-77.69628822665538,-0.9740264445107344],[-77.69546192441521,-0.9741403365426525],[-77.69479244034218,-0.9741253364120588],[-77.6939660833033,-0.9742965827399771],[-77.6936097574387,-0.9745113081114721],[-77.69272621275472,-0.9748975745373839],[-77.69184250031674,-0.9754559017202841],[-77.69051706533679,-0.9761571753088067],[-77.68859296592863,-0.9772593284174204],[-77.68775212884049,-0.9776743083776883],[-77.6873239617735,-0.9785198514244708],[-77.68681004488072,-0.9796520774535845],[-77.68629676171157,-0.9801390727462852],[-77.68596882649162,-0.9804541906274178],[-77.6853558315653,-0.9809410863381754],[-77.68505620154284,-0.9814426317705551],[-77.68479912093304,-0.9821306183870184],[-77.68465589766059,-0.9829190880832432],[-77.68434203623409,-0.9834062798661017],[-77.68387103144458,-0.9843521427018832],[-77.6833001864689,-0.9854269496724719],[-77.68281473618195,-0.9865735337504433],[-77.68272847277944,-0.9873763967285817],[-77.68242838367506,-0.9883367662368504],[-77.68160094692705,-0.989597709746801],[-77.68046015864323,-0.990829657011905],[-77.67947633030754,-0.9917893328101873],[-77.67823578515839,-0.9930641879685039],[-77.67688111119072,-0.9945109846927598],[-77.67589720889026,-0.9955423424956946],[-77.67499916099199,-0.9961866518538472],[-77.67438633258003,-0.9965014707038397],[-77.67375914559673,-0.9969309802101639],[-77.67353051367834,-0.9976476602414891],[-77.67352783638056,-0.9979499550405578],[-77.67334228317651,-0.9983225604834131],[-77.67315686060694,-0.9985661219852449],[-77.67281945315493,-0.9989752509441363],[-77.67368293118889,-1.000002040338328],[-77.67076613297799,-1.0000020829290295],[-77.67056983114672,-0.9992601330389478],[-77.67064163090146,-0.9986866783921374],[-77.67078453185482,-0.9982327813076505],[-77.67106987718935,-0.9977790284168456],[-77.67130738019236,-0.997683682952379],[-77.67163593242405,-0.9975678916115623],[-77.67094424331239,-0.9966207410697321],[-77.67095278372044,-0.9961778096999606],[-77.67104810591465,-0.995819451260804],[-77.67128584851666,-0.9954851342901881],[-77.67161876986192,-0.9949358410430101],[-77.67169032728465,-0.9946013556594302],[-77.67183327410794,-0.9940996632029776],[-77.6720235585321,-0.993741400614082],[-77.67228494590175,-0.9935026953346802],[-77.67287879712896,-0.993168739415787],[-77.6732588392383,-0.992977948371419],[-77.67380525779188,-0.9925961491727422],[-77.67418532392726,-0.9923814599914443],[-77.67437568038403,-0.991951504983027],[-77.67442368638199,-0.9914258178010734],[-77.67459034884605,-0.9909480441010559],[-77.67485192570558,-0.9905181606158086],[-77.6751608886726,-0.9901839136536139],[-77.67535107644282,-0.9899212367969081],[-77.67589754187149,-0.98949164029004],[-77.67611158979977,-0.9891095022649937],[-77.67620702813946,-0.988631656320143],[-77.6760176732508,-0.9880579332711641],[-77.67575733377505,-0.9872451683357001],[-77.67568651564326,-0.9868388462404973],[-77.67571073088999,-0.9863609277007412],[-77.67578209526503,-0.9862176170021353],[-77.6760914183196,-0.9855189366521361],[-77.67659647162935,-0.9849518867233659],[-77.67695284907415,-0.9846834015557503],[-77.67742813738103,-0.984205935145603],[-77.67772548737926,-0.9836088046230689],[-77.6778743696025,-0.9831011384780182],[-77.6780826033963,-0.9825935316388628],[-77.67840942254308,-0.9822055302807893],[-77.67858765528244,-0.9820264796423607],[-77.67879568197877,-0.9817279726429519],[-77.67900385606097,-0.9812801079824885],[-77.67912288418185,-0.9809516401371372],[-77.67930155782436,-0.9803245173025339],[-77.67933167556505,-0.9798764742407426],[-77.67962925909211,-0.9790403679718592],[-77.67998548812201,-0.9789212380676718],[-77.68069794645302,-0.9786829760785767],[-77.68123246585328,-0.9783250498229741],[-77.68173748639198,-0.9777878640025365],[-77.68224253608055,-0.9772208059478218],[-77.68259923478644,-0.9766237289541048],[-77.68265908510757,-0.9761159705017777],[-77.6827191401497,-0.9753991115601286],[-77.68301636769223,-0.9749214602565092],[-77.68337280168937,-0.9745932257100671],[-77.68387761577307,-0.9742651380420123],[-77.68429375241361,-0.9735785026155779],[-77.68441283624841,-0.973190288524541],[-77.68453191902167,-0.9728020743335158],[-77.68476967750591,-0.972443849193963],[-77.68497758483318,-0.9722648246344993],[-77.68583830714759,-0.9721461891162569],[-77.68646162051388,-0.9720273184566025],[-77.6872330533799,-0.9721774399874217],[-77.68767819516471,-0.9721778800226596],[-77.68830156790551,-0.9719992652404444],[-77.68883600072151,-0.9717309476679495],[-77.68913293701016,-0.9715520098711554],[-77.68993439657032,-0.9713436980601016],[-77.69026121282124,-0.9709556861912417],[-77.69035056124659,-0.970627183650407],[-77.69044017106673,-0.9700298352651535],[-77.6904407519473,-0.9694323981853868],[-77.69050068483146,-0.9688350195196599],[-77.69076814761289,-0.9684469490505994],[-77.69124322766058,-0.9681785692127122],[-77.69165901242991,-0.967850386925513],[-77.69231232369341,-0.9674029498933971],[-77.69260946232058,-0.9670149064059228],[-77.69284724834964,-0.966626805319503],[-77.69290706357523,-0.9661489126899716],[-77.6929670519449,-0.965491788411975],[-77.69278948570982,-0.9649837920545006],[-77.69255236478949,-0.9646848402825834],[-77.6919592161771,-0.9642959242203727],[-77.69178162087327,-0.9638177995346826],[-77.69151519880386,-0.9631304856008145],[-77.6913378634229,-0.9623835143732463],[-77.69092343432548,-0.9613077218439667],[-77.69068668724339,-0.9606204371678041],[-77.69098396609989,-0.9600830330439408],[-77.6916374722345,-0.9594264889370735],[-77.69196468494,-0.9586202656233018],[-77.6922325159975,-0.9578438568319276],[-77.69244087952846,-0.9571868766864436],[-77.69250091916187,-0.9564700083155129],[-77.6926795769665,-0.9558428717107847],[-77.69294720557778,-0.9552755641589151],[-77.69324465193291,-0.9545589262284251],[-77.6933938035532,-0.9537525274438845],[-77.6935131642731,-0.953065587503325],[-77.69315779195314,-0.9522885734855067],[-77.69295054440809,-0.9517805498118137],[-77.69256589387741,-0.9505853010803387],[-77.69280480920281,-0.9490023188481167],[-77.6936953466396,-0.9487343288320477],[-77.69422951667302,-0.9487348431312616],[-77.694971220425,-0.9489446612631152],[-77.69535703876608,-0.9489151606421127],[-77.69618839696581,-0.9484678798984737],[-77.69684183906004,-0.9478710667872439],[-77.69707964519102,-0.947453087024862],[-77.6975846218849,-0.9469457463351934],[-77.69797086528663,-0.9464681632649867],[-77.69829775606338,-0.9459905228723716],[-77.6985356170587,-0.945512797727178],[-77.69895150785803,-0.9450651140599229],[-77.6993670316485,-0.9450057676400809],[-77.69954455268093,-0.9455735086660985],[-77.69930660586986,-0.9461408507344551],[-77.69915780058002,-0.9465887903257753],[-77.69915703679773,-0.9473953376250313],[-77.69903736901394,-0.9484108747976896],[-77.69838321536629,-0.9497544908513464],[-77.69761095246872,-0.9504706778801212],[-77.69707020902085,-0.951139291373604],[-77.69671950005622,-0.9516945730293883],[-77.69662378528633,-0.9524831031854585],[-77.69669446119447,-0.9530567147263878],[-77.69695495054206,-0.9537499982082069],[-77.69728691432844,-0.9541804771475255],[-77.69752389087037,-0.9546347626451185],[-77.69752313735042,-0.95542338424427],[-77.69733270575367,-0.9559489488177805],[-77.69704737983335,-0.9564027274296535],[-77.69673806041362,-0.9571193572767984],[-77.69642885498438,-0.9577164984930593],[-77.69616726890614,-0.9581702991673369],[-77.69607189188228,-0.9586003638918285],[-77.69600002677599,-0.9592694278173539],[-77.6961654335982,-0.9600821081519592],[-77.69642596431434,-0.9607275976943027],[-77.69661520285516,-0.9614447117506215],[-77.69692303120918,-0.9622814291777889],[-77.69699354057835,-0.9630223252436566],[-77.69708786017576,-0.9636915518545223],[-77.69711104766559,-0.9642651180079894],[-77.69711033260212,-0.9650059446637973],[-77.69720428143482,-0.9660575335374874],[-77.69739363233069,-0.9666551608584284],[-77.69748783316722,-0.9674438763363796],[-77.69772468896564,-0.9680176524662872],[-77.69791424737225,-0.9684002011005847],[-77.69836491148217,-0.9688308018182313],[-77.6989346992414,-0.9688313612302167],[-77.69988450676145,-0.9686650092015606],[-77.70021697611924,-0.9685697449915611],[-77.70083420029951,-0.968618146164652],[-77.7010238751675,-0.9688812072431883],[-77.70135581174128,-0.9693355900002715],[-77.70204379722568,-0.9698620166825529],[-77.70237596645293,-0.9700774224118864],[-77.7028270032625,-0.9701256610657849],[-77.70375277303525,-0.9702699565192118],[-77.70455967517026,-0.9705814204203604],[-77.7052003663641,-0.9709166198375717],[-77.7060074087269,-0.9710846966700898],[-77.70683856322614,-0.9708704320725207],[-77.7079072485769,-0.9705369102603875],[-77.70854849646523,-0.9702985596629623],[-77.70942651138463,-0.9707295834827602],[-77.71004337169734,-0.9711603517189946],[-77.71115852581637,-0.9718783845268659],[-77.71206035367294,-0.9722377396546581],[-77.71296234531493,-0.9724298088181623],[-77.71360336558627,-0.972430437696339],[-77.7145770457847,-0.9721446154447307],[-77.71602583541117,-0.9715724810574107],[-77.71688092473013,-0.9711670506573464],[-77.71737965955028,-0.9710002514566923],[-77.71806809661388,-0.9710726192879683],[-77.71873251601222,-0.9714317420409335],[-77.71987169904813,-0.971863024174981],[-77.72065508204882,-0.9719593830377754],[-77.72169957805045,-0.9721037948954778],[-77.72269668382505,-0.9721525659752038],[-77.72364630781314,-0.9722012913337333],[-77.72480965441123,-0.9722024285683476],[-77.72585429327783,-0.9722034494159012],[-77.7262105127654,-0.9721082045132329],[-77.7268753751498,-0.9720132600276028],[-77.7274692436898,-0.9716792628803878],[-77.72775474445459,-0.9710581833297127],[-77.72837265331495,-0.9704135283963868],[-77.72891903785938,-0.9700794832745615],[-77.72927528000557,-0.9699603380281948],[-77.72989277545129,-0.9697458528041367],[-77.73043918329806,-0.9693879084701265],[-77.73091454909311,-0.9688387059935115],[-77.73117612244592,-0.9684087876642444],[-77.7316272880835,-0.9683375307010962],[-77.73212591415263,-0.9682902178588979],[-77.73243460504521,-0.9682427204485781],[-77.73324185391061,-0.9682196061189612],[-77.73381186674156,-0.9680050721490148],[-77.73423958837274,-0.9676231105847466],[-77.73459615274851,-0.9671693841212048],[-77.7348813540245,-0.9668589792582176],[-77.73533270283764,-0.9665965315772062],[-77.73583144457147,-0.9664297251505324],[-77.73606886474637,-0.9664299550368401],[-77.73640077289087,-0.9669321469177224],[-77.73666090632189,-0.9680078358864872],[-77.73668391677063,-0.9687726142387711],[-77.73696824837577,-0.9693703549216478],[-77.73718135466801,-0.9699680276318389],[-77.73734688468019,-0.970661248341708],[-77.73763114680888,-0.9713306864820432],[-77.73815271586551,-0.9721198492070889],[-77.7387458776024,-0.9725267031436988],[-77.73941065718459,-0.9725273502656401],[-77.74033692188569,-0.9721936703429181],[-77.74069367357748,-0.9715487518288437],[-77.74076570193344,-0.9707123676120804],[-77.74074264704524,-0.9699953836980086],[-77.74083837013264,-0.9692068199157415],[-77.74128986014549,-0.9688009790437134],[-77.74193124069704,-0.9684431193221718],[-77.74259627279632,-0.9681808773210794],[-77.74333248595167,-0.9679665005482907],[-77.74442481005715,-0.9677763670484785],[-77.74537424786132,-0.9680401727634931],[-77.74646630050268,-0.9681368235579512],[-77.74724977304156,-0.968161480378695],[-77.74810470089405,-0.9679472162722766],[-77.74881737976783,-0.9675177245563593],[-77.74945878731336,-0.9671359613401391],[-77.74998134581806,-0.9668974761625105],[-77.75062245799317,-0.9668263978143066],[-77.75119227446162,-0.9668269472408372],[-77.75159582610317,-0.9668990330435449],[-77.75249801449577,-0.9669238013452676],[-77.75316280211808,-0.9669244420288927],[-77.75368522588,-0.966829349854358],[-77.75432647662154,-0.9666148758322792],[-77.7549916513715,-0.9662092330646148],[-77.75534826407088,-0.9657076962161718],[-77.75575254392672,-0.9650150123623058],[-77.7559666335844,-0.9645850348118288],[-77.75622850340275,-0.9638444149770835],[-77.75622940837609,-0.962888452348778],[-77.75656239021818,-0.9622673954473258],[-77.75670529652623,-0.9617895503708745],[-77.75675343635127,-0.9610965231034627],[-77.75687269016284,-0.9605230592713684],[-77.75720569386134,-0.959878102390364],[-77.75711108411107,-0.9594956257142881],[-77.75675533002824,-0.9590890019403315],[-77.75635197924092,-0.9588018275364457],[-77.75609105946623,-0.9585386888806186],[-77.75573539649456,-0.9580364691702833],[-77.75538002497181,-0.9572235623545771],[-77.75552306352975,-0.956602323223269],[-77.75559460511752,-0.9562678039947292],[-77.75542881320143,-0.95583746304257],[-77.75493049168904,-0.9555502006737565],[-77.75445622843345,-0.9549283744059426],[-77.75376832845775,-0.9542585472781876],[-77.75353133097327,-0.9538042401023136],[-77.7533656050595,-0.9533022035188106],[-77.75305740294668,-0.9528239313540358],[-77.75293934065137,-0.9521307475811153],[-77.75286862854016,-0.9515810034611665],[-77.75248944520372,-0.9508397760843601],[-77.7519201662157,-0.9502656604384861],[-77.75099448624812,-0.9499779964687445],[-77.75004504298428,-0.949714207942378],[-77.74890543878728,-0.9496892295293616],[-77.74807446268392,-0.9496884418988794],[-77.74712477552752,-0.9496875415033638],[-77.74629382327267,-0.9496628549738997],[-77.74529690039981,-0.949399021641725],[-77.74439472271442,-0.9493742673793347],[-77.74361125625752,-0.9493496255730743],[-77.74318414524998,-0.9490863331525151],[-77.74232972240017,-0.948774838715922],[-77.74145158104687,-0.9484394237211238],[-77.74073974657942,-0.9479846732404097],[-77.7398381996446,-0.9472907554931611],[-77.73912629829752,-0.9469077020253869],[-77.73839040999627,-0.9467875111613538],[-77.73763071363008,-0.9467389935017565],[-77.73710863727743,-0.9464756139039088],[-77.73623059025746,-0.9460446066182515],[-77.73528147508432,-0.9454462431184246],[-77.73449884324236,-0.9445373560286002],[-77.73390630208358,-0.9434613608455865],[-77.73355082177504,-0.9427679663405901],[-77.7334089954235,-0.9420986741075874],[-77.73305349232747,-0.9414291794353267],[-77.73253139675957,-0.9411897012650389],[-77.73205689556559,-0.9408307756275518],[-77.73101254909474,-0.9405191097061795],[-77.7303484266771,-0.9398254277476294],[-77.73004027412914,-0.939299370678719],[-77.72963748866087,-0.9384147488105024],[-77.72951935780655,-0.937793278139179],[-77.72923525672151,-0.9369326670009983],[-77.7291170807772,-0.9363589937618998],[-77.72892765765262,-0.9358091517871704],[-77.72828791895301,-0.9344224431911601],[-77.72779038528947,-0.9332987507776832],[-77.7273637883255,-0.9324858057691829],[-77.72700839352838,-0.9316968269838184],[-77.72648682942017,-0.9308837934670333],[-77.72629762498478,-0.9300949711859453],[-77.72632218230385,-0.9292107540495274],[-77.72637030307646,-0.9285177465872264],[-77.72608608744264,-0.9277766322731217],[-77.72558828545911,-0.9269397264585096],[-77.7252091028628,-0.9261985246929209],[-77.72447368823853,-0.9255764836527637],[-77.72366707092222,-0.924930478288013],[-77.72321703672891,-0.9237829422355734],[-77.72305183224849,-0.9227073653214898],[-77.72309964354761,-0.9223489352096511],[-77.72310001545686,-0.9219426651912187],[-77.72298198620786,-0.9212017089070709],[-77.72269765824522,-0.9205800902556384],[-77.72267459316832,-0.9198392222931967],[-77.72305543649011,-0.9187641521673949],[-77.7233648150981,-0.9179518953118903],[-77.72336566392174,-0.9170198627041145],[-77.72329515753073,-0.9162311547128941],[-77.72253619506441,-0.9153940151866263],[-77.7221567682012,-0.9149157001978371],[-77.72116004476727,-0.9144607162492515],[-77.72049548466755,-0.9142450209466709],[-77.7198786239172,-0.9137903865781152],[-77.71923815185092,-0.9131923429704961],[-77.71881167671576,-0.9122360228637816],[-77.71812469728675,-0.910562519869711],[-77.7175799685534,-0.9091042322869334],[-77.71727226180035,-0.9080763306111658],[-77.71675107836585,-0.9068331507067143],[-77.71594448332428,-0.9061632660252503],[-77.71535157980503,-0.9054696795975591],[-77.71492475666264,-0.9048957359496681],[-77.71518666129573,-0.9040595410628709],[-77.71594725786115,-0.903080411405553],[-77.71628046985093,-0.9021486879424071],[-77.71644725812497,-0.9014796918403618],[-77.71640063247335,-0.9005237247814293],[-77.71628271865687,-0.8996393873998486],[-77.71628336002236,-0.8989224438641579],[-77.71588035951548,-0.8982529312932802],[-77.71526356174272,-0.8977266149525885],[-77.71483669245859,-0.897200470100971],[-77.71478968039882,-0.8966746700563244],[-77.71483792914974,-0.895814382348784],[-77.71490983447319,-0.8950497077799116],[-77.71505296121946,-0.8942850982251527],[-77.71502996368183,-0.8934486446265213],[-77.71481684726727,-0.8928271014129384],[-77.7145088510644,-0.8921098821443667],[-77.71332231149135,-0.89153526134714],[-77.71244427739464,-0.8911043068457308],[-77.71178006215175,-0.8905062587408428],[-77.71163820940077,-0.8898369866839337],[-77.71163890816904,-0.8890483526282132],[-77.71171118829099,-0.8878535169954],[-77.71175938860318,-0.8870410277387618],[-77.7115939830312,-0.8861566534229061],[-77.7110250245796,-0.8852241225259713],[-77.71024241883654,-0.8842675032938628],[-77.70979229046516,-0.8831916930223084],[-77.7096743222733,-0.8823551585140705],[-77.7093425815906,-0.8816379246141451],[-77.70877362058867,-0.8807053980654285],[-77.70791954094385,-0.8800354959688693],[-77.70730293140967,-0.87929411231708],[-77.70680485715623,-0.8787440178636241],[-77.70606920912353,-0.8783848959067379],[-77.70533351976293,-0.8780735702305966],[-77.70438362070786,-0.8783833984526134],[-77.70364742966215,-0.8786456200048975],[-77.70312515689606,-0.8786212581667906],[-77.70227051517836,-0.8785966006862534],[-77.70162976991952,-0.8783092571465412],[-77.70136918968765,-0.8776637860940285],[-77.7012748764129,-0.8769228715538916],[-77.70127546257675,-0.8762537344996224],[-77.70148977668295,-0.8755130937662247],[-77.70201265421204,-0.8748444191779298],[-77.70255931426894,-0.8741279690533986],[-77.7033669535928,-0.8736029320768691],[-77.70429337961025,-0.8729824072260505],[-77.70514868804213,-0.8722423288771644],[-77.7055527162596,-0.8717408301530379],[-77.70609925029476,-0.8711677630131004],[-77.70636110334792,-0.870355464683634],[-77.70678967946124,-0.8689219680429869],[-77.70679108687555,-0.8672969124137113],[-77.70664934598793,-0.8664842598185455],[-77.70698280877224,-0.8652179625500496],[-77.70733941355924,-0.8646447247754252],[-77.70764828933476,-0.8643582193345276],[-77.70817118063073,-0.8636656362217674],[-77.70840930743397,-0.8628294166684586],[-77.70840980074085,-0.862255865923426],[-77.70841047850065,-0.8614672352263567],[-77.70786485394375,-0.8609888015038664],[-77.70729561238392,-0.8603669605058664],[-77.70653591301762,-0.8603662997783779],[-77.70558637080956,-0.8602698818346457],[-77.70511192920006,-0.8598393075521551],[-77.70468517315689,-0.859169797372194],[-77.70463806070747,-0.8587395951310167],[-77.70461284706957,-0.8584539106059531],[-77.70347043537045,-0.8584955089371041],[-77.70338042644835,-0.8580215675584473],[-77.7033808358921,-0.8575436113242493],[-77.70342870587747,-0.8570895946245978],[-77.7036902193881,-0.8566596605480707],[-77.70371426703966,-0.8563012138283022],[-77.70359601386058,-0.8557753597213686],[-77.70278924550651,-0.8552967047022264],[-77.70221933042306,-0.8554634960847363],[-77.70179167597024,-0.8558454900089827],[-77.70107929838747,-0.8560360546765277],[-77.70062827116936,-0.8559878679551896],[-77.7001448125548,-0.8556917147475646],[-77.69953952380028,-0.8555836500510196],[-77.69886310640064,-0.8553679847103194],[-77.69822239241296,-0.8550448097340466],[-77.69811589767447,-0.8546504058941924],[-77.6979028159695,-0.8539691372945377],[-77.69765400150574,-0.8534312238532044],[-77.69719131010342,-0.8531440520914586],[-77.69655041250856,-0.853035958005577],[-77.69583826487678,-0.8529636491456423],[-77.6948771194188,-0.8525685063335761],[-77.69405838647916,-0.8522093348820671],[-77.69331145576236,-0.8511691441887111],[-77.69245751053562,-0.850343940101304],[-77.69156740549224,-0.8501639399225106],[-77.69074830869255,-0.8502349259002159],[-77.68967981882439,-0.8504490798247474],[-77.688575902919,-0.8504481256509395],[-77.68807736077399,-0.8504476946300191],[-77.68718686212988,-0.8507336940088012],[-77.68640328645836,-0.8509122466562344],[-77.6854419374438,-0.8507680295384483],[-77.68483693394161,-0.8503373531052686],[-77.68426726567003,-0.850229322665489],[-77.68309228831933,-0.8500490756215139],[-77.68252292725364,-0.8495825847781668],[-77.681917986737,-0.8490802181954448],[-77.68134856501268,-0.8486854208521681],[-77.68060094126079,-0.8484696985290121],[-77.6797107864189,-0.8483613918964326],[-77.67885593750201,-0.8486115734093421],[-77.67825014226764,-0.8491128905120452],[-77.67778693902704,-0.8494351013854542],[-77.67703904235377,-0.8495419909578992],[-77.67661194007977,-0.8492907005972878],[-77.67647017550959,-0.8485019711039886],[-77.67661328746391,-0.8477134882141854],[-77.67664935631049,-0.8471758328251652],[-77.67647213277355,-0.8462078450577749],[-77.67593847583389,-0.8456338519903367],[-77.67558280631252,-0.845131705162383],[-77.67558390383819,-0.8438412611453088],[-77.67551378057976,-0.8425507549773168],[-77.67526506064499,-0.8419053179253194],[-77.67579978240579,-0.8412247086222299],[-77.67604962643883,-0.8405438541794943],[-77.67594334326708,-0.839898540294107],[-77.6755875198337,-0.8395756240750581],[-77.67430572656241,-0.8393952971809369],[-77.6734155795895,-0.8392869971213646],[-77.67281061194888,-0.8388204851677493],[-77.67231259441216,-0.8382106840946509],[-77.67206375218437,-0.8377086319941519],[-77.67195771030636,-0.8367765561370453],[-77.6718869450515,-0.8362388125544881],[-77.67142456596451,-0.8355931968285831],[-77.67149672120948,-0.8344820458366946],[-77.67160436265816,-0.8335143077911145],[-77.67164051450044,-0.8328691177669617],[-77.67171266570169,-0.8317579663115622],[-77.67171362702776,-0.8306109092180696],[-77.67170019339592,-0.8296430669816758],[-77.67172443220956,-0.8290456609581365],[-77.67203386518443,-0.8280661444277727],[-77.67241429742757,-0.8273495538496827],[-77.67258095204377,-0.8267761652211728],[-77.67284252615266,-0.8262506499471655],[-77.67312765931801,-0.825940228478575],[-77.67374528652346,-0.8254628080650526],[-77.67417291745517,-0.825080813972963],[-77.6746243480741,-0.8246271492187447],[-77.67426880934894,-0.8239577305840563],[-77.67331946309947,-0.8236701673726994],[-77.67246537393207,-0.823024227485057],[-77.67137406916332,-0.8221630162551232],[-77.67040122437123,-0.8215886706401505],[-77.66980809319503,-0.8211580263867675],[-77.66881119403322,-0.8209660136330277],[-77.66781364223499,-0.8215626002317112],[-77.6672197397896,-0.8220639367360503],[-77.66705334533526,-0.8223266628664098],[-77.66636464445105,-0.8226367432982797],[-77.66562890175744,-0.8224210512490948],[-77.66494053932898,-0.8223248846621105],[-77.66448907455381,-0.8228263388049997],[-77.66382387542875,-0.8234232000572794],[-77.66332465276729,-0.8242591681535746],[-77.6626828732059,-0.8252383964224049],[-77.662135970626,-0.8263132903920347],[-77.66168438441849,-0.8269581222662459],[-77.66085258886392,-0.8280566695647275],[-77.6602584050034,-0.8288925516574951],[-77.65985447578093,-0.8293223500974013],[-77.65942708839508,-0.8294175740515156],[-77.65909485926035,-0.8292739103896724],[-77.6590002627223,-0.8288436885851727],[-77.65921461786655,-0.828007485209751],[-77.65938189350334,-0.8266933062935661],[-77.65940621197316,-0.8260003204568513],[-77.65943039021884,-0.8254746128862391],[-77.65943094896635,-0.8248055041898567],[-77.65909921800517,-0.8240644245601985],[-77.65869636786168,-0.8232038016219603],[-77.65798500801966,-0.8222234354442262],[-77.65746348104462,-0.8213388177580214],[-77.65651522542515,-0.8197608381075966],[-77.65592313431414,-0.818087573391434],[-77.65507028687217,-0.8159600551892817],[-77.6542407817383,-0.8143104936514391],[-77.65379042911115,-0.8134737350841622],[-77.65312681990943,-0.8121588679126821],[-77.65267609278388,-0.811776146575563],[-77.65172710361338,-0.8110823538250911],[-77.65070719226104,-0.8100300557649605],[-77.65013790947067,-0.8094799614501134],[-77.6498774878283,-0.8086194708638156],[-77.64997334453273,-0.8075203104770137],[-77.64990277389796,-0.8067316665558645],[-77.64947592341265,-0.8061816926153085],[-77.64855002855617,-0.806276511096164],[-77.6475997107054,-0.8072076845867595],[-77.64676810547222,-0.8081150577920613],[-77.64636405501695,-0.8087121327297528],[-77.64614999254556,-0.8092137793297527],[-77.64557996604555,-0.8095717507231591],[-77.64517616973225,-0.8098581712164324],[-77.64408426327624,-0.8097616744408057],[-77.64315878544593,-0.8093546648006411],[-77.64263655289156,-0.809330332307093],[-77.64173428367833,-0.8095685428665714],[-77.64121193375797,-0.8096875884485334],[-77.64052382544914,-0.8093046734792335],[-77.63993067364046,-0.8089218381677407],[-77.63981233427783,-0.8084916065325213],[-77.63993140129405,-0.8080376760609151],[-77.64043001180774,-0.8079186101333188],[-77.6412133890924,-0.8079192628033046],[-77.6424952999523,-0.8078964345114574],[-77.6433975485291,-0.8076821189327147],[-77.64401497227578,-0.8074197719649966],[-77.64439512593317,-0.8070138501870224],[-77.64460942204892,-0.8062254473115651],[-77.64451521031987,-0.8053173061363047],[-77.64425482708327,-0.804409028335852],[-77.64394686787321,-0.8036201926355345],[-77.64344899844043,-0.8028312003104091],[-77.6426899252151,-0.8021375785946908],[-77.64183572181352,-0.80165894566936],[-77.64150378890405,-0.8011568488894375],[-77.64107721319938,-0.8002723336340704],[-77.64105415563435,-0.7994359436514435],[-77.64072257266534,-0.7985037149492084],[-77.64053307042622,-0.7980017369510697],[-77.64022559303055,-0.7966154999888035],[-77.64024989385564,-0.7959225270834069],[-77.64041664492323,-0.7952057759436942],[-77.64046485597446,-0.7942977563063999],[-77.64063168298621,-0.7934854192045155],[-77.64082186190471,-0.7931510270592605],[-77.64122572731365,-0.7927690157444371],[-77.6419145519997,-0.7922677560849746],[-77.64241362160166,-0.7915751701442629],[-77.64281765980002,-0.7909780917596011],[-77.64298444457555,-0.7902135439780448],[-77.64298488612474,-0.7896639282080198],[-77.6430090090253,-0.7891860215034545],[-77.6428674199196,-0.7881344671129634],[-77.64248842519362,-0.787106616417119],[-77.64218054985305,-0.7861983058237925],[-77.64194387045804,-0.7853139502963344],[-77.64185002291258,-0.7839278880439918],[-77.64206437449765,-0.7830438965417358],[-77.64206475508918,-0.7825659709682246],[-77.64182792063693,-0.781872785874361],[-77.64161896845529,-0.7815077735864845],[-77.64221285003305,-0.7809825323256709],[-77.64278280358744,-0.7806962355627975],[-77.6432283093048,-0.7802077834690987],[-77.64322885404388,-0.7810462196224766],[-77.64341794707003,-0.7820739156541279],[-77.64363106188699,-0.7827431857908992],[-77.64396252689643,-0.7838426855960267],[-77.64422279511717,-0.784918233421894],[-77.64426979483332,-0.785515680355626],[-77.64429292309026,-0.7862803838541941],[-77.64431622192029,-0.7868300196154304],[-77.64441052677145,-0.7876425729971079],[-77.64459955535024,-0.7887419595562302],[-77.64469372358553,-0.7897217882425833],[-77.64438425680505,-0.790796874304163],[-77.64409831636895,-0.7921348378562334],[-77.64386035174705,-0.79285153513198],[-77.64352733501578,-0.7936876352872878],[-77.64338444016641,-0.7942610316846246],[-77.64305165491938,-0.7948103754651457],[-77.6426473432427,-0.7957420014873522],[-77.64231457656048,-0.7962674474090521],[-77.64229012078701,-0.7971515913305129],[-77.64259827777396,-0.7977014604254417],[-77.64319106650422,-0.7985383205628946],[-77.64321431954247,-0.7991357479516553],[-77.64319017323108,-0.7996375522875148],[-77.64342693838378,-0.8004024305451032],[-77.64382985410825,-0.8011913432351043],[-77.64432788166681,-0.8017891632463658],[-77.64480207159318,-0.8025064470361081],[-77.64518154171641,-0.802936895961754],[-77.64551365024876,-0.8032239278317358],[-77.64579808681788,-0.8037498838199708],[-77.64615364099765,-0.8043953811774593],[-77.6466752115554,-0.8052321888913884],[-77.6469601746679,-0.8051129428056388],[-77.64831328905359,-0.8051140639534172],[-77.64900189287904,-0.8048995663035695],[-77.64969059375562,-0.8045655847834439],[-77.65004691155232,-0.8042791219351847],[-77.65049822349414,-0.8039449432048749],[-77.651020480155,-0.8039453748990165],[-77.65173231626937,-0.8043522051510608],[-77.65180320143438,-0.8047585048431308],[-77.65189753314934,-0.80552327358859],[-77.65182578903968,-0.8061684210579516],[-77.65146915713144,-0.8068372292739466],[-77.65108907977907,-0.8071475691138253],[-77.65104091641476,-0.8079839077766774],[-77.65104056371302,-0.8084140453472823],[-77.6511587291525,-0.8090593508791089],[-77.65141940624586,-0.8096091885548039],[-77.65187001456513,-0.8101352875480313],[-77.65248683546864,-0.8106137329822248],[-77.65381574922813,-0.81118835825179],[-77.65459900039619,-0.8113562875365746],[-77.65566712060705,-0.8115244542889987],[-77.65621241216981,-0.81238518794952],[-77.65642563181147,-0.8129110931057771],[-77.65666209675636,-0.8140344343720177],[-77.65675662006124,-0.814560240876255],[-77.65685120229976,-0.8150143567058771],[-77.65706438053054,-0.8155880553966058],[-77.65708744789669,-0.8164005621583272],[-77.65694465757157,-0.8168305829846932],[-77.65687260945816,-0.8178341841853619],[-77.65701450945822,-0.818479513564893],[-77.65748848041996,-0.8194596766220558],[-77.65786773187372,-0.8201529999673798],[-77.65846083495424,-0.8206075364967074],[-77.65971849699893,-0.8212299106234342],[-77.6603828187033,-0.821684509288387],[-77.66102338200045,-0.822162983975928],[-77.66183053744123,-0.8221397676422109],[-77.66228180232937,-0.8218772830081249],[-77.66294682085123,-0.8214954937520397],[-77.66363577683812,-0.8208747553366508],[-77.66472806432435,-0.8205411166632569],[-77.66572517699274,-0.8204702636682165],[-77.66703102167456,-0.8202562881063734],[-77.66781497656946,-0.8195878310406505],[-77.66824264210224,-0.8191580441270128],[-77.66902634017436,-0.8188002456852422],[-77.67009489194878,-0.8184665824066062],[-77.67083103289603,-0.8182043302292324],[-77.67140056366598,-0.8184676745840871],[-77.67163746565379,-0.8190652983382657],[-77.67194546733926,-0.819806364861944],[-77.67218226997899,-0.820523475430669],[-77.67275126731343,-0.8214320406181631],[-77.67327300377055,-0.8220777002387311],[-77.67348650111758,-0.822269056142252],[-77.67374751837657,-0.8224126576193244],[-77.67462590298062,-0.8223894983807702],[-77.67555198550406,-0.8221035096698217],[-77.67650170911499,-0.8219370268253688],[-77.67702398199826,-0.8219374647571231],[-77.6774747189803,-0.8223201975463739],[-77.67749790515201,-0.8229893385280574],[-77.67749703358389,-0.82404081423232],[-77.67742539739602,-0.8245425949091709],[-77.67728252307167,-0.8250682123982895],[-77.67713937034848,-0.8259283905869922],[-77.67690167525177,-0.8262866481648792],[-77.67630762606937,-0.8269552681029356],[-77.6752151045318,-0.8275517739418209],[-77.6743125992844,-0.8280289540753554],[-77.67338605579478,-0.8288645693337263],[-77.67302966192395,-0.8292227231692685],[-77.6728154654972,-0.8298677633562485],[-77.67283854569999,-0.8306563867054736],[-77.67312264073182,-0.8315886139555151],[-77.67343061472793,-0.8323535821138248],[-77.67369104865948,-0.8331902014354358],[-77.67371424602582,-0.8338354433490843],[-77.67366622415457,-0.8344806237033531],[-77.67357094441778,-0.834862896775093],[-77.67345160240592,-0.8356275016528828],[-77.67361731730088,-0.8361772763718601],[-77.67399658786468,-0.8368467193049801],[-77.6748033945699,-0.837253659192247],[-77.67551516289832,-0.8377561073162642],[-77.67610849419829,-0.8379477917210005],[-77.67665438739915,-0.8380916420621669],[-77.6781497505709,-0.8383796862350116],[-77.67886184403389,-0.8384997811352332],[-77.6796452581602,-0.8385004507669415],[-77.68009599210396,-0.838883191861828],[-77.6804754261055,-0.8393614617407634],[-77.68066473947262,-0.8400785420568033],[-77.68073547425207,-0.8406521368208529],[-77.68063996963976,-0.8412972808285366],[-77.68033078510078,-0.8419661391911449],[-77.67987861418466,-0.8432800996206182],[-77.67935558649582,-0.8441638484036265],[-77.67928385955129,-0.8447612169251911],[-77.6793310144573,-0.8451436140252531],[-77.679734144535,-0.8456697002314649],[-77.68042211290103,-0.8462438271804618],[-77.68077792675663,-0.8465786963100521],[-77.6813950016028,-0.8467704067434092],[-77.68236831849094,-0.8467951431933235],[-77.68324667609375,-0.8468197984752184],[-77.68388741179184,-0.8471071184334803],[-77.6848364415269,-0.8477770631681868],[-77.68588763239761,-0.8483562869267975],[-77.686585430434,-0.8485432885455818],[-77.68732597415055,-0.8487159896698245],[-77.68805238433836,-0.8487596318569288],[-77.68950538854216,-0.8486318392635316],[-77.69026047146045,-0.8484604278207408],[-77.69130031430761,-0.8484326470911463],[-77.69218344892006,-0.8484334080206156],[-77.69356516529447,-0.8483915825744438],[-77.69413500360693,-0.8483060420567118],[-77.69498968901789,-0.8482637621141762],[-77.69632862810742,-0.8482792527369191],[-77.69751063982446,-0.8485813804207144],[-77.6981798365664,-0.8489117435406337],[-77.69910510115047,-0.8496294713553438],[-77.69983113041286,-0.8501319486034932],[-77.700215151866,-0.8508061951705147],[-77.70079838472977,-0.8517243715336946],[-77.70180940937516,-0.8520980490203646],[-77.7023221174759,-0.8521988627304772],[-77.7032337522261,-0.8521996490642124],[-77.70390323345208,-0.8522002263892743],[-77.70464393741551,-0.852200864996566],[-77.70524207618728,-0.8523447674731373],[-77.70544143523342,-0.8524166327848871],[-77.70603935580718,-0.8528186327040671],[-77.70649494256519,-0.8530914618759384],[-77.70689352784987,-0.8533929185943244],[-77.7075200712715,-0.8536372182234169],[-77.70782838453914,-0.8540067070901984],[-77.70794158978033,-0.8548862479695208],[-77.70803573719112,-0.8558422469895525],[-77.70816830928638,-0.8562820833304384],[-77.70854755490171,-0.8569897903314563],[-77.70913584896762,-0.8575447326563796],[-77.70957246428672,-0.8577936495214749],[-77.71006620532917,-0.8578705509564506],[-77.71054110001711,-0.8577753699896067],[-77.71084512848662,-0.8576035680741216],[-77.71143386518531,-0.8576423142526135],[-77.71185139078358,-0.8580059261197092],[-77.71208810757584,-0.8583825552293729],[-77.71258474964725,-0.858351740890712],[-77.71253414330711,-0.8591536226807956],[-77.712389577483,-0.8594130308276485],[-77.71228206857123,-0.8602015719580041],[-77.71210299868079,-0.8613843687456461],[-77.71206668035381,-0.8622088196926601],[-77.71299176935689,-0.8631416484490126],[-77.71356046900165,-0.8643967917132213],[-77.7134887529795,-0.8649702823819121],[-77.71213423000265,-0.8664746764969755],[-77.71138565288709,-0.8673343502201014],[-77.71131343885979,-0.8684813908758288],[-77.71141884360081,-0.8701304463056522],[-77.71152455789345,-0.8714210319716179],[-77.71145193394558,-0.8730340837464867],[-77.71063153470726,-0.8745747811202834],[-77.71020329384716,-0.8756139643463947],[-77.71013147612673,-0.8762949932230469],[-77.71020175949485,-0.8773704650870533],[-77.71048577049159,-0.8783744319661506],[-77.71101918589916,-0.8792352331198569],[-77.71219385521377,-0.8798098280926344],[-77.71308360439522,-0.880420018427396],[-77.71393799312752,-0.8807434010474141],[-77.71464912050693,-0.881998682973396],[-77.71471961910002,-0.8828232294437224],[-77.71468334649549,-0.8835759867616115],[-77.71468252645296,-0.8845080113895164],[-77.71493060645001,-0.8858704239829983],[-77.71517922269527,-0.8866234360456262],[-77.71589072415586,-0.8874485576869146],[-77.71717239104471,-0.8878440231859358],[-77.71777753451357,-0.8881313428218339],[-77.71891602930184,-0.8893511683982416],[-77.71937831443793,-0.890104376508838],[-77.71991147438457,-0.8912519681052221],[-77.72005322212637,-0.8920407366672336],[-77.72005236377547,-0.8930086130685404],[-77.71976676971532,-0.8937969974119923],[-77.72015741593061,-0.8950161583765707],[-77.72033496447914,-0.8955898754601164],[-77.72044071382788,-0.8968087805587335],[-77.72058226669452,-0.8978126337463116],[-77.72083116530568,-0.8982430269510807],[-77.72157859701142,-0.8987097190093475],[-77.72232574115237,-0.8994990369042253],[-77.72253877217499,-0.9002161783222161],[-77.72257371039284,-0.9009690055089168],[-77.72271535645906,-0.9018653198380925],[-77.72307092887306,-0.9024750479955125],[-77.72371088354078,-0.9036585956840909],[-77.7238167214181,-0.9047699622103653],[-77.72420784176289,-0.9054514200328694],[-77.72516855949185,-0.9063484827424977],[-77.7256302260707,-0.9077828041125577],[-77.7264831064626,-0.9097910457049773],[-77.72712344468634,-0.910544429999014],[-77.72737172577075,-0.911655932296422],[-77.72783400362357,-0.9124091551192871],[-77.72847466586886,-0.9128040657293859],[-77.72886672487844,-0.9124459485145641],[-77.72900962707698,-0.9119442125172161],[-77.72915349967626,-0.9103670481118179],[-77.72915398458143,-0.9098293335287942],[-77.72915466296668,-0.9090765336513735],[-77.72890570061831,-0.9087178298119025],[-77.72833616450367,-0.908430529710774],[-77.72798026880884,-0.9081792718029593],[-77.72748211862125,-0.9077127982873328],[-77.72687764790268,-0.9066726674073269],[-77.72605976253215,-0.9053455637163549],[-77.72581134703833,-0.9043774540519911],[-77.72538548089452,-0.9027280809354449],[-77.72392869143032,-0.8990344706850724],[-77.72286244424181,-0.8966675767191639],[-77.72222315249937,-0.894731239660945],[-77.72222433001367,-0.8934048872295741],[-77.72226172101827,-0.8913974657209334],[-77.72183517279836,-0.8905008988568477],[-77.72148016413499,-0.889245922810729],[-77.72116019700513,-0.8886362311165636],[-77.71991457943902,-0.8877389333695594],[-77.71898956223758,-0.886734382620096],[-77.71810009330088,-0.8858015595898477],[-77.71735357599843,-0.884295310074606],[-77.7172118234394,-0.88350654463088],[-77.71667881534229,-0.8821797230066466],[-77.71632367501489,-0.8810681451752977],[-77.71579028913264,-0.8801714916787308],[-77.71450934541792,-0.8789515522871557],[-77.71340595798463,-0.8783053268654525],[-77.7123739194891,-0.8775157769350661],[-77.71237457711999,-0.8767629896423882],[-77.71283793006238,-0.8762973873204926],[-77.71330131504719,-0.8757959379735883],[-77.71380065418643,-0.8749002020746591],[-77.71394412873109,-0.8737173743073738],[-77.71373142736581,-0.8726059267558086],[-77.71351884844745,-0.8713510916950474],[-77.71312849221451,-0.8697734766866957],[-77.71312917490874,-0.8689848413597898],[-77.71352164210784,-0.8681248551629338],[-77.71398539367655,-0.8671932365288104],[-77.7148404969068,-0.8666921245704993],[-77.71541070976991,-0.8661907627551545],[-77.71612376960098,-0.8652235110947031],[-77.71645078846637,-0.8643608260225473],[-77.7165102793505,-0.8641995655488754],[-77.7166172726896,-0.8640144486357969],[-77.71667080226801,-0.8638830556082804],[-77.71667681998247,-0.8637874678873935],[-77.71665913219417,-0.8636500379491595],[-77.71663548918009,-0.8635365015234622],[-77.71661182986517,-0.8634408879773969],[-77.71655855690786,-0.8632735553098437],[-77.7165290090586,-0.8631241661859781],[-77.71645790458491,-0.8629866898155875],[-77.71630392128083,-0.8627860594808384],[-77.71559206469317,-0.8623552742826555],[-77.71502250035546,-0.8621038490683337],[-77.71431085985309,-0.8614221350644314],[-77.71424052843888,-0.8603825073457934],[-77.71452603199,-0.8596658130492724],[-77.71459811252011,-0.8586621551575333],[-77.71459852277628,-0.8581819697496473],[-77.71459909219334,-0.8575150482793689],[-77.71438606694963,-0.8567620745905528],[-77.71371000533723,-0.8561162420267635],[-77.71253477778805,-0.8561869208461726],[-77.71171569285679,-0.8562220604613374],[-77.71071879801232,-0.8559702698539094],[-77.710292291004,-0.8550020325278608],[-77.71025741234186,-0.8541416749243371],[-77.710008928519,-0.8532094395210412],[-77.7095465350845,-0.8525637963534742],[-77.70854979400308,-0.85213277487716],[-77.7077309874866,-0.8518452944177434],[-77.70648460794312,-0.8518442212101484],[-77.70570144400799,-0.8515209255506173],[-77.7043131718631,-0.8508744885592944],[-77.70417130757878,-0.8501932780974605],[-77.7048483678804,-0.8496561584411191],[-77.70577476428583,-0.8490475585460672],[-77.70662984839558,-0.8485464368880188],[-77.70769844573329,-0.8482247316819899],[-77.70851807180809,-0.8475443428777392],[-77.70930217733357,-0.8467563813224129],[-77.71019302392669,-0.84607605070686],[-77.71111966300124,-0.845180667593046],[-77.71172574302527,-0.8443567024161204],[-77.71140666055457,-0.8426716208095418],[-77.71094419965996,-0.8420976755976548],[-77.71019745339373,-0.8408065494160706],[-77.70952168800054,-0.8398022611540299],[-77.70898818542669,-0.8390131758521576],[-77.70831253949397,-0.8378655016801083],[-77.70849128192,-0.8370411742914401],[-77.70867038219122,-0.8357866838142958],[-77.70938423875599,-0.8338157044022915],[-77.70967043404636,-0.8322386788956676],[-77.71020545764243,-0.8311995670137718],[-77.70992116484605,-0.8304823886763516],[-77.71002915355474,-0.8290844470586923],[-77.710314691219,-0.8282960532387929],[-77.71077831078591,-0.8274719594581486],[-77.71060070012389,-0.826934106821147],[-77.71035201551241,-0.8262169591495879],[-77.70907085596437,-0.8252121760226401],[-77.70814524418567,-0.8248887823523066],[-77.70746979145657,-0.8234901906617786],[-77.70647528200588,-0.8203348406664],[-77.70601360611994,-0.8187930441508945],[-77.70548015094913,-0.8179322790056995],[-77.70508834819414,-0.8180394955009614],[-77.70512296223376,-0.8192583153939414],[-77.70565635749085,-0.8201907744201796],[-77.70604654554471,-0.8220551329134016],[-77.70643690833226,-0.8237044123594215],[-77.70707677825033,-0.8250671259919509],[-77.70860715038333,-0.8261438092628156],[-77.70942551657664,-0.8269689717947757],[-77.7092467533262,-0.8278291491550946],[-77.7091033634209,-0.8289761316290618],[-77.7087822150901,-0.8297644943452257],[-77.70860347898139,-0.8305888242322831],[-77.70810347278587,-0.8323449023444679],[-77.7066763313972,-0.835605765134114],[-77.70631914761185,-0.8368959495636212],[-77.70685220008855,-0.838222733774121],[-77.70738576069562,-0.8389401236910186],[-77.70841727244166,-0.8403748744786345],[-77.70923493793438,-0.8420245282420786],[-77.70951895191838,-0.8430643306323173],[-77.70916218008429,-0.8438526596427233],[-77.70891221020808,-0.8446769255909348],[-77.70773623709923,-0.8456437881155231],[-77.70556310205409,-0.8466814878338123],[-77.70449435529264,-0.8471824272187736],[-77.70378144397333,-0.8480062909245423],[-77.70260565384827,-0.8487580623803109],[-77.7015015110976,-0.8490080410971521],[-77.70018431380946,-0.8485409021697617],[-77.69936581854725,-0.8478949604897376],[-77.69829832284789,-0.8469261863004821],[-77.69698110048783,-0.8464948974121113],[-77.69574367651275,-0.8461221789923447],[-77.69417696192221,-0.8459535506296667],[-77.69306115207036,-0.8459764906987857],[-77.69220640407673,-0.8460952443575863],[-77.69128041617134,-0.8462378335661356],[-77.69035426679159,-0.8465716029851055],[-77.68911951692573,-0.8468812079076123],[-77.68833597173403,-0.8470239178397226],[-77.6869592511879,-0.8467837578026464],[-77.68662695182206,-0.8467117795214267],[-77.68570147653907,-0.8462569313866946],[-77.68503695915871,-0.8460173862346015],[-77.68406402555104,-0.8455386012555349],[-77.6833520292133,-0.845299014939093],[-77.6825214360534,-0.8449398401521365],[-77.68176218403886,-0.8444373436921317],[-77.68162041400632,-0.8436486109331162],[-77.68164484322092,-0.8428361241518382],[-77.68176416927466,-0.842095410460732],[-77.6817886982261,-0.8411634370665203],[-77.68216964679847,-0.8398494119503271],[-77.68219411219471,-0.8389891298220707],[-77.68238479746603,-0.8380811947085893],[-77.68229066234485,-0.837101325520302],[-77.68136512922781,-0.8367181790477332],[-77.68053433473689,-0.8365979844041258],[-77.6789676079057,-0.8364771631752089],[-77.67789935824347,-0.8364284574483205],[-77.67704500846422,-0.8360931675466695],[-77.6764279965271,-0.8358297726775727],[-77.67588230452655,-0.8354469530336467],[-77.6757405288196,-0.8346582260556679],[-77.67571751222533,-0.8337979090594484],[-77.67519626128775,-0.8325787122629565],[-77.67498318557007,-0.8318855137115668],[-77.67488862687132,-0.8314074915264967],[-77.67474676935244,-0.8307143538199601],[-77.67488990658374,-0.8298780761997154],[-77.67565033504232,-0.828970628431655],[-77.67648156240003,-0.8285650802175767],[-77.67736062912655,-0.8277294212198876],[-77.67793085957184,-0.8271563700038527],[-77.67850128858726,-0.8263443459220224],[-77.67890563878694,-0.8254126948456421],[-77.6788590912491,-0.8242894862531707],[-77.67871730695835,-0.823500758565383],[-77.67869423959358,-0.8226882338094381],[-77.6786471959307,-0.8221624550615613],[-77.67862392997071,-0.8215889025413797],[-77.67807856866075,-0.8207998376362081],[-77.67743801234772,-0.8202974605283979],[-77.6757762176604,-0.8203199666107501],[-77.67523016689779,-0.8203673039468806],[-77.67401982249264,-0.8199122456155228],[-77.67366469549367,-0.8187409904153441],[-77.67269232067235,-0.8175931173501935],[-77.67181425318171,-0.8172339288893099],[-77.67093624646259,-0.816803049072306],[-77.6703427592206,-0.8168025536209997],[-77.66965396043848,-0.8172321245489811],[-77.66877520693475,-0.8177093291846003],[-77.66868020933848,-0.8177570439050046],[-77.66834766039678,-0.8179957355989256],[-77.66746884813526,-0.8185446301725755],[-77.66685128782932,-0.8189503603202495],[-77.66594903267931,-0.8191407793614421],[-77.66502313813106,-0.8192116944199923],[-77.66362247742097,-0.8192583124610354],[-77.6629575983319,-0.819472826516176],[-77.66210298359017,-0.8194721089934249],[-77.66122470990494,-0.8193757838269082],[-77.66072640344944,-0.8191125009293995],[-77.66003824284805,-0.8187773686923968],[-77.659468956082,-0.818227265343929],[-77.6591606827064,-0.8178207616253562],[-77.65880503048126,-0.8172947355806575],[-77.65882922386314,-0.8167451308291782],[-77.6589724089981,-0.815837174382047],[-77.65923401416323,-0.8152638716126631],[-77.65966183213438,-0.8146429136577003],[-77.65937745383567,-0.8140452570387405],[-77.65902189730443,-0.8133997485796411],[-77.65840534768223,-0.812586745618049],[-77.65807343230277,-0.8120607406853396],[-77.65774169264623,-0.8113196662708064],[-77.6575288061254,-0.8103875176303488],[-77.65710220765723,-0.8095268818020857],[-77.65634296737939,-0.8090244209027032],[-77.65515601417057,-0.8090234350525195],[-77.65415885696981,-0.8091659860171548],[-77.65332830437777,-0.8087829501830762],[-77.65313884296698,-0.808233170911915],[-77.65304453339925,-0.8074445056399305],[-77.65316350227907,-0.8071100514333078],[-77.65325888785091,-0.8065844057763639],[-77.65349690297043,-0.8058199110373933],[-77.65373507346833,-0.804864244125638],[-77.65371193898254,-0.8041234300187721],[-77.65352239629051,-0.8036692382188535],[-77.65292942856952,-0.8030474372427349],[-77.65171942270929,-0.8022100585154179],[-77.65053261326277,-0.8020418037280654],[-77.6495114125258,-0.802566685062841],[-77.64917899074594,-0.8026619961489516],[-77.64865673523721,-0.8026615649071857],[-77.64796850347693,-0.8024220316817987],[-77.64761271278108,-0.8020632916733038],[-77.64709094562281,-0.8014654494182875],[-77.64701998218398,-0.8011547370804927],[-77.64659287809945,-0.800915420355297],[-77.64614201541504,-0.800699981189455],[-77.64571493114221,-0.8004367678340871],[-77.645454232383,-0.7999108324037327],[-77.64507516961943,-0.798978560604496],[-77.64479096382445,-0.7981658494936648],[-77.64462558772497,-0.7971859614471354],[-77.64481642627605,-0.7960390908478432],[-77.64522066053406,-0.7952030486150886],[-77.64617061614447,-0.7947020016189085],[-77.6467166077321,-0.7947024483210177],[-77.64731036576092,-0.7943444870097938],[-77.64802299222616,-0.793771554471837],[-77.64859324296903,-0.7931268145617283],[-77.64871262940817,-0.7922666382686385],[-77.64847574089633,-0.7916451366357852],[-77.64804884597241,-0.791142963064537],[-77.64740834101956,-0.7905928229521579],[-77.6470528541193,-0.7898517437410238],[-77.64686357664878,-0.7890630078622645],[-77.64667439432976,-0.7881547891929576],[-77.64655650375154,-0.7871510433890574],[-77.64669989051679,-0.7859563369306128],[-77.64710419275934,-0.7850247025102597],[-77.64738943783837,-0.7845470044882119],[-77.64767542527397,-0.7831373437924174],[-77.64805604242841,-0.7821339988170395],[-77.6486032846132,-0.7805572705647681],[-77.64926861295852,-0.7797453237946476],[-77.6503378769286,-0.7784557685108142],[-77.65088456669561,-0.77757203422981],[-77.65176322172078,-0.777166494574147],[-77.65299848727285,-0.7760921346777435],[-77.65330767452471,-0.7753515864818522],[-77.65311845877577,-0.7744672618441504],[-77.65340954741589,-0.7745675483152267],[-77.65380122825444,-0.7745798081162787],[-77.65410993621008,-0.774448622421908],[-77.65486994445243,-0.7739832419759786],[-77.6553449372777,-0.7737088083611182],[-77.65603377618328,-0.7731836283223638],[-77.65647319790415,-0.7728613720688714],[-77.65729264832453,-0.7722765532720532],[-77.65772019150879,-0.7719662348337297],[-77.65821898866506,-0.7716081788323981],[-77.65897931481413,-0.7707365495885539],[-77.6593762953094,-0.770043857732819],[-77.65997515375811,-0.769227060985371],[-77.66033158313846,-0.7687828620390146],[-77.66078781699883,-0.7682096989513726],[-77.66130105832629,-0.7675935650724657],[-77.66168605176254,-0.7670490208681459],[-77.66178919562401,-0.7667315846210013],[-77.6622640681625,-0.7666124744417993],[-77.66323760801224,-0.7663025791456585],[-77.66478079281217,-0.7661126151980112],[-77.66606249887617,-0.7663764871394869],[-77.66727284152493,-0.7668314779979485],[-77.6684352073581,-0.7679316508221812],[-77.66978726479714,-0.7693187385970249],[-77.67078314163648,-0.7708250344464956],[-77.67182671987393,-0.772044606645416],[-77.67329741928839,-0.7735034895520698],[-77.67438799200062,-0.7753444284373887],[-77.67519430776777,-0.7763965407337993],[-77.67592961124653,-0.7771857297638702],[-77.67652294569406,-0.7773773775671055],[-77.67670112166483,-0.7781849332112911],[-77.67699744304062,-0.7787228553468002],[-77.67779822653335,-0.7792611778276748],[-77.67868826883729,-0.7795008574480202],[-77.68008249429107,-0.7800993970625035],[-77.68168486463776,-0.780160413983836],[-77.68310921418089,-0.7801914173825124],[-77.68393998281897,-0.7803414357984073],[-77.68474093626068,-0.780670660093354],[-77.68607593973293,-0.7811197971022505],[-77.68678773058127,-0.7816281831209559],[-77.68744010316857,-0.7822261370259016],[-77.68821122062894,-0.7827644433599188],[-77.68913080675866,-0.7831833811448989],[-77.68975371711008,-0.783512467636278],[-77.69052504751777,-0.7837819288352947],[-77.69132605420573,-0.7840514130422009],[-77.69280925209965,-0.7847396493411638],[-77.69369911987047,-0.7852183102205281],[-77.69441112815556,-0.7854578537899611],[-77.69485625108241,-0.7854582085473046],[-77.69592440510232,-0.7856382920687932],[-77.69633966588742,-0.7858775986971254],[-77.69663587452408,-0.7865648928342955],[-77.69749590606754,-0.7872526373950782],[-77.69802986728403,-0.787492039676209],[-77.69871220288717,-0.7877315615008459],[-77.6997505696147,-0.7880609843291837],[-77.70037369756679,-0.7881212261854929],[-77.70117485374494,-0.7882114823500208],[-77.70203521873309,-0.7884810192772685],[-77.70250966750902,-0.7889294819946318],[-77.70307311828864,-0.7894078875743327],[-77.7035773367675,-0.7897368856821954],[-77.70402220422258,-0.7900658366198311],[-77.70452637597933,-0.7904545798809262],[-77.70559432908149,-0.790903519138581],[-77.70669195952964,-0.7913524819263115],[-77.70778992050626,-0.7913832326094424],[-77.70921485325961,-0.7907271785858616],[-77.70969043525041,-0.7897417664691396],[-77.7099579129819,-0.7892341474515979],[-77.71058147039072,-0.7887566851650339],[-77.71108628028456,-0.7883388718270243],[-77.71171021361361,-0.7873834478343856],[-77.71150314166269,-0.7865468521518788],[-77.7110588533095,-0.7854710893321842],[-77.7104664452677,-0.7840666116117974],[-77.70999271301744,-0.7826921026866085],[-77.70963770381134,-0.7812878162282652],[-77.70943069764147,-0.7803616069734665],[-77.70910475755983,-0.7797340282169564],[-77.7083335736031,-0.7792554615692381],[-77.7071765421041,-0.7788662090285634],[-77.7063158699267,-0.7789850208709976],[-77.70581125285966,-0.7791638576023904],[-77.70500962984441,-0.7796710557547529],[-77.70334707991552,-0.7806256567827424],[-77.7022485195204,-0.7813715952913505],[-77.70150641086354,-0.7816697305871437],[-77.70058648499372,-0.7816690023721864],[-77.6991625063736,-0.7811301757436242],[-77.69853961223386,-0.7807712168937337],[-77.69759038852182,-0.7802925126627825],[-77.69699731008367,-0.7797543456463164],[-77.69560340754708,-0.7787077221723173],[-77.69489191077261,-0.7778109989583868],[-77.69394303807623,-0.7768842186479458],[-77.69346877612062,-0.7761967888035829],[-77.69323184331715,-0.7755991623683312],[-77.69254995074614,-0.774792083233662],[-77.69192696725858,-0.7745526175218566],[-77.69115544934988,-0.7745221386736298],[-77.69044325727816,-0.7745215783158237],[-77.68990906716023,-0.7745809017064692],[-77.6894157162334,-0.774567680560217],[-77.68955861800445,-0.7739703555168632],[-77.68979660829213,-0.7732058231961763],[-77.69022460798715,-0.7723219511290081],[-77.69062862723241,-0.7717487280322918],[-77.69129370893829,-0.7712712985536496],[-77.6924574173621,-0.7706747716367248],[-77.693145999077,-0.7705080271000049],[-77.69393005583022,-0.769672224933137],[-77.6940731026613,-0.7688837156832701],[-77.69383642214892,-0.7679515249219283],[-77.69381339916332,-0.7670195009250456],[-77.69409871609767,-0.7664461799797407],[-77.69476372308185,-0.7660643354998303],[-77.69561872173885,-0.7655870479158308],[-77.69569006915427,-0.7654198195884616],[-77.69588051814121,-0.7647269359900248],[-77.69562023987335,-0.7636035444086253],[-77.69554971442955,-0.7626953802628301],[-77.69552641184158,-0.7621218192506466],[-77.69588331019713,-0.7610705988513663],[-77.69597883376063,-0.7603298455542122],[-77.69612234408262,-0.7589199947357518],[-77.69612276143273,-0.7583703490204454],[-77.69647947445526,-0.7575581031268209],[-77.6964087261764,-0.7569367097499609],[-77.69610048941675,-0.7564346225994111],[-77.69574488137333,-0.7557891129588792],[-77.6952231851281,-0.7550239892192806],[-77.69510508227918,-0.7542352769050423],[-77.69520074488277,-0.7533033427017611],[-77.69532028993059,-0.752180245581078],[-77.69532138658431,-0.7507224905730043],[-77.6948708712835,-0.7500052193877558],[-77.69413565876162,-0.7490487552876598],[-77.69359036326132,-0.7480924376023133],[-77.69342450773459,-0.7476621550960799],[-77.69347234505041,-0.747184239436934],[-77.69325892034014,-0.7468734090355794],[-77.69379619060764,-0.7471192079322722],[-77.69417607938911,-0.7470478033154381],[-77.69476965971555,-0.7469287651363649],[-77.69514953006028,-0.7468812575539323],[-77.69555319437389,-0.7467620751624429],[-77.69621799527708,-0.7466430903887182],[-77.69651738391613,-0.7464490595374964],[-77.70189074381314,-0.7501849343161341],[-77.70273998358641,-0.75076058696284],[-77.70640852801841,-0.7532472948830767],[-77.70927680524511,-0.7556610170766659],[-77.71111557402827,-0.7572083881192727],[-77.71554048709969,-0.7596902368692464],[-77.71787392484855,-0.7609990200052575],[-77.71976172355335,-0.762029021166825],[-77.72168784048716,-0.76307992960071],[-77.72608284533639,-0.765477892772517],[-77.72643593065841,-0.7656705400175049],[-77.72551781839344,-0.7647227360232879],[-77.72462831965314,-0.7637063732568828],[-77.7238878326694,-0.7618536848203582],[-77.72377019101572,-0.7604495687824091],[-77.7243937601917,-0.7599422058410911],[-77.72549200480032,-0.7596144423305299],[-77.7266793438392,-0.7591971276975502],[-77.72813354027345,-0.759078744635255],[-77.72967685575567,-0.758840936281828],[-77.7312794576249,-0.7586927911711042],[-77.73214027975354,-0.7583947147924733],[-77.73267480291854,-0.7579171505650028],[-77.73264577662911,-0.7570508072611388],[-77.73193398284502,-0.7564826767607808],[-77.73080681932232,-0.7557947402848852],[-77.73030282365104,-0.7551371496223581],[-77.73045151497737,-0.7547190387540859],[-77.73080800315414,-0.7542114656919509],[-77.73190660676886,-0.7534057227853082],[-77.73261918149467,-0.7529282904832557],[-77.73469708646478,-0.7521232826399523],[-77.73555801911499,-0.7516758326367278],[-77.73710171839429,-0.7509301623765648],[-77.73736902314779,-0.7506316311315482],[-77.73814070673,-0.7504828444939288],[-77.7389122588557,-0.7505132975826557],[-77.7401585820132,-0.7506038539920082],[-77.74060394321016,-0.7503054543268007],[-77.74081218393842,-0.7496185219377676],[-77.74075298669536,-0.7494093635964119],[-77.7409316391082,-0.7486029159452028],[-77.74134736793386,-0.7482447460184525],[-77.741822337599,-0.7480359873304857],[-77.74277274172061,-0.7469911273498153],[-77.74321847556587,-0.7461848758944345],[-77.74419857639607,-0.7451101609773495],[-77.7443173465211,-0.7450206288407961],[-77.74491108749132,-0.7447223354348275],[-77.74541621587093,-0.7438563780442454],[-77.74529797140185,-0.743228946376777],[-77.74509058898279,-0.7427508155656215],[-77.74485346565591,-0.7423622835141249],[-77.74475304721632,-0.741704992029557],[-77.74482516118633,-0.7404862052849418],[-77.74508667643994,-0.7399845234872661],[-77.74553810067039,-0.7395068802038541],[-77.7457520300171,-0.7391485553980631],[-77.74591873745683,-0.7384317135725151],[-77.74618030478062,-0.737858333336679],[-77.74670317632783,-0.7370700567224074],[-77.74720202934219,-0.7366641425614711],[-77.74746343881841,-0.7363058513745312],[-77.74784364016648,-0.7358281536335389],[-77.74736897840454,-0.7356127145034888],[-77.74698929800951,-0.7353734467524806],[-77.74646744905027,-0.7347516931469823],[-77.74637295327291,-0.7341063549855589],[-77.74637336811571,-0.7335327829067556],[-77.74651619279554,-0.7330071121051659],[-77.74665893092183,-0.732600936382029],[-77.74718171266048,-0.7319321500645947],[-77.747324278069,-0.7317649618133633],[-77.74836911685415,-0.7314311407754529],[-77.74898631067754,-0.7315271865338097],[-77.74957971269582,-0.7316949125244444],[-77.75055286626932,-0.732006309347846],[-77.75102747750753,-0.7322934438457779],[-77.75150214153147,-0.7325088808974802],[-77.75209559678102,-0.7326049107464155],[-77.75283182514315,-0.7322469630515391],[-77.75328307558557,-0.7320083020275914],[-77.75432804060874,-0.7315071843337331],[-77.75454179610593,-0.7313878447847403],[-77.75589532666307,-0.7309825459736321],[-77.75668380059754,-0.7306901311257556],[-77.75743890719407,-0.7304100906366309],[-77.75822251659656,-0.7301955684283595],[-77.75862621845594,-0.7300524662305207],[-77.7592911409581,-0.7298139573879013],[-77.75955236153233,-0.7297185508298218],[-77.76047818009582,-0.729838718796138],[-77.76100063987396,-0.7296240046108174],[-77.76185564682656,-0.7291705397597847],[-77.76235443364142,-0.7288602111518064],[-77.76368414514371,-0.7285743825869142],[-77.76406400447601,-0.7285746575144906],[-77.76477636122158,-0.7284078785552505],[-77.7652513569098,-0.7281692289242098],[-77.76596396903602,-0.7276439584963073],[-77.76646287614477,-0.7271663318581507],[-77.76665304540484,-0.7268318786896625],[-77.76750830884441,-0.7260199173902572],[-77.76822093873274,-0.7254707448839353],[-77.76907577884762,-0.7252562658691798],[-77.76966958372986,-0.724874301591515],[-77.77000240264253,-0.7242531558746482],[-77.7700976223853,-0.72389473360439],[-77.77043038997881,-0.7233452853835268],[-77.77071572599162,-0.722724104616464],[-77.77095354406235,-0.7221506876590619],[-77.77126270468182,-0.721410025911905],[-77.77152421426582,-0.7209083243622828],[-77.77178585739276,-0.7202154269972015],[-77.77181020400333,-0.719355063542908],[-77.77147826238958,-0.7187334410545563],[-77.7711221588727,-0.7187092882858128],[-77.77086083636662,-0.7189480966737007],[-77.77040954968837,-0.7192345676498629],[-77.77007681737238,-0.7197362181920477],[-77.76979161910315,-0.7201662042171608],[-77.7695539026071,-0.7205962239102016],[-77.76933985944174,-0.7211218583522627],[-77.76898325028496,-0.7218146856716844],[-77.76853169287705,-0.7224835453844958],[-77.76810406213258,-0.7228895277906943],[-77.76789071227329,-0.7224352870133451],[-77.7672022822697,-0.7223391956798185],[-77.76679859681822,-0.7224584030813014],[-77.76608612217905,-0.7227924832992865],[-77.76558720080801,-0.7232940108471517],[-77.76527824294054,-0.7237478755476546],[-77.76477896495453,-0.7247512870322966],[-77.76420861550504,-0.7255395530990448],[-77.76359088506533,-0.7261843886765739],[-77.76271242640314,-0.726231552625888],[-77.76159659176041,-0.7262307471959831],[-77.76088447716515,-0.726062939230614],[-77.7605523731779,-0.7256803124608278],[-77.7598401061657,-0.7257275960758307],[-77.75945978786768,-0.726372599684358],[-77.75896095216663,-0.7267546256114782],[-77.75827215378827,-0.7271843121450717],[-77.75744106318,-0.7273988023448356],[-77.75599268828995,-0.7276367444545598],[-77.75520923446595,-0.7276361766998178],[-77.75414111221433,-0.7273247148637828],[-77.75264573946114,-0.726893448707148],[-77.75207611011011,-0.7266779453827125],[-77.75110297245017,-0.7263426540700397],[-77.75039113805919,-0.7257924622725288],[-77.74967942349407,-0.7250749792916584],[-77.74868331385251,-0.7236642223537224],[-77.74870770211072,-0.7227560808728313],[-77.74920675259821,-0.7220633721116166],[-77.74994309249428,-0.7215381262727315],[-77.7507033595469,-0.720750007469827],[-77.751202544606,-0.719866104478264],[-77.75108390790676,-0.7197704230030454],[-77.75127419018398,-0.7192686811692987],[-77.75117949779408,-0.7188862298053998],[-77.75060993626884,-0.7185751349430451],[-77.7498977790891,-0.718479028250129],[-77.74882957677471,-0.7182870711392965],[-77.74833122287254,-0.7179999275437646],[-77.74776174837768,-0.717569339240078],[-77.7470502509822,-0.7165411774199392],[-77.74624379091881,-0.7155129490794048],[-77.74519965419192,-0.7148669346492423],[-77.74470111644618,-0.714842680067235],[-77.74408419552674,-0.7143642629624274],[-77.74344383743802,-0.7134556513567986],[-77.743254315837,-0.7128819455492887],[-77.74315975607684,-0.7123083075778958],[-77.74306544858673,-0.7113761879743398],[-77.74308970857929,-0.710635342942099],[-77.7431375250515,-0.7101574009892675],[-77.7429482192801,-0.7092730120039322],[-77.7425921098059,-0.7092727594523759],[-77.74209298800872,-0.7100849631153939],[-77.74180768152206,-0.7106822287038239],[-77.74140358862819,-0.7113989040945923],[-77.74109438993979,-0.7122112409202261],[-77.73995475758878,-0.7123299223896062],[-77.73952761233448,-0.7120667324235789],[-77.7393380912329,-0.7114930280578531],[-77.73929111354573,-0.7107760343761861],[-77.73945800180654,-0.7097724080796785],[-77.739696444986,-0.7082908579145142],[-77.73964946499208,-0.7075738632183425],[-77.7392941745957,-0.7064025756099771],[-77.73922336989202,-0.7058050588723804],[-77.73915234838877,-0.7055182240982564],[-77.7389392992117,-0.7046338225915595],[-77.73893956530742,-0.7042514430957199],[-77.73884498605908,-0.7037017075349317],[-77.73846550374142,-0.703175668930542],[-77.73820462335857,-0.702793106754378],[-77.73825236997531,-0.7024107618343988],[-77.73851394605788,-0.701789580313522],[-77.7391551716288,-0.7014554486312622],[-77.74017634380736,-0.7009781919271701],[-77.74114997010601,-0.7005964942554949],[-77.74164862055285,-0.7004534515118229],[-77.74217092971577,-0.7004299190109174],[-77.74281212282273,-0.7001435824619163],[-77.74257484905718,-0.6999522262619639],[-77.74205275522547,-0.6996650753745745],[-77.74093728001336,-0.6991863207057099],[-77.74034391523824,-0.6989708166709738],[-77.74001166398625,-0.6988032930389512],[-77.73939465856249,-0.6984443818007224],[-77.73908629607833,-0.6980617864688399],[-77.7388494841734,-0.6972012683367825],[-77.7388972450503,-0.6967950245653036],[-77.73899263393514,-0.6961737253120084],[-77.73932542809736,-0.6955525912287466],[-77.73980063076283,-0.6949793533691853],[-77.73989583905949,-0.6946209387913337],[-77.73973009792947,-0.6939755580598126],[-77.7397303926753,-0.693545381557185],[-77.73982571494525,-0.6930196766412773],[-77.74003962402071,-0.6926613441467514],[-77.74041960220868,-0.6924704178417554],[-77.7409183646403,-0.6921600799098792],[-77.74132218197752,-0.6918257775127583],[-77.74182104239377,-0.6913720458113789],[-77.7425810645429,-0.690894596524538],[-77.74303242830271,-0.6904647302021212],[-77.74403011645312,-0.6896050617160242],[-77.74479017142598,-0.689079810936761],[-77.74562154636298,-0.6884112155149059],[-77.74685675396253,-0.6873844138107583],[-77.74723694337759,-0.6868827983271092],[-77.74783087947262,-0.6862618343546533],[-77.74844847496914,-0.6857603794825811],[-77.74873363729095,-0.6853542935516634],[-77.74897151050315,-0.6846613876185611],[-77.74925697828567,-0.6838012210386438],[-77.74980346368514,-0.6831324232899859],[-77.75032580600406,-0.6830610825540301],[-77.7512041795845,-0.6831094791630665],[-77.75144149021696,-0.6832530344457609],[-77.75179745536215,-0.6834683674742497],[-77.75253304776055,-0.6840185460558482],[-77.75274644132345,-0.6844249752077833],[-77.75291220821464,-0.685046462750352],[-77.75317306621156,-0.6854768233597145],[-77.75348155092416,-0.685692124971127],[-77.75393251225533,-0.6858597266888192],[-77.75462091395998,-0.6859796924759035],[-77.75500079863392,-0.6859321537350758],[-77.75533341193592,-0.685573894660279],[-77.75585611154983,-0.684976774931374],[-77.75609387354227,-0.684451156581195],[-77.7564265507521,-0.6839973006734418],[-77.75683036898388,-0.6836629875738778],[-77.75759012436204,-0.6835918073837851],[-77.75808858578975,-0.6837355419828591],[-77.75856346651334,-0.6836402680648662],[-77.75887230627619,-0.6833297890732084],[-77.75884882222543,-0.6829473867068948],[-77.75811340020316,-0.6821343161978491],[-77.75806625438969,-0.6816324023189033],[-77.75806657423954,-0.6811544194538355],[-77.75801930103651,-0.6808436985996049],[-77.7576871365323,-0.6805327848135267],[-77.75725989750353,-0.6803891009590329],[-77.75688012451043,-0.6802693480984058],[-77.7563342456712,-0.680029987241845],[-77.75585963722276,-0.679718977707809],[-77.7556462419607,-0.6793125484290584],[-77.7555752271599,-0.6790018123290219],[-77.75567042892094,-0.6786433902500735],[-77.75593165780857,-0.6785240712855395],[-77.75619296549011,-0.678285257652405],[-77.75638298724705,-0.6781419907650124],[-77.75664443814895,-0.677688084550929],[-77.75685821712352,-0.6775209347289622],[-77.75730940334577,-0.6773539458089046],[-77.75768930382769,-0.6772825037857392],[-77.75830667637517,-0.67711562652327],[-77.75897167405097,-0.6767336872042443],[-77.75925686607731,-0.676279795283939],[-77.75942333687193,-0.6758497220995431],[-77.75937637881299,-0.6750610175829297],[-77.75951915604074,-0.6745592308529519],[-77.76030295233338,-0.6740339748825624],[-77.76061175737915,-0.6737712908698612],[-77.7609918322704,-0.6734369560083296],[-77.76106329155255,-0.6730785154685007],[-77.76103985079938,-0.672624415041685],[-77.76118259530092,-0.6721704256993697],[-77.76156271697039,-0.6717643924951014],[-77.76156287443726,-0.6715254002217191],[-77.76156307906028,-0.671214710446593],[-77.76172935987223,-0.6710714263080192],[-77.76222791834768,-0.6710717588668637],[-77.76253654995143,-0.6710719647111021],[-77.76324874605342,-0.6711202383775074],[-77.76377104586686,-0.6711205866330078],[-77.76412717574291,-0.671096924217918],[-77.76431743316913,-0.6705951660358391],[-77.76417520771601,-0.6702604816420289],[-77.76391421381909,-0.6700213149321783],[-77.76353443773827,-0.6699015657152245],[-77.76313093694085,-0.6697579018556021],[-77.76300423059243,-0.6694088878315517],[-77.76311842596498,-0.66904569542528],[-77.76332758343358,-0.6686825651229508],[-77.76366979727435,-0.6681570088585089],[-77.76402165080735,-0.6674115844266634],[-77.76421202997275,-0.6666670118020651]],[[-77.65084791774662,-0.7897917885366131],[-77.6515834199066,-0.7902942133827107],[-77.65163032286151,-0.7910111486999024],[-77.65144002840867,-0.7914889253520662],[-77.6509172163379,-0.7921814995353561],[-77.65053689526223,-0.7928024996169332],[-77.65015647761629,-0.7935429817846357],[-77.64965730737904,-0.7943550557195282],[-77.64882558021179,-0.795429717914097],[-77.64789907135003,-0.796289232616488],[-77.64718642371771,-0.7968860601978341],[-77.64704348814765,-0.7975072505726504],[-77.64706643331529,-0.7984870239530906],[-77.64725589771504,-0.7990367981989134],[-77.64825184116386,-0.8003758193348015],[-77.6490111926021,-0.8007348922533595],[-77.65050674236979,-0.8007361239000976],[-77.65110035019023,-0.8005693365072188],[-77.6522636350247,-0.8004747079582186],[-77.65290423777259,-0.80090537360131],[-77.65432793539456,-0.801695132982439],[-77.65494439176784,-0.8026276104055692],[-77.65501486966768,-0.8035357403360878],[-77.65503802433368,-0.8042526591355014],[-77.65503716684687,-0.8053041107661766],[-77.65501266717554,-0.8062360595370536],[-77.65577180859039,-0.8068580011236329],[-77.65683953985838,-0.8075040956190552],[-77.6578835716492,-0.8081023788649926],[-77.6586663754469,-0.8088199301605699],[-77.65940131032028,-0.810015377069942],[-77.6603500744241,-0.8109959329486227],[-77.6609190107204,-0.8119761743890634],[-77.66110845314665,-0.8125498548280875],[-77.66117912050969,-0.8132190240781891],[-77.66115461457618,-0.8141509785292932],[-77.66113032444028,-0.8148200686179463],[-77.66101109620134,-0.8154651819713804],[-77.66070193399591,-0.8161340336039582],[-77.66070136158513,-0.8168270396179408],[-77.6614603060146,-0.8176879599379723],[-77.66250471544446,-0.8178322157140114],[-77.66345428693252,-0.8178330112588573],[-77.66430904074423,-0.8176664488144894],[-77.66544886507523,-0.8172611562594013],[-77.66708761141174,-0.8163783404303604],[-77.6679187064925,-0.8161161673129123],[-77.66820363880166,-0.8160447144099848],[-77.66943840376656,-0.8156633930493163],[-77.67031707775138,-0.8152817736125114],[-77.67060254091741,-0.8145651003938769],[-77.67133873933533,-0.8142311550163293],[-77.67224087858553,-0.8141841111706066],[-77.67304794338304,-0.8142803711012909],[-77.67337998342396,-0.8146630005316826],[-77.67333201348023,-0.8152603872991964],[-77.67330750811007,-0.8161923542559429],[-77.67361568958826,-0.8167183468162237],[-77.67473074071385,-0.8175795731650957],[-77.67553759146307,-0.8179387038146332],[-77.6768428372102,-0.8184655305688929],[-77.67791082670331,-0.8188248803617514],[-77.6786464612369,-0.8191839530699219],[-77.67947699555504,-0.819614797035424],[-77.67988017694111,-0.8200930782006459],[-77.67995090299597,-0.8206905689174849],[-77.68006914786343,-0.8212403047777745],[-77.68044833188165,-0.8220292320532244],[-77.6807800358476,-0.8228181200929814],[-77.68127823554204,-0.8232247910609025],[-77.68170531333537,-0.8235119170788336],[-77.68229853147515,-0.8238469766156052],[-77.68225057659176,-0.8244204715102678],[-77.68210780133742,-0.8248266061826224],[-77.68153747158613,-0.8255191482313167],[-77.68099113895504,-0.8259010450162518],[-77.68032578966493,-0.8266651979900197],[-77.67928046482267,-0.8275963093403095],[-77.67842519696639,-0.8283602982266709],[-77.67754597016011,-0.8293871351256912],[-77.67721329432173,-0.829769208482942],[-77.67704669765487,-0.830270908156855],[-77.67687985994185,-0.8310593738895692],[-77.67687939993753,-0.8316090086512951],[-77.67687871937413,-0.8324215119339398],[-77.67687793790911,-0.8333535010683126],[-77.67721011332944,-0.8335688576691964],[-77.67775586683288,-0.8338799852064399],[-77.67899001373706,-0.8342633909504874],[-77.67965482832258,-0.8341444700472357],[-77.68100817812808,-0.8339305444970772],[-77.68191027234346,-0.8339552087133668],[-77.68283580644335,-0.8343383517658515],[-77.68335754321144,-0.8349840226131898],[-77.68373645866424,-0.8360836226868461],[-77.68402047344846,-0.8371114498872909],[-77.6838293875731,-0.838497333582749],[-77.68373374357897,-0.8393097614574152],[-77.68347155504445,-0.840552198809206],[-77.68351810614662,-0.8416515163476341],[-77.68389762169018,-0.8420341988964903],[-77.6847512288609,-0.8432536964506997],[-77.68579505965253,-0.8441148982987738],[-77.68655429514251,-0.8446412928213064],[-77.68707643364645,-0.8448090235951634],[-77.68795483560243,-0.8447858801815908],[-77.68871482220871,-0.8444280716380561],[-77.68947478800796,-0.8440941586022269],[-77.69092255100664,-0.8445494536415484],[-77.69153985532012,-0.8444782898196235],[-77.69201479929924,-0.8443114149665483],[-77.69267974646894,-0.8440491120888182],[-77.69355821470904,-0.8439542740414846],[-77.69438920215214,-0.8438593949668258],[-77.69488754470605,-0.8440987979120597],[-77.69574205195482,-0.8442668133235117],[-77.6962405769972,-0.8442911375020672],[-77.69690538542703,-0.844196116533257],[-77.69764123334836,-0.8443162347934567],[-77.6980918747655,-0.8448184718698127],[-77.69854241612089,-0.8454401978325763],[-77.70008529578682,-0.845728292678097],[-77.7006551653827,-0.845609292024117],[-77.70122503525847,-0.8454902911482308],[-77.70224633691736,-0.8449415161292324],[-77.7026027054636,-0.844631149559754],[-77.70343366019905,-0.8445840640434334],[-77.7046210055997,-0.8442027132505447],[-77.70471600723891,-0.8441549984727841],[-77.70519087726885,-0.8440837104976594],[-77.70578461101121,-0.8438213409167967],[-77.70656838866745,-0.8434157450200724],[-77.70704325941045,-0.8433444563278981],[-77.70763715457862,-0.8428909023748892],[-77.70766151729359,-0.8421500875305745],[-77.70732977246062,-0.8414089698099634],[-77.70685572401706,-0.8405004460396065],[-77.70635793506831,-0.8395919029260251],[-77.7062632930188,-0.8392094565365297],[-77.70619241186981,-0.838803132832352],[-77.70569440223305,-0.8381574673002372],[-77.7042942162347,-0.837558833929902],[-77.70374870625128,-0.8369370281737688],[-77.70355918253483,-0.8364589118614626],[-77.70301367254272,-0.8358371070687507],[-77.70294297010422,-0.8352157042804533],[-77.70351327680288,-0.8345709446197196],[-77.70410732416579,-0.8339262050636409],[-77.70477245316275,-0.8334488088892603],[-77.70550878345075,-0.8329953703634342],[-77.7065067347115,-0.83196860110722],[-77.70686323804068,-0.8314909426404551],[-77.70691117491,-0.8309413310237701],[-77.7068641889194,-0.8303438445617559],[-77.70681745971198,-0.8294356847544454],[-77.70679395689375,-0.8291488898951891],[-77.7069365572773,-0.8289578262594754],[-77.70726923902052,-0.8285757385726973],[-77.7073884940488,-0.8279066966231935],[-77.70686659982667,-0.8274283024477332],[-77.70653447025333,-0.827141249545598],[-77.70596511505177,-0.8266389179627944],[-77.70527717638107,-0.8259930999849758],[-77.70444746538996,-0.8245346386863214],[-77.703996752511,-0.8241041016367466],[-77.70337979923177,-0.8237451196795651],[-77.70300048518995,-0.8230995629603894],[-77.70278727382933,-0.8225497357051208],[-77.70276425998728,-0.8216654980199538],[-77.70316845292623,-0.8209250018646301],[-77.70307452906678,-0.8196583392784558],[-77.70274261547091,-0.8191084143102979],[-77.70271951959062,-0.8183197682950255],[-77.70295750807745,-0.8176030307354719],[-77.70298199006686,-0.8166949338947866],[-77.7028401909296,-0.81590618971488],[-77.70260345023291,-0.8150934681620321],[-77.70234258023315,-0.8147586841541202],[-77.70189206073852,-0.8140891744144415],[-77.70127535948815,-0.81341952835413],[-77.70075352153879,-0.8128694499680994],[-77.70087261069901,-0.8123915934613006],[-77.70103937406924,-0.8116747973649068],[-77.70213124880459,-0.8118907753065364],[-77.70262956060868,-0.8121779579100731],[-77.70346008051438,-0.8126565972917567],[-77.70383986617574,-0.812728602950603],[-77.70419602842513,-0.8126572024464475],[-77.70457624081834,-0.8122034561967988],[-77.70509870168632,-0.8119888042003487],[-77.7057399214393,-0.8117025568136165],[-77.70642916466406,-0.8107472062327025],[-77.70683350284256,-0.8098155194351735],[-77.70690499386882,-0.8094810076431922],[-77.70704791861681,-0.808883676544784],[-77.70726175451829,-0.8086687696779005],[-77.707759954102,-0.809099339596988],[-77.70790206878821,-0.809505721007873],[-77.70802024851987,-0.8101510614915657],[-77.70813852539099,-0.8106769133660121],[-77.7085657358462,-0.8108206507048161],[-77.70889827528443,-0.810605841963145],[-77.70930226646311,-0.8101043156446284],[-77.70965891237906,-0.8094354640835043],[-77.71006300029865,-0.8088144469282937],[-77.71079939525669,-0.8082653942681978],[-77.7113218760734,-0.808026840379865],[-77.71212945390803,-0.8075256404873871],[-77.71248596399518,-0.8070240722760614],[-77.71251012650181,-0.8064983345849874],[-77.71262971103151,-0.8053991225552076],[-77.7127969284621,-0.8041087637001801],[-77.71308246411749,-0.8032964616045253],[-77.71365273088834,-0.8026755740111302],[-77.7143889327436,-0.8023654940701387],[-77.71533904660465,-0.8017449120236055],[-77.71595727031206,-0.8005266079985517],[-77.71612396756683,-0.7998814925181712],[-77.71614837381341,-0.7990450781204925],[-77.71584084869305,-0.7976587387553251],[-77.71546166424696,-0.7968220003087435],[-77.71503486671746,-0.7961525103344047],[-77.71458423438638,-0.7956024922925928],[-77.7135877431477,-0.7948369547251065],[-77.71240131859531,-0.7940856050411073],[-77.71107216183961,-0.7937021707739298],[-77.70979018532118,-0.7937011432798472],[-77.70789096400142,-0.7936996203336784],[-77.70575460921143,-0.7933633362394094],[-77.70442542500751,-0.793027700133337],[-77.70347619715287,-0.7925489817395741],[-77.70262162842967,-0.7924527046390972],[-77.70209934661732,-0.7924522856652788],[-77.70091234279164,-0.7924513332057744],[-77.69931606188813,-0.7919300440859207],[-77.69877601523461,-0.7921007119574073],[-77.69837237788039,-0.7921720808914422],[-77.69746993664307,-0.7925776171738885],[-77.69673340949265,-0.7933178519191594],[-77.69559290343697,-0.7945596120615054],[-77.6939775033687,-0.795920472622242],[-77.69359739809022,-0.7962547313942949],[-77.69241000198895,-0.7967556201584445],[-77.69060529508897,-0.7973515978880271],[-77.68970291342836,-0.7976854313221967],[-77.68906163267509,-0.7980672708855018],[-77.6881112742065,-0.7990223984642213],[-77.68706643616632,-0.7993800111375016],[-77.68659167980418,-0.7993318301114961],[-77.68571357681488,-0.7989965520408675],[-77.68500197958576,-0.7982551548242333],[-77.68459876801224,-0.7978007776043236],[-77.68395812207547,-0.797394002913451],[-77.68331728422461,-0.7972262010706236],[-77.68224894250923,-0.7972970255419074],[-77.68144179501377,-0.7972963700301477],[-77.68087210187035,-0.7972242155829475],[-77.68023163001872,-0.7966023665485268],[-77.67973340509357,-0.7962196062391378],[-77.67921130720671,-0.7960041069022236],[-77.67873664974508,-0.7958364408724735],[-77.67771584918336,-0.7958356124596135],[-77.67693231082939,-0.7960022569479706],[-77.67560293808384,-0.7959533827557923],[-77.67474889177709,-0.7952357756556963],[-77.67448817912094,-0.7947098269033543],[-77.67325424551375,-0.7940636045745245],[-77.6727085833494,-0.7936330146067185],[-77.67123731551506,-0.7929149100717445],[-77.6708101600647,-0.7927233877767031],[-77.66867429016327,-0.7918852630193932],[-77.66774853492703,-0.7917889249731381],[-77.66620556060381,-0.7916920877559978],[-77.66584985418942,-0.7912138610897788],[-77.66528068625696,-0.7904964928684436],[-77.66490114559244,-0.7901377331287472],[-77.66350082076357,-0.7897781471070632],[-77.66257487998674,-0.7899207786693467],[-77.66164903546806,-0.7899439257320731],[-77.66119804928432,-0.7898718703643983],[-77.6605812912418,-0.7892978484960204],[-77.65977458293156,-0.7887714664647818],[-77.65913414400944,-0.7881257366770902],[-77.6584933232774,-0.7879579412733144],[-77.65775741404197,-0.7879573463832503],[-77.6568082934701,-0.7874069550001414],[-77.65578814664802,-0.7866175412352763],[-77.655527951086,-0.7854463948212868],[-77.6550537997143,-0.7846574228829639],[-77.65481671444867,-0.784274885770169],[-77.65401008585962,-0.7836529239462199],[-77.65353566959604,-0.7831985058737134],[-77.65332283474334,-0.7821707812174481],[-77.65318114055634,-0.7812387000010907],[-77.65275463593174,-0.7802347010664834],[-77.65213729413733,-0.7804014814586534],[-77.65161479385104,-0.780711717632548],[-77.65083061865779,-0.7817147437403411],[-77.65056892237655,-0.7824314289495334],[-77.65009371073462,-0.7829806667659973],[-77.64949948090111,-0.783936048225508],[-77.6493320719746,-0.7854891868944675],[-77.64956884994295,-0.786254066228214],[-77.64982940408802,-0.7869711728267283],[-77.65023206653518,-0.7880946353555951],[-77.65061079730654,-0.7894570448399012],[-77.65084791774662,-0.7897917885366131]],[[-77.74027281908558,-0.9461576019674981],[-77.74081886229145,-0.9461820181303785],[-77.74112761969629,-0.9460628167326653],[-77.74122281034244,-0.9458239195034234],[-77.74108093872621,-0.9452024187113904],[-77.74058291478156,-0.9446044798837173],[-77.74003758502268,-0.9438153083509166],[-77.73984780546905,-0.9436478380408441],[-77.73972980817791,-0.9428829690672801],[-77.73951670972161,-0.9422614023835989],[-77.739185056075,-0.9414724332521951],[-77.73890128575212,-0.9402533337059952],[-77.7385696319711,-0.939464365661271],[-77.73785841756838,-0.9383404607908236],[-77.73731271033435,-0.9379575701550935],[-77.73664829328462,-0.9375745683646555],[-77.73577011137903,-0.9372869600938917],[-77.73553276800206,-0.9372070758045226],[-77.73553218451931,-0.9378364041672451],[-77.73624350700734,-0.9388408135800119],[-77.7365279655016,-0.9393190535091973],[-77.73714463180265,-0.9399887952867458],[-77.73742869027794,-0.9408972108794516],[-77.73778383929248,-0.9419490855418848],[-77.7379258239115,-0.9424510908089837],[-77.73832843352713,-0.9435269096228985],[-77.73856518410456,-0.9442440932968671],[-77.73934759724514,-0.9453919686854023],[-77.73979822520236,-0.9458942673256306],[-77.74027281908558,-0.9461576019674981]]]},"properties":{"OBJECTID":4839,"SHAPE.AREA":127274511.997996,"SHAPE.LEN":324003.99226283596,"LIT":"Cuarzoarenita de grano medio color blanco, intercalado con arenisca oscura impregnada de bitumen","TXT_12__15":" ","COD_OK":"12.50","ENT_GEOL":"Formación Hollín","INT_ECO":"Arenas silíceas, Arcillas, Materiales de construcción","LITOLOGIA":"Constituida por areniscas cuarzosas blancas porosa de grano medio a grueso, con estratificaciones cruzadas y ripples. A esta formación se la ha dividido en tres miembros informales. Relleno de valle aluvial.- Incluye lutitas laminadas verdosas a rojizas"}},{"type":"Feature","id":4860,"geometry":{"type":"Polygon","coordinates":[[[-77.62489514907509,-0.6964552146713895],[-77.6250369961521,-0.6972677779345944],[-77.62548695619428,-0.698749650291311],[-77.62598503880362,-0.6993235139397941],[-77.62648329235438,-0.6996584177422068],[-77.62695806501577,-0.6996348661363286],[-77.62733809130266,-0.69932449386674],[-77.62767093183693,-0.6986078551649637],[-77.62793242232624,-0.6980823330895465],[-77.62840774041979,-0.6972941084769061],[-77.62871662102127,-0.6968880989535009],[-77.62957164123412,-0.6962435232996832],[-77.63035536333103,-0.6957183744217692],[-77.6310915588321,-0.6952648793345205],[-77.63211255760429,-0.6948832761693755],[-77.63301485156464,-0.6945254825209044],[-77.63344220152162,-0.6944302044069266],[-77.63405921798014,-0.6946696086905768],[-77.63362505085736,-0.6954370524525733],[-77.63329255004815,-0.6956757747563059],[-77.63267512719918,-0.6960098758164096],[-77.63167772885518,-0.6965826636638394],[-77.63039544244914,-0.6972030369613393],[-77.62965919514313,-0.6977282189361441],[-77.62916022399588,-0.6983969472517524],[-77.62887508003537,-0.6988029727707835],[-77.62816214401899,-0.6999255684787751],[-77.62799562021254,-0.7004272643197701],[-77.62768649848886,-0.7011678155016009],[-77.62737765033039,-0.7015260301253118],[-77.62695037012487,-0.7015257197465716],[-77.62652302157402,-0.7016209934853526],[-77.62573991508758,-0.7012858808326995],[-77.62521809618872,-0.7007119999654029],[-77.62491003616395,-0.6999710031049695],[-77.62474443594206,-0.6991823179012889],[-77.62465030496179,-0.6980352468592271],[-77.62489514907509,-0.6964552146713895]]]},"properties":{"OBJECTID":4860,"SHAPE.AREA":207935.72799707,"SHAPE.LEN":3369.0629485341105,"LIT":"Asociaciones litológicas de tobas volcánicas, tobas riolíticas, brecha volcánica de composición andesítica a dacítica","TXT_12__15":" ","COD_OK":"12.9","ENT_GEOL":"Formación Misahuallí","INT_ECO":"Arcillas, Caolines, Materiales de construcción","LITOLOGIA":"Consiste en basaltos, andesitas y traquitas no deformadas verdes a grises oscuras o púrpuras con tobas verdosas, brechas tobáceas violetas a rosadas, aglomerados, lutitas rojas, areniscas y conglomerados (Litherland et al., 1994)."}},{"type":"Feature","id":4852,"geometry":{"type":"Polygon","coordinates":[[[-77.69216990197103,-0.6666678082348323],[-77.71592011839523,-0.6666674236104991],[-77.71998265628702,-0.6666673460369833],[-77.71942605620382,-0.6667822616630484],[-77.71840995293145,-0.666838934787306],[-77.71794460835697,-0.6669055375390969],[-77.71708991177897,-0.6670005553195448],[-77.7166909880131,-0.6671436766752974],[-77.71606421371585,-0.6672101695213202],[-77.7154849630454,-0.6672097798666305],[-77.71517157894117,-0.6672382467101017],[-77.71481071613363,-0.6672666815651277],[-77.71396549226822,-0.6673999420242591],[-77.71335767351968,-0.6675238031007751],[-77.71294935078625,-0.6675235280782518],[-77.71229414110917,-0.6675135277972879],[-77.71185728676771,-0.6675801475310358],[-77.71151521908556,-0.6679049301398492],[-77.71139149251114,-0.6683254523109613],[-77.71127720487853,-0.6688320134528136],[-77.71137194735053,-0.6691570905067468],[-77.71163290191168,-0.6694297037910297],[-77.71288622411677,-0.669631294808329],[-77.713303899147,-0.6698466592289891],[-77.71358390998655,-0.6700236941876823],[-77.7138448850954,-0.6702676314626717],[-77.71391353227955,-0.6705640141465732],[-77.71390613226478,-0.6709798358933495],[-77.71384172895493,-0.6714386354894027],[-77.713798709886,-0.6718687718775552],[-77.71361301637175,-0.6726501129532679],[-77.71340619242743,-0.6730801379498224],[-77.71280390278025,-0.6738067077367044],[-77.71254738915997,-0.6739929377466645],[-77.71224800843757,-0.6743798825568877],[-77.71200549678744,-0.6749245925894867],[-77.71193393063419,-0.6754407413106482],[-77.71184797556377,-0.6761719629269298],[-77.71156264450268,-0.676845693023759],[-77.71120614329676,-0.6774476792136256],[-77.71093518112299,-0.677935013272504],[-77.71084933077356,-0.6785085065243923],[-77.71104855000479,-0.6787954195242409],[-77.71161810466025,-0.679089038296549],[-77.71215936641559,-0.6790965791673862],[-77.71247276917708,-0.6790394387658814],[-77.71320645438469,-0.678853536046994],[-77.71379045244518,-0.6788539360273023],[-77.71410382266008,-0.6788469816644618],[-77.7148089186495,-0.6788116168996257],[-77.71513640621282,-0.6789910770309894],[-77.71529255157036,-0.6797869910317238],[-77.71495732941776,-0.6805108738709349],[-77.71473618973043,-0.6810412607694425],[-77.7144084012168,-0.6813063044101434],[-77.71400190523501,-0.6821090000659707],[-77.7136738583678,-0.6827540229748741],[-77.71321742044358,-0.6836857331419418],[-77.71293209346632,-0.6843451223662321],[-77.71285342443967,-0.6848254194164145],[-77.7127888335349,-0.6855494858202357],[-77.71290965608766,-0.6859152094440402],[-77.71315871327116,-0.6862236676124912],[-77.7139845353736,-0.6866974214037617],[-77.7148035159983,-0.6867625129533768],[-77.7155798088508,-0.6867630505518938],[-77.7160569796097,-0.6867633809393237],[-77.71684751824525,-0.6867639281934627],[-77.71712527487321,-0.6867641204405672],[-77.71776625186574,-0.6867645640258322],[-77.71817919428236,-0.6869584251338942],[-77.71843545364,-0.6871521779092984],[-77.71853469567748,-0.6878333451703135],[-77.71835638129293,-0.6882203724400401],[-77.7182066576803,-0.6884568606663538],[-77.7178575485062,-0.6886501938303173],[-77.71751556090105,-0.6888435317755351],[-77.7173303261046,-0.6889366063098845],[-77.71708786415088,-0.6893952826403449],[-77.71714452513228,-0.6898541667000126],[-77.7170442221717,-0.6907215997726921],[-77.71704387730306,-0.6912234607787036],[-77.71692234988181,-0.6918829657220628],[-77.71677258101911,-0.6921839774062577],[-77.71656592123671,-0.6923630694270753],[-77.71628795611295,-0.6926639923125915],[-77.71599567378566,-0.6930724459469114],[-77.71565354709485,-0.6934665265276652],[-77.7154041051231,-0.6937172823225936],[-77.71519752848538,-0.6937744931810854],[-77.71467020130164,-0.6942114590828008],[-77.7143779285005,-0.6946055735736075],[-77.71437775994617,-0.6948493335357542],[-77.71437756653131,-0.6951289410024387],[-77.71446998361851,-0.6953727668036017],[-77.71481688906329,-0.695620116763093],[-77.71615091658319,-0.6958456941764178],[-77.71698170439319,-0.6960040053047313],[-77.71771266708771,-0.6963343121411851],[-77.7180306432258,-0.6965352804688252],[-77.71823072580669,-0.696714657375132],[-77.71846790217064,-0.6970374492588618],[-77.71887121728528,-0.6974201035240466],[-77.71913203385911,-0.697886302235648],[-77.71921484996557,-0.6982806805921595],[-77.71925016172732,-0.6987108732838048],[-77.71917870116171,-0.699057347405718],[-77.71898854869606,-0.699391788034001],[-77.71839491555633,-0.6995825552690712],[-77.7179200823889,-0.6996300171688453],[-77.71744526696138,-0.6996535802642309],[-77.71716038707034,-0.699653379406253],[-77.71637676883942,-0.6999396048590194],[-77.7159730655776,-0.7001185560991143],[-77.7156288029389,-0.7001661095547654],[-77.71479787303247,-0.7002133184062637],[-77.71427566972214,-0.7001054088674229],[-77.7136466129242,-0.7000332705170224],[-77.71329051463297,-0.7000330190153696],[-77.71267328658725,-0.7000206332655231],[-77.71231718864674,-0.7000203816940083],[-77.71181862710735,-0.7000558768600561],[-77.71098779205725,-0.699971646950607],[-77.71039441325232,-0.6998039412898868],[-77.70978911510129,-0.6997079211392913],[-77.70930249124807,-0.6996478322387033],[-77.70875639318011,-0.6997669360932183],[-77.7080915465414,-0.6999576494501917],[-77.70774719570737,-0.7001366404625097],[-77.70755706091516,-0.7004471789880815],[-77.70744305038342,-0.7006678532576628],[-77.7072942729186,-0.7005513544711303],[-77.7068563575852,-0.7002084487713788],[-77.70402577942579,-0.6979919941266888],[-77.703827648337,-0.6978396727526958],[-77.70240679353067,-0.6967473363813503],[-77.7013873463255,-0.6959635983231933],[-77.70147617632139,-0.6958624621824114],[-77.70171847981203,-0.6956332136905519],[-77.70180409156033,-0.6954181942992786],[-77.7018992029906,-0.6951984008021592],[-77.7019848312379,-0.6949594838951244],[-77.70202772164687,-0.6947300947804387],[-77.70207537015318,-0.6944863712440239],[-77.70208033627966,-0.6941709235299789],[-77.70199517554872,-0.6937359234583723],[-77.70163742979001,-0.6933800729084474],[-77.70111063950046,-0.6930499143983141],[-77.70076936544694,-0.6929053320365767],[-77.70003828766839,-0.6927614327130597],[-77.69892748376726,-0.6924643212623616],[-77.69775043610743,-0.6918421551532122],[-77.69732805606282,-0.6915789837035128],[-77.69717627544699,-0.6913590187635765],[-77.69703409692985,-0.6909861151923992],[-77.69705796487546,-0.6907997304101576],[-77.69711983951922,-0.6905799152491723],[-77.69730992991863,-0.6903267328153553],[-77.69788951912344,-0.6898252869078262],[-77.69847855762774,-0.6893907600969815],[-77.69956666148256,-0.6881775151987407],[-77.70005618480056,-0.6874657034814018],[-77.70033683606304,-0.6867011710510257],[-77.70056975515189,-0.6863046304056754],[-77.70077430797461,-0.6857312255292084],[-77.70082197057495,-0.6854636044650126],[-77.70073682844664,-0.6849951485710628],[-77.70062775490321,-0.6848086707139618],[-77.70035244908307,-0.6847033295279343],[-77.69963068394424,-0.6848270965735676],[-77.69942171102683,-0.6849225429217575],[-77.69893263546585,-0.6849843377391162],[-77.6984341072433,-0.68498399165771],[-77.6979212963449,-0.6850409899670665],[-77.69736569586696,-0.6851839899321938],[-77.69679106781071,-0.6853795518198612],[-77.6963617064113,-0.6856019794397991],[-77.69563035654068,-0.6858595657847602],[-77.69530737642266,-0.6860409633258422],[-77.69492744827268,-0.6861840843497726],[-77.69456658332858,-0.6862220689054359],[-77.69426277254155,-0.6861453848456456],[-77.69346557070605,-0.6855043749437714],[-77.69318096762754,-0.6851122561166603],[-77.69286785208381,-0.6847583543241862],[-77.69203226761442,-0.6847004193325231],[-77.69162376199361,-0.6849773465448254],[-77.69132925062695,-0.685187440164911],[-77.69083525764675,-0.6855025439556208],[-77.69036976403845,-0.6857985489621339],[-77.6897904350846,-0.6859319712961331],[-77.6893441438531,-0.6859221006118214],[-77.68886944474116,-0.68579750332443],[-77.68811941089919,-0.6856153594798081],[-77.68742636470665,-0.6854141372990281],[-77.68713525807951,-0.6852777197215522],[-77.68683270327888,-0.6851042518582406],[-77.68651828237087,-0.6849248019984203],[-77.68629285142977,-0.6847932092585107],[-77.68589524956708,-0.6847511119612613],[-77.6856340445076,-0.6848584685174776],[-77.68537279518951,-0.6850315422955073],[-77.68495121650363,-0.6853359405664161],[-77.68452975625209,-0.6854670820354484],[-77.68403708812575,-0.685586225151607],[-77.68381156646488,-0.6855860677533708],[-77.68325965794152,-0.685549836122073],[-77.68257718823718,-0.6855075395263045],[-77.68193627542897,-0.685447348734703],[-77.68144381348077,-0.6852677750416423],[-77.68118869361689,-0.685160058879452],[-77.68074962391688,-0.6850103942730852],[-77.68019783240429,-0.6848068825653164],[-77.6798299932142,-0.6846393447505055],[-77.67924853170906,-0.6844298388603783],[-77.67863133923512,-0.6843995366298524],[-77.67820403805771,-0.6843992384243541],[-77.67769964792791,-0.6843092717988708],[-77.6772783965714,-0.6841416971290596],[-77.6769757833298,-0.6840578460942529],[-77.67660792071013,-0.6839261540905017],[-77.67612727409829,-0.6838302304994025],[-77.67593146498788,-0.683776325578231],[-77.67560507983744,-0.6837402517121264],[-77.67533208314532,-0.6837400612069401],[-77.6749997096319,-0.6837816490834829],[-77.67476227149231,-0.6838531746147521],[-77.67459015268918,-0.6838709774947546],[-77.67443379978677,-0.6839174172862105],[-77.67450625192525,-0.6839483508807936],[-77.6751114117207,-0.6842067292570365],[-77.6753286016254,-0.6843148527780437],[-77.67565023009878,-0.6848213902338771],[-77.6762845771257,-0.6852746854705057],[-77.67673533575687,-0.6856812522320426],[-77.67716243843432,-0.6859683176415474],[-77.6776844314165,-0.6863510380122559],[-77.67827762393553,-0.6867577063681497],[-77.67879956781589,-0.6872121189921548],[-77.67951132452903,-0.6878100492204838],[-77.68012824091358,-0.6882406325413162],[-77.68076871422798,-0.6889341027211884],[-77.6810055083968,-0.689794571360377],[-77.68069665222984,-0.6901528136525444],[-77.68007937118588,-0.6902479680662587],[-77.67908225002905,-0.6903667527573722],[-77.67836988073957,-0.6906530183224372],[-77.67822703175075,-0.691250347601836],[-77.6789388684139,-0.6917287943033378],[-77.67946097734253,-0.6919442382031039],[-77.68024404839846,-0.692398838267417],[-77.68116962246464,-0.692757950852083],[-77.68197651769098,-0.6930930822787709],[-77.68285459744271,-0.6934760592520918],[-77.68347166443226,-0.6936915715697687],[-77.68397003608408,-0.693906999329748],[-77.68472947176703,-0.694218201609534],[-77.68529891231205,-0.694648756990538],[-77.68525108358686,-0.6951505682677811],[-77.68489472890425,-0.695532674111276],[-77.68484686629088,-0.6960822800750178],[-77.68541647343734,-0.6962738626273505],[-77.68617612717036,-0.6962744007712153],[-77.6869833436202,-0.6961554861557483],[-77.68786174486759,-0.6960844148900701],[-77.688502538116,-0.696323843193022],[-77.68876333577738,-0.696801977548006],[-77.68923743618649,-0.6977821104280202],[-77.68971178717703,-0.6984037817237078],[-77.68992503859593,-0.698977472901104],[-77.69032812128759,-0.6996707868719197],[-77.69054120444582,-0.7004834538366926],[-77.69054065030664,-0.7012720717626932],[-77.6902552232637,-0.7020604864864947],[-77.68966125272044,-0.7027530899673378],[-77.68942338765434,-0.7034220499921139],[-77.68930406684845,-0.7043061714703912],[-77.68901892460511,-0.7046883268808959],[-77.68823542699506,-0.7048311510074748],[-77.68752323124433,-0.7048545377013717],[-77.6864312926603,-0.7047581657350732],[-77.68567175571917,-0.7045903390980421],[-77.68507841014038,-0.7043987346961498],[-77.68427142950878,-0.7041830793991299],[-77.683250915782,-0.7037999905141793],[-77.68275247713535,-0.7036801465952071],[-77.68206373778668,-0.7041098046469082],[-77.68158816013876,-0.7052326365082501],[-77.68073311084926,-0.7058533513539785],[-77.67999685911626,-0.7063307672183944],[-77.67959303937039,-0.70668893544861],[-77.67831063606374,-0.7073810306918517],[-77.67793053899906,-0.7077631117089949],[-77.67743166139537,-0.7082645926587507],[-77.67719410042312,-0.7085033930841869],[-77.67709849667,-0.7094114175149042],[-77.67738297205835,-0.7099612590146852],[-77.67740587419237,-0.7111322383577372],[-77.67702556931823,-0.7118010830259285],[-77.67636063688497,-0.7121351611017323],[-77.67555318329224,-0.7125886199194875],[-77.67522049423025,-0.7130663210953808],[-77.6751251256604,-0.7136397828482696],[-77.67536218955024,-0.714094001927156],[-77.67567040151242,-0.7146438603214617],[-77.67583616213734,-0.7152175136915229],[-77.67566959253325,-0.7157670267873962],[-77.67509942500752,-0.716364038200724],[-77.67460073306805,-0.7166026449437524],[-77.6739114383953,-0.7177969959592874],[-77.67353102640514,-0.7186092194076478],[-77.67322214241089,-0.7189913460867496],[-77.67262847672554,-0.7192537777839499],[-77.67224898228167,-0.7187994549037858],[-77.67194061806227,-0.7184646690263532],[-77.67191731112126,-0.7178672259259213],[-77.67203645548669,-0.7172459896227346],[-77.67234540748944,-0.716768274278129],[-77.67241695221821,-0.7163142816285171],[-77.67206111003965,-0.7159794626598358],[-77.67165754746908,-0.7159791674451343],[-77.67123010842495,-0.7161700310180845],[-77.67068394026674,-0.7164086017277298],[-77.67039910830759,-0.7163605989010394],[-77.67001952666611,-0.7160257630704486],[-77.66978241452104,-0.7156432374840731],[-77.66959289922168,-0.71509346756199],[-77.66914186067595,-0.7150931377784979],[-77.66883323804119,-0.7151168087382256],[-77.66816851513059,-0.7151641167232657],[-77.66774133648818,-0.7149965252228573],[-77.66740906204946,-0.7149006948556642],[-77.667100733134,-0.7145181183609056],[-77.66702993039681,-0.7139445392763025],[-77.6670775460425,-0.7137533985770375],[-77.66745767700657,-0.7133235309411667],[-77.66800385962222,-0.7130610630738256],[-77.66831260218534,-0.7128701125316366],[-77.6685028394853,-0.7124162089128362],[-77.6680519382635,-0.712224703779072],[-77.6674346942846,-0.7122720481766078],[-77.6670072751591,-0.712439015569028],[-77.66641366796492,-0.7126297581627452],[-77.66586753793169,-0.7128205350871409],[-77.66515535690714,-0.7128439119676709],[-77.66479927519237,-0.7128436520892328],[-77.66427714344806,-0.7126759934689465],[-77.66401630995985,-0.7122695559091541],[-77.66380302196298,-0.7117675662459739],[-77.66387463325077,-0.7112179903961738],[-77.66385135843575,-0.7105727584272615],[-77.66354306386059,-0.7101423905461443],[-77.66275989202771,-0.7098550584077123],[-77.662237778427,-0.7096635041317815],[-77.6621668539506,-0.7092572070327064],[-77.662167076701,-0.7089465484801866],[-77.66245241973574,-0.708277644277174],[-77.66271388719426,-0.7077998969870581],[-77.66309403177594,-0.7073461328215617],[-77.66368775493991,-0.7069881098698827],[-77.66380687524544,-0.7063907741655934],[-77.66378376774196,-0.7055065736893122],[-77.66364186289645,-0.7047656684033776],[-77.66335723744334,-0.7044309073347037],[-77.66278742427784,-0.70454997950558],[-77.66250215119669,-0.7051232982619813],[-77.66212216230966,-0.7053619920911576],[-77.66164784901268,-0.7047164347652003],[-77.66124459822686,-0.7042860010036232],[-77.66093638746015,-0.7037361520929936],[-77.66055701185816,-0.7031145619895891],[-77.65994019906503,-0.7025644914835617],[-77.65941813744799,-0.7023012512416446],[-77.65889561651656,-0.7026832226459623],[-77.65839678371455,-0.7031369016271578],[-77.65775589424841,-0.703064749288602],[-77.65687804412111,-0.7023950082724278],[-77.65602373063047,-0.7020120456868401],[-77.6553115926486,-0.7019876352000214],[-77.65436186642984,-0.7022498132954733],[-77.65343584590627,-0.7025598012229635],[-77.65265235933623,-0.7027265120565175],[-77.65165534563243,-0.7027257919689865],[-77.65089585396827,-0.702534070970405],[-77.64987563201423,-0.7017925416444696],[-77.6498759212773,-0.7013863005414999],[-77.6501137469018,-0.7007651623363171],[-77.65068418113596,-0.6997619187212512],[-77.65127821602367,-0.6989498632035827],[-77.6522756847957,-0.6983053724536884],[-77.65320190591093,-0.6977086216117847],[-77.6536769776262,-0.697278822976404],[-77.65412888567248,-0.6960365220094255],[-77.654509138395,-0.6954154812824457],[-77.65548285206013,-0.6947948634406355],[-77.65657535836104,-0.6940309489451331],[-77.65681333075636,-0.6931947336840979],[-77.65569782475903,-0.6929071795699073],[-77.654462973306,-0.6935515106750673],[-77.65356049342566,-0.694148282530507],[-77.65310904365701,-0.694745375991893],[-77.65265737452428,-0.6956531243934404],[-77.65225361937509,-0.6959395941726654],[-77.652015999344,-0.6962739768312074],[-77.65142249024699,-0.6963452415982538],[-77.65099546995582,-0.6959625912201256],[-77.65087719985563,-0.6953650925383148],[-77.65087752008037,-0.6949110586280338],[-77.65113907940162,-0.6942899350783964],[-77.65135327914568,-0.6935015012084729],[-77.65149607950818,-0.692975879031729],[-77.65149646571857,-0.692426258204295],[-77.65163946580219,-0.6916138758714219],[-77.65123673464433,-0.690442658991724],[-77.65099992104435,-0.6896300073028094],[-77.65085802533339,-0.6888652174281469],[-77.65095341300452,-0.6882439746731233],[-77.65211717409308,-0.6874084181722437],[-77.65287701703515,-0.6870982982737447],[-77.65368442048224,-0.6866687299726795],[-77.65423090176635,-0.6859522160879403],[-77.6542786776798,-0.6855221102964729],[-77.65359026534604,-0.6855216255233384],[-77.65294901377854,-0.6859752089883194],[-77.65180912543,-0.6866196133784709],[-77.65119189615177,-0.6866669710401251],[-77.65026610289917,-0.6866663173901858],[-77.64960148111946,-0.6865941577106056],[-77.64879459715503,-0.6862829333454972],[-77.64805897832005,-0.6859000703649288],[-77.64725227864238,-0.6853259860861246],[-77.64654038207651,-0.6849670370191626],[-77.64585240754202,-0.6843452447632961],[-77.64509323471422,-0.6836995070901998],[-77.64473741246498,-0.6833408103351084],[-77.64421558819406,-0.6827430330240766],[-77.64402596529943,-0.6823366616595073],[-77.64395528131904,-0.6815719272175046],[-77.64414571561662,-0.6808073769425503],[-77.64405165512851,-0.6795169061631933],[-77.64381523160918,-0.6781307511284913],[-77.64367304962006,-0.6777722059903976],[-77.64350734465172,-0.6771029917463507],[-77.64329403056453,-0.6766249153716143],[-77.64289119071071,-0.6755970917703824],[-77.64267807301437,-0.6748322596149022],[-77.6426547287992,-0.6742587312490981],[-77.64286878017026,-0.6736614708374843],[-77.64341519698428,-0.673016648645829],[-77.64400873033709,-0.6728975782662647],[-77.64491067830087,-0.6730415816247171],[-77.64583626770155,-0.6733289806497252],[-77.64659588794326,-0.6733295072693473],[-77.64742693456589,-0.6730194292262965],[-77.64797314069338,-0.6726852572014084],[-77.64828203043567,-0.6722553342005013],[-77.6486384454662,-0.6717537544112324],[-77.64897100757435,-0.6714194326509432],[-77.64930368446848,-0.6709178357649463],[-77.6493753705645,-0.6702248865011685],[-77.64911446218794,-0.6699140520330995],[-77.64825985588503,-0.6699612561825082],[-77.6479746074723,-0.6705345748069986],[-77.64768919674366,-0.6713468578188581],[-77.64723781295143,-0.6718722676378583],[-77.64666791873154,-0.6721347350948794],[-77.64562355625175,-0.6719667371200407],[-77.64474562269896,-0.6714165122052953],[-77.64419969608232,-0.6713444455928842],[-77.64327384714744,-0.671439391018344],[-77.64239540908612,-0.671629953781794],[-77.64189670371748,-0.6719237843063538],[-77.64170672946788,-0.6720357139802133],[-77.64121248586856,-0.6727570399372487],[-77.64035749292053,-0.673377750304485],[-77.64019101557459,-0.6738316647514561],[-77.64003155814332,-0.6744337399827571],[-77.64003096719348,-0.6752940058886153],[-77.64010163861751,-0.6760826327795023],[-77.64031483672916,-0.6767279809258274],[-77.64071778924118,-0.6775885290885717],[-77.64090701712887,-0.6785684099935257],[-77.64078781519245,-0.6793091119821274],[-77.64007504735439,-0.6802166717144601],[-77.63969490856627,-0.6806943298341884],[-77.63919554811996,-0.6819365847590383],[-77.6388624362389,-0.6830594751143101],[-77.63857674835094,-0.6842540858514894],[-77.6379112857738,-0.6854006345219911],[-77.63755466521593,-0.6861889577888324],[-77.63710297470749,-0.6871444867660543],[-77.63669882731827,-0.6880044633698329],[-77.63600965575311,-0.6891031975174816],[-77.63577175569051,-0.6898438097536933],[-77.63560479953546,-0.6909668108377468],[-77.63531932172353,-0.6918507659056425],[-77.63519997427937,-0.6927826309472396],[-77.63472457356806,-0.6936903438757362],[-77.63439190388142,-0.6941680285719449],[-77.63405921798014,-0.6946696086905768],[-77.63344220152162,-0.6944302044069266],[-77.63301485156464,-0.6945254825209044],[-77.63211255760429,-0.6948832761693755],[-77.6310915588321,-0.6952648793345205],[-77.63035536333103,-0.6957183744217692],[-77.62957164123412,-0.6962435232996832],[-77.62871662102127,-0.6968880989535009],[-77.62840774041979,-0.6972941084769061],[-77.62793242232624,-0.6980823330895465],[-77.62767093183693,-0.6986078551649637],[-77.62733809130266,-0.69932449386674],[-77.62695806501577,-0.6996348661363286],[-77.62648329235438,-0.6996584177422068],[-77.62598503880362,-0.6993235139397941],[-77.62548695619428,-0.698749650291311],[-77.6250369961521,-0.6972677779345944],[-77.62489514907509,-0.6964552146713895],[-77.62508649488953,-0.6944241999307945],[-77.62530069421334,-0.6936357893844184],[-77.62553871395761,-0.692727914983479],[-77.62556329759693,-0.6915331366201369],[-77.62492379669574,-0.689525421493631],[-77.6244740097981,-0.6877806996674478],[-77.6244037708226,-0.6863946879197146],[-77.62426280238815,-0.684315644506981],[-77.62388390195377,-0.6830249978715915],[-77.62409845817862,-0.681710876022988],[-77.62407526949355,-0.6809222950524974],[-77.6247172658909,-0.6793695143130414],[-77.62507376175328,-0.678748471527116],[-77.62616632185473,-0.6778411936869614],[-77.62676032592596,-0.677029148301071],[-77.62718798391899,-0.6764798407804449],[-77.62773429711811,-0.6759784079359891],[-77.62856547844015,-0.6754532779822472],[-77.62930164378822,-0.675023664204786],[-77.63001486129345,-0.6734470234499957],[-77.6302765178224,-0.6726586369871171],[-77.63039564931282,-0.6720135261133152],[-77.63063363276198,-0.6711295378706309],[-77.63080017343582,-0.6705800440757281],[-77.63108523815058,-0.6702695929841481],[-77.63141782839712,-0.6698874865481399],[-77.6318215817693,-0.6695771171950865],[-77.63220172916984,-0.6690755625645302],[-77.63277189155583,-0.6684068658333161],[-77.63319946454959,-0.6679770311199448],[-77.63353215102211,-0.6674515456169461],[-77.63384100229896,-0.6670694207100641],[-77.63432336568914,-0.6666682626683551],[-77.65844270971783,-0.6666681568094617],[-77.65861701778023,-0.6669903173437511],[-77.6587296053889,-0.667241310138801],[-77.65885029046152,-0.6674533569883313],[-77.65920617287854,-0.6677403620211249],[-77.65977574917005,-0.667955822557461],[-77.66020296817713,-0.6680636509095694],[-77.6605232914672,-0.6682789409742323],[-77.66077208441308,-0.6689601700493959],[-77.660949880264,-0.669318744137665],[-77.66094951608703,-0.6698564221328255],[-77.66094922453499,-0.6702865643473152],[-77.66123350279909,-0.6711470447439706],[-77.66158931239175,-0.6715415865936122],[-77.66205201762955,-0.671828667262093],[-77.66205177404821,-0.6721871187570885],[-77.6621583538135,-0.6725456447744086],[-77.66230046754018,-0.6730117313456078],[-77.6626206941503,-0.6733704040366827],[-77.66372434054378,-0.673657928051321],[-77.66440074281886,-0.6738734671225904],[-77.66511277733447,-0.6740531843548414],[-77.66557543601829,-0.6744119574672359],[-77.66596680499791,-0.67487821801945],[-77.66632256658777,-0.6753444533990641],[-77.66639343990131,-0.6758463378404489],[-77.6665356511048,-0.6761690455291581],[-77.66657106356998,-0.6764558326867952],[-77.66678439238723,-0.67692197112688],[-77.66721141836062,-0.6773165662586146],[-77.66774534219668,-0.6776037001364235],[-77.6684930610902,-0.6776759091848789],[-77.6691339325893,-0.6777838900559412],[-77.66963227358649,-0.6780351539747812],[-77.67016624691365,-0.678250596889114],[-77.67048664684246,-0.6783583558994889],[-77.67041518456648,-0.6787167619757232],[-77.6702368748808,-0.6791109388441245],[-77.67002300481968,-0.6794333999441141],[-77.66980918473018,-0.67968417002784],[-77.66991549188013,-0.6804370006874486],[-77.6702355470005,-0.681046596680767],[-77.67080510423548,-0.6812979129196707],[-77.67141044273943,-0.6812983343877823],[-77.67194456452094,-0.6812987062075355],[-77.67258558614546,-0.6811916152586653],[-77.67347603692636,-0.6808337780357578],[-77.67433092967114,-0.6804042240606689],[-77.67475852353954,-0.6799743725975393],[-77.67525733374234,-0.6795445701159788],[-77.67550691047514,-0.6790787491993523],[-77.67575631549681,-0.6788638471364553],[-77.67625497858091,-0.6786491184645305],[-77.67682481026613,-0.6785061292912914],[-77.67721652608522,-0.6784705551535349],[-77.67767960635463,-0.6782199550040366],[-77.67824951118745,-0.6779694284283263],[-77.67867693406244,-0.6777904945875508],[-77.67896199704853,-0.6775039243985159],[-77.67928269230681,-0.6771815332802903],[-77.67949673285683,-0.6766081472569961],[-77.67963950853472,-0.6761064034852042],[-77.67988910853393,-0.6756047322206453],[-77.68024558157359,-0.6750314434581519],[-77.68056632573774,-0.6746373593675185],[-77.68131432175637,-0.6743152602497655],[-77.68184844817038,-0.6743156271648215],[-77.68234696779479,-0.6743159695667735],[-77.68277434185863,-0.6742087248365823],[-77.68334407886141,-0.6742091159776447],[-77.68384271971418,-0.6740302279838168],[-77.68419909659431,-0.6736003198867322],[-77.68448420699076,-0.6732420545957133],[-77.68480487869783,-0.6729555063338298],[-77.68516115755924,-0.6726689813343167],[-77.68551743732289,-0.6723824561011096],[-77.68580237906181,-0.672275113384234],[-77.68626529058648,-0.6722754299903602],[-77.68665715537827,-0.6720247741491133],[-77.68704904349184,-0.6717382733659176],[-77.68751234289154,-0.671165051396858],[-77.68783311028741,-0.6707351160956873],[-77.68808263622766,-0.6703409776075443],[-77.68861676678644,-0.670341341617646],[-77.68922211402707,-0.670341754091036],[-77.6896496355883,-0.6700194293178248],[-77.68979231191216,-0.6696610637512961],[-77.68997057226494,-0.6693385689166943],[-77.69075434880156,-0.6687655615757518],[-77.69135996229222,-0.6683716630189355],[-77.69178757982056,-0.6679059515493246],[-77.69189459834335,-0.6676192531753972],[-77.69200159281019,-0.667368401433597],[-77.69200168869247,-0.6672250164517165],[-77.69216990197103,-0.6666678082348323]]]},"properties":{"OBJECTID":4852,"SHAPE.AREA":29278076.4896832,"SHAPE.LEN":52455.0072151803,"LIT":"Cuarzoarenita de grano medio color blanco, intercalado con arenisca oscura impregnada de bitumen","TXT_12__15":" ","COD_OK":"12.50","ENT_GEOL":"Formación Hollín","INT_ECO":"Arenas silíceas, Arcillas, Materiales de construcción","LITOLOGIA":"Constituida por areniscas cuarzosas blancas porosa de grano medio a grueso, con estratificaciones cruzadas y ripples. A esta formación se la ha dividido en tres miembros informales. Relleno de valle aluvial.- Incluye lutitas laminadas verdosas a rojizas"}}]}
